#-----------------------------------------------------------
# Vivado v2020.2 (64-bit)
# SW Build 3064766 on Wed Nov 18 09:12:45 MST 2020
# IP Build 3064653 on Wed Nov 18 14:17:31 MST 2020
# Start of session at: Mon Jan 17 23:06:03 2022
# Process ID: 12824
# Current directory: E:/Projects/VLSI/32BitMIPSArch/MIPS325
# Command line: vivado.exe -gui_launcher_event rodinguilauncherevent16996 E:\Projects\VLSI\32BitMIPSArch\MIPS325\MIPS325.xpr
# Log file: E:/Projects/VLSI/32BitMIPSArch/MIPS325/vivado.log
# Journal file: E:/Projects/VLSI/32BitMIPSArch/MIPS325\vivado.jou
#-----------------------------------------------------------
start_gui
open_project E:/Projects/VLSI/32BitMIPSArch/MIPS325/MIPS325.xpr
WARNING: [filemgmt 56-3] Default IP Output Path : Could not find the directory 'E:/Projects/VLSI/32BitMIPSArch/MIPS325/MIPS325.gen/sources_1'.
Scanning sources...
Finished scanning sources
INFO: [IP_Flow 19-234] Refreshing IP repositories
INFO: [IP_Flow 19-1704] No user IP repositories specified
INFO: [IP_Flow 19-2313] Loaded Vivado IP repository 'E:/SOFTWAREs/XilinxVivado/Vivado/2020.2/data/ip'.
open_project: Time (s): cpu = 00:00:27 ; elapsed = 00:00:12 . Memory (MB): peak = 1004.195 ; gain = 0.000
update_compile_order -fileset sources_1
launch_runs impl_1 -jobs 4
[Mon Jan 17 23:07:43 2022] Launched synth_1...
Run output will be captured here: E:/Projects/VLSI/32BitMIPSArch/MIPS325/MIPS325.runs/synth_1/runme.log
[Mon Jan 17 23:07:43 2022] Launched impl_1...
Run output will be captured here: E:/Projects/VLSI/32BitMIPSArch/MIPS325/MIPS325.runs/impl_1/runme.log
reset_run impl_1 -prev_step 
WARNING: [Vivado 12-1017] Problems encountered:
1. Failed to reset run step route_design

open_run synth_1 -name synth_1
Design is defaulting to impl run constrset: constrs_1
Design is defaulting to synth run part: xc7s100fgga676-2
INFO: [Device 21-403] Loading part xc7s100fgga676-2
Netlist sorting complete. Time (s): cpu = 00:00:01 ; elapsed = 00:00:01 . Memory (MB): peak = 1057.941 ; gain = 0.000
INFO: [Netlist 29-17] Analyzing 6528 Unisim elements for replacement
INFO: [Netlist 29-28] Unisim Transformation completed in 0 CPU seconds
INFO: [Project 1-479] Netlist was created with Vivado 2020.2
INFO: [Project 1-570] Preparing netlist for logic optimization
Parsing XDC File [E:/Projects/VLSI/32BitMIPSArch/MIPS325/MIPS325.srcs/constrs_1/new/ConstraintFile.xdc]
INFO: [Timing 38-35] Done setting XDC timing constraints. [E:/Projects/VLSI/32BitMIPSArch/MIPS325/MIPS325.srcs/constrs_1/new/ConstraintFile.xdc:21]
WARNING: [Vivado 12-5846] Redefining clock group exclusive_clk0_clk1 [E:/Projects/VLSI/32BitMIPSArch/MIPS325/MIPS325.srcs/constrs_1/new/ConstraintFile.xdc:21]
Finished Parsing XDC File [E:/Projects/VLSI/32BitMIPSArch/MIPS325/MIPS325.srcs/constrs_1/new/ConstraintFile.xdc]
INFO: [Opt 31-138] Pushed 0 inverter(s) to 0 load pin(s).
Netlist sorting complete. Time (s): cpu = 00:00:00 ; elapsed = 00:00:00.020 . Memory (MB): peak = 1703.188 ; gain = 0.000
INFO: [Project 1-111] Unisim Transformation Summary:
No Unisim elements were transformed.

open_run: Time (s): cpu = 00:01:14 ; elapsed = 00:01:04 . Memory (MB): peak = 1706.547 ; gain = 702.352
delete_pblock [get_pblocks  pblock_MIPSdataMem1]
delete_pblock [get_pblocks  pblock_MIPSEXMEM_ALUResult]
delete_pblock [get_pblocks  pblock_MIPSRegister_File]
delete_pblock [get_pblocks  pblock_EXMEM_WriteDataOfMem_1]
save_constraints
reset_run synth_1
launch_runs synth_1 -jobs 4
[Tue Jan 18 11:06:01 2022] Launched synth_1...
Run output will be captured here: E:/Projects/VLSI/32BitMIPSArch/MIPS325/MIPS325.runs/synth_1/runme.log
close_design
launch_runs impl_1 -jobs 4
[Tue Jan 18 11:20:01 2022] Launched impl_1...
Run output will be captured here: E:/Projects/VLSI/32BitMIPSArch/MIPS325/MIPS325.runs/impl_1/runme.log
open_run impl_1
Netlist sorting complete. Time (s): cpu = 00:00:01 ; elapsed = 00:00:00.998 . Memory (MB): peak = 1783.121 ; gain = 0.000
INFO: [Netlist 29-17] Analyzing 6528 Unisim elements for replacement
INFO: [Netlist 29-28] Unisim Transformation completed in 0 CPU seconds
INFO: [Project 1-479] Netlist was created with Vivado 2020.2
INFO: [Project 1-570] Preparing netlist for logic optimization
INFO: [Timing 38-478] Restoring timing data from binary archive.
INFO: [Timing 38-479] Binary timing data restore complete.
INFO: [Project 1-856] Restoring constraints from binary archive.
INFO: [Project 1-853] Binary constraint restore complete.
Reading XDEF placement.
Reading placer database...
Reading XDEF routing.
Read XDEF File: Time (s): cpu = 00:00:06 ; elapsed = 00:00:05 . Memory (MB): peak = 1850.344 ; gain = 0.805
Restored from archive | CPU: 6.000000 secs | Memory: 0.000000 MB |
Finished XDEF File Restore: Time (s): cpu = 00:00:06 ; elapsed = 00:00:05 . Memory (MB): peak = 1850.344 ; gain = 0.805
Netlist sorting complete. Time (s): cpu = 00:00:01 ; elapsed = 00:00:00.019 . Memory (MB): peak = 1850.344 ; gain = 0.000
INFO: [Project 1-111] Unisim Transformation Summary:
No Unisim elements were transformed.

open_run: Time (s): cpu = 00:00:38 ; elapsed = 00:00:27 . Memory (MB): peak = 1907.359 ; gain = 124.238
WARNING: [Power 33-325] Unable to locate instance 'IDEX_rs_rt_rd/bit25/DFF0/q_i_1__171' in design.
WARNING: [Power 33-325] Unable to locate instance 'IFID_Instruction/bit29/DFF0/q_i_1__130' in design.
open_report: Time (s): cpu = 00:00:21 ; elapsed = 00:00:11 . Memory (MB): peak = 2142.125 ; gain = 171.566
startgroup
create_pblock pblock_dataMem1_1
create_pblock pblock_EXMEM_ALUResult_1
create_pblock pblock_EXMEM_WriteDataOfMem_1
create_pblock pblock_Register_File_1
create_pblock pblock_IDEX_rs_rt_rd_1
add_cells_to_pblock pblock_dataMem1_1 [get_cells [list dataMem1]] -clear_locs
add_cells_to_pblock pblock_EXMEM_ALUResult_1 [get_cells [list EXMEM_ALUResult]] -clear_locs
add_cells_to_pblock pblock_EXMEM_WriteDataOfMem_1 [get_cells [list EXMEM_WriteDataOfMem]] -clear_locs
add_cells_to_pblock pblock_Register_File_1 [get_cells [list Register_File]] -clear_locs
add_cells_to_pblock pblock_IDEX_rs_rt_rd_1 [get_cells [list IDEX_rs_rt_rd]] -clear_locs
endgroup
save_constraints
reset_run impl_1
launch_runs impl_1 -jobs 4
[Tue Jan 18 12:04:20 2022] Launched impl_1...
Run output will be captured here: E:/Projects/VLSI/32BitMIPSArch/MIPS325/MIPS325.runs/impl_1/runme.log
close_design
open_run impl_1
Netlist sorting complete. Time (s): cpu = 00:00:01 ; elapsed = 00:00:01 . Memory (MB): peak = 2288.805 ; gain = 0.000
INFO: [Netlist 29-17] Analyzing 6528 Unisim elements for replacement
INFO: [Netlist 29-28] Unisim Transformation completed in 0 CPU seconds
INFO: [Project 1-479] Netlist was created with Vivado 2020.2
INFO: [Project 1-570] Preparing netlist for logic optimization
INFO: [Timing 38-478] Restoring timing data from binary archive.
INFO: [Timing 38-479] Binary timing data restore complete.
INFO: [Project 1-856] Restoring constraints from binary archive.
INFO: [Project 1-853] Binary constraint restore complete.
Reading XDEF placement.
Reading placer database...
Reading XDEF routing.
Read XDEF File: Time (s): cpu = 00:00:05 ; elapsed = 00:00:05 . Memory (MB): peak = 2288.805 ; gain = 0.000
Restored from archive | CPU: 5.000000 secs | Memory: 0.000000 MB |
Finished XDEF File Restore: Time (s): cpu = 00:00:05 ; elapsed = 00:00:05 . Memory (MB): peak = 2288.805 ; gain = 0.000
Netlist sorting complete. Time (s): cpu = 00:00:00 ; elapsed = 00:00:00.020 . Memory (MB): peak = 2288.805 ; gain = 0.000
INFO: [Project 1-111] Unisim Transformation Summary:
No Unisim elements were transformed.

open_run: Time (s): cpu = 00:00:36 ; elapsed = 00:00:27 . Memory (MB): peak = 2288.805 ; gain = 0.000
open_report: Time (s): cpu = 00:00:19 ; elapsed = 00:00:09 . Memory (MB): peak = 2288.805 ; gain = 0.000
launch_runs impl_1 -to_step write_bitstream -jobs 4
[Tue Jan 18 12:39:26 2022] Launched impl_1...
Run output will be captured here: E:/Projects/VLSI/32BitMIPSArch/MIPS325/MIPS325.runs/impl_1/runme.log
launch_simulation -mode post-implementation -type timing
Command: launch_simulation -mode post-implementation -type timing
INFO: [Vivado 12-5682] Launching post-implementation timing simulation in 'E:/Projects/VLSI/32BitMIPSArch/MIPS325/MIPS325.sim/sim_1/impl/timing/xsim'
INFO: [SIM-utils-51] Simulation object is 'sim_1'
INFO: [SIM-utils-31] Writing simulation netlist file for design 'impl_1'...
INFO: [SIM-utils-32] write_verilog -mode timesim -nolib -sdf_anno true -force -file "E:/Projects/VLSI/32BitMIPSArch/MIPS325/MIPS325.sim/sim_1/impl/timing/xsim/MIPSStimulus_time_impl.v"
INFO: [SIM-utils-34] Writing SDF file...
INFO: [SIM-utils-35] write_sdf -mode timesim -process_corner slow -force -file "E:/Projects/VLSI/32BitMIPSArch/MIPS325/MIPS325.sim/sim_1/impl/timing/xsim/MIPSStimulus_time_impl.sdf"
write_sdf: Time (s): cpu = 00:00:25 ; elapsed = 00:00:25 . Memory (MB): peak = 2785.293 ; gain = 0.000
INFO: [SIM-utils-36] Netlist generated:E:/Projects/VLSI/32BitMIPSArch/MIPS325/MIPS325.sim/sim_1/impl/timing/xsim/MIPSStimulus_time_impl.v
INFO: [SIM-utils-37] SDF generated:E:/Projects/VLSI/32BitMIPSArch/MIPS325/MIPS325.sim/sim_1/impl/timing/xsim/MIPSStimulus_time_impl.sdf
INFO: [SIM-utils-54] Inspecting design source files for 'MIPSStimulus' in fileset 'sim_1'...
INFO: [SIM-utils-43] Exported 'E:/Projects/VLSI/32BitMIPSArch/MIPS325/MIPS325.sim/sim_1/impl/timing/xsim/instr.txt'
INFO: [USF-XSim-2] XSim::Compile design
INFO: [USF-XSim-61] Executing 'COMPILE and ANALYZE' step in 'E:/Projects/VLSI/32BitMIPSArch/MIPS325/MIPS325.sim/sim_1/impl/timing/xsim'
"xvlog --incr --relax -prj MIPSStimulus_vlog.prj"
INFO: [VRFC 10-2263] Analyzing Verilog file "E:/Projects/VLSI/32BitMIPSArch/MIPS325/MIPS325.sim/sim_1/impl/timing/xsim/MIPSStimulus_time_impl.v" into library xil_defaultlib
INFO: [VRFC 10-311] analyzing module D_FF
INFO: [VRFC 10-311] analyzing module D_FF_100
INFO: [VRFC 10-311] analyzing module D_FF_1000
INFO: [VRFC 10-311] analyzing module D_FF_1001
INFO: [VRFC 10-311] analyzing module D_FF_1002
INFO: [VRFC 10-311] analyzing module D_FF_1003
INFO: [VRFC 10-311] analyzing module D_FF_1004
INFO: [VRFC 10-311] analyzing module D_FF_1005
INFO: [VRFC 10-311] analyzing module D_FF_1006
INFO: [VRFC 10-311] analyzing module D_FF_1007
INFO: [VRFC 10-311] analyzing module D_FF_1008
INFO: [VRFC 10-311] analyzing module D_FF_1009
INFO: [VRFC 10-311] analyzing module D_FF_101
INFO: [VRFC 10-311] analyzing module D_FF_1010
INFO: [VRFC 10-311] analyzing module D_FF_102
INFO: [VRFC 10-311] analyzing module D_FF_103
INFO: [VRFC 10-311] analyzing module D_FF_104
INFO: [VRFC 10-311] analyzing module D_FF_105
INFO: [VRFC 10-311] analyzing module D_FF_106
INFO: [VRFC 10-311] analyzing module D_FF_107
INFO: [VRFC 10-311] analyzing module D_FF_1078
INFO: [VRFC 10-311] analyzing module D_FF_1079
INFO: [VRFC 10-311] analyzing module D_FF_108
INFO: [VRFC 10-311] analyzing module D_FF_1080
INFO: [VRFC 10-311] analyzing module D_FF_1081
INFO: [VRFC 10-311] analyzing module D_FF_1082
INFO: [VRFC 10-311] analyzing module D_FF_1083
INFO: [VRFC 10-311] analyzing module D_FF_1084
INFO: [VRFC 10-311] analyzing module D_FF_1085
INFO: [VRFC 10-311] analyzing module D_FF_1086
INFO: [VRFC 10-311] analyzing module D_FF_1087
INFO: [VRFC 10-311] analyzing module D_FF_109
INFO: [VRFC 10-311] analyzing module D_FF_110
INFO: [VRFC 10-311] analyzing module D_FF_111
INFO: [VRFC 10-311] analyzing module D_FF_112
INFO: [VRFC 10-311] analyzing module D_FF_1120
INFO: [VRFC 10-311] analyzing module D_FF_1121
INFO: [VRFC 10-311] analyzing module D_FF_1122
INFO: [VRFC 10-311] analyzing module D_FF_1123
INFO: [VRFC 10-311] analyzing module D_FF_1124
INFO: [VRFC 10-311] analyzing module D_FF_1125
INFO: [VRFC 10-311] analyzing module D_FF_1126
INFO: [VRFC 10-311] analyzing module D_FF_1127
INFO: [VRFC 10-311] analyzing module D_FF_1128
INFO: [VRFC 10-311] analyzing module D_FF_1129
INFO: [VRFC 10-311] analyzing module D_FF_113
INFO: [VRFC 10-311] analyzing module D_FF_1130
INFO: [VRFC 10-311] analyzing module D_FF_1131
INFO: [VRFC 10-311] analyzing module D_FF_1132
INFO: [VRFC 10-311] analyzing module D_FF_1133
INFO: [VRFC 10-311] analyzing module D_FF_1134
INFO: [VRFC 10-311] analyzing module D_FF_1135
INFO: [VRFC 10-311] analyzing module D_FF_1136
INFO: [VRFC 10-311] analyzing module D_FF_1137
INFO: [VRFC 10-311] analyzing module D_FF_1138
INFO: [VRFC 10-311] analyzing module D_FF_1139
INFO: [VRFC 10-311] analyzing module D_FF_114
INFO: [VRFC 10-311] analyzing module D_FF_1140
INFO: [VRFC 10-311] analyzing module D_FF_1141
INFO: [VRFC 10-311] analyzing module D_FF_1142
INFO: [VRFC 10-311] analyzing module D_FF_1143
INFO: [VRFC 10-311] analyzing module D_FF_1144
INFO: [VRFC 10-311] analyzing module D_FF_1145
INFO: [VRFC 10-311] analyzing module D_FF_1146
INFO: [VRFC 10-311] analyzing module D_FF_1147
INFO: [VRFC 10-311] analyzing module D_FF_1148
INFO: [VRFC 10-311] analyzing module D_FF_1149
INFO: [VRFC 10-311] analyzing module D_FF_1150
INFO: [VRFC 10-311] analyzing module D_FF_1151
INFO: [VRFC 10-311] analyzing module D_FF_1152
INFO: [VRFC 10-311] analyzing module D_FF_1185
INFO: [VRFC 10-311] analyzing module D_FF_1186
INFO: [VRFC 10-311] analyzing module D_FF_1187
INFO: [VRFC 10-311] analyzing module D_FF_1188
INFO: [VRFC 10-311] analyzing module D_FF_1189
INFO: [VRFC 10-311] analyzing module D_FF_1190
INFO: [VRFC 10-311] analyzing module D_FF_1191
INFO: [VRFC 10-311] analyzing module D_FF_1192
INFO: [VRFC 10-311] analyzing module D_FF_1193
INFO: [VRFC 10-311] analyzing module D_FF_1194
INFO: [VRFC 10-311] analyzing module D_FF_1195
INFO: [VRFC 10-311] analyzing module D_FF_1196
INFO: [VRFC 10-311] analyzing module D_FF_1197
INFO: [VRFC 10-311] analyzing module D_FF_1198
INFO: [VRFC 10-311] analyzing module D_FF_1199
INFO: [VRFC 10-311] analyzing module D_FF_1200
INFO: [VRFC 10-311] analyzing module D_FF_1201
INFO: [VRFC 10-311] analyzing module D_FF_1202
INFO: [VRFC 10-311] analyzing module D_FF_1203
INFO: [VRFC 10-311] analyzing module D_FF_1204
INFO: [VRFC 10-311] analyzing module D_FF_1205
INFO: [VRFC 10-311] analyzing module D_FF_1206
INFO: [VRFC 10-311] analyzing module D_FF_1207
INFO: [VRFC 10-311] analyzing module D_FF_1208
INFO: [VRFC 10-311] analyzing module D_FF_1209
INFO: [VRFC 10-311] analyzing module D_FF_1210
INFO: [VRFC 10-311] analyzing module D_FF_1211
INFO: [VRFC 10-311] analyzing module D_FF_1212
INFO: [VRFC 10-311] analyzing module D_FF_1213
INFO: [VRFC 10-311] analyzing module D_FF_1214
INFO: [VRFC 10-311] analyzing module D_FF_1215
INFO: [VRFC 10-311] analyzing module D_FF_1216
INFO: [VRFC 10-311] analyzing module D_FF_1217
INFO: [VRFC 10-311] analyzing module D_FF_1222
INFO: [VRFC 10-311] analyzing module D_FF_1223
INFO: [VRFC 10-311] analyzing module D_FF_1224
INFO: [VRFC 10-311] analyzing module D_FF_1225
INFO: [VRFC 10-311] analyzing module D_FF_1248
INFO: [VRFC 10-311] analyzing module D_FF_1249
INFO: [VRFC 10-311] analyzing module D_FF_1250
INFO: [VRFC 10-311] analyzing module D_FF_1251
INFO: [VRFC 10-311] analyzing module D_FF_1252
INFO: [VRFC 10-311] analyzing module D_FF_1253
INFO: [VRFC 10-311] analyzing module D_FF_1254
INFO: [VRFC 10-311] analyzing module D_FF_1255
INFO: [VRFC 10-311] analyzing module D_FF_1256
INFO: [VRFC 10-311] analyzing module D_FF_1257
INFO: [VRFC 10-311] analyzing module D_FF_1258
INFO: [VRFC 10-311] analyzing module D_FF_1259
INFO: [VRFC 10-311] analyzing module D_FF_1260
INFO: [VRFC 10-311] analyzing module D_FF_1261
INFO: [VRFC 10-311] analyzing module D_FF_1262
INFO: [VRFC 10-311] analyzing module D_FF_1263
INFO: [VRFC 10-311] analyzing module D_FF_1264
INFO: [VRFC 10-311] analyzing module D_FF_1265
INFO: [VRFC 10-311] analyzing module D_FF_1266
INFO: [VRFC 10-311] analyzing module D_FF_1267
INFO: [VRFC 10-311] analyzing module D_FF_1268
INFO: [VRFC 10-311] analyzing module D_FF_1269
INFO: [VRFC 10-311] analyzing module D_FF_1278
INFO: [VRFC 10-311] analyzing module D_FF_1279
INFO: [VRFC 10-311] analyzing module D_FF_1280
INFO: [VRFC 10-311] analyzing module D_FF_1281
INFO: [VRFC 10-311] analyzing module D_FF_1282
INFO: [VRFC 10-311] analyzing module D_FF_1283
INFO: [VRFC 10-311] analyzing module D_FF_1284
INFO: [VRFC 10-311] analyzing module D_FF_1285
INFO: [VRFC 10-311] analyzing module D_FF_1286
INFO: [VRFC 10-311] analyzing module D_FF_1287
INFO: [VRFC 10-311] analyzing module D_FF_1320
INFO: [VRFC 10-311] analyzing module D_FF_1321
INFO: [VRFC 10-311] analyzing module D_FF_1322
INFO: [VRFC 10-311] analyzing module D_FF_1323
INFO: [VRFC 10-311] analyzing module D_FF_1324
INFO: [VRFC 10-311] analyzing module D_FF_1325
INFO: [VRFC 10-311] analyzing module D_FF_1326
INFO: [VRFC 10-311] analyzing module D_FF_1327
INFO: [VRFC 10-311] analyzing module D_FF_1328
INFO: [VRFC 10-311] analyzing module D_FF_1329
INFO: [VRFC 10-311] analyzing module D_FF_1330
INFO: [VRFC 10-311] analyzing module D_FF_1331
INFO: [VRFC 10-311] analyzing module D_FF_1332
INFO: [VRFC 10-311] analyzing module D_FF_1333
INFO: [VRFC 10-311] analyzing module D_FF_1334
INFO: [VRFC 10-311] analyzing module D_FF_1335
INFO: [VRFC 10-311] analyzing module D_FF_1336
INFO: [VRFC 10-311] analyzing module D_FF_1337
INFO: [VRFC 10-311] analyzing module D_FF_1338
INFO: [VRFC 10-311] analyzing module D_FF_1339
INFO: [VRFC 10-311] analyzing module D_FF_1340
INFO: [VRFC 10-311] analyzing module D_FF_1341
INFO: [VRFC 10-311] analyzing module D_FF_1342
INFO: [VRFC 10-311] analyzing module D_FF_1343
INFO: [VRFC 10-311] analyzing module D_FF_1344
INFO: [VRFC 10-311] analyzing module D_FF_1345
INFO: [VRFC 10-311] analyzing module D_FF_1346
INFO: [VRFC 10-311] analyzing module D_FF_1347
INFO: [VRFC 10-311] analyzing module D_FF_1348
INFO: [VRFC 10-311] analyzing module D_FF_1349
INFO: [VRFC 10-311] analyzing module D_FF_1350
INFO: [VRFC 10-311] analyzing module D_FF_1351
INFO: [VRFC 10-311] analyzing module D_FF_1384
INFO: [VRFC 10-311] analyzing module D_FF_1385
INFO: [VRFC 10-311] analyzing module D_FF_1386
INFO: [VRFC 10-311] analyzing module D_FF_1387
INFO: [VRFC 10-311] analyzing module D_FF_1388
INFO: [VRFC 10-311] analyzing module D_FF_1389
INFO: [VRFC 10-311] analyzing module D_FF_1390
INFO: [VRFC 10-311] analyzing module D_FF_1391
INFO: [VRFC 10-311] analyzing module D_FF_1392
INFO: [VRFC 10-311] analyzing module D_FF_1393
INFO: [VRFC 10-311] analyzing module D_FF_1394
INFO: [VRFC 10-311] analyzing module D_FF_1395
INFO: [VRFC 10-311] analyzing module D_FF_1396
INFO: [VRFC 10-311] analyzing module D_FF_1397
INFO: [VRFC 10-311] analyzing module D_FF_1398
INFO: [VRFC 10-311] analyzing module D_FF_1399
INFO: [VRFC 10-311] analyzing module D_FF_1400
INFO: [VRFC 10-311] analyzing module D_FF_1401
INFO: [VRFC 10-311] analyzing module D_FF_1402
INFO: [VRFC 10-311] analyzing module D_FF_1403
INFO: [VRFC 10-311] analyzing module D_FF_1404
INFO: [VRFC 10-311] analyzing module D_FF_1405
INFO: [VRFC 10-311] analyzing module D_FF_1406
INFO: [VRFC 10-311] analyzing module D_FF_1407
INFO: [VRFC 10-311] analyzing module D_FF_1408
INFO: [VRFC 10-311] analyzing module D_FF_1409
INFO: [VRFC 10-311] analyzing module D_FF_1410
INFO: [VRFC 10-311] analyzing module D_FF_1411
INFO: [VRFC 10-311] analyzing module D_FF_1412
INFO: [VRFC 10-311] analyzing module D_FF_1413
INFO: [VRFC 10-311] analyzing module D_FF_1414
INFO: [VRFC 10-311] analyzing module D_FF_1415
INFO: [VRFC 10-311] analyzing module D_FF_1420
INFO: [VRFC 10-311] analyzing module D_FF_1421
INFO: [VRFC 10-311] analyzing module D_FF_1422
INFO: [VRFC 10-311] analyzing module D_FF_1423
INFO: [VRFC 10-311] analyzing module D_FF_1424
INFO: [VRFC 10-311] analyzing module D_FF_1425
INFO: [VRFC 10-311] analyzing module D_FF_1426
INFO: [VRFC 10-311] analyzing module D_FF_1427
INFO: [VRFC 10-311] analyzing module D_FF_1439
INFO: [VRFC 10-311] analyzing module D_FF_1440
INFO: [VRFC 10-311] analyzing module D_FF_1441
INFO: [VRFC 10-311] analyzing module D_FF_1442
INFO: [VRFC 10-311] analyzing module D_FF_1443
INFO: [VRFC 10-311] analyzing module D_FF_1444
INFO: [VRFC 10-311] analyzing module D_FF_1445
INFO: [VRFC 10-311] analyzing module D_FF_1446
INFO: [VRFC 10-311] analyzing module D_FF_1447
INFO: [VRFC 10-311] analyzing module D_FF_1448
INFO: [VRFC 10-311] analyzing module D_FF_1449
INFO: [VRFC 10-311] analyzing module D_FF_1450
INFO: [VRFC 10-311] analyzing module D_FF_1451
INFO: [VRFC 10-311] analyzing module D_FF_1452
INFO: [VRFC 10-311] analyzing module D_FF_1453
INFO: [VRFC 10-311] analyzing module D_FF_1454
INFO: [VRFC 10-311] analyzing module D_FF_1455
INFO: [VRFC 10-311] analyzing module D_FF_1456
INFO: [VRFC 10-311] analyzing module D_FF_1457
INFO: [VRFC 10-311] analyzing module D_FF_1458
INFO: [VRFC 10-311] analyzing module D_FF_147
INFO: [VRFC 10-311] analyzing module D_FF_148
INFO: [VRFC 10-311] analyzing module D_FF_149
INFO: [VRFC 10-311] analyzing module D_FF_1491
INFO: [VRFC 10-311] analyzing module D_FF_1492
INFO: [VRFC 10-311] analyzing module D_FF_1493
INFO: [VRFC 10-311] analyzing module D_FF_1494
INFO: [VRFC 10-311] analyzing module D_FF_1495
INFO: [VRFC 10-311] analyzing module D_FF_1496
INFO: [VRFC 10-311] analyzing module D_FF_1497
INFO: [VRFC 10-311] analyzing module D_FF_1498
INFO: [VRFC 10-311] analyzing module D_FF_1499
INFO: [VRFC 10-311] analyzing module D_FF_150
INFO: [VRFC 10-311] analyzing module D_FF_1500
INFO: [VRFC 10-311] analyzing module D_FF_1501
INFO: [VRFC 10-311] analyzing module D_FF_1502
INFO: [VRFC 10-311] analyzing module D_FF_1503
INFO: [VRFC 10-311] analyzing module D_FF_1504
INFO: [VRFC 10-311] analyzing module D_FF_1505
INFO: [VRFC 10-311] analyzing module D_FF_1506
INFO: [VRFC 10-311] analyzing module D_FF_1507
INFO: [VRFC 10-311] analyzing module D_FF_1508
INFO: [VRFC 10-311] analyzing module D_FF_1509
INFO: [VRFC 10-311] analyzing module D_FF_151
INFO: [VRFC 10-311] analyzing module D_FF_1510
INFO: [VRFC 10-311] analyzing module D_FF_1511
INFO: [VRFC 10-311] analyzing module D_FF_1512
INFO: [VRFC 10-311] analyzing module D_FF_1513
INFO: [VRFC 10-311] analyzing module D_FF_1514
INFO: [VRFC 10-311] analyzing module D_FF_1515
INFO: [VRFC 10-311] analyzing module D_FF_1516
INFO: [VRFC 10-311] analyzing module D_FF_1517
INFO: [VRFC 10-311] analyzing module D_FF_1518
INFO: [VRFC 10-311] analyzing module D_FF_1519
INFO: [VRFC 10-311] analyzing module D_FF_152
INFO: [VRFC 10-311] analyzing module D_FF_1520
INFO: [VRFC 10-311] analyzing module D_FF_1521
INFO: [VRFC 10-311] analyzing module D_FF_1522
INFO: [VRFC 10-311] analyzing module D_FF_1523
INFO: [VRFC 10-311] analyzing module D_FF_1524
INFO: [VRFC 10-311] analyzing module D_FF_1525
INFO: [VRFC 10-311] analyzing module D_FF_153
INFO: [VRFC 10-311] analyzing module D_FF_154
INFO: [VRFC 10-311] analyzing module D_FF_155
INFO: [VRFC 10-311] analyzing module D_FF_1558
INFO: [VRFC 10-311] analyzing module D_FF_1559
INFO: [VRFC 10-311] analyzing module D_FF_156
INFO: [VRFC 10-311] analyzing module D_FF_1560
INFO: [VRFC 10-311] analyzing module D_FF_1561
INFO: [VRFC 10-311] analyzing module D_FF_1562
INFO: [VRFC 10-311] analyzing module D_FF_1563
INFO: [VRFC 10-311] analyzing module D_FF_1564
INFO: [VRFC 10-311] analyzing module D_FF_1565
INFO: [VRFC 10-311] analyzing module D_FF_1566
INFO: [VRFC 10-311] analyzing module D_FF_1567
INFO: [VRFC 10-311] analyzing module D_FF_1568
INFO: [VRFC 10-311] analyzing module D_FF_1569
INFO: [VRFC 10-311] analyzing module D_FF_157
INFO: [VRFC 10-311] analyzing module D_FF_1570
INFO: [VRFC 10-311] analyzing module D_FF_1571
INFO: [VRFC 10-311] analyzing module D_FF_1572
INFO: [VRFC 10-311] analyzing module D_FF_1573
INFO: [VRFC 10-311] analyzing module D_FF_1574
INFO: [VRFC 10-311] analyzing module D_FF_1575
INFO: [VRFC 10-311] analyzing module D_FF_1576
INFO: [VRFC 10-311] analyzing module D_FF_1577
INFO: [VRFC 10-311] analyzing module D_FF_1578
INFO: [VRFC 10-311] analyzing module D_FF_1579
INFO: [VRFC 10-311] analyzing module D_FF_158
INFO: [VRFC 10-311] analyzing module D_FF_1580
INFO: [VRFC 10-311] analyzing module D_FF_1581
INFO: [VRFC 10-311] analyzing module D_FF_1582
INFO: [VRFC 10-311] analyzing module D_FF_1583
INFO: [VRFC 10-311] analyzing module D_FF_1584
INFO: [VRFC 10-311] analyzing module D_FF_1585
INFO: [VRFC 10-311] analyzing module D_FF_1586
INFO: [VRFC 10-311] analyzing module D_FF_1587
INFO: [VRFC 10-311] analyzing module D_FF_1588
INFO: [VRFC 10-311] analyzing module D_FF_1589
INFO: [VRFC 10-311] analyzing module D_FF_159
INFO: [VRFC 10-311] analyzing module D_FF_160
INFO: [VRFC 10-311] analyzing module D_FF_161
INFO: [VRFC 10-311] analyzing module D_FF_162
INFO: [VRFC 10-311] analyzing module D_FF_163
INFO: [VRFC 10-311] analyzing module D_FF_164
INFO: [VRFC 10-311] analyzing module D_FF_165
INFO: [VRFC 10-311] analyzing module D_FF_166
INFO: [VRFC 10-311] analyzing module D_FF_167
INFO: [VRFC 10-311] analyzing module D_FF_168
INFO: [VRFC 10-311] analyzing module D_FF_169
INFO: [VRFC 10-311] analyzing module D_FF_170
INFO: [VRFC 10-311] analyzing module D_FF_171
INFO: [VRFC 10-311] analyzing module D_FF_172
INFO: [VRFC 10-311] analyzing module D_FF_173
INFO: [VRFC 10-311] analyzing module D_FF_174
INFO: [VRFC 10-311] analyzing module D_FF_175
INFO: [VRFC 10-311] analyzing module D_FF_176
INFO: [VRFC 10-311] analyzing module D_FF_177
INFO: [VRFC 10-311] analyzing module D_FF_178
INFO: [VRFC 10-311] analyzing module D_FF_211
INFO: [VRFC 10-311] analyzing module D_FF_212
INFO: [VRFC 10-311] analyzing module D_FF_213
INFO: [VRFC 10-311] analyzing module D_FF_214
INFO: [VRFC 10-311] analyzing module D_FF_215
INFO: [VRFC 10-311] analyzing module D_FF_216
INFO: [VRFC 10-311] analyzing module D_FF_217
INFO: [VRFC 10-311] analyzing module D_FF_218
INFO: [VRFC 10-311] analyzing module D_FF_219
INFO: [VRFC 10-311] analyzing module D_FF_220
INFO: [VRFC 10-311] analyzing module D_FF_221
INFO: [VRFC 10-311] analyzing module D_FF_222
INFO: [VRFC 10-311] analyzing module D_FF_223
INFO: [VRFC 10-311] analyzing module D_FF_224
INFO: [VRFC 10-311] analyzing module D_FF_225
INFO: [VRFC 10-311] analyzing module D_FF_226
INFO: [VRFC 10-311] analyzing module D_FF_227
INFO: [VRFC 10-311] analyzing module D_FF_228
INFO: [VRFC 10-311] analyzing module D_FF_229
INFO: [VRFC 10-311] analyzing module D_FF_230
INFO: [VRFC 10-311] analyzing module D_FF_231
INFO: [VRFC 10-311] analyzing module D_FF_232
INFO: [VRFC 10-311] analyzing module D_FF_233
INFO: [VRFC 10-311] analyzing module D_FF_234
INFO: [VRFC 10-311] analyzing module D_FF_235
INFO: [VRFC 10-311] analyzing module D_FF_236
INFO: [VRFC 10-311] analyzing module D_FF_237
INFO: [VRFC 10-311] analyzing module D_FF_238
INFO: [VRFC 10-311] analyzing module D_FF_239
INFO: [VRFC 10-311] analyzing module D_FF_240
INFO: [VRFC 10-311] analyzing module D_FF_241
INFO: [VRFC 10-311] analyzing module D_FF_242
INFO: [VRFC 10-311] analyzing module D_FF_275
INFO: [VRFC 10-311] analyzing module D_FF_276
INFO: [VRFC 10-311] analyzing module D_FF_277
INFO: [VRFC 10-311] analyzing module D_FF_278
INFO: [VRFC 10-311] analyzing module D_FF_279
INFO: [VRFC 10-311] analyzing module D_FF_280
INFO: [VRFC 10-311] analyzing module D_FF_281
INFO: [VRFC 10-311] analyzing module D_FF_282
INFO: [VRFC 10-311] analyzing module D_FF_283
INFO: [VRFC 10-311] analyzing module D_FF_284
INFO: [VRFC 10-311] analyzing module D_FF_285
INFO: [VRFC 10-311] analyzing module D_FF_286
INFO: [VRFC 10-311] analyzing module D_FF_287
INFO: [VRFC 10-311] analyzing module D_FF_288
INFO: [VRFC 10-311] analyzing module D_FF_289
INFO: [VRFC 10-311] analyzing module D_FF_290
INFO: [VRFC 10-311] analyzing module D_FF_291
INFO: [VRFC 10-311] analyzing module D_FF_292
INFO: [VRFC 10-311] analyzing module D_FF_293
INFO: [VRFC 10-311] analyzing module D_FF_294
INFO: [VRFC 10-311] analyzing module D_FF_295
INFO: [VRFC 10-311] analyzing module D_FF_296
INFO: [VRFC 10-311] analyzing module D_FF_297
INFO: [VRFC 10-311] analyzing module D_FF_298
INFO: [VRFC 10-311] analyzing module D_FF_299
INFO: [VRFC 10-311] analyzing module D_FF_300
INFO: [VRFC 10-311] analyzing module D_FF_301
INFO: [VRFC 10-311] analyzing module D_FF_302
INFO: [VRFC 10-311] analyzing module D_FF_303
INFO: [VRFC 10-311] analyzing module D_FF_304
INFO: [VRFC 10-311] analyzing module D_FF_305
INFO: [VRFC 10-311] analyzing module D_FF_306
INFO: [VRFC 10-311] analyzing module D_FF_339
INFO: [VRFC 10-311] analyzing module D_FF_340
INFO: [VRFC 10-311] analyzing module D_FF_341
INFO: [VRFC 10-311] analyzing module D_FF_342
INFO: [VRFC 10-311] analyzing module D_FF_343
INFO: [VRFC 10-311] analyzing module D_FF_344
INFO: [VRFC 10-311] analyzing module D_FF_345
INFO: [VRFC 10-311] analyzing module D_FF_346
INFO: [VRFC 10-311] analyzing module D_FF_347
INFO: [VRFC 10-311] analyzing module D_FF_348
INFO: [VRFC 10-311] analyzing module D_FF_349
INFO: [VRFC 10-311] analyzing module D_FF_350
INFO: [VRFC 10-311] analyzing module D_FF_351
INFO: [VRFC 10-311] analyzing module D_FF_352
INFO: [VRFC 10-311] analyzing module D_FF_353
INFO: [VRFC 10-311] analyzing module D_FF_354
INFO: [VRFC 10-311] analyzing module D_FF_355
INFO: [VRFC 10-311] analyzing module D_FF_356
INFO: [VRFC 10-311] analyzing module D_FF_357
INFO: [VRFC 10-311] analyzing module D_FF_358
INFO: [VRFC 10-311] analyzing module D_FF_359
INFO: [VRFC 10-311] analyzing module D_FF_360
INFO: [VRFC 10-311] analyzing module D_FF_361
INFO: [VRFC 10-311] analyzing module D_FF_362
INFO: [VRFC 10-311] analyzing module D_FF_363
INFO: [VRFC 10-311] analyzing module D_FF_364
INFO: [VRFC 10-311] analyzing module D_FF_365
INFO: [VRFC 10-311] analyzing module D_FF_366
INFO: [VRFC 10-311] analyzing module D_FF_367
INFO: [VRFC 10-311] analyzing module D_FF_368
INFO: [VRFC 10-311] analyzing module D_FF_369
INFO: [VRFC 10-311] analyzing module D_FF_370
INFO: [VRFC 10-311] analyzing module D_FF_403
INFO: [VRFC 10-311] analyzing module D_FF_404
INFO: [VRFC 10-311] analyzing module D_FF_405
INFO: [VRFC 10-311] analyzing module D_FF_406
INFO: [VRFC 10-311] analyzing module D_FF_407
INFO: [VRFC 10-311] analyzing module D_FF_408
INFO: [VRFC 10-311] analyzing module D_FF_409
INFO: [VRFC 10-311] analyzing module D_FF_410
INFO: [VRFC 10-311] analyzing module D_FF_411
INFO: [VRFC 10-311] analyzing module D_FF_412
INFO: [VRFC 10-311] analyzing module D_FF_413
INFO: [VRFC 10-311] analyzing module D_FF_414
INFO: [VRFC 10-311] analyzing module D_FF_415
INFO: [VRFC 10-311] analyzing module D_FF_416
INFO: [VRFC 10-311] analyzing module D_FF_417
INFO: [VRFC 10-311] analyzing module D_FF_418
INFO: [VRFC 10-311] analyzing module D_FF_419
INFO: [VRFC 10-311] analyzing module D_FF_420
INFO: [VRFC 10-311] analyzing module D_FF_421
INFO: [VRFC 10-311] analyzing module D_FF_422
INFO: [VRFC 10-311] analyzing module D_FF_423
INFO: [VRFC 10-311] analyzing module D_FF_424
INFO: [VRFC 10-311] analyzing module D_FF_425
INFO: [VRFC 10-311] analyzing module D_FF_426
INFO: [VRFC 10-311] analyzing module D_FF_427
INFO: [VRFC 10-311] analyzing module D_FF_428
INFO: [VRFC 10-311] analyzing module D_FF_429
INFO: [VRFC 10-311] analyzing module D_FF_430
INFO: [VRFC 10-311] analyzing module D_FF_431
INFO: [VRFC 10-311] analyzing module D_FF_432
INFO: [VRFC 10-311] analyzing module D_FF_433
INFO: [VRFC 10-311] analyzing module D_FF_434
INFO: [VRFC 10-311] analyzing module D_FF_467
INFO: [VRFC 10-311] analyzing module D_FF_468
INFO: [VRFC 10-311] analyzing module D_FF_469
INFO: [VRFC 10-311] analyzing module D_FF_470
INFO: [VRFC 10-311] analyzing module D_FF_471
INFO: [VRFC 10-311] analyzing module D_FF_472
INFO: [VRFC 10-311] analyzing module D_FF_473
INFO: [VRFC 10-311] analyzing module D_FF_474
INFO: [VRFC 10-311] analyzing module D_FF_475
INFO: [VRFC 10-311] analyzing module D_FF_476
INFO: [VRFC 10-311] analyzing module D_FF_477
INFO: [VRFC 10-311] analyzing module D_FF_478
INFO: [VRFC 10-311] analyzing module D_FF_479
INFO: [VRFC 10-311] analyzing module D_FF_480
INFO: [VRFC 10-311] analyzing module D_FF_481
INFO: [VRFC 10-311] analyzing module D_FF_482
INFO: [VRFC 10-311] analyzing module D_FF_483
INFO: [VRFC 10-311] analyzing module D_FF_484
INFO: [VRFC 10-311] analyzing module D_FF_485
INFO: [VRFC 10-311] analyzing module D_FF_486
INFO: [VRFC 10-311] analyzing module D_FF_487
INFO: [VRFC 10-311] analyzing module D_FF_488
INFO: [VRFC 10-311] analyzing module D_FF_489
INFO: [VRFC 10-311] analyzing module D_FF_490
INFO: [VRFC 10-311] analyzing module D_FF_491
INFO: [VRFC 10-311] analyzing module D_FF_492
INFO: [VRFC 10-311] analyzing module D_FF_493
INFO: [VRFC 10-311] analyzing module D_FF_494
INFO: [VRFC 10-311] analyzing module D_FF_495
INFO: [VRFC 10-311] analyzing module D_FF_496
INFO: [VRFC 10-311] analyzing module D_FF_497
INFO: [VRFC 10-311] analyzing module D_FF_498
INFO: [VRFC 10-311] analyzing module D_FF_531
INFO: [VRFC 10-311] analyzing module D_FF_532
INFO: [VRFC 10-311] analyzing module D_FF_533
INFO: [VRFC 10-311] analyzing module D_FF_534
INFO: [VRFC 10-311] analyzing module D_FF_535
INFO: [VRFC 10-311] analyzing module D_FF_536
INFO: [VRFC 10-311] analyzing module D_FF_537
INFO: [VRFC 10-311] analyzing module D_FF_538
INFO: [VRFC 10-311] analyzing module D_FF_539
INFO: [VRFC 10-311] analyzing module D_FF_540
INFO: [VRFC 10-311] analyzing module D_FF_541
INFO: [VRFC 10-311] analyzing module D_FF_542
INFO: [VRFC 10-311] analyzing module D_FF_543
INFO: [VRFC 10-311] analyzing module D_FF_544
INFO: [VRFC 10-311] analyzing module D_FF_545
INFO: [VRFC 10-311] analyzing module D_FF_546
INFO: [VRFC 10-311] analyzing module D_FF_547
INFO: [VRFC 10-311] analyzing module D_FF_548
INFO: [VRFC 10-311] analyzing module D_FF_549
INFO: [VRFC 10-311] analyzing module D_FF_550
INFO: [VRFC 10-311] analyzing module D_FF_551
INFO: [VRFC 10-311] analyzing module D_FF_552
INFO: [VRFC 10-311] analyzing module D_FF_553
INFO: [VRFC 10-311] analyzing module D_FF_554
INFO: [VRFC 10-311] analyzing module D_FF_555
INFO: [VRFC 10-311] analyzing module D_FF_556
INFO: [VRFC 10-311] analyzing module D_FF_557
INFO: [VRFC 10-311] analyzing module D_FF_558
INFO: [VRFC 10-311] analyzing module D_FF_559
INFO: [VRFC 10-311] analyzing module D_FF_560
INFO: [VRFC 10-311] analyzing module D_FF_561
INFO: [VRFC 10-311] analyzing module D_FF_562
INFO: [VRFC 10-311] analyzing module D_FF_595
INFO: [VRFC 10-311] analyzing module D_FF_596
INFO: [VRFC 10-311] analyzing module D_FF_597
INFO: [VRFC 10-311] analyzing module D_FF_598
INFO: [VRFC 10-311] analyzing module D_FF_599
INFO: [VRFC 10-311] analyzing module D_FF_600
INFO: [VRFC 10-311] analyzing module D_FF_601
INFO: [VRFC 10-311] analyzing module D_FF_602
INFO: [VRFC 10-311] analyzing module D_FF_603
INFO: [VRFC 10-311] analyzing module D_FF_604
INFO: [VRFC 10-311] analyzing module D_FF_605
INFO: [VRFC 10-311] analyzing module D_FF_606
INFO: [VRFC 10-311] analyzing module D_FF_607
INFO: [VRFC 10-311] analyzing module D_FF_608
INFO: [VRFC 10-311] analyzing module D_FF_609
INFO: [VRFC 10-311] analyzing module D_FF_610
INFO: [VRFC 10-311] analyzing module D_FF_611
INFO: [VRFC 10-311] analyzing module D_FF_612
INFO: [VRFC 10-311] analyzing module D_FF_613
INFO: [VRFC 10-311] analyzing module D_FF_614
INFO: [VRFC 10-311] analyzing module D_FF_615
INFO: [VRFC 10-311] analyzing module D_FF_616
INFO: [VRFC 10-311] analyzing module D_FF_617
INFO: [VRFC 10-311] analyzing module D_FF_618
INFO: [VRFC 10-311] analyzing module D_FF_619
INFO: [VRFC 10-311] analyzing module D_FF_620
INFO: [VRFC 10-311] analyzing module D_FF_621
INFO: [VRFC 10-311] analyzing module D_FF_622
INFO: [VRFC 10-311] analyzing module D_FF_623
INFO: [VRFC 10-311] analyzing module D_FF_624
INFO: [VRFC 10-311] analyzing module D_FF_625
INFO: [VRFC 10-311] analyzing module D_FF_626
INFO: [VRFC 10-311] analyzing module D_FF_659
INFO: [VRFC 10-311] analyzing module D_FF_660
INFO: [VRFC 10-311] analyzing module D_FF_661
INFO: [VRFC 10-311] analyzing module D_FF_662
INFO: [VRFC 10-311] analyzing module D_FF_663
INFO: [VRFC 10-311] analyzing module D_FF_664
INFO: [VRFC 10-311] analyzing module D_FF_665
INFO: [VRFC 10-311] analyzing module D_FF_666
INFO: [VRFC 10-311] analyzing module D_FF_667
INFO: [VRFC 10-311] analyzing module D_FF_668
INFO: [VRFC 10-311] analyzing module D_FF_669
INFO: [VRFC 10-311] analyzing module D_FF_670
INFO: [VRFC 10-311] analyzing module D_FF_671
INFO: [VRFC 10-311] analyzing module D_FF_672
INFO: [VRFC 10-311] analyzing module D_FF_673
INFO: [VRFC 10-311] analyzing module D_FF_674
INFO: [VRFC 10-311] analyzing module D_FF_675
INFO: [VRFC 10-311] analyzing module D_FF_676
INFO: [VRFC 10-311] analyzing module D_FF_677
INFO: [VRFC 10-311] analyzing module D_FF_678
INFO: [VRFC 10-311] analyzing module D_FF_679
INFO: [VRFC 10-311] analyzing module D_FF_680
INFO: [VRFC 10-311] analyzing module D_FF_681
INFO: [VRFC 10-311] analyzing module D_FF_682
INFO: [VRFC 10-311] analyzing module D_FF_683
INFO: [VRFC 10-311] analyzing module D_FF_684
INFO: [VRFC 10-311] analyzing module D_FF_685
INFO: [VRFC 10-311] analyzing module D_FF_686
INFO: [VRFC 10-311] analyzing module D_FF_687
INFO: [VRFC 10-311] analyzing module D_FF_688
INFO: [VRFC 10-311] analyzing module D_FF_689
INFO: [VRFC 10-311] analyzing module D_FF_690
INFO: [VRFC 10-311] analyzing module D_FF_723
INFO: [VRFC 10-311] analyzing module D_FF_724
INFO: [VRFC 10-311] analyzing module D_FF_725
INFO: [VRFC 10-311] analyzing module D_FF_726
INFO: [VRFC 10-311] analyzing module D_FF_727
INFO: [VRFC 10-311] analyzing module D_FF_728
INFO: [VRFC 10-311] analyzing module D_FF_729
INFO: [VRFC 10-311] analyzing module D_FF_730
INFO: [VRFC 10-311] analyzing module D_FF_731
INFO: [VRFC 10-311] analyzing module D_FF_732
INFO: [VRFC 10-311] analyzing module D_FF_733
INFO: [VRFC 10-311] analyzing module D_FF_734
INFO: [VRFC 10-311] analyzing module D_FF_735
INFO: [VRFC 10-311] analyzing module D_FF_736
INFO: [VRFC 10-311] analyzing module D_FF_737
INFO: [VRFC 10-311] analyzing module D_FF_738
INFO: [VRFC 10-311] analyzing module D_FF_739
INFO: [VRFC 10-311] analyzing module D_FF_740
INFO: [VRFC 10-311] analyzing module D_FF_741
INFO: [VRFC 10-311] analyzing module D_FF_742
INFO: [VRFC 10-311] analyzing module D_FF_743
INFO: [VRFC 10-311] analyzing module D_FF_744
INFO: [VRFC 10-311] analyzing module D_FF_745
INFO: [VRFC 10-311] analyzing module D_FF_746
INFO: [VRFC 10-311] analyzing module D_FF_747
INFO: [VRFC 10-311] analyzing module D_FF_748
INFO: [VRFC 10-311] analyzing module D_FF_749
INFO: [VRFC 10-311] analyzing module D_FF_750
INFO: [VRFC 10-311] analyzing module D_FF_751
INFO: [VRFC 10-311] analyzing module D_FF_752
INFO: [VRFC 10-311] analyzing module D_FF_753
INFO: [VRFC 10-311] analyzing module D_FF_754
INFO: [VRFC 10-311] analyzing module D_FF_787
INFO: [VRFC 10-311] analyzing module D_FF_788
INFO: [VRFC 10-311] analyzing module D_FF_789
INFO: [VRFC 10-311] analyzing module D_FF_790
INFO: [VRFC 10-311] analyzing module D_FF_791
INFO: [VRFC 10-311] analyzing module D_FF_792
INFO: [VRFC 10-311] analyzing module D_FF_793
INFO: [VRFC 10-311] analyzing module D_FF_794
INFO: [VRFC 10-311] analyzing module D_FF_795
INFO: [VRFC 10-311] analyzing module D_FF_796
INFO: [VRFC 10-311] analyzing module D_FF_797
INFO: [VRFC 10-311] analyzing module D_FF_798
INFO: [VRFC 10-311] analyzing module D_FF_799
INFO: [VRFC 10-311] analyzing module D_FF_800
INFO: [VRFC 10-311] analyzing module D_FF_801
INFO: [VRFC 10-311] analyzing module D_FF_802
INFO: [VRFC 10-311] analyzing module D_FF_803
INFO: [VRFC 10-311] analyzing module D_FF_804
INFO: [VRFC 10-311] analyzing module D_FF_805
INFO: [VRFC 10-311] analyzing module D_FF_806
INFO: [VRFC 10-311] analyzing module D_FF_807
INFO: [VRFC 10-311] analyzing module D_FF_808
INFO: [VRFC 10-311] analyzing module D_FF_809
INFO: [VRFC 10-311] analyzing module D_FF_810
INFO: [VRFC 10-311] analyzing module D_FF_811
INFO: [VRFC 10-311] analyzing module D_FF_812
INFO: [VRFC 10-311] analyzing module D_FF_813
INFO: [VRFC 10-311] analyzing module D_FF_814
INFO: [VRFC 10-311] analyzing module D_FF_815
INFO: [VRFC 10-311] analyzing module D_FF_816
INFO: [VRFC 10-311] analyzing module D_FF_817
INFO: [VRFC 10-311] analyzing module D_FF_818
INFO: [VRFC 10-311] analyzing module D_FF_84
INFO: [VRFC 10-311] analyzing module D_FF_85
INFO: [VRFC 10-311] analyzing module D_FF_851
INFO: [VRFC 10-311] analyzing module D_FF_852
INFO: [VRFC 10-311] analyzing module D_FF_853
INFO: [VRFC 10-311] analyzing module D_FF_854
INFO: [VRFC 10-311] analyzing module D_FF_855
INFO: [VRFC 10-311] analyzing module D_FF_856
INFO: [VRFC 10-311] analyzing module D_FF_857
INFO: [VRFC 10-311] analyzing module D_FF_858
INFO: [VRFC 10-311] analyzing module D_FF_859
INFO: [VRFC 10-311] analyzing module D_FF_86
INFO: [VRFC 10-311] analyzing module D_FF_860
INFO: [VRFC 10-311] analyzing module D_FF_861
INFO: [VRFC 10-311] analyzing module D_FF_862
INFO: [VRFC 10-311] analyzing module D_FF_863
INFO: [VRFC 10-311] analyzing module D_FF_864
INFO: [VRFC 10-311] analyzing module D_FF_865
INFO: [VRFC 10-311] analyzing module D_FF_866
INFO: [VRFC 10-311] analyzing module D_FF_867
INFO: [VRFC 10-311] analyzing module D_FF_868
INFO: [VRFC 10-311] analyzing module D_FF_869
INFO: [VRFC 10-311] analyzing module D_FF_87
INFO: [VRFC 10-311] analyzing module D_FF_870
INFO: [VRFC 10-311] analyzing module D_FF_871
INFO: [VRFC 10-311] analyzing module D_FF_872
INFO: [VRFC 10-311] analyzing module D_FF_873
INFO: [VRFC 10-311] analyzing module D_FF_874
INFO: [VRFC 10-311] analyzing module D_FF_875
INFO: [VRFC 10-311] analyzing module D_FF_876
INFO: [VRFC 10-311] analyzing module D_FF_877
INFO: [VRFC 10-311] analyzing module D_FF_878
INFO: [VRFC 10-311] analyzing module D_FF_879
INFO: [VRFC 10-311] analyzing module D_FF_88
INFO: [VRFC 10-311] analyzing module D_FF_880
INFO: [VRFC 10-311] analyzing module D_FF_881
INFO: [VRFC 10-311] analyzing module D_FF_882
INFO: [VRFC 10-311] analyzing module D_FF_89
INFO: [VRFC 10-311] analyzing module D_FF_90
INFO: [VRFC 10-311] analyzing module D_FF_91
INFO: [VRFC 10-311] analyzing module D_FF_915
INFO: [VRFC 10-311] analyzing module D_FF_916
INFO: [VRFC 10-311] analyzing module D_FF_917
INFO: [VRFC 10-311] analyzing module D_FF_918
INFO: [VRFC 10-311] analyzing module D_FF_919
INFO: [VRFC 10-311] analyzing module D_FF_92
INFO: [VRFC 10-311] analyzing module D_FF_920
INFO: [VRFC 10-311] analyzing module D_FF_921
INFO: [VRFC 10-311] analyzing module D_FF_922
INFO: [VRFC 10-311] analyzing module D_FF_923
INFO: [VRFC 10-311] analyzing module D_FF_924
INFO: [VRFC 10-311] analyzing module D_FF_925
INFO: [VRFC 10-311] analyzing module D_FF_926
INFO: [VRFC 10-311] analyzing module D_FF_927
INFO: [VRFC 10-311] analyzing module D_FF_928
INFO: [VRFC 10-311] analyzing module D_FF_929
INFO: [VRFC 10-311] analyzing module D_FF_93
INFO: [VRFC 10-311] analyzing module D_FF_930
INFO: [VRFC 10-311] analyzing module D_FF_931
INFO: [VRFC 10-311] analyzing module D_FF_932
INFO: [VRFC 10-311] analyzing module D_FF_933
INFO: [VRFC 10-311] analyzing module D_FF_934
INFO: [VRFC 10-311] analyzing module D_FF_935
INFO: [VRFC 10-311] analyzing module D_FF_936
INFO: [VRFC 10-311] analyzing module D_FF_937
INFO: [VRFC 10-311] analyzing module D_FF_938
INFO: [VRFC 10-311] analyzing module D_FF_939
INFO: [VRFC 10-311] analyzing module D_FF_94
INFO: [VRFC 10-311] analyzing module D_FF_940
INFO: [VRFC 10-311] analyzing module D_FF_941
INFO: [VRFC 10-311] analyzing module D_FF_942
INFO: [VRFC 10-311] analyzing module D_FF_943
INFO: [VRFC 10-311] analyzing module D_FF_944
INFO: [VRFC 10-311] analyzing module D_FF_945
INFO: [VRFC 10-311] analyzing module D_FF_946
INFO: [VRFC 10-311] analyzing module D_FF_95
INFO: [VRFC 10-311] analyzing module D_FF_96
INFO: [VRFC 10-311] analyzing module D_FF_97
INFO: [VRFC 10-311] analyzing module D_FF_979
INFO: [VRFC 10-311] analyzing module D_FF_98
INFO: [VRFC 10-311] analyzing module D_FF_980
INFO: [VRFC 10-311] analyzing module D_FF_981
INFO: [VRFC 10-311] analyzing module D_FF_982
INFO: [VRFC 10-311] analyzing module D_FF_983
INFO: [VRFC 10-311] analyzing module D_FF_984
INFO: [VRFC 10-311] analyzing module D_FF_985
INFO: [VRFC 10-311] analyzing module D_FF_986
INFO: [VRFC 10-311] analyzing module D_FF_987
INFO: [VRFC 10-311] analyzing module D_FF_988
INFO: [VRFC 10-311] analyzing module D_FF_989
INFO: [VRFC 10-311] analyzing module D_FF_99
INFO: [VRFC 10-311] analyzing module D_FF_990
INFO: [VRFC 10-311] analyzing module D_FF_991
INFO: [VRFC 10-311] analyzing module D_FF_992
INFO: [VRFC 10-311] analyzing module D_FF_993
INFO: [VRFC 10-311] analyzing module D_FF_994
INFO: [VRFC 10-311] analyzing module D_FF_995
INFO: [VRFC 10-311] analyzing module D_FF_996
INFO: [VRFC 10-311] analyzing module D_FF_997
INFO: [VRFC 10-311] analyzing module D_FF_998
INFO: [VRFC 10-311] analyzing module D_FF_999
INFO: [VRFC 10-311] analyzing module MIPSpipeline
INFO: [VRFC 10-311] analyzing module RegBit
INFO: [VRFC 10-311] analyzing module RegBit_0
INFO: [VRFC 10-311] analyzing module RegBit_1
INFO: [VRFC 10-311] analyzing module RegBit_10
INFO: [VRFC 10-311] analyzing module RegBit_1074
INFO: [VRFC 10-311] analyzing module RegBit_1075
INFO: [VRFC 10-311] analyzing module RegBit_1076
INFO: [VRFC 10-311] analyzing module RegBit_1077
INFO: [VRFC 10-311] analyzing module RegBit_1088
INFO: [VRFC 10-311] analyzing module RegBit_1089
INFO: [VRFC 10-311] analyzing module RegBit_1090
INFO: [VRFC 10-311] analyzing module RegBit_1091
INFO: [VRFC 10-311] analyzing module RegBit_1092
INFO: [VRFC 10-311] analyzing module RegBit_1093
INFO: [VRFC 10-311] analyzing module RegBit_1094
INFO: [VRFC 10-311] analyzing module RegBit_1095
INFO: [VRFC 10-311] analyzing module RegBit_1096
INFO: [VRFC 10-311] analyzing module RegBit_1097
INFO: [VRFC 10-311] analyzing module RegBit_1098
INFO: [VRFC 10-311] analyzing module RegBit_1099
INFO: [VRFC 10-311] analyzing module RegBit_11
INFO: [VRFC 10-311] analyzing module RegBit_1100
INFO: [VRFC 10-311] analyzing module RegBit_1101
INFO: [VRFC 10-311] analyzing module RegBit_1102
INFO: [VRFC 10-311] analyzing module RegBit_1103
INFO: [VRFC 10-311] analyzing module RegBit_1104
INFO: [VRFC 10-311] analyzing module RegBit_1105
INFO: [VRFC 10-311] analyzing module RegBit_1106
INFO: [VRFC 10-311] analyzing module RegBit_1107
INFO: [VRFC 10-311] analyzing module RegBit_1108
INFO: [VRFC 10-311] analyzing module RegBit_1109
INFO: [VRFC 10-311] analyzing module RegBit_1110
INFO: [VRFC 10-311] analyzing module RegBit_1111
INFO: [VRFC 10-311] analyzing module RegBit_1112
INFO: [VRFC 10-311] analyzing module RegBit_1113
INFO: [VRFC 10-311] analyzing module RegBit_1114
INFO: [VRFC 10-311] analyzing module RegBit_1115
INFO: [VRFC 10-311] analyzing module RegBit_1116
INFO: [VRFC 10-311] analyzing module RegBit_1117
INFO: [VRFC 10-311] analyzing module RegBit_1118
INFO: [VRFC 10-311] analyzing module RegBit_1119
INFO: [VRFC 10-311] analyzing module RegBit_115
INFO: [VRFC 10-311] analyzing module RegBit_1153
INFO: [VRFC 10-311] analyzing module RegBit_1154
INFO: [VRFC 10-311] analyzing module RegBit_1155
INFO: [VRFC 10-311] analyzing module RegBit_1156
INFO: [VRFC 10-311] analyzing module RegBit_1157
INFO: [VRFC 10-311] analyzing module RegBit_1158
INFO: [VRFC 10-311] analyzing module RegBit_1159
INFO: [VRFC 10-311] analyzing module RegBit_116
INFO: [VRFC 10-311] analyzing module RegBit_1160
INFO: [VRFC 10-311] analyzing module RegBit_1161
INFO: [VRFC 10-311] analyzing module RegBit_1162
INFO: [VRFC 10-311] analyzing module RegBit_1163
INFO: [VRFC 10-311] analyzing module RegBit_1164
INFO: [VRFC 10-311] analyzing module RegBit_1165
INFO: [VRFC 10-311] analyzing module RegBit_1166
INFO: [VRFC 10-311] analyzing module RegBit_1167
INFO: [VRFC 10-311] analyzing module RegBit_1168
INFO: [VRFC 10-311] analyzing module RegBit_1169
INFO: [VRFC 10-311] analyzing module RegBit_117
INFO: [VRFC 10-311] analyzing module RegBit_1170
INFO: [VRFC 10-311] analyzing module RegBit_1171
INFO: [VRFC 10-311] analyzing module RegBit_1172
INFO: [VRFC 10-311] analyzing module RegBit_1173
INFO: [VRFC 10-311] analyzing module RegBit_1174
INFO: [VRFC 10-311] analyzing module RegBit_1175
INFO: [VRFC 10-311] analyzing module RegBit_1176
INFO: [VRFC 10-311] analyzing module RegBit_1177
INFO: [VRFC 10-311] analyzing module RegBit_1178
INFO: [VRFC 10-311] analyzing module RegBit_1179
INFO: [VRFC 10-311] analyzing module RegBit_118
INFO: [VRFC 10-311] analyzing module RegBit_1180
INFO: [VRFC 10-311] analyzing module RegBit_1181
INFO: [VRFC 10-311] analyzing module RegBit_1182
INFO: [VRFC 10-311] analyzing module RegBit_1183
INFO: [VRFC 10-311] analyzing module RegBit_1184
INFO: [VRFC 10-311] analyzing module RegBit_119
INFO: [VRFC 10-311] analyzing module RegBit_120
INFO: [VRFC 10-311] analyzing module RegBit_121
INFO: [VRFC 10-311] analyzing module RegBit_1218
INFO: [VRFC 10-311] analyzing module RegBit_1219
INFO: [VRFC 10-311] analyzing module RegBit_122
INFO: [VRFC 10-311] analyzing module RegBit_1220
INFO: [VRFC 10-311] analyzing module RegBit_1221
INFO: [VRFC 10-311] analyzing module RegBit_1226
INFO: [VRFC 10-311] analyzing module RegBit_1227
INFO: [VRFC 10-311] analyzing module RegBit_1228
INFO: [VRFC 10-311] analyzing module RegBit_1229
INFO: [VRFC 10-311] analyzing module RegBit_123
INFO: [VRFC 10-311] analyzing module RegBit_1230
INFO: [VRFC 10-311] analyzing module RegBit_1231
INFO: [VRFC 10-311] analyzing module RegBit_1232
INFO: [VRFC 10-311] analyzing module RegBit_1233
INFO: [VRFC 10-311] analyzing module RegBit_1234
INFO: [VRFC 10-311] analyzing module RegBit_1235
INFO: [VRFC 10-311] analyzing module RegBit_1236
INFO: [VRFC 10-311] analyzing module RegBit_1237
INFO: [VRFC 10-311] analyzing module RegBit_1238
INFO: [VRFC 10-311] analyzing module RegBit_1239
INFO: [VRFC 10-311] analyzing module RegBit_124
INFO: [VRFC 10-311] analyzing module RegBit_1240
INFO: [VRFC 10-311] analyzing module RegBit_1241
INFO: [VRFC 10-311] analyzing module RegBit_1242
INFO: [VRFC 10-311] analyzing module RegBit_1243
INFO: [VRFC 10-311] analyzing module RegBit_1244
INFO: [VRFC 10-311] analyzing module RegBit_1245
INFO: [VRFC 10-311] analyzing module RegBit_1246
INFO: [VRFC 10-311] analyzing module RegBit_1247
INFO: [VRFC 10-311] analyzing module RegBit_125
INFO: [VRFC 10-311] analyzing module RegBit_126
INFO: [VRFC 10-311] analyzing module RegBit_127
INFO: [VRFC 10-311] analyzing module RegBit_1270
INFO: [VRFC 10-311] analyzing module RegBit_1271
INFO: [VRFC 10-311] analyzing module RegBit_1272
INFO: [VRFC 10-311] analyzing module RegBit_1273
INFO: [VRFC 10-311] analyzing module RegBit_1274
INFO: [VRFC 10-311] analyzing module RegBit_1275
INFO: [VRFC 10-311] analyzing module RegBit_1276
INFO: [VRFC 10-311] analyzing module RegBit_1277
INFO: [VRFC 10-311] analyzing module RegBit_128
INFO: [VRFC 10-311] analyzing module RegBit_1288
INFO: [VRFC 10-311] analyzing module RegBit_1289
INFO: [VRFC 10-311] analyzing module RegBit_129
INFO: [VRFC 10-311] analyzing module RegBit_1290
INFO: [VRFC 10-311] analyzing module RegBit_1291
INFO: [VRFC 10-311] analyzing module RegBit_1292
INFO: [VRFC 10-311] analyzing module RegBit_1293
INFO: [VRFC 10-311] analyzing module RegBit_1294
INFO: [VRFC 10-311] analyzing module RegBit_1295
INFO: [VRFC 10-311] analyzing module RegBit_1296
INFO: [VRFC 10-311] analyzing module RegBit_1297
INFO: [VRFC 10-311] analyzing module RegBit_1298
INFO: [VRFC 10-311] analyzing module RegBit_1299
INFO: [VRFC 10-311] analyzing module RegBit_13
INFO: [VRFC 10-311] analyzing module RegBit_130
INFO: [VRFC 10-311] analyzing module RegBit_1300
INFO: [VRFC 10-311] analyzing module RegBit_1301
INFO: [VRFC 10-311] analyzing module RegBit_1302
INFO: [VRFC 10-311] analyzing module RegBit_1303
INFO: [VRFC 10-311] analyzing module RegBit_1304
INFO: [VRFC 10-311] analyzing module RegBit_1305
INFO: [VRFC 10-311] analyzing module RegBit_1306
INFO: [VRFC 10-311] analyzing module RegBit_1307
INFO: [VRFC 10-311] analyzing module RegBit_1308
INFO: [VRFC 10-311] analyzing module RegBit_1309
INFO: [VRFC 10-311] analyzing module RegBit_131
INFO: [VRFC 10-311] analyzing module RegBit_1310
INFO: [VRFC 10-311] analyzing module RegBit_1311
INFO: [VRFC 10-311] analyzing module RegBit_1312
INFO: [VRFC 10-311] analyzing module RegBit_1313
INFO: [VRFC 10-311] analyzing module RegBit_1314
INFO: [VRFC 10-311] analyzing module RegBit_1315
INFO: [VRFC 10-311] analyzing module RegBit_1316
INFO: [VRFC 10-311] analyzing module RegBit_1317
INFO: [VRFC 10-311] analyzing module RegBit_1318
INFO: [VRFC 10-311] analyzing module RegBit_1319
INFO: [VRFC 10-311] analyzing module RegBit_132
INFO: [VRFC 10-311] analyzing module RegBit_133
INFO: [VRFC 10-311] analyzing module RegBit_134
INFO: [VRFC 10-311] analyzing module RegBit_135
INFO: [VRFC 10-311] analyzing module RegBit_1352
INFO: [VRFC 10-311] analyzing module RegBit_1353
INFO: [VRFC 10-311] analyzing module RegBit_1354
INFO: [VRFC 10-311] analyzing module RegBit_1355
INFO: [VRFC 10-311] analyzing module RegBit_1356
INFO: [VRFC 10-311] analyzing module RegBit_1357
INFO: [VRFC 10-311] analyzing module RegBit_1358
INFO: [VRFC 10-311] analyzing module RegBit_1359
INFO: [VRFC 10-311] analyzing module RegBit_136
INFO: [VRFC 10-311] analyzing module RegBit_1360
INFO: [VRFC 10-311] analyzing module RegBit_1361
INFO: [VRFC 10-311] analyzing module RegBit_1362
INFO: [VRFC 10-311] analyzing module RegBit_1363
INFO: [VRFC 10-311] analyzing module RegBit_1364
INFO: [VRFC 10-311] analyzing module RegBit_1365
INFO: [VRFC 10-311] analyzing module RegBit_1366
INFO: [VRFC 10-311] analyzing module RegBit_1367
INFO: [VRFC 10-311] analyzing module RegBit_1368
INFO: [VRFC 10-311] analyzing module RegBit_1369
INFO: [VRFC 10-311] analyzing module RegBit_137
INFO: [VRFC 10-311] analyzing module RegBit_1370
INFO: [VRFC 10-311] analyzing module RegBit_1371
INFO: [VRFC 10-311] analyzing module RegBit_1372
INFO: [VRFC 10-311] analyzing module RegBit_1373
INFO: [VRFC 10-311] analyzing module RegBit_1374
INFO: [VRFC 10-311] analyzing module RegBit_1375
INFO: [VRFC 10-311] analyzing module RegBit_1376
INFO: [VRFC 10-311] analyzing module RegBit_1377
INFO: [VRFC 10-311] analyzing module RegBit_1378
INFO: [VRFC 10-311] analyzing module RegBit_1379
INFO: [VRFC 10-311] analyzing module RegBit_138
INFO: [VRFC 10-311] analyzing module RegBit_1380
INFO: [VRFC 10-311] analyzing module RegBit_1381
INFO: [VRFC 10-311] analyzing module RegBit_1382
INFO: [VRFC 10-311] analyzing module RegBit_1383
INFO: [VRFC 10-311] analyzing module RegBit_139
INFO: [VRFC 10-311] analyzing module RegBit_14
INFO: [VRFC 10-311] analyzing module RegBit_140
INFO: [VRFC 10-311] analyzing module RegBit_141
INFO: [VRFC 10-311] analyzing module RegBit_1416
INFO: [VRFC 10-311] analyzing module RegBit_1417
INFO: [VRFC 10-311] analyzing module RegBit_1418
INFO: [VRFC 10-311] analyzing module RegBit_1419
INFO: [VRFC 10-311] analyzing module RegBit_142
INFO: [VRFC 10-311] analyzing module RegBit_1428
INFO: [VRFC 10-311] analyzing module RegBit_1429
INFO: [VRFC 10-311] analyzing module RegBit_143
INFO: [VRFC 10-311] analyzing module RegBit_1430
INFO: [VRFC 10-311] analyzing module RegBit_1431
INFO: [VRFC 10-311] analyzing module RegBit_1432
INFO: [VRFC 10-311] analyzing module RegBit_1433
INFO: [VRFC 10-311] analyzing module RegBit_1434
INFO: [VRFC 10-311] analyzing module RegBit_1435
INFO: [VRFC 10-311] analyzing module RegBit_1436
INFO: [VRFC 10-311] analyzing module RegBit_1437
INFO: [VRFC 10-311] analyzing module RegBit_1438
INFO: [VRFC 10-311] analyzing module RegBit_144
INFO: [VRFC 10-311] analyzing module RegBit_145
INFO: [VRFC 10-311] analyzing module RegBit_1459
INFO: [VRFC 10-311] analyzing module RegBit_146
INFO: [VRFC 10-311] analyzing module RegBit_1460
INFO: [VRFC 10-311] analyzing module RegBit_1461
INFO: [VRFC 10-311] analyzing module RegBit_1462
INFO: [VRFC 10-311] analyzing module RegBit_1463
INFO: [VRFC 10-311] analyzing module RegBit_1464
INFO: [VRFC 10-311] analyzing module RegBit_1465
INFO: [VRFC 10-311] analyzing module RegBit_1466
INFO: [VRFC 10-311] analyzing module RegBit_1467
INFO: [VRFC 10-311] analyzing module RegBit_1468
INFO: [VRFC 10-311] analyzing module RegBit_1469
INFO: [VRFC 10-311] analyzing module RegBit_1470
INFO: [VRFC 10-311] analyzing module RegBit_1471
INFO: [VRFC 10-311] analyzing module RegBit_1472
INFO: [VRFC 10-311] analyzing module RegBit_1473
INFO: [VRFC 10-311] analyzing module RegBit_1474
INFO: [VRFC 10-311] analyzing module RegBit_1475
INFO: [VRFC 10-311] analyzing module RegBit_1476
INFO: [VRFC 10-311] analyzing module RegBit_1477
INFO: [VRFC 10-311] analyzing module RegBit_1478
INFO: [VRFC 10-311] analyzing module RegBit_1479
INFO: [VRFC 10-311] analyzing module RegBit_1480
INFO: [VRFC 10-311] analyzing module RegBit_1481
INFO: [VRFC 10-311] analyzing module RegBit_1482
INFO: [VRFC 10-311] analyzing module RegBit_1483
INFO: [VRFC 10-311] analyzing module RegBit_1484
INFO: [VRFC 10-311] analyzing module RegBit_1485
INFO: [VRFC 10-311] analyzing module RegBit_1486
INFO: [VRFC 10-311] analyzing module RegBit_1487
INFO: [VRFC 10-311] analyzing module RegBit_1488
INFO: [VRFC 10-311] analyzing module RegBit_1489
INFO: [VRFC 10-311] analyzing module RegBit_1490
INFO: [VRFC 10-311] analyzing module RegBit_15
INFO: [VRFC 10-311] analyzing module RegBit_1526
INFO: [VRFC 10-311] analyzing module RegBit_1527
INFO: [VRFC 10-311] analyzing module RegBit_1528
INFO: [VRFC 10-311] analyzing module RegBit_1529
INFO: [VRFC 10-311] analyzing module RegBit_1530
INFO: [VRFC 10-311] analyzing module RegBit_1531
INFO: [VRFC 10-311] analyzing module RegBit_1532
INFO: [VRFC 10-311] analyzing module RegBit_1533
INFO: [VRFC 10-311] analyzing module RegBit_1534
INFO: [VRFC 10-311] analyzing module RegBit_1535
INFO: [VRFC 10-311] analyzing module RegBit_1536
INFO: [VRFC 10-311] analyzing module RegBit_1537
INFO: [VRFC 10-311] analyzing module RegBit_1538
INFO: [VRFC 10-311] analyzing module RegBit_1539
INFO: [VRFC 10-311] analyzing module RegBit_1540
INFO: [VRFC 10-311] analyzing module RegBit_1541
INFO: [VRFC 10-311] analyzing module RegBit_1542
INFO: [VRFC 10-311] analyzing module RegBit_1543
INFO: [VRFC 10-311] analyzing module RegBit_1544
INFO: [VRFC 10-311] analyzing module RegBit_1545
INFO: [VRFC 10-311] analyzing module RegBit_1546
INFO: [VRFC 10-311] analyzing module RegBit_1547
INFO: [VRFC 10-311] analyzing module RegBit_1548
INFO: [VRFC 10-311] analyzing module RegBit_1549
INFO: [VRFC 10-311] analyzing module RegBit_1550
INFO: [VRFC 10-311] analyzing module RegBit_1551
INFO: [VRFC 10-311] analyzing module RegBit_1552
INFO: [VRFC 10-311] analyzing module RegBit_1553
INFO: [VRFC 10-311] analyzing module RegBit_1554
INFO: [VRFC 10-311] analyzing module RegBit_1555
INFO: [VRFC 10-311] analyzing module RegBit_1556
INFO: [VRFC 10-311] analyzing module RegBit_1557
INFO: [VRFC 10-311] analyzing module RegBit_16
INFO: [VRFC 10-311] analyzing module RegBit_179
INFO: [VRFC 10-311] analyzing module RegBit_180
INFO: [VRFC 10-311] analyzing module RegBit_181
INFO: [VRFC 10-311] analyzing module RegBit_182
INFO: [VRFC 10-311] analyzing module RegBit_183
INFO: [VRFC 10-311] analyzing module RegBit_184
INFO: [VRFC 10-311] analyzing module RegBit_185
INFO: [VRFC 10-311] analyzing module RegBit_186
INFO: [VRFC 10-311] analyzing module RegBit_187
INFO: [VRFC 10-311] analyzing module RegBit_188
INFO: [VRFC 10-311] analyzing module RegBit_189
INFO: [VRFC 10-311] analyzing module RegBit_190
INFO: [VRFC 10-311] analyzing module RegBit_191
INFO: [VRFC 10-311] analyzing module RegBit_192
INFO: [VRFC 10-311] analyzing module RegBit_193
INFO: [VRFC 10-311] analyzing module RegBit_194
INFO: [VRFC 10-311] analyzing module RegBit_195
INFO: [VRFC 10-311] analyzing module RegBit_196
INFO: [VRFC 10-311] analyzing module RegBit_197
INFO: [VRFC 10-311] analyzing module RegBit_198
INFO: [VRFC 10-311] analyzing module RegBit_199
INFO: [VRFC 10-311] analyzing module RegBit_20
INFO: [VRFC 10-311] analyzing module RegBit_200
INFO: [VRFC 10-311] analyzing module RegBit_201
INFO: [VRFC 10-311] analyzing module RegBit_202
INFO: [VRFC 10-311] analyzing module RegBit_203
INFO: [VRFC 10-311] analyzing module RegBit_204
INFO: [VRFC 10-311] analyzing module RegBit_205
INFO: [VRFC 10-311] analyzing module RegBit_206
INFO: [VRFC 10-311] analyzing module RegBit_207
INFO: [VRFC 10-311] analyzing module RegBit_208
INFO: [VRFC 10-311] analyzing module RegBit_209
INFO: [VRFC 10-311] analyzing module RegBit_21
INFO: [VRFC 10-311] analyzing module RegBit_210
INFO: [VRFC 10-311] analyzing module RegBit_243
INFO: [VRFC 10-311] analyzing module RegBit_244
INFO: [VRFC 10-311] analyzing module RegBit_245
INFO: [VRFC 10-311] analyzing module RegBit_246
INFO: [VRFC 10-311] analyzing module RegBit_247
INFO: [VRFC 10-311] analyzing module RegBit_248
INFO: [VRFC 10-311] analyzing module RegBit_249
INFO: [VRFC 10-311] analyzing module RegBit_25
INFO: [VRFC 10-311] analyzing module RegBit_250
INFO: [VRFC 10-311] analyzing module RegBit_251
INFO: [VRFC 10-311] analyzing module RegBit_252
INFO: [VRFC 10-311] analyzing module RegBit_253
INFO: [VRFC 10-311] analyzing module RegBit_254
INFO: [VRFC 10-311] analyzing module RegBit_255
INFO: [VRFC 10-311] analyzing module RegBit_256
INFO: [VRFC 10-311] analyzing module RegBit_257
INFO: [VRFC 10-311] analyzing module RegBit_258
INFO: [VRFC 10-311] analyzing module RegBit_259
INFO: [VRFC 10-311] analyzing module RegBit_260
INFO: [VRFC 10-311] analyzing module RegBit_261
INFO: [VRFC 10-311] analyzing module RegBit_262
INFO: [VRFC 10-311] analyzing module RegBit_263
INFO: [VRFC 10-311] analyzing module RegBit_264
INFO: [VRFC 10-311] analyzing module RegBit_265
INFO: [VRFC 10-311] analyzing module RegBit_266
INFO: [VRFC 10-311] analyzing module RegBit_267
INFO: [VRFC 10-311] analyzing module RegBit_268
INFO: [VRFC 10-311] analyzing module RegBit_269
INFO: [VRFC 10-311] analyzing module RegBit_27
INFO: [VRFC 10-311] analyzing module RegBit_270
INFO: [VRFC 10-311] analyzing module RegBit_271
INFO: [VRFC 10-311] analyzing module RegBit_272
INFO: [VRFC 10-311] analyzing module RegBit_273
INFO: [VRFC 10-311] analyzing module RegBit_274
INFO: [VRFC 10-311] analyzing module RegBit_29
INFO: [VRFC 10-311] analyzing module RegBit_3
INFO: [VRFC 10-311] analyzing module RegBit_30
INFO: [VRFC 10-311] analyzing module RegBit_307
INFO: [VRFC 10-311] analyzing module RegBit_308
INFO: [VRFC 10-311] analyzing module RegBit_309
INFO: [VRFC 10-311] analyzing module RegBit_31
INFO: [VRFC 10-311] analyzing module RegBit_310
INFO: [VRFC 10-311] analyzing module RegBit_311
INFO: [VRFC 10-311] analyzing module RegBit_312
INFO: [VRFC 10-311] analyzing module RegBit_313
INFO: [VRFC 10-311] analyzing module RegBit_314
INFO: [VRFC 10-311] analyzing module RegBit_315
INFO: [VRFC 10-311] analyzing module RegBit_316
INFO: [VRFC 10-311] analyzing module RegBit_317
INFO: [VRFC 10-311] analyzing module RegBit_318
INFO: [VRFC 10-311] analyzing module RegBit_319
INFO: [VRFC 10-311] analyzing module RegBit_32
INFO: [VRFC 10-311] analyzing module RegBit_320
INFO: [VRFC 10-311] analyzing module RegBit_321
INFO: [VRFC 10-311] analyzing module RegBit_322
INFO: [VRFC 10-311] analyzing module RegBit_323
INFO: [VRFC 10-311] analyzing module RegBit_324
INFO: [VRFC 10-311] analyzing module RegBit_325
INFO: [VRFC 10-311] analyzing module RegBit_326
INFO: [VRFC 10-311] analyzing module RegBit_327
INFO: [VRFC 10-311] analyzing module RegBit_328
INFO: [VRFC 10-311] analyzing module RegBit_329
INFO: [VRFC 10-311] analyzing module RegBit_33
INFO: [VRFC 10-311] analyzing module RegBit_330
INFO: [VRFC 10-311] analyzing module RegBit_331
INFO: [VRFC 10-311] analyzing module RegBit_332
INFO: [VRFC 10-311] analyzing module RegBit_333
INFO: [VRFC 10-311] analyzing module RegBit_334
INFO: [VRFC 10-311] analyzing module RegBit_335
INFO: [VRFC 10-311] analyzing module RegBit_336
INFO: [VRFC 10-311] analyzing module RegBit_337
INFO: [VRFC 10-311] analyzing module RegBit_338
INFO: [VRFC 10-311] analyzing module RegBit_34
INFO: [VRFC 10-311] analyzing module RegBit_371
INFO: [VRFC 10-311] analyzing module RegBit_372
INFO: [VRFC 10-311] analyzing module RegBit_373
INFO: [VRFC 10-311] analyzing module RegBit_374
INFO: [VRFC 10-311] analyzing module RegBit_375
INFO: [VRFC 10-311] analyzing module RegBit_376
INFO: [VRFC 10-311] analyzing module RegBit_377
INFO: [VRFC 10-311] analyzing module RegBit_378
INFO: [VRFC 10-311] analyzing module RegBit_379
INFO: [VRFC 10-311] analyzing module RegBit_380
INFO: [VRFC 10-311] analyzing module RegBit_381
INFO: [VRFC 10-311] analyzing module RegBit_382
INFO: [VRFC 10-311] analyzing module RegBit_383
INFO: [VRFC 10-311] analyzing module RegBit_384
INFO: [VRFC 10-311] analyzing module RegBit_385
INFO: [VRFC 10-311] analyzing module RegBit_386
INFO: [VRFC 10-311] analyzing module RegBit_387
INFO: [VRFC 10-311] analyzing module RegBit_388
INFO: [VRFC 10-311] analyzing module RegBit_389
INFO: [VRFC 10-311] analyzing module RegBit_390
INFO: [VRFC 10-311] analyzing module RegBit_391
INFO: [VRFC 10-311] analyzing module RegBit_392
INFO: [VRFC 10-311] analyzing module RegBit_393
INFO: [VRFC 10-311] analyzing module RegBit_394
INFO: [VRFC 10-311] analyzing module RegBit_395
INFO: [VRFC 10-311] analyzing module RegBit_396
INFO: [VRFC 10-311] analyzing module RegBit_397
INFO: [VRFC 10-311] analyzing module RegBit_398
INFO: [VRFC 10-311] analyzing module RegBit_399
INFO: [VRFC 10-311] analyzing module RegBit_4
INFO: [VRFC 10-311] analyzing module RegBit_400
INFO: [VRFC 10-311] analyzing module RegBit_401
INFO: [VRFC 10-311] analyzing module RegBit_402
INFO: [VRFC 10-311] analyzing module RegBit_435
INFO: [VRFC 10-311] analyzing module RegBit_436
INFO: [VRFC 10-311] analyzing module RegBit_437
INFO: [VRFC 10-311] analyzing module RegBit_438
INFO: [VRFC 10-311] analyzing module RegBit_439
INFO: [VRFC 10-311] analyzing module RegBit_440
INFO: [VRFC 10-311] analyzing module RegBit_441
INFO: [VRFC 10-311] analyzing module RegBit_442
INFO: [VRFC 10-311] analyzing module RegBit_443
INFO: [VRFC 10-311] analyzing module RegBit_444
INFO: [VRFC 10-311] analyzing module RegBit_445
INFO: [VRFC 10-311] analyzing module RegBit_446
INFO: [VRFC 10-311] analyzing module RegBit_447
INFO: [VRFC 10-311] analyzing module RegBit_448
INFO: [VRFC 10-311] analyzing module RegBit_449
INFO: [VRFC 10-311] analyzing module RegBit_450
INFO: [VRFC 10-311] analyzing module RegBit_451
INFO: [VRFC 10-311] analyzing module RegBit_452
INFO: [VRFC 10-311] analyzing module RegBit_453
INFO: [VRFC 10-311] analyzing module RegBit_454
INFO: [VRFC 10-311] analyzing module RegBit_455
INFO: [VRFC 10-311] analyzing module RegBit_456
INFO: [VRFC 10-311] analyzing module RegBit_457
INFO: [VRFC 10-311] analyzing module RegBit_458
INFO: [VRFC 10-311] analyzing module RegBit_459
INFO: [VRFC 10-311] analyzing module RegBit_460
INFO: [VRFC 10-311] analyzing module RegBit_461
INFO: [VRFC 10-311] analyzing module RegBit_462
INFO: [VRFC 10-311] analyzing module RegBit_463
INFO: [VRFC 10-311] analyzing module RegBit_464
INFO: [VRFC 10-311] analyzing module RegBit_465
INFO: [VRFC 10-311] analyzing module RegBit_466
INFO: [VRFC 10-311] analyzing module RegBit_499
INFO: [VRFC 10-311] analyzing module RegBit_5
INFO: [VRFC 10-311] analyzing module RegBit_500
INFO: [VRFC 10-311] analyzing module RegBit_501
INFO: [VRFC 10-311] analyzing module RegBit_502
INFO: [VRFC 10-311] analyzing module RegBit_503
INFO: [VRFC 10-311] analyzing module RegBit_504
INFO: [VRFC 10-311] analyzing module RegBit_505
INFO: [VRFC 10-311] analyzing module RegBit_506
INFO: [VRFC 10-311] analyzing module RegBit_507
INFO: [VRFC 10-311] analyzing module RegBit_508
INFO: [VRFC 10-311] analyzing module RegBit_509
INFO: [VRFC 10-311] analyzing module RegBit_510
INFO: [VRFC 10-311] analyzing module RegBit_511
INFO: [VRFC 10-311] analyzing module RegBit_512
INFO: [VRFC 10-311] analyzing module RegBit_513
INFO: [VRFC 10-311] analyzing module RegBit_514
INFO: [VRFC 10-311] analyzing module RegBit_515
INFO: [VRFC 10-311] analyzing module RegBit_516
INFO: [VRFC 10-311] analyzing module RegBit_517
INFO: [VRFC 10-311] analyzing module RegBit_518
INFO: [VRFC 10-311] analyzing module RegBit_519
INFO: [VRFC 10-311] analyzing module RegBit_52
INFO: [VRFC 10-311] analyzing module RegBit_520
INFO: [VRFC 10-311] analyzing module RegBit_521
INFO: [VRFC 10-311] analyzing module RegBit_522
INFO: [VRFC 10-311] analyzing module RegBit_523
INFO: [VRFC 10-311] analyzing module RegBit_524
INFO: [VRFC 10-311] analyzing module RegBit_525
INFO: [VRFC 10-311] analyzing module RegBit_526
INFO: [VRFC 10-311] analyzing module RegBit_527
INFO: [VRFC 10-311] analyzing module RegBit_528
INFO: [VRFC 10-311] analyzing module RegBit_529
INFO: [VRFC 10-311] analyzing module RegBit_53
INFO: [VRFC 10-311] analyzing module RegBit_530
INFO: [VRFC 10-311] analyzing module RegBit_54
INFO: [VRFC 10-311] analyzing module RegBit_55
INFO: [VRFC 10-311] analyzing module RegBit_56
INFO: [VRFC 10-311] analyzing module RegBit_563
INFO: [VRFC 10-311] analyzing module RegBit_564
INFO: [VRFC 10-311] analyzing module RegBit_565
INFO: [VRFC 10-311] analyzing module RegBit_566
INFO: [VRFC 10-311] analyzing module RegBit_567
INFO: [VRFC 10-311] analyzing module RegBit_568
INFO: [VRFC 10-311] analyzing module RegBit_569
INFO: [VRFC 10-311] analyzing module RegBit_57
INFO: [VRFC 10-311] analyzing module RegBit_570
INFO: [VRFC 10-311] analyzing module RegBit_571
INFO: [VRFC 10-311] analyzing module RegBit_572
INFO: [VRFC 10-311] analyzing module RegBit_573
INFO: [VRFC 10-311] analyzing module RegBit_574
INFO: [VRFC 10-311] analyzing module RegBit_575
INFO: [VRFC 10-311] analyzing module RegBit_576
INFO: [VRFC 10-311] analyzing module RegBit_577
INFO: [VRFC 10-311] analyzing module RegBit_578
INFO: [VRFC 10-311] analyzing module RegBit_579
INFO: [VRFC 10-311] analyzing module RegBit_58
INFO: [VRFC 10-311] analyzing module RegBit_580
INFO: [VRFC 10-311] analyzing module RegBit_581
INFO: [VRFC 10-311] analyzing module RegBit_582
INFO: [VRFC 10-311] analyzing module RegBit_583
INFO: [VRFC 10-311] analyzing module RegBit_584
INFO: [VRFC 10-311] analyzing module RegBit_585
INFO: [VRFC 10-311] analyzing module RegBit_586
INFO: [VRFC 10-311] analyzing module RegBit_587
INFO: [VRFC 10-311] analyzing module RegBit_588
INFO: [VRFC 10-311] analyzing module RegBit_589
INFO: [VRFC 10-311] analyzing module RegBit_59
INFO: [VRFC 10-311] analyzing module RegBit_590
INFO: [VRFC 10-311] analyzing module RegBit_591
INFO: [VRFC 10-311] analyzing module RegBit_592
INFO: [VRFC 10-311] analyzing module RegBit_593
INFO: [VRFC 10-311] analyzing module RegBit_594
INFO: [VRFC 10-311] analyzing module RegBit_6
INFO: [VRFC 10-311] analyzing module RegBit_60
INFO: [VRFC 10-311] analyzing module RegBit_61
INFO: [VRFC 10-311] analyzing module RegBit_62
INFO: [VRFC 10-311] analyzing module RegBit_627
INFO: [VRFC 10-311] analyzing module RegBit_628
INFO: [VRFC 10-311] analyzing module RegBit_629
INFO: [VRFC 10-311] analyzing module RegBit_63
INFO: [VRFC 10-311] analyzing module RegBit_630
INFO: [VRFC 10-311] analyzing module RegBit_631
INFO: [VRFC 10-311] analyzing module RegBit_632
INFO: [VRFC 10-311] analyzing module RegBit_633
INFO: [VRFC 10-311] analyzing module RegBit_634
INFO: [VRFC 10-311] analyzing module RegBit_635
INFO: [VRFC 10-311] analyzing module RegBit_636
INFO: [VRFC 10-311] analyzing module RegBit_637
INFO: [VRFC 10-311] analyzing module RegBit_638
INFO: [VRFC 10-311] analyzing module RegBit_639
INFO: [VRFC 10-311] analyzing module RegBit_64
INFO: [VRFC 10-311] analyzing module RegBit_640
INFO: [VRFC 10-311] analyzing module RegBit_641
INFO: [VRFC 10-311] analyzing module RegBit_642
INFO: [VRFC 10-311] analyzing module RegBit_643
INFO: [VRFC 10-311] analyzing module RegBit_644
INFO: [VRFC 10-311] analyzing module RegBit_645
INFO: [VRFC 10-311] analyzing module RegBit_646
INFO: [VRFC 10-311] analyzing module RegBit_647
INFO: [VRFC 10-311] analyzing module RegBit_648
INFO: [VRFC 10-311] analyzing module RegBit_649
INFO: [VRFC 10-311] analyzing module RegBit_65
INFO: [VRFC 10-311] analyzing module RegBit_650
INFO: [VRFC 10-311] analyzing module RegBit_651
INFO: [VRFC 10-311] analyzing module RegBit_652
INFO: [VRFC 10-311] analyzing module RegBit_653
INFO: [VRFC 10-311] analyzing module RegBit_654
INFO: [VRFC 10-311] analyzing module RegBit_655
INFO: [VRFC 10-311] analyzing module RegBit_656
INFO: [VRFC 10-311] analyzing module RegBit_657
INFO: [VRFC 10-311] analyzing module RegBit_658
INFO: [VRFC 10-311] analyzing module RegBit_66
INFO: [VRFC 10-311] analyzing module RegBit_67
INFO: [VRFC 10-311] analyzing module RegBit_68
INFO: [VRFC 10-311] analyzing module RegBit_69
INFO: [VRFC 10-311] analyzing module RegBit_691
INFO: [VRFC 10-311] analyzing module RegBit_692
INFO: [VRFC 10-311] analyzing module RegBit_693
INFO: [VRFC 10-311] analyzing module RegBit_694
INFO: [VRFC 10-311] analyzing module RegBit_695
INFO: [VRFC 10-311] analyzing module RegBit_696
INFO: [VRFC 10-311] analyzing module RegBit_697
INFO: [VRFC 10-311] analyzing module RegBit_698
INFO: [VRFC 10-311] analyzing module RegBit_699
INFO: [VRFC 10-311] analyzing module RegBit_7
INFO: [VRFC 10-311] analyzing module RegBit_70
INFO: [VRFC 10-311] analyzing module RegBit_700
INFO: [VRFC 10-311] analyzing module RegBit_701
INFO: [VRFC 10-311] analyzing module RegBit_702
INFO: [VRFC 10-311] analyzing module RegBit_703
INFO: [VRFC 10-311] analyzing module RegBit_704
INFO: [VRFC 10-311] analyzing module RegBit_705
INFO: [VRFC 10-311] analyzing module RegBit_706
INFO: [VRFC 10-311] analyzing module RegBit_707
INFO: [VRFC 10-311] analyzing module RegBit_708
INFO: [VRFC 10-311] analyzing module RegBit_709
INFO: [VRFC 10-311] analyzing module RegBit_71
INFO: [VRFC 10-311] analyzing module RegBit_710
INFO: [VRFC 10-311] analyzing module RegBit_711
INFO: [VRFC 10-311] analyzing module RegBit_712
INFO: [VRFC 10-311] analyzing module RegBit_713
INFO: [VRFC 10-311] analyzing module RegBit_714
INFO: [VRFC 10-311] analyzing module RegBit_715
INFO: [VRFC 10-311] analyzing module RegBit_716
INFO: [VRFC 10-311] analyzing module RegBit_717
INFO: [VRFC 10-311] analyzing module RegBit_718
INFO: [VRFC 10-311] analyzing module RegBit_719
INFO: [VRFC 10-311] analyzing module RegBit_72
INFO: [VRFC 10-311] analyzing module RegBit_720
INFO: [VRFC 10-311] analyzing module RegBit_721
INFO: [VRFC 10-311] analyzing module RegBit_722
INFO: [VRFC 10-311] analyzing module RegBit_73
INFO: [VRFC 10-311] analyzing module RegBit_74
INFO: [VRFC 10-311] analyzing module RegBit_75
INFO: [VRFC 10-311] analyzing module RegBit_755
INFO: [VRFC 10-311] analyzing module RegBit_756
INFO: [VRFC 10-311] analyzing module RegBit_757
INFO: [VRFC 10-311] analyzing module RegBit_758
INFO: [VRFC 10-311] analyzing module RegBit_759
INFO: [VRFC 10-311] analyzing module RegBit_76
INFO: [VRFC 10-311] analyzing module RegBit_760
INFO: [VRFC 10-311] analyzing module RegBit_761
INFO: [VRFC 10-311] analyzing module RegBit_762
INFO: [VRFC 10-311] analyzing module RegBit_763
INFO: [VRFC 10-311] analyzing module RegBit_764
INFO: [VRFC 10-311] analyzing module RegBit_765
INFO: [VRFC 10-311] analyzing module RegBit_766
INFO: [VRFC 10-311] analyzing module RegBit_767
INFO: [VRFC 10-311] analyzing module RegBit_768
INFO: [VRFC 10-311] analyzing module RegBit_769
INFO: [VRFC 10-311] analyzing module RegBit_77
INFO: [VRFC 10-311] analyzing module RegBit_770
INFO: [VRFC 10-311] analyzing module RegBit_771
INFO: [VRFC 10-311] analyzing module RegBit_772
INFO: [VRFC 10-311] analyzing module RegBit_773
INFO: [VRFC 10-311] analyzing module RegBit_774
INFO: [VRFC 10-311] analyzing module RegBit_775
INFO: [VRFC 10-311] analyzing module RegBit_776
INFO: [VRFC 10-311] analyzing module RegBit_777
INFO: [VRFC 10-311] analyzing module RegBit_778
INFO: [VRFC 10-311] analyzing module RegBit_779
INFO: [VRFC 10-311] analyzing module RegBit_78
INFO: [VRFC 10-311] analyzing module RegBit_780
INFO: [VRFC 10-311] analyzing module RegBit_781
INFO: [VRFC 10-311] analyzing module RegBit_782
INFO: [VRFC 10-311] analyzing module RegBit_783
INFO: [VRFC 10-311] analyzing module RegBit_784
INFO: [VRFC 10-311] analyzing module RegBit_785
INFO: [VRFC 10-311] analyzing module RegBit_786
INFO: [VRFC 10-311] analyzing module RegBit_79
INFO: [VRFC 10-311] analyzing module RegBit_8
INFO: [VRFC 10-311] analyzing module RegBit_80
INFO: [VRFC 10-311] analyzing module RegBit_81
INFO: [VRFC 10-311] analyzing module RegBit_819
INFO: [VRFC 10-311] analyzing module RegBit_82
INFO: [VRFC 10-311] analyzing module RegBit_820
INFO: [VRFC 10-311] analyzing module RegBit_821
INFO: [VRFC 10-311] analyzing module RegBit_822
INFO: [VRFC 10-311] analyzing module RegBit_823
INFO: [VRFC 10-311] analyzing module RegBit_824
INFO: [VRFC 10-311] analyzing module RegBit_825
INFO: [VRFC 10-311] analyzing module RegBit_826
INFO: [VRFC 10-311] analyzing module RegBit_827
INFO: [VRFC 10-311] analyzing module RegBit_828
INFO: [VRFC 10-311] analyzing module RegBit_829
INFO: [VRFC 10-311] analyzing module RegBit_83
INFO: [VRFC 10-311] analyzing module RegBit_830
INFO: [VRFC 10-311] analyzing module RegBit_831
INFO: [VRFC 10-311] analyzing module RegBit_832
INFO: [VRFC 10-311] analyzing module RegBit_833
INFO: [VRFC 10-311] analyzing module RegBit_834
INFO: [VRFC 10-311] analyzing module RegBit_835
INFO: [VRFC 10-311] analyzing module RegBit_836
INFO: [VRFC 10-311] analyzing module RegBit_837
INFO: [VRFC 10-311] analyzing module RegBit_838
INFO: [VRFC 10-311] analyzing module RegBit_839
INFO: [VRFC 10-311] analyzing module RegBit_840
INFO: [VRFC 10-311] analyzing module RegBit_841
INFO: [VRFC 10-311] analyzing module RegBit_842
INFO: [VRFC 10-311] analyzing module RegBit_843
INFO: [VRFC 10-311] analyzing module RegBit_844
INFO: [VRFC 10-311] analyzing module RegBit_845
INFO: [VRFC 10-311] analyzing module RegBit_846
INFO: [VRFC 10-311] analyzing module RegBit_847
INFO: [VRFC 10-311] analyzing module RegBit_848
INFO: [VRFC 10-311] analyzing module RegBit_849
INFO: [VRFC 10-311] analyzing module RegBit_850
INFO: [VRFC 10-311] analyzing module RegBit_883
INFO: [VRFC 10-311] analyzing module RegBit_884
INFO: [VRFC 10-311] analyzing module RegBit_885
INFO: [VRFC 10-311] analyzing module RegBit_886
INFO: [VRFC 10-311] analyzing module RegBit_887
INFO: [VRFC 10-311] analyzing module RegBit_888
INFO: [VRFC 10-311] analyzing module RegBit_889
INFO: [VRFC 10-311] analyzing module RegBit_890
INFO: [VRFC 10-311] analyzing module RegBit_891
INFO: [VRFC 10-311] analyzing module RegBit_892
INFO: [VRFC 10-311] analyzing module RegBit_893
INFO: [VRFC 10-311] analyzing module RegBit_894
INFO: [VRFC 10-311] analyzing module RegBit_895
INFO: [VRFC 10-311] analyzing module RegBit_896
INFO: [VRFC 10-311] analyzing module RegBit_897
INFO: [VRFC 10-311] analyzing module RegBit_898
INFO: [VRFC 10-311] analyzing module RegBit_899
INFO: [VRFC 10-311] analyzing module RegBit_9
INFO: [VRFC 10-311] analyzing module RegBit_900
INFO: [VRFC 10-311] analyzing module RegBit_901
INFO: [VRFC 10-311] analyzing module RegBit_902
INFO: [VRFC 10-311] analyzing module RegBit_903
INFO: [VRFC 10-311] analyzing module RegBit_904
INFO: [VRFC 10-311] analyzing module RegBit_905
INFO: [VRFC 10-311] analyzing module RegBit_906
INFO: [VRFC 10-311] analyzing module RegBit_907
INFO: [VRFC 10-311] analyzing module RegBit_908
INFO: [VRFC 10-311] analyzing module RegBit_909
INFO: [VRFC 10-311] analyzing module RegBit_910
INFO: [VRFC 10-311] analyzing module RegBit_911
INFO: [VRFC 10-311] analyzing module RegBit_912
INFO: [VRFC 10-311] analyzing module RegBit_913
INFO: [VRFC 10-311] analyzing module RegBit_914
INFO: [VRFC 10-311] analyzing module RegBit_947
INFO: [VRFC 10-311] analyzing module RegBit_948
INFO: [VRFC 10-311] analyzing module RegBit_949
INFO: [VRFC 10-311] analyzing module RegBit_950
INFO: [VRFC 10-311] analyzing module RegBit_951
INFO: [VRFC 10-311] analyzing module RegBit_952
INFO: [VRFC 10-311] analyzing module RegBit_953
INFO: [VRFC 10-311] analyzing module RegBit_954
INFO: [VRFC 10-311] analyzing module RegBit_955
INFO: [VRFC 10-311] analyzing module RegBit_956
INFO: [VRFC 10-311] analyzing module RegBit_957
INFO: [VRFC 10-311] analyzing module RegBit_958
INFO: [VRFC 10-311] analyzing module RegBit_959
INFO: [VRFC 10-311] analyzing module RegBit_960
INFO: [VRFC 10-311] analyzing module RegBit_961
INFO: [VRFC 10-311] analyzing module RegBit_962
INFO: [VRFC 10-311] analyzing module RegBit_963
INFO: [VRFC 10-311] analyzing module RegBit_964
INFO: [VRFC 10-311] analyzing module RegBit_965
INFO: [VRFC 10-311] analyzing module RegBit_966
INFO: [VRFC 10-311] analyzing module RegBit_967
INFO: [VRFC 10-311] analyzing module RegBit_968
INFO: [VRFC 10-311] analyzing module RegBit_969
INFO: [VRFC 10-311] analyzing module RegBit_970
INFO: [VRFC 10-311] analyzing module RegBit_971
INFO: [VRFC 10-311] analyzing module RegBit_972
INFO: [VRFC 10-311] analyzing module RegBit_973
INFO: [VRFC 10-311] analyzing module RegBit_974
INFO: [VRFC 10-311] analyzing module RegBit_975
INFO: [VRFC 10-311] analyzing module RegBit_976
INFO: [VRFC 10-311] analyzing module RegBit_977
INFO: [VRFC 10-311] analyzing module RegBit_978
INFO: [VRFC 10-311] analyzing module RegFile
INFO: [VRFC 10-311] analyzing module dataMem
INFO: [VRFC 10-311] analyzing module mux32to1
INFO: [VRFC 10-311] analyzing module mux32to1_1011
INFO: [VRFC 10-311] analyzing module mux32to1_1012
INFO: [VRFC 10-311] analyzing module mux32to1_1013
INFO: [VRFC 10-311] analyzing module mux32to1_1014
INFO: [VRFC 10-311] analyzing module mux32to1_1015
INFO: [VRFC 10-311] analyzing module mux32to1_1016
INFO: [VRFC 10-311] analyzing module mux32to1_1017
INFO: [VRFC 10-311] analyzing module mux32to1_1018
INFO: [VRFC 10-311] analyzing module mux32to1_1019
INFO: [VRFC 10-311] analyzing module mux32to1_1020
INFO: [VRFC 10-311] analyzing module mux32to1_1021
INFO: [VRFC 10-311] analyzing module mux32to1_1022
INFO: [VRFC 10-311] analyzing module mux32to1_1023
INFO: [VRFC 10-311] analyzing module mux32to1_1024
INFO: [VRFC 10-311] analyzing module mux32to1_1025
INFO: [VRFC 10-311] analyzing module mux32to1_1026
INFO: [VRFC 10-311] analyzing module mux32to1_1027
INFO: [VRFC 10-311] analyzing module mux32to1_1028
INFO: [VRFC 10-311] analyzing module mux32to1_1029
INFO: [VRFC 10-311] analyzing module mux32to1_1030
INFO: [VRFC 10-311] analyzing module mux32to1_1031
INFO: [VRFC 10-311] analyzing module mux32to1_1032
INFO: [VRFC 10-311] analyzing module mux32to1_1033
INFO: [VRFC 10-311] analyzing module mux32to1_1034
INFO: [VRFC 10-311] analyzing module mux32to1_1035
INFO: [VRFC 10-311] analyzing module mux32to1_1036
INFO: [VRFC 10-311] analyzing module mux32to1_1037
INFO: [VRFC 10-311] analyzing module mux32to1_1038
INFO: [VRFC 10-311] analyzing module mux32to1_1039
INFO: [VRFC 10-311] analyzing module mux32to1_1040
INFO: [VRFC 10-311] analyzing module mux32to1_1041
INFO: [VRFC 10-311] analyzing module mux32to1_1042
INFO: [VRFC 10-311] analyzing module mux32to1_1043
INFO: [VRFC 10-311] analyzing module mux32to1_1044
INFO: [VRFC 10-311] analyzing module mux32to1_1045
INFO: [VRFC 10-311] analyzing module mux32to1_1046
INFO: [VRFC 10-311] analyzing module mux32to1_1047
INFO: [VRFC 10-311] analyzing module mux32to1_1048
INFO: [VRFC 10-311] analyzing module mux32to1_1049
INFO: [VRFC 10-311] analyzing module mux32to1_1050
INFO: [VRFC 10-311] analyzing module mux32to1_1051
INFO: [VRFC 10-311] analyzing module mux32to1_1052
INFO: [VRFC 10-311] analyzing module mux32to1_1053
INFO: [VRFC 10-311] analyzing module mux32to1_1054
INFO: [VRFC 10-311] analyzing module mux32to1_1055
INFO: [VRFC 10-311] analyzing module mux32to1_1056
INFO: [VRFC 10-311] analyzing module mux32to1_1057
INFO: [VRFC 10-311] analyzing module mux32to1_1058
INFO: [VRFC 10-311] analyzing module mux32to1_1059
INFO: [VRFC 10-311] analyzing module mux32to1_1060
INFO: [VRFC 10-311] analyzing module mux32to1_1061
INFO: [VRFC 10-311] analyzing module mux32to1_1062
INFO: [VRFC 10-311] analyzing module mux32to1_1063
INFO: [VRFC 10-311] analyzing module mux32to1_1064
INFO: [VRFC 10-311] analyzing module mux32to1_1065
INFO: [VRFC 10-311] analyzing module mux32to1_1066
INFO: [VRFC 10-311] analyzing module mux32to1_1067
INFO: [VRFC 10-311] analyzing module mux32to1_1068
INFO: [VRFC 10-311] analyzing module mux32to1_1069
INFO: [VRFC 10-311] analyzing module mux32to1_1070
INFO: [VRFC 10-311] analyzing module mux32to1_1071
INFO: [VRFC 10-311] analyzing module mux32to1_1072
INFO: [VRFC 10-311] analyzing module mux32to1_1073
INFO: [VRFC 10-311] analyzing module mux32x32to32
INFO: [VRFC 10-311] analyzing module mux32x32to32_36
INFO: [VRFC 10-311] analyzing module register
INFO: [VRFC 10-311] analyzing module register_12
INFO: [VRFC 10-311] analyzing module register_17
INFO: [VRFC 10-311] analyzing module register_18
INFO: [VRFC 10-311] analyzing module register_19
INFO: [VRFC 10-311] analyzing module register_2
INFO: [VRFC 10-311] analyzing module register_22
INFO: [VRFC 10-311] analyzing module register_23
INFO: [VRFC 10-311] analyzing module register_24
INFO: [VRFC 10-311] analyzing module register_26
INFO: [VRFC 10-311] analyzing module register_28
INFO: [VRFC 10-311] analyzing module register_35
INFO: [VRFC 10-311] analyzing module register_37
INFO: [VRFC 10-311] analyzing module register_38
INFO: [VRFC 10-311] analyzing module register_39
INFO: [VRFC 10-311] analyzing module register_40
INFO: [VRFC 10-311] analyzing module register_41
INFO: [VRFC 10-311] analyzing module register_42
INFO: [VRFC 10-311] analyzing module register_43
INFO: [VRFC 10-311] analyzing module register_44
INFO: [VRFC 10-311] analyzing module register_45
INFO: [VRFC 10-311] analyzing module register_46
INFO: [VRFC 10-311] analyzing module register_47
INFO: [VRFC 10-311] analyzing module register_48
INFO: [VRFC 10-311] analyzing module register_49
INFO: [VRFC 10-311] analyzing module register_50
INFO: [VRFC 10-311] analyzing module register_51
INFO: [VRFC 10-311] analyzing module glbl
INFO: [VRFC 10-2263] Analyzing Verilog file "E:/Projects/VLSI/32BitMIPSArch/MIPS325/MIPS325.srcs/sim_1/new/MIPSStimulus.v" into library xil_defaultlib
INFO: [VRFC 10-311] analyzing module MIPSStimulus
run_program: Time (s): cpu = 00:00:05 ; elapsed = 00:00:45 . Memory (MB): peak = 2785.293 ; gain = 0.000
INFO: [USF-XSim-69] 'compile' step finished in '45' seconds
INFO: [USF-XSim-3] XSim::Elaborate design
INFO: [USF-XSim-61] Executing 'ELABORATE' step in 'E:/Projects/VLSI/32BitMIPSArch/MIPS325/MIPS325.sim/sim_1/impl/timing/xsim'
"xelab -wto fdbe9ff532be41138437c9414e3eaad5 --incr --debug typical --relax --mt 2 --maxdelay -L xil_defaultlib -L simprims_ver -L secureip --snapshot MIPSStimulus_time_impl -transport_int_delays -pulse_r 0 -pulse_int_r 0 -pulse_e 0 -pulse_int_e 0 xil_defaultlib.MIPSStimulus xil_defaultlib.glbl -log elaborate.log"
Vivado Simulator 2020.2
Copyright 1986-1999, 2001-2020 Xilinx, Inc. All Rights Reserved.
Running: E:/SOFTWAREs/XilinxVivado/Vivado/2020.2/bin/unwrapped/win64.o/xelab.exe -wto fdbe9ff532be41138437c9414e3eaad5 --incr --debug typical --relax --mt 2 --maxdelay -L xil_defaultlib -L simprims_ver -L secureip --snapshot MIPSStimulus_time_impl -transport_int_delays -pulse_r 0 -pulse_int_r 0 -pulse_e 0 -pulse_int_e 0 xil_defaultlib.MIPSStimulus xil_defaultlib.glbl -log elaborate.log 
Using 2 slave threads.
Starting static elaboration
Pass Through NonSizing Optimizer
ERROR: [VRFC 10-3236] concurrent assignment to a non-net 'clk' is not permitted [E:/Projects/VLSI/32BitMIPSArch/MIPS325/MIPS325.srcs/sim_1/new/MIPSStimulus.v:29]
WARNING: [VRFC 10-5021] port 'clk' is not connected on this instance [E:/Projects/VLSI/32BitMIPSArch/MIPS325/MIPS325.srcs/sim_1/new/MIPSStimulus.v:29]
ERROR: [VRFC 10-3525] mixed concurrent and procedural assignment on 'clk' [E:/Projects/VLSI/32BitMIPSArch/MIPS325/MIPS325.srcs/sim_1/new/MIPSStimulus.v:31]
ERROR: [XSIM 43-3322] Static elaboration of top level Verilog design unit(s) in library work failed.
run_program: Time (s): cpu = 00:00:03 ; elapsed = 00:00:29 . Memory (MB): peak = 2785.293 ; gain = 0.000
INFO: [USF-XSim-69] 'elaborate' step finished in '29' seconds
INFO: [USF-XSim-99] Step results log file:'E:/Projects/VLSI/32BitMIPSArch/MIPS325/MIPS325.sim/sim_1/impl/timing/xsim/elaborate.log'
ERROR: [USF-XSim-62] 'elaborate' step failed with error(s). Please check the Tcl console output or 'E:/Projects/VLSI/32BitMIPSArch/MIPS325/MIPS325.sim/sim_1/impl/timing/xsim/elaborate.log' file for more information.
ERROR: [Vivado 12-4473] Detected error while running simulation. Please correct the issue and retry this operation.
launch_simulation: Time (s): cpu = 00:00:39 ; elapsed = 00:01:48 . Memory (MB): peak = 2785.293 ; gain = 0.000
ERROR: [Common 17-39] 'launch_simulation' failed due to earlier errors.
launch_simulation
Command: launch_simulation 
INFO: [Vivado 12-5682] Launching behavioral simulation in 'E:/Projects/VLSI/32BitMIPSArch/MIPS325/MIPS325.sim/sim_1/behav/xsim'
INFO: [SIM-utils-51] Simulation object is 'sim_1'
INFO: [SIM-utils-54] Inspecting design source files for 'MIPSStimulus' in fileset 'sim_1'...
INFO: [SIM-utils-43] Exported 'E:/Projects/VLSI/32BitMIPSArch/MIPS325/MIPS325.sim/sim_1/behav/xsim/instr.txt'
INFO: [USF-XSim-97] Finding global include files...
INFO: [USF-XSim-98] Fetching design files from 'sim_1'...
INFO: [USF-XSim-2] XSim::Compile design
INFO: [USF-XSim-61] Executing 'COMPILE and ANALYZE' step in 'E:/Projects/VLSI/32BitMIPSArch/MIPS325/MIPS325.sim/sim_1/behav/xsim'
"xvlog --incr --relax -prj MIPSStimulus_vlog.prj"
INFO: [VRFC 10-2263] Analyzing Verilog file "E:/Projects/VLSI/32BitMIPSArch/MIPS325/MIPS325.srcs/sources_1/new/ALU.v" into library xil_defaultlib
INFO: [VRFC 10-311] analyzing module ALU
INFO: [VRFC 10-2458] undeclared symbol notcr31, assumed default net type wire [E:/Projects/VLSI/32BitMIPSArch/MIPS325/MIPS325.srcs/sources_1/new/ALU.v:62]
INFO: [VRFC 10-2458] undeclared symbol addsub31Out, assumed default net type wire [E:/Projects/VLSI/32BitMIPSArch/MIPS325/MIPS325.srcs/sources_1/new/ALU.v:67]
INFO: [VRFC 10-2458] undeclared symbol crrout31, assumed default net type wire [E:/Projects/VLSI/32BitMIPSArch/MIPS325/MIPS325.srcs/sources_1/new/ALU.v:67]
INFO: [VRFC 10-2458] undeclared symbol o1, assumed default net type wire [E:/Projects/VLSI/32BitMIPSArch/MIPS325/MIPS325.srcs/sources_1/new/ALU.v:70]
INFO: [VRFC 10-2458] undeclared symbol o2, assumed default net type wire [E:/Projects/VLSI/32BitMIPSArch/MIPS325/MIPS325.srcs/sources_1/new/ALU.v:71]
INFO: [VRFC 10-2458] undeclared symbol o3, assumed default net type wire [E:/Projects/VLSI/32BitMIPSArch/MIPS325/MIPS325.srcs/sources_1/new/ALU.v:72]
INFO: [VRFC 10-2458] undeclared symbol o4, assumed default net type wire [E:/Projects/VLSI/32BitMIPSArch/MIPS325/MIPS325.srcs/sources_1/new/ALU.v:73]
INFO: [VRFC 10-2458] undeclared symbol o5, assumed default net type wire [E:/Projects/VLSI/32BitMIPSArch/MIPS325/MIPS325.srcs/sources_1/new/ALU.v:74]
INFO: [VRFC 10-2458] undeclared symbol o6, assumed default net type wire [E:/Projects/VLSI/32BitMIPSArch/MIPS325/MIPS325.srcs/sources_1/new/ALU.v:75]
INFO: [VRFC 10-2458] undeclared symbol o7, assumed default net type wire [E:/Projects/VLSI/32BitMIPSArch/MIPS325/MIPS325.srcs/sources_1/new/ALU.v:76]
INFO: [VRFC 10-2458] undeclared symbol o8, assumed default net type wire [E:/Projects/VLSI/32BitMIPSArch/MIPS325/MIPS325.srcs/sources_1/new/ALU.v:77]
INFO: [VRFC 10-2458] undeclared symbol o9, assumed default net type wire [E:/Projects/VLSI/32BitMIPSArch/MIPS325/MIPS325.srcs/sources_1/new/ALU.v:78]
INFO: [VRFC 10-2458] undeclared symbol o10, assumed default net type wire [E:/Projects/VLSI/32BitMIPSArch/MIPS325/MIPS325.srcs/sources_1/new/ALU.v:79]
INFO: [VRFC 10-311] analyzing module alu1bit
INFO: [VRFC 10-2458] undeclared symbol addsubOut, assumed default net type wire [E:/Projects/VLSI/32BitMIPSArch/MIPS325/MIPS325.srcs/sources_1/new/ALU.v:87]
INFO: [VRFC 10-2458] undeclared symbol xorOut, assumed default net type wire [E:/Projects/VLSI/32BitMIPSArch/MIPS325/MIPS325.srcs/sources_1/new/ALU.v:88]
INFO: [VRFC 10-2458] undeclared symbol xorlessOut, assumed default net type wire [E:/Projects/VLSI/32BitMIPSArch/MIPS325/MIPS325.srcs/sources_1/new/ALU.v:89]
INFO: [VRFC 10-311] analyzing module addsub
INFO: [VRFC 10-2458] undeclared symbol notb, assumed default net type wire [E:/Projects/VLSI/32BitMIPSArch/MIPS325/MIPS325.srcs/sources_1/new/ALU.v:96]
INFO: [VRFC 10-2458] undeclared symbol b1, assumed default net type wire [E:/Projects/VLSI/32BitMIPSArch/MIPS325/MIPS325.srcs/sources_1/new/ALU.v:97]
INFO: [VRFC 10-311] analyzing module adder
INFO: [VRFC 10-2458] undeclared symbol c1, assumed default net type wire [E:/Projects/VLSI/32BitMIPSArch/MIPS325/MIPS325.srcs/sources_1/new/ALU.v:109]
INFO: [VRFC 10-2458] undeclared symbol c2, assumed default net type wire [E:/Projects/VLSI/32BitMIPSArch/MIPS325/MIPS325.srcs/sources_1/new/ALU.v:110]
INFO: [VRFC 10-2458] undeclared symbol c3, assumed default net type wire [E:/Projects/VLSI/32BitMIPSArch/MIPS325/MIPS325.srcs/sources_1/new/ALU.v:111]
INFO: [VRFC 10-311] analyzing module mux21
INFO: [VRFC 10-2458] undeclared symbol nsel, assumed default net type wire [E:/Projects/VLSI/32BitMIPSArch/MIPS325/MIPS325.srcs/sources_1/new/ALU.v:120]
INFO: [VRFC 10-2458] undeclared symbol O1, assumed default net type wire [E:/Projects/VLSI/32BitMIPSArch/MIPS325/MIPS325.srcs/sources_1/new/ALU.v:121]
INFO: [VRFC 10-2458] undeclared symbol O2, assumed default net type wire [E:/Projects/VLSI/32BitMIPSArch/MIPS325/MIPS325.srcs/sources_1/new/ALU.v:122]
INFO: [VRFC 10-2263] Analyzing Verilog file "E:/Projects/VLSI/32BitMIPSArch/MIPS325/MIPS325.srcs/sources_1/new/ALUControl_Block.v" into library xil_defaultlib
INFO: [VRFC 10-311] analyzing module ALUControl_Block
INFO: [VRFC 10-2263] Analyzing Verilog file "E:/Projects/VLSI/32BitMIPSArch/MIPS325/MIPS325.srcs/sources_1/new/Add.v" into library xil_defaultlib
INFO: [VRFC 10-311] analyzing module Add
INFO: [VRFC 10-311] analyzing module adder1bit
INFO: [VRFC 10-2458] undeclared symbol c1, assumed default net type wire [E:/Projects/VLSI/32BitMIPSArch/MIPS325/MIPS325.srcs/sources_1/new/Add.v:71]
INFO: [VRFC 10-2458] undeclared symbol c2, assumed default net type wire [E:/Projects/VLSI/32BitMIPSArch/MIPS325/MIPS325.srcs/sources_1/new/Add.v:72]
INFO: [VRFC 10-2458] undeclared symbol c3, assumed default net type wire [E:/Projects/VLSI/32BitMIPSArch/MIPS325/MIPS325.srcs/sources_1/new/Add.v:73]
INFO: [VRFC 10-2263] Analyzing Verilog file "E:/Projects/VLSI/32BitMIPSArch/MIPS325/MIPS325.srcs/sources_1/new/Control.v" into library xil_defaultlib
INFO: [VRFC 10-311] analyzing module Control
INFO: [VRFC 10-2263] Analyzing Verilog file "E:/Projects/VLSI/32BitMIPSArch/MIPS325/MIPS325.srcs/sources_1/new/FowardingUnit.v" into library xil_defaultlib
INFO: [VRFC 10-311] analyzing module ForwardingUnit
INFO: [VRFC 10-2458] undeclared symbol a, assumed default net type wire [E:/Projects/VLSI/32BitMIPSArch/MIPS325/MIPS325.srcs/sources_1/new/FowardingUnit.v:34]
INFO: [VRFC 10-2458] undeclared symbol b, assumed default net type wire [E:/Projects/VLSI/32BitMIPSArch/MIPS325/MIPS325.srcs/sources_1/new/FowardingUnit.v:35]
INFO: [VRFC 10-2458] undeclared symbol x, assumed default net type wire [E:/Projects/VLSI/32BitMIPSArch/MIPS325/MIPS325.srcs/sources_1/new/FowardingUnit.v:36]
INFO: [VRFC 10-2458] undeclared symbol c, assumed default net type wire [E:/Projects/VLSI/32BitMIPSArch/MIPS325/MIPS325.srcs/sources_1/new/FowardingUnit.v:40]
INFO: [VRFC 10-2458] undeclared symbol d, assumed default net type wire [E:/Projects/VLSI/32BitMIPSArch/MIPS325/MIPS325.srcs/sources_1/new/FowardingUnit.v:41]
INFO: [VRFC 10-2458] undeclared symbol y, assumed default net type wire [E:/Projects/VLSI/32BitMIPSArch/MIPS325/MIPS325.srcs/sources_1/new/FowardingUnit.v:42]
INFO: [VRFC 10-2458] undeclared symbol notx, assumed default net type wire [E:/Projects/VLSI/32BitMIPSArch/MIPS325/MIPS325.srcs/sources_1/new/FowardingUnit.v:47]
INFO: [VRFC 10-2458] undeclared symbol b1, assumed default net type wire [E:/Projects/VLSI/32BitMIPSArch/MIPS325/MIPS325.srcs/sources_1/new/FowardingUnit.v:51]
INFO: [VRFC 10-2458] undeclared symbol d1, assumed default net type wire [E:/Projects/VLSI/32BitMIPSArch/MIPS325/MIPS325.srcs/sources_1/new/FowardingUnit.v:52]
INFO: [VRFC 10-2458] undeclared symbol x1, assumed default net type wire [E:/Projects/VLSI/32BitMIPSArch/MIPS325/MIPS325.srcs/sources_1/new/FowardingUnit.v:53]
INFO: [VRFC 10-2458] undeclared symbol y1, assumed default net type wire [E:/Projects/VLSI/32BitMIPSArch/MIPS325/MIPS325.srcs/sources_1/new/FowardingUnit.v:54]
INFO: [VRFC 10-2458] undeclared symbol notx1, assumed default net type wire [E:/Projects/VLSI/32BitMIPSArch/MIPS325/MIPS325.srcs/sources_1/new/FowardingUnit.v:57]
INFO: [VRFC 10-2263] Analyzing Verilog file "E:/Projects/VLSI/32BitMIPSArch/MIPS325/MIPS325.srcs/sources_1/new/InstructionMem.v" into library xil_defaultlib
INFO: [VRFC 10-311] analyzing module InstructionMem
INFO: [VRFC 10-311] analyzing module instrmemstimulous
INFO: [VRFC 10-2263] Analyzing Verilog file "E:/Projects/VLSI/32BitMIPSArch/MIPS325/MIPS325.srcs/sources_1/new/JRControl_Block.v" into library xil_defaultlib
INFO: [VRFC 10-311] analyzing module JRControl_Block
INFO: [VRFC 10-2263] Analyzing Verilog file "E:/Projects/VLSI/32BitMIPSArch/MIPS325/MIPS325.srcs/sources_1/new/MIPSpipeline.v" into library xil_defaultlib
INFO: [VRFC 10-311] analyzing module MIPSpipeline
INFO: [VRFC 10-2458] undeclared symbol ID_flush, assumed default net type wire [E:/Projects/VLSI/32BitMIPSArch/MIPS325/MIPS325.srcs/sources_1/new/MIPSpipeline.v:125]
INFO: [VRFC 10-2263] Analyzing Verilog file "E:/Projects/VLSI/32BitMIPSArch/MIPS325/MIPS325.srcs/sources_1/new/RegFile.v" into library xil_defaultlib
INFO: [VRFC 10-311] analyzing module RegFile
INFO: [VRFC 10-311] analyzing module D_FF
INFO: [VRFC 10-311] analyzing module RegBit
INFO: [VRFC 10-311] analyzing module register
INFO: [VRFC 10-311] analyzing module decoder
INFO: [VRFC 10-311] analyzing module andmore
INFO: [VRFC 10-2458] undeclared symbol f1, assumed default net type wire [E:/Projects/VLSI/32BitMIPSArch/MIPS325/MIPS325.srcs/sources_1/new/RegFile.v:201]
INFO: [VRFC 10-311] analyzing module dec5to32
INFO: [VRFC 10-2458] undeclared symbol Nota, assumed default net type wire [E:/Projects/VLSI/32BitMIPSArch/MIPS325/MIPS325.srcs/sources_1/new/RegFile.v:208]
INFO: [VRFC 10-2458] undeclared symbol Notb, assumed default net type wire [E:/Projects/VLSI/32BitMIPSArch/MIPS325/MIPS325.srcs/sources_1/new/RegFile.v:209]
INFO: [VRFC 10-2458] undeclared symbol Notc, assumed default net type wire [E:/Projects/VLSI/32BitMIPSArch/MIPS325/MIPS325.srcs/sources_1/new/RegFile.v:210]
INFO: [VRFC 10-2458] undeclared symbol Notd, assumed default net type wire [E:/Projects/VLSI/32BitMIPSArch/MIPS325/MIPS325.srcs/sources_1/new/RegFile.v:211]
INFO: [VRFC 10-2458] undeclared symbol Note, assumed default net type wire [E:/Projects/VLSI/32BitMIPSArch/MIPS325/MIPS325.srcs/sources_1/new/RegFile.v:212]
INFO: [VRFC 10-311] analyzing module mux32to1
INFO: [VRFC 10-2458] undeclared symbol g3, assumed default net type wire [E:/Projects/VLSI/32BitMIPSArch/MIPS325/MIPS325.srcs/sources_1/new/RegFile.v:287]
INFO: [VRFC 10-2458] undeclared symbol g4, assumed default net type wire [E:/Projects/VLSI/32BitMIPSArch/MIPS325/MIPS325.srcs/sources_1/new/RegFile.v:288]
INFO: [VRFC 10-2458] undeclared symbol g5, assumed default net type wire [E:/Projects/VLSI/32BitMIPSArch/MIPS325/MIPS325.srcs/sources_1/new/RegFile.v:289]
INFO: [VRFC 10-2458] undeclared symbol g6, assumed default net type wire [E:/Projects/VLSI/32BitMIPSArch/MIPS325/MIPS325.srcs/sources_1/new/RegFile.v:290]
INFO: [VRFC 10-2458] undeclared symbol g7, assumed default net type wire [E:/Projects/VLSI/32BitMIPSArch/MIPS325/MIPS325.srcs/sources_1/new/RegFile.v:291]
INFO: [VRFC 10-2458] undeclared symbol g8, assumed default net type wire [E:/Projects/VLSI/32BitMIPSArch/MIPS325/MIPS325.srcs/sources_1/new/RegFile.v:292]
INFO: [VRFC 10-2458] undeclared symbol g9, assumed default net type wire [E:/Projects/VLSI/32BitMIPSArch/MIPS325/MIPS325.srcs/sources_1/new/RegFile.v:293]
INFO: [VRFC 10-2458] undeclared symbol g10, assumed default net type wire [E:/Projects/VLSI/32BitMIPSArch/MIPS325/MIPS325.srcs/sources_1/new/RegFile.v:294]
INFO: [VRFC 10-2458] undeclared symbol g11, assumed default net type wire [E:/Projects/VLSI/32BitMIPSArch/MIPS325/MIPS325.srcs/sources_1/new/RegFile.v:295]
INFO: [VRFC 10-2458] undeclared symbol g12, assumed default net type wire [E:/Projects/VLSI/32BitMIPSArch/MIPS325/MIPS325.srcs/sources_1/new/RegFile.v:296]
INFO: [VRFC 10-311] analyzing module mux32x32to32
INFO: [VRFC 10-2263] Analyzing Verilog file "E:/Projects/VLSI/32BitMIPSArch/MIPS325/MIPS325.srcs/sources_1/new/StallControl.v" into library xil_defaultlib
INFO: [VRFC 10-311] analyzing module StallControl
INFO: [VRFC 10-2458] undeclared symbol OrRsRt, assumed default net type wire [E:/Projects/VLSI/32BitMIPSArch/MIPS325/MIPS325.srcs/sources_1/new/StallControl.v:58]
INFO: [VRFC 10-2458] undeclared symbol notOrRsRt, assumed default net type wire [E:/Projects/VLSI/32BitMIPSArch/MIPS325/MIPS325.srcs/sources_1/new/StallControl.v:59]
INFO: [VRFC 10-2458] undeclared symbol OrRtRt, assumed default net type wire [E:/Projects/VLSI/32BitMIPSArch/MIPS325/MIPS325.srcs/sources_1/new/StallControl.v:67]
INFO: [VRFC 10-2458] undeclared symbol notOrRtRt, assumed default net type wire [E:/Projects/VLSI/32BitMIPSArch/MIPS325/MIPS325.srcs/sources_1/new/StallControl.v:68]
INFO: [VRFC 10-2458] undeclared symbol ec1, assumed default net type wire [E:/Projects/VLSI/32BitMIPSArch/MIPS325/MIPS325.srcs/sources_1/new/StallControl.v:76]
INFO: [VRFC 10-2458] undeclared symbol ec2, assumed default net type wire [E:/Projects/VLSI/32BitMIPSArch/MIPS325/MIPS325.srcs/sources_1/new/StallControl.v:84]
INFO: [VRFC 10-2458] undeclared symbol xorop, assumed default net type wire [E:/Projects/VLSI/32BitMIPSArch/MIPS325/MIPS325.srcs/sources_1/new/StallControl.v:87]
INFO: [VRFC 10-2458] undeclared symbol xoroprt, assumed default net type wire [E:/Projects/VLSI/32BitMIPSArch/MIPS325/MIPS325.srcs/sources_1/new/StallControl.v:88]
INFO: [VRFC 10-2458] undeclared symbol OrOut, assumed default net type wire [E:/Projects/VLSI/32BitMIPSArch/MIPS325/MIPS325.srcs/sources_1/new/StallControl.v:89]
INFO: [VRFC 10-2458] undeclared symbol Condition, assumed default net type wire [E:/Projects/VLSI/32BitMIPSArch/MIPS325/MIPS325.srcs/sources_1/new/StallControl.v:90]
INFO: [VRFC 10-2263] Analyzing Verilog file "E:/Projects/VLSI/32BitMIPSArch/MIPS325/MIPS325.srcs/sources_1/new/WB_forward.v" into library xil_defaultlib
INFO: [VRFC 10-311] analyzing module WB_forward
INFO: [VRFC 10-2458] undeclared symbol orOut1, assumed default net type wire [E:/Projects/VLSI/32BitMIPSArch/MIPS325/MIPS325.srcs/sources_1/new/WB_forward.v:51]
INFO: [VRFC 10-311] analyzing module CompareAddress
INFO: [VRFC 10-2458] undeclared symbol OrAddr, assumed default net type wire [E:/Projects/VLSI/32BitMIPSArch/MIPS325/MIPS325.srcs/sources_1/new/WB_forward.v:75]
INFO: [VRFC 10-2263] Analyzing Verilog file "E:/Projects/VLSI/32BitMIPSArch/MIPS325/MIPS325.srcs/sources_1/new/dataMem.v" into library xil_defaultlib
INFO: [VRFC 10-311] analyzing module dataMem
INFO: [VRFC 10-2263] Analyzing Verilog file "E:/Projects/VLSI/32BitMIPSArch/MIPS325/MIPS325.srcs/sources_1/new/flush_block.v" into library xil_defaultlib
INFO: [VRFC 10-311] analyzing module flush_block
INFO: [VRFC 10-2458] undeclared symbol notflush, assumed default net type wire [E:/Projects/VLSI/32BitMIPSArch/MIPS325/MIPS325.srcs/sources_1/new/flush_block.v:33]
INFO: [VRFC 10-311] analyzing module Discard_Instr
INFO: [VRFC 10-2263] Analyzing Verilog file "E:/Projects/VLSI/32BitMIPSArch/MIPS325/MIPS325.srcs/sources_1/new/mux2x32to32.v" into library xil_defaultlib
INFO: [VRFC 10-311] analyzing module mux2x32to32
INFO: [VRFC 10-2263] Analyzing Verilog file "E:/Projects/VLSI/32BitMIPSArch/MIPS325/MIPS325.srcs/sources_1/new/mux2x5to5.v" into library xil_defaultlib
INFO: [VRFC 10-311] analyzing module mux2x5to5
INFO: [VRFC 10-311] analyzing module mux2_1
INFO: [VRFC 10-2458] undeclared symbol nsel, assumed default net type wire [E:/Projects/VLSI/32BitMIPSArch/MIPS325/MIPS325.srcs/sources_1/new/mux2x5to5.v:39]
INFO: [VRFC 10-2458] undeclared symbol O1, assumed default net type wire [E:/Projects/VLSI/32BitMIPSArch/MIPS325/MIPS325.srcs/sources_1/new/mux2x5to5.v:40]
INFO: [VRFC 10-2458] undeclared symbol O2, assumed default net type wire [E:/Projects/VLSI/32BitMIPSArch/MIPS325/MIPS325.srcs/sources_1/new/mux2x5to5.v:41]
INFO: [VRFC 10-2263] Analyzing Verilog file "E:/Projects/VLSI/32BitMIPSArch/MIPS325/MIPS325.srcs/sources_1/new/mux3x32to32.v" into library xil_defaultlib
INFO: [VRFC 10-311] analyzing module mux3x32to32
INFO: [VRFC 10-2263] Analyzing Verilog file "E:/Projects/VLSI/32BitMIPSArch/MIPS325/MIPS325.srcs/sources_1/new/sign_extend.v" into library xil_defaultlib
INFO: [VRFC 10-311] analyzing module sign_extend
INFO: [VRFC 10-311] analyzing module shift_left_2
INFO: [VRFC 10-2263] Analyzing Verilog file "E:/Projects/VLSI/32BitMIPSArch/MIPS325/MIPS325.srcs/sources_1/new/zero_extend.v" into library xil_defaultlib
INFO: [VRFC 10-311] analyzing module zero_extend
INFO: [VRFC 10-2263] Analyzing Verilog file "E:/Projects/VLSI/32BitMIPSArch/MIPS325/MIPS325.srcs/sim_1/new/MIPSStimulus.v" into library xil_defaultlib
INFO: [VRFC 10-311] analyzing module MIPSStimulus
run_program: Time (s): cpu = 00:00:01 ; elapsed = 00:00:09 . Memory (MB): peak = 2785.293 ; gain = 0.000
INFO: [USF-XSim-69] 'compile' step finished in '9' seconds
INFO: [USF-XSim-3] XSim::Elaborate design
INFO: [USF-XSim-61] Executing 'ELABORATE' step in 'E:/Projects/VLSI/32BitMIPSArch/MIPS325/MIPS325.sim/sim_1/behav/xsim'
"xelab -wto fdbe9ff532be41138437c9414e3eaad5 --incr --debug typical --relax --mt 2 -L xil_defaultlib -L unisims_ver -L unimacro_ver -L secureip --snapshot MIPSStimulus_behav xil_defaultlib.MIPSStimulus xil_defaultlib.glbl -log elaborate.log"
Vivado Simulator 2020.2
Copyright 1986-1999, 2001-2020 Xilinx, Inc. All Rights Reserved.
Running: E:/SOFTWAREs/XilinxVivado/Vivado/2020.2/bin/unwrapped/win64.o/xelab.exe -wto fdbe9ff532be41138437c9414e3eaad5 --incr --debug typical --relax --mt 2 -L xil_defaultlib -L unisims_ver -L unimacro_ver -L secureip --snapshot MIPSStimulus_behav xil_defaultlib.MIPSStimulus xil_defaultlib.glbl -log elaborate.log 
Using 2 slave threads.
Starting static elaboration
Pass Through NonSizing Optimizer
ERROR: [VRFC 10-3236] concurrent assignment to a non-net 'clk' is not permitted [E:/Projects/VLSI/32BitMIPSArch/MIPS325/MIPS325.srcs/sim_1/new/MIPSStimulus.v:29]
WARNING: [VRFC 10-5021] port 'clk' is not connected on this instance [E:/Projects/VLSI/32BitMIPSArch/MIPS325/MIPS325.srcs/sim_1/new/MIPSStimulus.v:29]
ERROR: [VRFC 10-3525] mixed concurrent and procedural assignment on 'clk' [E:/Projects/VLSI/32BitMIPSArch/MIPS325/MIPS325.srcs/sim_1/new/MIPSStimulus.v:31]
ERROR: [XSIM 43-3322] Static elaboration of top level Verilog design unit(s) in library work failed.
INFO: [USF-XSim-69] 'elaborate' step finished in '3' seconds
INFO: [USF-XSim-99] Step results log file:'E:/Projects/VLSI/32BitMIPSArch/MIPS325/MIPS325.sim/sim_1/behav/xsim/elaborate.log'
ERROR: [USF-XSim-62] 'elaborate' step failed with error(s). Please check the Tcl console output or 'E:/Projects/VLSI/32BitMIPSArch/MIPS325/MIPS325.sim/sim_1/behav/xsim/elaborate.log' file for more information.
ERROR: [Vivado 12-4473] Detected error while running simulation. Please correct the issue and retry this operation.
launch_simulation: Time (s): cpu = 00:00:02 ; elapsed = 00:00:14 . Memory (MB): peak = 2785.293 ; gain = 0.000
ERROR: [Common 17-39] 'launch_simulation' failed due to earlier errors.
close_design
export_ip_user_files -of_objects  [get_files E:/Projects/VLSI/32BitMIPSArch/MIPS325/MIPS325.srcs/sim_1/new/MIPSStimulus.v] -no_script -reset -force -quiet
remove_files  -fileset sim_1 E:/Projects/VLSI/32BitMIPSArch/MIPS325/MIPS325.srcs/sim_1/new/MIPSStimulus.v
file delete -force E:/Projects/VLSI/32BitMIPSArch/MIPS325/MIPS325.srcs/sim_1/new/MIPSStimulus.v
set_property source_mgmt_mode DisplayOnly [current_project]
launch_simulation -mode post-implementation -type timing
Command: launch_simulation -mode post-implementation -type timing
INFO: [Vivado 12-5682] Launching post-implementation timing simulation in 'E:/Projects/VLSI/32BitMIPSArch/MIPS325/MIPS325.sim/sim_1/impl/timing/xsim'
INFO: [SIM-utils-51] Simulation object is 'sim_1'
Netlist sorting complete. Time (s): cpu = 00:00:01 ; elapsed = 00:00:01 . Memory (MB): peak = 2785.293 ; gain = 0.000
INFO: [Netlist 29-17] Analyzing 6528 Unisim elements for replacement
INFO: [Netlist 29-28] Unisim Transformation completed in 0 CPU seconds
INFO: [Project 1-479] Netlist was created with Vivado 2020.2
INFO: [Project 1-570] Preparing netlist for logic optimization
INFO: [Timing 38-478] Restoring timing data from binary archive.
INFO: [Timing 38-479] Binary timing data restore complete.
INFO: [Project 1-856] Restoring constraints from binary archive.
INFO: [Project 1-853] Binary constraint restore complete.
Reading XDEF placement.
Reading placer database...
Reading XDEF routing.
Read XDEF File: Time (s): cpu = 00:00:05 ; elapsed = 00:00:05 . Memory (MB): peak = 2785.293 ; gain = 0.000
Restored from archive | CPU: 5.000000 secs | Memory: 0.000000 MB |
Finished XDEF File Restore: Time (s): cpu = 00:00:05 ; elapsed = 00:00:05 . Memory (MB): peak = 2785.293 ; gain = 0.000
Netlist sorting complete. Time (s): cpu = 00:00:00 ; elapsed = 00:00:00.020 . Memory (MB): peak = 2785.293 ; gain = 0.000
INFO: [Project 1-111] Unisim Transformation Summary:
No Unisim elements were transformed.

open_run: Time (s): cpu = 00:00:35 ; elapsed = 00:00:26 . Memory (MB): peak = 2785.293 ; gain = 0.000
INFO: [SIM-utils-31] Writing simulation netlist file for design 'impl_1'...
INFO: [SIM-utils-32] write_verilog -mode timesim -nolib -sdf_anno true -force -file "E:/Projects/VLSI/32BitMIPSArch/MIPS325/MIPS325.sim/sim_1/impl/timing/xsim/MIPSStimulus_time_impl.v"
write_verilog: Time (s): cpu = 00:00:13 ; elapsed = 00:00:06 . Memory (MB): peak = 2785.293 ; gain = 0.000
INFO: [SIM-utils-34] Writing SDF file...
INFO: [SIM-utils-35] write_sdf -mode timesim -process_corner slow -force -file "E:/Projects/VLSI/32BitMIPSArch/MIPS325/MIPS325.sim/sim_1/impl/timing/xsim/MIPSStimulus_time_impl.sdf"
write_sdf: Time (s): cpu = 00:00:25 ; elapsed = 00:00:25 . Memory (MB): peak = 2785.293 ; gain = 0.000
INFO: [SIM-utils-36] Netlist generated:E:/Projects/VLSI/32BitMIPSArch/MIPS325/MIPS325.sim/sim_1/impl/timing/xsim/MIPSStimulus_time_impl.v
INFO: [SIM-utils-37] SDF generated:E:/Projects/VLSI/32BitMIPSArch/MIPS325/MIPS325.sim/sim_1/impl/timing/xsim/MIPSStimulus_time_impl.sdf
INFO: [SIM-utils-54] Inspecting design source files for 'MIPSStimulus' in fileset 'sim_1'...
INFO: [SIM-utils-43] Exported 'E:/Projects/VLSI/32BitMIPSArch/MIPS325/MIPS325.sim/sim_1/impl/timing/xsim/instr.txt'
WARNING: [Vivado 12-818] No files matched '*'
INFO: [USF-XSim-2] XSim::Compile design
INFO: [USF-XSim-61] Executing 'COMPILE and ANALYZE' step in 'E:/Projects/VLSI/32BitMIPSArch/MIPS325/MIPS325.sim/sim_1/impl/timing/xsim'
"xvlog --incr --relax -prj MIPSStimulus_vlog.prj"
INFO: [VRFC 10-2263] Analyzing Verilog file "E:/Projects/VLSI/32BitMIPSArch/MIPS325/MIPS325.sim/sim_1/impl/timing/xsim/MIPSStimulus_time_impl.v" into library xil_defaultlib
INFO: [VRFC 10-311] analyzing module D_FF
INFO: [VRFC 10-311] analyzing module D_FF_100
INFO: [VRFC 10-311] analyzing module D_FF_1000
INFO: [VRFC 10-311] analyzing module D_FF_1001
INFO: [VRFC 10-311] analyzing module D_FF_1002
INFO: [VRFC 10-311] analyzing module D_FF_1003
INFO: [VRFC 10-311] analyzing module D_FF_1004
INFO: [VRFC 10-311] analyzing module D_FF_1005
INFO: [VRFC 10-311] analyzing module D_FF_1006
INFO: [VRFC 10-311] analyzing module D_FF_1007
INFO: [VRFC 10-311] analyzing module D_FF_1008
INFO: [VRFC 10-311] analyzing module D_FF_1009
INFO: [VRFC 10-311] analyzing module D_FF_101
INFO: [VRFC 10-311] analyzing module D_FF_1010
INFO: [VRFC 10-311] analyzing module D_FF_102
INFO: [VRFC 10-311] analyzing module D_FF_103
INFO: [VRFC 10-311] analyzing module D_FF_104
INFO: [VRFC 10-311] analyzing module D_FF_105
INFO: [VRFC 10-311] analyzing module D_FF_106
INFO: [VRFC 10-311] analyzing module D_FF_107
INFO: [VRFC 10-311] analyzing module D_FF_1078
INFO: [VRFC 10-311] analyzing module D_FF_1079
INFO: [VRFC 10-311] analyzing module D_FF_108
INFO: [VRFC 10-311] analyzing module D_FF_1080
INFO: [VRFC 10-311] analyzing module D_FF_1081
INFO: [VRFC 10-311] analyzing module D_FF_1082
INFO: [VRFC 10-311] analyzing module D_FF_1083
INFO: [VRFC 10-311] analyzing module D_FF_1084
INFO: [VRFC 10-311] analyzing module D_FF_1085
INFO: [VRFC 10-311] analyzing module D_FF_1086
INFO: [VRFC 10-311] analyzing module D_FF_1087
INFO: [VRFC 10-311] analyzing module D_FF_109
INFO: [VRFC 10-311] analyzing module D_FF_110
INFO: [VRFC 10-311] analyzing module D_FF_111
INFO: [VRFC 10-311] analyzing module D_FF_112
INFO: [VRFC 10-311] analyzing module D_FF_1120
INFO: [VRFC 10-311] analyzing module D_FF_1121
INFO: [VRFC 10-311] analyzing module D_FF_1122
INFO: [VRFC 10-311] analyzing module D_FF_1123
INFO: [VRFC 10-311] analyzing module D_FF_1124
INFO: [VRFC 10-311] analyzing module D_FF_1125
INFO: [VRFC 10-311] analyzing module D_FF_1126
INFO: [VRFC 10-311] analyzing module D_FF_1127
INFO: [VRFC 10-311] analyzing module D_FF_1128
INFO: [VRFC 10-311] analyzing module D_FF_1129
INFO: [VRFC 10-311] analyzing module D_FF_113
INFO: [VRFC 10-311] analyzing module D_FF_1130
INFO: [VRFC 10-311] analyzing module D_FF_1131
INFO: [VRFC 10-311] analyzing module D_FF_1132
INFO: [VRFC 10-311] analyzing module D_FF_1133
INFO: [VRFC 10-311] analyzing module D_FF_1134
INFO: [VRFC 10-311] analyzing module D_FF_1135
INFO: [VRFC 10-311] analyzing module D_FF_1136
INFO: [VRFC 10-311] analyzing module D_FF_1137
INFO: [VRFC 10-311] analyzing module D_FF_1138
INFO: [VRFC 10-311] analyzing module D_FF_1139
INFO: [VRFC 10-311] analyzing module D_FF_114
INFO: [VRFC 10-311] analyzing module D_FF_1140
INFO: [VRFC 10-311] analyzing module D_FF_1141
INFO: [VRFC 10-311] analyzing module D_FF_1142
INFO: [VRFC 10-311] analyzing module D_FF_1143
INFO: [VRFC 10-311] analyzing module D_FF_1144
INFO: [VRFC 10-311] analyzing module D_FF_1145
INFO: [VRFC 10-311] analyzing module D_FF_1146
INFO: [VRFC 10-311] analyzing module D_FF_1147
INFO: [VRFC 10-311] analyzing module D_FF_1148
INFO: [VRFC 10-311] analyzing module D_FF_1149
INFO: [VRFC 10-311] analyzing module D_FF_1150
INFO: [VRFC 10-311] analyzing module D_FF_1151
INFO: [VRFC 10-311] analyzing module D_FF_1152
INFO: [VRFC 10-311] analyzing module D_FF_1185
INFO: [VRFC 10-311] analyzing module D_FF_1186
INFO: [VRFC 10-311] analyzing module D_FF_1187
INFO: [VRFC 10-311] analyzing module D_FF_1188
INFO: [VRFC 10-311] analyzing module D_FF_1189
INFO: [VRFC 10-311] analyzing module D_FF_1190
INFO: [VRFC 10-311] analyzing module D_FF_1191
INFO: [VRFC 10-311] analyzing module D_FF_1192
INFO: [VRFC 10-311] analyzing module D_FF_1193
INFO: [VRFC 10-311] analyzing module D_FF_1194
INFO: [VRFC 10-311] analyzing module D_FF_1195
INFO: [VRFC 10-311] analyzing module D_FF_1196
INFO: [VRFC 10-311] analyzing module D_FF_1197
INFO: [VRFC 10-311] analyzing module D_FF_1198
INFO: [VRFC 10-311] analyzing module D_FF_1199
INFO: [VRFC 10-311] analyzing module D_FF_1200
INFO: [VRFC 10-311] analyzing module D_FF_1201
INFO: [VRFC 10-311] analyzing module D_FF_1202
INFO: [VRFC 10-311] analyzing module D_FF_1203
INFO: [VRFC 10-311] analyzing module D_FF_1204
INFO: [VRFC 10-311] analyzing module D_FF_1205
INFO: [VRFC 10-311] analyzing module D_FF_1206
INFO: [VRFC 10-311] analyzing module D_FF_1207
INFO: [VRFC 10-311] analyzing module D_FF_1208
INFO: [VRFC 10-311] analyzing module D_FF_1209
INFO: [VRFC 10-311] analyzing module D_FF_1210
INFO: [VRFC 10-311] analyzing module D_FF_1211
INFO: [VRFC 10-311] analyzing module D_FF_1212
INFO: [VRFC 10-311] analyzing module D_FF_1213
INFO: [VRFC 10-311] analyzing module D_FF_1214
INFO: [VRFC 10-311] analyzing module D_FF_1215
INFO: [VRFC 10-311] analyzing module D_FF_1216
INFO: [VRFC 10-311] analyzing module D_FF_1217
INFO: [VRFC 10-311] analyzing module D_FF_1222
INFO: [VRFC 10-311] analyzing module D_FF_1223
INFO: [VRFC 10-311] analyzing module D_FF_1224
INFO: [VRFC 10-311] analyzing module D_FF_1225
INFO: [VRFC 10-311] analyzing module D_FF_1248
INFO: [VRFC 10-311] analyzing module D_FF_1249
INFO: [VRFC 10-311] analyzing module D_FF_1250
INFO: [VRFC 10-311] analyzing module D_FF_1251
INFO: [VRFC 10-311] analyzing module D_FF_1252
INFO: [VRFC 10-311] analyzing module D_FF_1253
INFO: [VRFC 10-311] analyzing module D_FF_1254
INFO: [VRFC 10-311] analyzing module D_FF_1255
INFO: [VRFC 10-311] analyzing module D_FF_1256
INFO: [VRFC 10-311] analyzing module D_FF_1257
INFO: [VRFC 10-311] analyzing module D_FF_1258
INFO: [VRFC 10-311] analyzing module D_FF_1259
INFO: [VRFC 10-311] analyzing module D_FF_1260
INFO: [VRFC 10-311] analyzing module D_FF_1261
INFO: [VRFC 10-311] analyzing module D_FF_1262
INFO: [VRFC 10-311] analyzing module D_FF_1263
INFO: [VRFC 10-311] analyzing module D_FF_1264
INFO: [VRFC 10-311] analyzing module D_FF_1265
INFO: [VRFC 10-311] analyzing module D_FF_1266
INFO: [VRFC 10-311] analyzing module D_FF_1267
INFO: [VRFC 10-311] analyzing module D_FF_1268
INFO: [VRFC 10-311] analyzing module D_FF_1269
INFO: [VRFC 10-311] analyzing module D_FF_1278
INFO: [VRFC 10-311] analyzing module D_FF_1279
INFO: [VRFC 10-311] analyzing module D_FF_1280
INFO: [VRFC 10-311] analyzing module D_FF_1281
INFO: [VRFC 10-311] analyzing module D_FF_1282
INFO: [VRFC 10-311] analyzing module D_FF_1283
INFO: [VRFC 10-311] analyzing module D_FF_1284
INFO: [VRFC 10-311] analyzing module D_FF_1285
INFO: [VRFC 10-311] analyzing module D_FF_1286
INFO: [VRFC 10-311] analyzing module D_FF_1287
INFO: [VRFC 10-311] analyzing module D_FF_1320
INFO: [VRFC 10-311] analyzing module D_FF_1321
INFO: [VRFC 10-311] analyzing module D_FF_1322
INFO: [VRFC 10-311] analyzing module D_FF_1323
INFO: [VRFC 10-311] analyzing module D_FF_1324
INFO: [VRFC 10-311] analyzing module D_FF_1325
INFO: [VRFC 10-311] analyzing module D_FF_1326
INFO: [VRFC 10-311] analyzing module D_FF_1327
INFO: [VRFC 10-311] analyzing module D_FF_1328
INFO: [VRFC 10-311] analyzing module D_FF_1329
INFO: [VRFC 10-311] analyzing module D_FF_1330
INFO: [VRFC 10-311] analyzing module D_FF_1331
INFO: [VRFC 10-311] analyzing module D_FF_1332
INFO: [VRFC 10-311] analyzing module D_FF_1333
INFO: [VRFC 10-311] analyzing module D_FF_1334
INFO: [VRFC 10-311] analyzing module D_FF_1335
INFO: [VRFC 10-311] analyzing module D_FF_1336
INFO: [VRFC 10-311] analyzing module D_FF_1337
INFO: [VRFC 10-311] analyzing module D_FF_1338
INFO: [VRFC 10-311] analyzing module D_FF_1339
INFO: [VRFC 10-311] analyzing module D_FF_1340
INFO: [VRFC 10-311] analyzing module D_FF_1341
INFO: [VRFC 10-311] analyzing module D_FF_1342
INFO: [VRFC 10-311] analyzing module D_FF_1343
INFO: [VRFC 10-311] analyzing module D_FF_1344
INFO: [VRFC 10-311] analyzing module D_FF_1345
INFO: [VRFC 10-311] analyzing module D_FF_1346
INFO: [VRFC 10-311] analyzing module D_FF_1347
INFO: [VRFC 10-311] analyzing module D_FF_1348
INFO: [VRFC 10-311] analyzing module D_FF_1349
INFO: [VRFC 10-311] analyzing module D_FF_1350
INFO: [VRFC 10-311] analyzing module D_FF_1351
INFO: [VRFC 10-311] analyzing module D_FF_1384
INFO: [VRFC 10-311] analyzing module D_FF_1385
INFO: [VRFC 10-311] analyzing module D_FF_1386
INFO: [VRFC 10-311] analyzing module D_FF_1387
INFO: [VRFC 10-311] analyzing module D_FF_1388
INFO: [VRFC 10-311] analyzing module D_FF_1389
INFO: [VRFC 10-311] analyzing module D_FF_1390
INFO: [VRFC 10-311] analyzing module D_FF_1391
INFO: [VRFC 10-311] analyzing module D_FF_1392
INFO: [VRFC 10-311] analyzing module D_FF_1393
INFO: [VRFC 10-311] analyzing module D_FF_1394
INFO: [VRFC 10-311] analyzing module D_FF_1395
INFO: [VRFC 10-311] analyzing module D_FF_1396
INFO: [VRFC 10-311] analyzing module D_FF_1397
INFO: [VRFC 10-311] analyzing module D_FF_1398
INFO: [VRFC 10-311] analyzing module D_FF_1399
INFO: [VRFC 10-311] analyzing module D_FF_1400
INFO: [VRFC 10-311] analyzing module D_FF_1401
INFO: [VRFC 10-311] analyzing module D_FF_1402
INFO: [VRFC 10-311] analyzing module D_FF_1403
INFO: [VRFC 10-311] analyzing module D_FF_1404
INFO: [VRFC 10-311] analyzing module D_FF_1405
INFO: [VRFC 10-311] analyzing module D_FF_1406
INFO: [VRFC 10-311] analyzing module D_FF_1407
INFO: [VRFC 10-311] analyzing module D_FF_1408
INFO: [VRFC 10-311] analyzing module D_FF_1409
INFO: [VRFC 10-311] analyzing module D_FF_1410
INFO: [VRFC 10-311] analyzing module D_FF_1411
INFO: [VRFC 10-311] analyzing module D_FF_1412
INFO: [VRFC 10-311] analyzing module D_FF_1413
INFO: [VRFC 10-311] analyzing module D_FF_1414
INFO: [VRFC 10-311] analyzing module D_FF_1415
INFO: [VRFC 10-311] analyzing module D_FF_1420
INFO: [VRFC 10-311] analyzing module D_FF_1421
INFO: [VRFC 10-311] analyzing module D_FF_1422
INFO: [VRFC 10-311] analyzing module D_FF_1423
INFO: [VRFC 10-311] analyzing module D_FF_1424
INFO: [VRFC 10-311] analyzing module D_FF_1425
INFO: [VRFC 10-311] analyzing module D_FF_1426
INFO: [VRFC 10-311] analyzing module D_FF_1427
INFO: [VRFC 10-311] analyzing module D_FF_1439
INFO: [VRFC 10-311] analyzing module D_FF_1440
INFO: [VRFC 10-311] analyzing module D_FF_1441
INFO: [VRFC 10-311] analyzing module D_FF_1442
INFO: [VRFC 10-311] analyzing module D_FF_1443
INFO: [VRFC 10-311] analyzing module D_FF_1444
INFO: [VRFC 10-311] analyzing module D_FF_1445
INFO: [VRFC 10-311] analyzing module D_FF_1446
INFO: [VRFC 10-311] analyzing module D_FF_1447
INFO: [VRFC 10-311] analyzing module D_FF_1448
INFO: [VRFC 10-311] analyzing module D_FF_1449
INFO: [VRFC 10-311] analyzing module D_FF_1450
INFO: [VRFC 10-311] analyzing module D_FF_1451
INFO: [VRFC 10-311] analyzing module D_FF_1452
INFO: [VRFC 10-311] analyzing module D_FF_1453
INFO: [VRFC 10-311] analyzing module D_FF_1454
INFO: [VRFC 10-311] analyzing module D_FF_1455
INFO: [VRFC 10-311] analyzing module D_FF_1456
INFO: [VRFC 10-311] analyzing module D_FF_1457
INFO: [VRFC 10-311] analyzing module D_FF_1458
INFO: [VRFC 10-311] analyzing module D_FF_147
INFO: [VRFC 10-311] analyzing module D_FF_148
INFO: [VRFC 10-311] analyzing module D_FF_149
INFO: [VRFC 10-311] analyzing module D_FF_1491
INFO: [VRFC 10-311] analyzing module D_FF_1492
INFO: [VRFC 10-311] analyzing module D_FF_1493
INFO: [VRFC 10-311] analyzing module D_FF_1494
INFO: [VRFC 10-311] analyzing module D_FF_1495
INFO: [VRFC 10-311] analyzing module D_FF_1496
INFO: [VRFC 10-311] analyzing module D_FF_1497
INFO: [VRFC 10-311] analyzing module D_FF_1498
INFO: [VRFC 10-311] analyzing module D_FF_1499
INFO: [VRFC 10-311] analyzing module D_FF_150
INFO: [VRFC 10-311] analyzing module D_FF_1500
INFO: [VRFC 10-311] analyzing module D_FF_1501
INFO: [VRFC 10-311] analyzing module D_FF_1502
INFO: [VRFC 10-311] analyzing module D_FF_1503
INFO: [VRFC 10-311] analyzing module D_FF_1504
INFO: [VRFC 10-311] analyzing module D_FF_1505
INFO: [VRFC 10-311] analyzing module D_FF_1506
INFO: [VRFC 10-311] analyzing module D_FF_1507
INFO: [VRFC 10-311] analyzing module D_FF_1508
INFO: [VRFC 10-311] analyzing module D_FF_1509
INFO: [VRFC 10-311] analyzing module D_FF_151
INFO: [VRFC 10-311] analyzing module D_FF_1510
INFO: [VRFC 10-311] analyzing module D_FF_1511
INFO: [VRFC 10-311] analyzing module D_FF_1512
INFO: [VRFC 10-311] analyzing module D_FF_1513
INFO: [VRFC 10-311] analyzing module D_FF_1514
INFO: [VRFC 10-311] analyzing module D_FF_1515
INFO: [VRFC 10-311] analyzing module D_FF_1516
INFO: [VRFC 10-311] analyzing module D_FF_1517
INFO: [VRFC 10-311] analyzing module D_FF_1518
INFO: [VRFC 10-311] analyzing module D_FF_1519
INFO: [VRFC 10-311] analyzing module D_FF_152
INFO: [VRFC 10-311] analyzing module D_FF_1520
INFO: [VRFC 10-311] analyzing module D_FF_1521
INFO: [VRFC 10-311] analyzing module D_FF_1522
INFO: [VRFC 10-311] analyzing module D_FF_1523
INFO: [VRFC 10-311] analyzing module D_FF_1524
INFO: [VRFC 10-311] analyzing module D_FF_1525
INFO: [VRFC 10-311] analyzing module D_FF_153
INFO: [VRFC 10-311] analyzing module D_FF_154
INFO: [VRFC 10-311] analyzing module D_FF_155
INFO: [VRFC 10-311] analyzing module D_FF_1558
INFO: [VRFC 10-311] analyzing module D_FF_1559
INFO: [VRFC 10-311] analyzing module D_FF_156
INFO: [VRFC 10-311] analyzing module D_FF_1560
INFO: [VRFC 10-311] analyzing module D_FF_1561
INFO: [VRFC 10-311] analyzing module D_FF_1562
INFO: [VRFC 10-311] analyzing module D_FF_1563
INFO: [VRFC 10-311] analyzing module D_FF_1564
INFO: [VRFC 10-311] analyzing module D_FF_1565
INFO: [VRFC 10-311] analyzing module D_FF_1566
INFO: [VRFC 10-311] analyzing module D_FF_1567
INFO: [VRFC 10-311] analyzing module D_FF_1568
INFO: [VRFC 10-311] analyzing module D_FF_1569
INFO: [VRFC 10-311] analyzing module D_FF_157
INFO: [VRFC 10-311] analyzing module D_FF_1570
INFO: [VRFC 10-311] analyzing module D_FF_1571
INFO: [VRFC 10-311] analyzing module D_FF_1572
INFO: [VRFC 10-311] analyzing module D_FF_1573
INFO: [VRFC 10-311] analyzing module D_FF_1574
INFO: [VRFC 10-311] analyzing module D_FF_1575
INFO: [VRFC 10-311] analyzing module D_FF_1576
INFO: [VRFC 10-311] analyzing module D_FF_1577
INFO: [VRFC 10-311] analyzing module D_FF_1578
INFO: [VRFC 10-311] analyzing module D_FF_1579
INFO: [VRFC 10-311] analyzing module D_FF_158
INFO: [VRFC 10-311] analyzing module D_FF_1580
INFO: [VRFC 10-311] analyzing module D_FF_1581
INFO: [VRFC 10-311] analyzing module D_FF_1582
INFO: [VRFC 10-311] analyzing module D_FF_1583
INFO: [VRFC 10-311] analyzing module D_FF_1584
INFO: [VRFC 10-311] analyzing module D_FF_1585
INFO: [VRFC 10-311] analyzing module D_FF_1586
INFO: [VRFC 10-311] analyzing module D_FF_1587
INFO: [VRFC 10-311] analyzing module D_FF_1588
INFO: [VRFC 10-311] analyzing module D_FF_1589
INFO: [VRFC 10-311] analyzing module D_FF_159
INFO: [VRFC 10-311] analyzing module D_FF_160
INFO: [VRFC 10-311] analyzing module D_FF_161
INFO: [VRFC 10-311] analyzing module D_FF_162
INFO: [VRFC 10-311] analyzing module D_FF_163
INFO: [VRFC 10-311] analyzing module D_FF_164
INFO: [VRFC 10-311] analyzing module D_FF_165
INFO: [VRFC 10-311] analyzing module D_FF_166
INFO: [VRFC 10-311] analyzing module D_FF_167
INFO: [VRFC 10-311] analyzing module D_FF_168
INFO: [VRFC 10-311] analyzing module D_FF_169
INFO: [VRFC 10-311] analyzing module D_FF_170
INFO: [VRFC 10-311] analyzing module D_FF_171
INFO: [VRFC 10-311] analyzing module D_FF_172
INFO: [VRFC 10-311] analyzing module D_FF_173
INFO: [VRFC 10-311] analyzing module D_FF_174
INFO: [VRFC 10-311] analyzing module D_FF_175
INFO: [VRFC 10-311] analyzing module D_FF_176
INFO: [VRFC 10-311] analyzing module D_FF_177
INFO: [VRFC 10-311] analyzing module D_FF_178
INFO: [VRFC 10-311] analyzing module D_FF_211
INFO: [VRFC 10-311] analyzing module D_FF_212
INFO: [VRFC 10-311] analyzing module D_FF_213
INFO: [VRFC 10-311] analyzing module D_FF_214
INFO: [VRFC 10-311] analyzing module D_FF_215
INFO: [VRFC 10-311] analyzing module D_FF_216
INFO: [VRFC 10-311] analyzing module D_FF_217
INFO: [VRFC 10-311] analyzing module D_FF_218
INFO: [VRFC 10-311] analyzing module D_FF_219
INFO: [VRFC 10-311] analyzing module D_FF_220
INFO: [VRFC 10-311] analyzing module D_FF_221
INFO: [VRFC 10-311] analyzing module D_FF_222
INFO: [VRFC 10-311] analyzing module D_FF_223
INFO: [VRFC 10-311] analyzing module D_FF_224
INFO: [VRFC 10-311] analyzing module D_FF_225
INFO: [VRFC 10-311] analyzing module D_FF_226
INFO: [VRFC 10-311] analyzing module D_FF_227
INFO: [VRFC 10-311] analyzing module D_FF_228
INFO: [VRFC 10-311] analyzing module D_FF_229
INFO: [VRFC 10-311] analyzing module D_FF_230
INFO: [VRFC 10-311] analyzing module D_FF_231
INFO: [VRFC 10-311] analyzing module D_FF_232
INFO: [VRFC 10-311] analyzing module D_FF_233
INFO: [VRFC 10-311] analyzing module D_FF_234
INFO: [VRFC 10-311] analyzing module D_FF_235
INFO: [VRFC 10-311] analyzing module D_FF_236
INFO: [VRFC 10-311] analyzing module D_FF_237
INFO: [VRFC 10-311] analyzing module D_FF_238
INFO: [VRFC 10-311] analyzing module D_FF_239
INFO: [VRFC 10-311] analyzing module D_FF_240
INFO: [VRFC 10-311] analyzing module D_FF_241
INFO: [VRFC 10-311] analyzing module D_FF_242
INFO: [VRFC 10-311] analyzing module D_FF_275
INFO: [VRFC 10-311] analyzing module D_FF_276
INFO: [VRFC 10-311] analyzing module D_FF_277
INFO: [VRFC 10-311] analyzing module D_FF_278
INFO: [VRFC 10-311] analyzing module D_FF_279
INFO: [VRFC 10-311] analyzing module D_FF_280
INFO: [VRFC 10-311] analyzing module D_FF_281
INFO: [VRFC 10-311] analyzing module D_FF_282
INFO: [VRFC 10-311] analyzing module D_FF_283
INFO: [VRFC 10-311] analyzing module D_FF_284
INFO: [VRFC 10-311] analyzing module D_FF_285
INFO: [VRFC 10-311] analyzing module D_FF_286
INFO: [VRFC 10-311] analyzing module D_FF_287
INFO: [VRFC 10-311] analyzing module D_FF_288
INFO: [VRFC 10-311] analyzing module D_FF_289
INFO: [VRFC 10-311] analyzing module D_FF_290
INFO: [VRFC 10-311] analyzing module D_FF_291
INFO: [VRFC 10-311] analyzing module D_FF_292
INFO: [VRFC 10-311] analyzing module D_FF_293
INFO: [VRFC 10-311] analyzing module D_FF_294
INFO: [VRFC 10-311] analyzing module D_FF_295
INFO: [VRFC 10-311] analyzing module D_FF_296
INFO: [VRFC 10-311] analyzing module D_FF_297
INFO: [VRFC 10-311] analyzing module D_FF_298
INFO: [VRFC 10-311] analyzing module D_FF_299
INFO: [VRFC 10-311] analyzing module D_FF_300
INFO: [VRFC 10-311] analyzing module D_FF_301
INFO: [VRFC 10-311] analyzing module D_FF_302
INFO: [VRFC 10-311] analyzing module D_FF_303
INFO: [VRFC 10-311] analyzing module D_FF_304
INFO: [VRFC 10-311] analyzing module D_FF_305
INFO: [VRFC 10-311] analyzing module D_FF_306
INFO: [VRFC 10-311] analyzing module D_FF_339
INFO: [VRFC 10-311] analyzing module D_FF_340
INFO: [VRFC 10-311] analyzing module D_FF_341
INFO: [VRFC 10-311] analyzing module D_FF_342
INFO: [VRFC 10-311] analyzing module D_FF_343
INFO: [VRFC 10-311] analyzing module D_FF_344
INFO: [VRFC 10-311] analyzing module D_FF_345
INFO: [VRFC 10-311] analyzing module D_FF_346
INFO: [VRFC 10-311] analyzing module D_FF_347
INFO: [VRFC 10-311] analyzing module D_FF_348
INFO: [VRFC 10-311] analyzing module D_FF_349
INFO: [VRFC 10-311] analyzing module D_FF_350
INFO: [VRFC 10-311] analyzing module D_FF_351
INFO: [VRFC 10-311] analyzing module D_FF_352
INFO: [VRFC 10-311] analyzing module D_FF_353
INFO: [VRFC 10-311] analyzing module D_FF_354
INFO: [VRFC 10-311] analyzing module D_FF_355
INFO: [VRFC 10-311] analyzing module D_FF_356
INFO: [VRFC 10-311] analyzing module D_FF_357
INFO: [VRFC 10-311] analyzing module D_FF_358
INFO: [VRFC 10-311] analyzing module D_FF_359
INFO: [VRFC 10-311] analyzing module D_FF_360
INFO: [VRFC 10-311] analyzing module D_FF_361
INFO: [VRFC 10-311] analyzing module D_FF_362
INFO: [VRFC 10-311] analyzing module D_FF_363
INFO: [VRFC 10-311] analyzing module D_FF_364
INFO: [VRFC 10-311] analyzing module D_FF_365
INFO: [VRFC 10-311] analyzing module D_FF_366
INFO: [VRFC 10-311] analyzing module D_FF_367
INFO: [VRFC 10-311] analyzing module D_FF_368
INFO: [VRFC 10-311] analyzing module D_FF_369
INFO: [VRFC 10-311] analyzing module D_FF_370
INFO: [VRFC 10-311] analyzing module D_FF_403
INFO: [VRFC 10-311] analyzing module D_FF_404
INFO: [VRFC 10-311] analyzing module D_FF_405
INFO: [VRFC 10-311] analyzing module D_FF_406
INFO: [VRFC 10-311] analyzing module D_FF_407
INFO: [VRFC 10-311] analyzing module D_FF_408
INFO: [VRFC 10-311] analyzing module D_FF_409
INFO: [VRFC 10-311] analyzing module D_FF_410
INFO: [VRFC 10-311] analyzing module D_FF_411
INFO: [VRFC 10-311] analyzing module D_FF_412
INFO: [VRFC 10-311] analyzing module D_FF_413
INFO: [VRFC 10-311] analyzing module D_FF_414
INFO: [VRFC 10-311] analyzing module D_FF_415
INFO: [VRFC 10-311] analyzing module D_FF_416
INFO: [VRFC 10-311] analyzing module D_FF_417
INFO: [VRFC 10-311] analyzing module D_FF_418
INFO: [VRFC 10-311] analyzing module D_FF_419
INFO: [VRFC 10-311] analyzing module D_FF_420
INFO: [VRFC 10-311] analyzing module D_FF_421
INFO: [VRFC 10-311] analyzing module D_FF_422
INFO: [VRFC 10-311] analyzing module D_FF_423
INFO: [VRFC 10-311] analyzing module D_FF_424
INFO: [VRFC 10-311] analyzing module D_FF_425
INFO: [VRFC 10-311] analyzing module D_FF_426
INFO: [VRFC 10-311] analyzing module D_FF_427
INFO: [VRFC 10-311] analyzing module D_FF_428
INFO: [VRFC 10-311] analyzing module D_FF_429
INFO: [VRFC 10-311] analyzing module D_FF_430
INFO: [VRFC 10-311] analyzing module D_FF_431
INFO: [VRFC 10-311] analyzing module D_FF_432
INFO: [VRFC 10-311] analyzing module D_FF_433
INFO: [VRFC 10-311] analyzing module D_FF_434
INFO: [VRFC 10-311] analyzing module D_FF_467
INFO: [VRFC 10-311] analyzing module D_FF_468
INFO: [VRFC 10-311] analyzing module D_FF_469
INFO: [VRFC 10-311] analyzing module D_FF_470
INFO: [VRFC 10-311] analyzing module D_FF_471
INFO: [VRFC 10-311] analyzing module D_FF_472
INFO: [VRFC 10-311] analyzing module D_FF_473
INFO: [VRFC 10-311] analyzing module D_FF_474
INFO: [VRFC 10-311] analyzing module D_FF_475
INFO: [VRFC 10-311] analyzing module D_FF_476
INFO: [VRFC 10-311] analyzing module D_FF_477
INFO: [VRFC 10-311] analyzing module D_FF_478
INFO: [VRFC 10-311] analyzing module D_FF_479
INFO: [VRFC 10-311] analyzing module D_FF_480
INFO: [VRFC 10-311] analyzing module D_FF_481
INFO: [VRFC 10-311] analyzing module D_FF_482
INFO: [VRFC 10-311] analyzing module D_FF_483
INFO: [VRFC 10-311] analyzing module D_FF_484
INFO: [VRFC 10-311] analyzing module D_FF_485
INFO: [VRFC 10-311] analyzing module D_FF_486
INFO: [VRFC 10-311] analyzing module D_FF_487
INFO: [VRFC 10-311] analyzing module D_FF_488
INFO: [VRFC 10-311] analyzing module D_FF_489
INFO: [VRFC 10-311] analyzing module D_FF_490
INFO: [VRFC 10-311] analyzing module D_FF_491
INFO: [VRFC 10-311] analyzing module D_FF_492
INFO: [VRFC 10-311] analyzing module D_FF_493
INFO: [VRFC 10-311] analyzing module D_FF_494
INFO: [VRFC 10-311] analyzing module D_FF_495
INFO: [VRFC 10-311] analyzing module D_FF_496
INFO: [VRFC 10-311] analyzing module D_FF_497
INFO: [VRFC 10-311] analyzing module D_FF_498
INFO: [VRFC 10-311] analyzing module D_FF_531
INFO: [VRFC 10-311] analyzing module D_FF_532
INFO: [VRFC 10-311] analyzing module D_FF_533
INFO: [VRFC 10-311] analyzing module D_FF_534
INFO: [VRFC 10-311] analyzing module D_FF_535
INFO: [VRFC 10-311] analyzing module D_FF_536
INFO: [VRFC 10-311] analyzing module D_FF_537
INFO: [VRFC 10-311] analyzing module D_FF_538
INFO: [VRFC 10-311] analyzing module D_FF_539
INFO: [VRFC 10-311] analyzing module D_FF_540
INFO: [VRFC 10-311] analyzing module D_FF_541
INFO: [VRFC 10-311] analyzing module D_FF_542
INFO: [VRFC 10-311] analyzing module D_FF_543
INFO: [VRFC 10-311] analyzing module D_FF_544
INFO: [VRFC 10-311] analyzing module D_FF_545
INFO: [VRFC 10-311] analyzing module D_FF_546
INFO: [VRFC 10-311] analyzing module D_FF_547
INFO: [VRFC 10-311] analyzing module D_FF_548
INFO: [VRFC 10-311] analyzing module D_FF_549
INFO: [VRFC 10-311] analyzing module D_FF_550
INFO: [VRFC 10-311] analyzing module D_FF_551
INFO: [VRFC 10-311] analyzing module D_FF_552
INFO: [VRFC 10-311] analyzing module D_FF_553
INFO: [VRFC 10-311] analyzing module D_FF_554
INFO: [VRFC 10-311] analyzing module D_FF_555
INFO: [VRFC 10-311] analyzing module D_FF_556
INFO: [VRFC 10-311] analyzing module D_FF_557
INFO: [VRFC 10-311] analyzing module D_FF_558
INFO: [VRFC 10-311] analyzing module D_FF_559
INFO: [VRFC 10-311] analyzing module D_FF_560
INFO: [VRFC 10-311] analyzing module D_FF_561
INFO: [VRFC 10-311] analyzing module D_FF_562
INFO: [VRFC 10-311] analyzing module D_FF_595
INFO: [VRFC 10-311] analyzing module D_FF_596
INFO: [VRFC 10-311] analyzing module D_FF_597
INFO: [VRFC 10-311] analyzing module D_FF_598
INFO: [VRFC 10-311] analyzing module D_FF_599
INFO: [VRFC 10-311] analyzing module D_FF_600
INFO: [VRFC 10-311] analyzing module D_FF_601
INFO: [VRFC 10-311] analyzing module D_FF_602
INFO: [VRFC 10-311] analyzing module D_FF_603
INFO: [VRFC 10-311] analyzing module D_FF_604
INFO: [VRFC 10-311] analyzing module D_FF_605
INFO: [VRFC 10-311] analyzing module D_FF_606
INFO: [VRFC 10-311] analyzing module D_FF_607
INFO: [VRFC 10-311] analyzing module D_FF_608
INFO: [VRFC 10-311] analyzing module D_FF_609
INFO: [VRFC 10-311] analyzing module D_FF_610
INFO: [VRFC 10-311] analyzing module D_FF_611
INFO: [VRFC 10-311] analyzing module D_FF_612
INFO: [VRFC 10-311] analyzing module D_FF_613
INFO: [VRFC 10-311] analyzing module D_FF_614
INFO: [VRFC 10-311] analyzing module D_FF_615
INFO: [VRFC 10-311] analyzing module D_FF_616
INFO: [VRFC 10-311] analyzing module D_FF_617
INFO: [VRFC 10-311] analyzing module D_FF_618
INFO: [VRFC 10-311] analyzing module D_FF_619
INFO: [VRFC 10-311] analyzing module D_FF_620
INFO: [VRFC 10-311] analyzing module D_FF_621
INFO: [VRFC 10-311] analyzing module D_FF_622
INFO: [VRFC 10-311] analyzing module D_FF_623
INFO: [VRFC 10-311] analyzing module D_FF_624
INFO: [VRFC 10-311] analyzing module D_FF_625
INFO: [VRFC 10-311] analyzing module D_FF_626
INFO: [VRFC 10-311] analyzing module D_FF_659
INFO: [VRFC 10-311] analyzing module D_FF_660
INFO: [VRFC 10-311] analyzing module D_FF_661
INFO: [VRFC 10-311] analyzing module D_FF_662
INFO: [VRFC 10-311] analyzing module D_FF_663
INFO: [VRFC 10-311] analyzing module D_FF_664
INFO: [VRFC 10-311] analyzing module D_FF_665
INFO: [VRFC 10-311] analyzing module D_FF_666
INFO: [VRFC 10-311] analyzing module D_FF_667
INFO: [VRFC 10-311] analyzing module D_FF_668
INFO: [VRFC 10-311] analyzing module D_FF_669
INFO: [VRFC 10-311] analyzing module D_FF_670
INFO: [VRFC 10-311] analyzing module D_FF_671
INFO: [VRFC 10-311] analyzing module D_FF_672
INFO: [VRFC 10-311] analyzing module D_FF_673
INFO: [VRFC 10-311] analyzing module D_FF_674
INFO: [VRFC 10-311] analyzing module D_FF_675
INFO: [VRFC 10-311] analyzing module D_FF_676
INFO: [VRFC 10-311] analyzing module D_FF_677
INFO: [VRFC 10-311] analyzing module D_FF_678
INFO: [VRFC 10-311] analyzing module D_FF_679
INFO: [VRFC 10-311] analyzing module D_FF_680
INFO: [VRFC 10-311] analyzing module D_FF_681
INFO: [VRFC 10-311] analyzing module D_FF_682
INFO: [VRFC 10-311] analyzing module D_FF_683
INFO: [VRFC 10-311] analyzing module D_FF_684
INFO: [VRFC 10-311] analyzing module D_FF_685
INFO: [VRFC 10-311] analyzing module D_FF_686
INFO: [VRFC 10-311] analyzing module D_FF_687
INFO: [VRFC 10-311] analyzing module D_FF_688
INFO: [VRFC 10-311] analyzing module D_FF_689
INFO: [VRFC 10-311] analyzing module D_FF_690
INFO: [VRFC 10-311] analyzing module D_FF_723
INFO: [VRFC 10-311] analyzing module D_FF_724
INFO: [VRFC 10-311] analyzing module D_FF_725
INFO: [VRFC 10-311] analyzing module D_FF_726
INFO: [VRFC 10-311] analyzing module D_FF_727
INFO: [VRFC 10-311] analyzing module D_FF_728
INFO: [VRFC 10-311] analyzing module D_FF_729
INFO: [VRFC 10-311] analyzing module D_FF_730
INFO: [VRFC 10-311] analyzing module D_FF_731
INFO: [VRFC 10-311] analyzing module D_FF_732
INFO: [VRFC 10-311] analyzing module D_FF_733
INFO: [VRFC 10-311] analyzing module D_FF_734
INFO: [VRFC 10-311] analyzing module D_FF_735
INFO: [VRFC 10-311] analyzing module D_FF_736
INFO: [VRFC 10-311] analyzing module D_FF_737
INFO: [VRFC 10-311] analyzing module D_FF_738
INFO: [VRFC 10-311] analyzing module D_FF_739
INFO: [VRFC 10-311] analyzing module D_FF_740
INFO: [VRFC 10-311] analyzing module D_FF_741
INFO: [VRFC 10-311] analyzing module D_FF_742
INFO: [VRFC 10-311] analyzing module D_FF_743
INFO: [VRFC 10-311] analyzing module D_FF_744
INFO: [VRFC 10-311] analyzing module D_FF_745
INFO: [VRFC 10-311] analyzing module D_FF_746
INFO: [VRFC 10-311] analyzing module D_FF_747
INFO: [VRFC 10-311] analyzing module D_FF_748
INFO: [VRFC 10-311] analyzing module D_FF_749
INFO: [VRFC 10-311] analyzing module D_FF_750
INFO: [VRFC 10-311] analyzing module D_FF_751
INFO: [VRFC 10-311] analyzing module D_FF_752
INFO: [VRFC 10-311] analyzing module D_FF_753
INFO: [VRFC 10-311] analyzing module D_FF_754
INFO: [VRFC 10-311] analyzing module D_FF_787
INFO: [VRFC 10-311] analyzing module D_FF_788
INFO: [VRFC 10-311] analyzing module D_FF_789
INFO: [VRFC 10-311] analyzing module D_FF_790
INFO: [VRFC 10-311] analyzing module D_FF_791
INFO: [VRFC 10-311] analyzing module D_FF_792
INFO: [VRFC 10-311] analyzing module D_FF_793
INFO: [VRFC 10-311] analyzing module D_FF_794
INFO: [VRFC 10-311] analyzing module D_FF_795
INFO: [VRFC 10-311] analyzing module D_FF_796
INFO: [VRFC 10-311] analyzing module D_FF_797
INFO: [VRFC 10-311] analyzing module D_FF_798
INFO: [VRFC 10-311] analyzing module D_FF_799
INFO: [VRFC 10-311] analyzing module D_FF_800
INFO: [VRFC 10-311] analyzing module D_FF_801
INFO: [VRFC 10-311] analyzing module D_FF_802
INFO: [VRFC 10-311] analyzing module D_FF_803
INFO: [VRFC 10-311] analyzing module D_FF_804
INFO: [VRFC 10-311] analyzing module D_FF_805
INFO: [VRFC 10-311] analyzing module D_FF_806
INFO: [VRFC 10-311] analyzing module D_FF_807
INFO: [VRFC 10-311] analyzing module D_FF_808
INFO: [VRFC 10-311] analyzing module D_FF_809
INFO: [VRFC 10-311] analyzing module D_FF_810
INFO: [VRFC 10-311] analyzing module D_FF_811
INFO: [VRFC 10-311] analyzing module D_FF_812
INFO: [VRFC 10-311] analyzing module D_FF_813
INFO: [VRFC 10-311] analyzing module D_FF_814
INFO: [VRFC 10-311] analyzing module D_FF_815
INFO: [VRFC 10-311] analyzing module D_FF_816
INFO: [VRFC 10-311] analyzing module D_FF_817
INFO: [VRFC 10-311] analyzing module D_FF_818
INFO: [VRFC 10-311] analyzing module D_FF_84
INFO: [VRFC 10-311] analyzing module D_FF_85
INFO: [VRFC 10-311] analyzing module D_FF_851
INFO: [VRFC 10-311] analyzing module D_FF_852
INFO: [VRFC 10-311] analyzing module D_FF_853
INFO: [VRFC 10-311] analyzing module D_FF_854
INFO: [VRFC 10-311] analyzing module D_FF_855
INFO: [VRFC 10-311] analyzing module D_FF_856
INFO: [VRFC 10-311] analyzing module D_FF_857
INFO: [VRFC 10-311] analyzing module D_FF_858
INFO: [VRFC 10-311] analyzing module D_FF_859
INFO: [VRFC 10-311] analyzing module D_FF_86
INFO: [VRFC 10-311] analyzing module D_FF_860
INFO: [VRFC 10-311] analyzing module D_FF_861
INFO: [VRFC 10-311] analyzing module D_FF_862
INFO: [VRFC 10-311] analyzing module D_FF_863
INFO: [VRFC 10-311] analyzing module D_FF_864
INFO: [VRFC 10-311] analyzing module D_FF_865
INFO: [VRFC 10-311] analyzing module D_FF_866
INFO: [VRFC 10-311] analyzing module D_FF_867
INFO: [VRFC 10-311] analyzing module D_FF_868
INFO: [VRFC 10-311] analyzing module D_FF_869
INFO: [VRFC 10-311] analyzing module D_FF_87
INFO: [VRFC 10-311] analyzing module D_FF_870
INFO: [VRFC 10-311] analyzing module D_FF_871
INFO: [VRFC 10-311] analyzing module D_FF_872
INFO: [VRFC 10-311] analyzing module D_FF_873
INFO: [VRFC 10-311] analyzing module D_FF_874
INFO: [VRFC 10-311] analyzing module D_FF_875
INFO: [VRFC 10-311] analyzing module D_FF_876
INFO: [VRFC 10-311] analyzing module D_FF_877
INFO: [VRFC 10-311] analyzing module D_FF_878
INFO: [VRFC 10-311] analyzing module D_FF_879
INFO: [VRFC 10-311] analyzing module D_FF_88
INFO: [VRFC 10-311] analyzing module D_FF_880
INFO: [VRFC 10-311] analyzing module D_FF_881
INFO: [VRFC 10-311] analyzing module D_FF_882
INFO: [VRFC 10-311] analyzing module D_FF_89
INFO: [VRFC 10-311] analyzing module D_FF_90
INFO: [VRFC 10-311] analyzing module D_FF_91
INFO: [VRFC 10-311] analyzing module D_FF_915
INFO: [VRFC 10-311] analyzing module D_FF_916
INFO: [VRFC 10-311] analyzing module D_FF_917
INFO: [VRFC 10-311] analyzing module D_FF_918
INFO: [VRFC 10-311] analyzing module D_FF_919
INFO: [VRFC 10-311] analyzing module D_FF_92
INFO: [VRFC 10-311] analyzing module D_FF_920
INFO: [VRFC 10-311] analyzing module D_FF_921
INFO: [VRFC 10-311] analyzing module D_FF_922
INFO: [VRFC 10-311] analyzing module D_FF_923
INFO: [VRFC 10-311] analyzing module D_FF_924
INFO: [VRFC 10-311] analyzing module D_FF_925
INFO: [VRFC 10-311] analyzing module D_FF_926
INFO: [VRFC 10-311] analyzing module D_FF_927
INFO: [VRFC 10-311] analyzing module D_FF_928
INFO: [VRFC 10-311] analyzing module D_FF_929
INFO: [VRFC 10-311] analyzing module D_FF_93
INFO: [VRFC 10-311] analyzing module D_FF_930
INFO: [VRFC 10-311] analyzing module D_FF_931
INFO: [VRFC 10-311] analyzing module D_FF_932
INFO: [VRFC 10-311] analyzing module D_FF_933
INFO: [VRFC 10-311] analyzing module D_FF_934
INFO: [VRFC 10-311] analyzing module D_FF_935
INFO: [VRFC 10-311] analyzing module D_FF_936
INFO: [VRFC 10-311] analyzing module D_FF_937
INFO: [VRFC 10-311] analyzing module D_FF_938
INFO: [VRFC 10-311] analyzing module D_FF_939
INFO: [VRFC 10-311] analyzing module D_FF_94
INFO: [VRFC 10-311] analyzing module D_FF_940
INFO: [VRFC 10-311] analyzing module D_FF_941
INFO: [VRFC 10-311] analyzing module D_FF_942
INFO: [VRFC 10-311] analyzing module D_FF_943
INFO: [VRFC 10-311] analyzing module D_FF_944
INFO: [VRFC 10-311] analyzing module D_FF_945
INFO: [VRFC 10-311] analyzing module D_FF_946
INFO: [VRFC 10-311] analyzing module D_FF_95
INFO: [VRFC 10-311] analyzing module D_FF_96
INFO: [VRFC 10-311] analyzing module D_FF_97
INFO: [VRFC 10-311] analyzing module D_FF_979
INFO: [VRFC 10-311] analyzing module D_FF_98
INFO: [VRFC 10-311] analyzing module D_FF_980
INFO: [VRFC 10-311] analyzing module D_FF_981
INFO: [VRFC 10-311] analyzing module D_FF_982
INFO: [VRFC 10-311] analyzing module D_FF_983
INFO: [VRFC 10-311] analyzing module D_FF_984
INFO: [VRFC 10-311] analyzing module D_FF_985
INFO: [VRFC 10-311] analyzing module D_FF_986
INFO: [VRFC 10-311] analyzing module D_FF_987
INFO: [VRFC 10-311] analyzing module D_FF_988
INFO: [VRFC 10-311] analyzing module D_FF_989
INFO: [VRFC 10-311] analyzing module D_FF_99
INFO: [VRFC 10-311] analyzing module D_FF_990
INFO: [VRFC 10-311] analyzing module D_FF_991
INFO: [VRFC 10-311] analyzing module D_FF_992
INFO: [VRFC 10-311] analyzing module D_FF_993
INFO: [VRFC 10-311] analyzing module D_FF_994
INFO: [VRFC 10-311] analyzing module D_FF_995
INFO: [VRFC 10-311] analyzing module D_FF_996
INFO: [VRFC 10-311] analyzing module D_FF_997
INFO: [VRFC 10-311] analyzing module D_FF_998
INFO: [VRFC 10-311] analyzing module D_FF_999
INFO: [VRFC 10-311] analyzing module MIPSpipeline
INFO: [VRFC 10-311] analyzing module RegBit
INFO: [VRFC 10-311] analyzing module RegBit_0
INFO: [VRFC 10-311] analyzing module RegBit_1
INFO: [VRFC 10-311] analyzing module RegBit_10
INFO: [VRFC 10-311] analyzing module RegBit_1074
INFO: [VRFC 10-311] analyzing module RegBit_1075
INFO: [VRFC 10-311] analyzing module RegBit_1076
INFO: [VRFC 10-311] analyzing module RegBit_1077
INFO: [VRFC 10-311] analyzing module RegBit_1088
INFO: [VRFC 10-311] analyzing module RegBit_1089
INFO: [VRFC 10-311] analyzing module RegBit_1090
INFO: [VRFC 10-311] analyzing module RegBit_1091
INFO: [VRFC 10-311] analyzing module RegBit_1092
INFO: [VRFC 10-311] analyzing module RegBit_1093
INFO: [VRFC 10-311] analyzing module RegBit_1094
INFO: [VRFC 10-311] analyzing module RegBit_1095
INFO: [VRFC 10-311] analyzing module RegBit_1096
INFO: [VRFC 10-311] analyzing module RegBit_1097
INFO: [VRFC 10-311] analyzing module RegBit_1098
INFO: [VRFC 10-311] analyzing module RegBit_1099
INFO: [VRFC 10-311] analyzing module RegBit_11
INFO: [VRFC 10-311] analyzing module RegBit_1100
INFO: [VRFC 10-311] analyzing module RegBit_1101
INFO: [VRFC 10-311] analyzing module RegBit_1102
INFO: [VRFC 10-311] analyzing module RegBit_1103
INFO: [VRFC 10-311] analyzing module RegBit_1104
INFO: [VRFC 10-311] analyzing module RegBit_1105
INFO: [VRFC 10-311] analyzing module RegBit_1106
INFO: [VRFC 10-311] analyzing module RegBit_1107
INFO: [VRFC 10-311] analyzing module RegBit_1108
INFO: [VRFC 10-311] analyzing module RegBit_1109
INFO: [VRFC 10-311] analyzing module RegBit_1110
INFO: [VRFC 10-311] analyzing module RegBit_1111
INFO: [VRFC 10-311] analyzing module RegBit_1112
INFO: [VRFC 10-311] analyzing module RegBit_1113
INFO: [VRFC 10-311] analyzing module RegBit_1114
INFO: [VRFC 10-311] analyzing module RegBit_1115
INFO: [VRFC 10-311] analyzing module RegBit_1116
INFO: [VRFC 10-311] analyzing module RegBit_1117
INFO: [VRFC 10-311] analyzing module RegBit_1118
INFO: [VRFC 10-311] analyzing module RegBit_1119
INFO: [VRFC 10-311] analyzing module RegBit_115
INFO: [VRFC 10-311] analyzing module RegBit_1153
INFO: [VRFC 10-311] analyzing module RegBit_1154
INFO: [VRFC 10-311] analyzing module RegBit_1155
INFO: [VRFC 10-311] analyzing module RegBit_1156
INFO: [VRFC 10-311] analyzing module RegBit_1157
INFO: [VRFC 10-311] analyzing module RegBit_1158
INFO: [VRFC 10-311] analyzing module RegBit_1159
INFO: [VRFC 10-311] analyzing module RegBit_116
INFO: [VRFC 10-311] analyzing module RegBit_1160
INFO: [VRFC 10-311] analyzing module RegBit_1161
INFO: [VRFC 10-311] analyzing module RegBit_1162
INFO: [VRFC 10-311] analyzing module RegBit_1163
INFO: [VRFC 10-311] analyzing module RegBit_1164
INFO: [VRFC 10-311] analyzing module RegBit_1165
INFO: [VRFC 10-311] analyzing module RegBit_1166
INFO: [VRFC 10-311] analyzing module RegBit_1167
INFO: [VRFC 10-311] analyzing module RegBit_1168
INFO: [VRFC 10-311] analyzing module RegBit_1169
INFO: [VRFC 10-311] analyzing module RegBit_117
INFO: [VRFC 10-311] analyzing module RegBit_1170
INFO: [VRFC 10-311] analyzing module RegBit_1171
INFO: [VRFC 10-311] analyzing module RegBit_1172
INFO: [VRFC 10-311] analyzing module RegBit_1173
INFO: [VRFC 10-311] analyzing module RegBit_1174
INFO: [VRFC 10-311] analyzing module RegBit_1175
INFO: [VRFC 10-311] analyzing module RegBit_1176
INFO: [VRFC 10-311] analyzing module RegBit_1177
INFO: [VRFC 10-311] analyzing module RegBit_1178
INFO: [VRFC 10-311] analyzing module RegBit_1179
INFO: [VRFC 10-311] analyzing module RegBit_118
INFO: [VRFC 10-311] analyzing module RegBit_1180
INFO: [VRFC 10-311] analyzing module RegBit_1181
INFO: [VRFC 10-311] analyzing module RegBit_1182
INFO: [VRFC 10-311] analyzing module RegBit_1183
INFO: [VRFC 10-311] analyzing module RegBit_1184
INFO: [VRFC 10-311] analyzing module RegBit_119
INFO: [VRFC 10-311] analyzing module RegBit_120
INFO: [VRFC 10-311] analyzing module RegBit_121
INFO: [VRFC 10-311] analyzing module RegBit_1218
INFO: [VRFC 10-311] analyzing module RegBit_1219
INFO: [VRFC 10-311] analyzing module RegBit_122
INFO: [VRFC 10-311] analyzing module RegBit_1220
INFO: [VRFC 10-311] analyzing module RegBit_1221
INFO: [VRFC 10-311] analyzing module RegBit_1226
INFO: [VRFC 10-311] analyzing module RegBit_1227
INFO: [VRFC 10-311] analyzing module RegBit_1228
INFO: [VRFC 10-311] analyzing module RegBit_1229
INFO: [VRFC 10-311] analyzing module RegBit_123
INFO: [VRFC 10-311] analyzing module RegBit_1230
INFO: [VRFC 10-311] analyzing module RegBit_1231
INFO: [VRFC 10-311] analyzing module RegBit_1232
INFO: [VRFC 10-311] analyzing module RegBit_1233
INFO: [VRFC 10-311] analyzing module RegBit_1234
INFO: [VRFC 10-311] analyzing module RegBit_1235
INFO: [VRFC 10-311] analyzing module RegBit_1236
INFO: [VRFC 10-311] analyzing module RegBit_1237
INFO: [VRFC 10-311] analyzing module RegBit_1238
INFO: [VRFC 10-311] analyzing module RegBit_1239
INFO: [VRFC 10-311] analyzing module RegBit_124
INFO: [VRFC 10-311] analyzing module RegBit_1240
INFO: [VRFC 10-311] analyzing module RegBit_1241
INFO: [VRFC 10-311] analyzing module RegBit_1242
INFO: [VRFC 10-311] analyzing module RegBit_1243
INFO: [VRFC 10-311] analyzing module RegBit_1244
INFO: [VRFC 10-311] analyzing module RegBit_1245
INFO: [VRFC 10-311] analyzing module RegBit_1246
INFO: [VRFC 10-311] analyzing module RegBit_1247
INFO: [VRFC 10-311] analyzing module RegBit_125
INFO: [VRFC 10-311] analyzing module RegBit_126
INFO: [VRFC 10-311] analyzing module RegBit_127
INFO: [VRFC 10-311] analyzing module RegBit_1270
INFO: [VRFC 10-311] analyzing module RegBit_1271
INFO: [VRFC 10-311] analyzing module RegBit_1272
INFO: [VRFC 10-311] analyzing module RegBit_1273
INFO: [VRFC 10-311] analyzing module RegBit_1274
INFO: [VRFC 10-311] analyzing module RegBit_1275
INFO: [VRFC 10-311] analyzing module RegBit_1276
INFO: [VRFC 10-311] analyzing module RegBit_1277
INFO: [VRFC 10-311] analyzing module RegBit_128
INFO: [VRFC 10-311] analyzing module RegBit_1288
INFO: [VRFC 10-311] analyzing module RegBit_1289
INFO: [VRFC 10-311] analyzing module RegBit_129
INFO: [VRFC 10-311] analyzing module RegBit_1290
INFO: [VRFC 10-311] analyzing module RegBit_1291
INFO: [VRFC 10-311] analyzing module RegBit_1292
INFO: [VRFC 10-311] analyzing module RegBit_1293
INFO: [VRFC 10-311] analyzing module RegBit_1294
INFO: [VRFC 10-311] analyzing module RegBit_1295
INFO: [VRFC 10-311] analyzing module RegBit_1296
INFO: [VRFC 10-311] analyzing module RegBit_1297
INFO: [VRFC 10-311] analyzing module RegBit_1298
INFO: [VRFC 10-311] analyzing module RegBit_1299
INFO: [VRFC 10-311] analyzing module RegBit_13
INFO: [VRFC 10-311] analyzing module RegBit_130
INFO: [VRFC 10-311] analyzing module RegBit_1300
INFO: [VRFC 10-311] analyzing module RegBit_1301
INFO: [VRFC 10-311] analyzing module RegBit_1302
INFO: [VRFC 10-311] analyzing module RegBit_1303
INFO: [VRFC 10-311] analyzing module RegBit_1304
INFO: [VRFC 10-311] analyzing module RegBit_1305
INFO: [VRFC 10-311] analyzing module RegBit_1306
INFO: [VRFC 10-311] analyzing module RegBit_1307
INFO: [VRFC 10-311] analyzing module RegBit_1308
INFO: [VRFC 10-311] analyzing module RegBit_1309
INFO: [VRFC 10-311] analyzing module RegBit_131
INFO: [VRFC 10-311] analyzing module RegBit_1310
INFO: [VRFC 10-311] analyzing module RegBit_1311
INFO: [VRFC 10-311] analyzing module RegBit_1312
INFO: [VRFC 10-311] analyzing module RegBit_1313
INFO: [VRFC 10-311] analyzing module RegBit_1314
INFO: [VRFC 10-311] analyzing module RegBit_1315
INFO: [VRFC 10-311] analyzing module RegBit_1316
INFO: [VRFC 10-311] analyzing module RegBit_1317
INFO: [VRFC 10-311] analyzing module RegBit_1318
INFO: [VRFC 10-311] analyzing module RegBit_1319
INFO: [VRFC 10-311] analyzing module RegBit_132
INFO: [VRFC 10-311] analyzing module RegBit_133
INFO: [VRFC 10-311] analyzing module RegBit_134
INFO: [VRFC 10-311] analyzing module RegBit_135
INFO: [VRFC 10-311] analyzing module RegBit_1352
INFO: [VRFC 10-311] analyzing module RegBit_1353
INFO: [VRFC 10-311] analyzing module RegBit_1354
INFO: [VRFC 10-311] analyzing module RegBit_1355
INFO: [VRFC 10-311] analyzing module RegBit_1356
INFO: [VRFC 10-311] analyzing module RegBit_1357
INFO: [VRFC 10-311] analyzing module RegBit_1358
INFO: [VRFC 10-311] analyzing module RegBit_1359
INFO: [VRFC 10-311] analyzing module RegBit_136
INFO: [VRFC 10-311] analyzing module RegBit_1360
INFO: [VRFC 10-311] analyzing module RegBit_1361
INFO: [VRFC 10-311] analyzing module RegBit_1362
INFO: [VRFC 10-311] analyzing module RegBit_1363
INFO: [VRFC 10-311] analyzing module RegBit_1364
INFO: [VRFC 10-311] analyzing module RegBit_1365
INFO: [VRFC 10-311] analyzing module RegBit_1366
INFO: [VRFC 10-311] analyzing module RegBit_1367
INFO: [VRFC 10-311] analyzing module RegBit_1368
INFO: [VRFC 10-311] analyzing module RegBit_1369
INFO: [VRFC 10-311] analyzing module RegBit_137
INFO: [VRFC 10-311] analyzing module RegBit_1370
INFO: [VRFC 10-311] analyzing module RegBit_1371
INFO: [VRFC 10-311] analyzing module RegBit_1372
INFO: [VRFC 10-311] analyzing module RegBit_1373
INFO: [VRFC 10-311] analyzing module RegBit_1374
INFO: [VRFC 10-311] analyzing module RegBit_1375
INFO: [VRFC 10-311] analyzing module RegBit_1376
INFO: [VRFC 10-311] analyzing module RegBit_1377
INFO: [VRFC 10-311] analyzing module RegBit_1378
INFO: [VRFC 10-311] analyzing module RegBit_1379
INFO: [VRFC 10-311] analyzing module RegBit_138
INFO: [VRFC 10-311] analyzing module RegBit_1380
INFO: [VRFC 10-311] analyzing module RegBit_1381
INFO: [VRFC 10-311] analyzing module RegBit_1382
INFO: [VRFC 10-311] analyzing module RegBit_1383
INFO: [VRFC 10-311] analyzing module RegBit_139
INFO: [VRFC 10-311] analyzing module RegBit_14
INFO: [VRFC 10-311] analyzing module RegBit_140
INFO: [VRFC 10-311] analyzing module RegBit_141
INFO: [VRFC 10-311] analyzing module RegBit_1416
INFO: [VRFC 10-311] analyzing module RegBit_1417
INFO: [VRFC 10-311] analyzing module RegBit_1418
INFO: [VRFC 10-311] analyzing module RegBit_1419
INFO: [VRFC 10-311] analyzing module RegBit_142
INFO: [VRFC 10-311] analyzing module RegBit_1428
INFO: [VRFC 10-311] analyzing module RegBit_1429
INFO: [VRFC 10-311] analyzing module RegBit_143
INFO: [VRFC 10-311] analyzing module RegBit_1430
INFO: [VRFC 10-311] analyzing module RegBit_1431
INFO: [VRFC 10-311] analyzing module RegBit_1432
INFO: [VRFC 10-311] analyzing module RegBit_1433
INFO: [VRFC 10-311] analyzing module RegBit_1434
INFO: [VRFC 10-311] analyzing module RegBit_1435
INFO: [VRFC 10-311] analyzing module RegBit_1436
INFO: [VRFC 10-311] analyzing module RegBit_1437
INFO: [VRFC 10-311] analyzing module RegBit_1438
INFO: [VRFC 10-311] analyzing module RegBit_144
INFO: [VRFC 10-311] analyzing module RegBit_145
INFO: [VRFC 10-311] analyzing module RegBit_1459
INFO: [VRFC 10-311] analyzing module RegBit_146
INFO: [VRFC 10-311] analyzing module RegBit_1460
INFO: [VRFC 10-311] analyzing module RegBit_1461
INFO: [VRFC 10-311] analyzing module RegBit_1462
INFO: [VRFC 10-311] analyzing module RegBit_1463
INFO: [VRFC 10-311] analyzing module RegBit_1464
INFO: [VRFC 10-311] analyzing module RegBit_1465
INFO: [VRFC 10-311] analyzing module RegBit_1466
INFO: [VRFC 10-311] analyzing module RegBit_1467
INFO: [VRFC 10-311] analyzing module RegBit_1468
INFO: [VRFC 10-311] analyzing module RegBit_1469
INFO: [VRFC 10-311] analyzing module RegBit_1470
INFO: [VRFC 10-311] analyzing module RegBit_1471
INFO: [VRFC 10-311] analyzing module RegBit_1472
INFO: [VRFC 10-311] analyzing module RegBit_1473
INFO: [VRFC 10-311] analyzing module RegBit_1474
INFO: [VRFC 10-311] analyzing module RegBit_1475
INFO: [VRFC 10-311] analyzing module RegBit_1476
INFO: [VRFC 10-311] analyzing module RegBit_1477
INFO: [VRFC 10-311] analyzing module RegBit_1478
INFO: [VRFC 10-311] analyzing module RegBit_1479
INFO: [VRFC 10-311] analyzing module RegBit_1480
INFO: [VRFC 10-311] analyzing module RegBit_1481
INFO: [VRFC 10-311] analyzing module RegBit_1482
INFO: [VRFC 10-311] analyzing module RegBit_1483
INFO: [VRFC 10-311] analyzing module RegBit_1484
INFO: [VRFC 10-311] analyzing module RegBit_1485
INFO: [VRFC 10-311] analyzing module RegBit_1486
INFO: [VRFC 10-311] analyzing module RegBit_1487
INFO: [VRFC 10-311] analyzing module RegBit_1488
INFO: [VRFC 10-311] analyzing module RegBit_1489
INFO: [VRFC 10-311] analyzing module RegBit_1490
INFO: [VRFC 10-311] analyzing module RegBit_15
INFO: [VRFC 10-311] analyzing module RegBit_1526
INFO: [VRFC 10-311] analyzing module RegBit_1527
INFO: [VRFC 10-311] analyzing module RegBit_1528
INFO: [VRFC 10-311] analyzing module RegBit_1529
INFO: [VRFC 10-311] analyzing module RegBit_1530
INFO: [VRFC 10-311] analyzing module RegBit_1531
INFO: [VRFC 10-311] analyzing module RegBit_1532
INFO: [VRFC 10-311] analyzing module RegBit_1533
INFO: [VRFC 10-311] analyzing module RegBit_1534
INFO: [VRFC 10-311] analyzing module RegBit_1535
INFO: [VRFC 10-311] analyzing module RegBit_1536
INFO: [VRFC 10-311] analyzing module RegBit_1537
INFO: [VRFC 10-311] analyzing module RegBit_1538
INFO: [VRFC 10-311] analyzing module RegBit_1539
INFO: [VRFC 10-311] analyzing module RegBit_1540
INFO: [VRFC 10-311] analyzing module RegBit_1541
INFO: [VRFC 10-311] analyzing module RegBit_1542
INFO: [VRFC 10-311] analyzing module RegBit_1543
INFO: [VRFC 10-311] analyzing module RegBit_1544
INFO: [VRFC 10-311] analyzing module RegBit_1545
INFO: [VRFC 10-311] analyzing module RegBit_1546
INFO: [VRFC 10-311] analyzing module RegBit_1547
INFO: [VRFC 10-311] analyzing module RegBit_1548
INFO: [VRFC 10-311] analyzing module RegBit_1549
INFO: [VRFC 10-311] analyzing module RegBit_1550
INFO: [VRFC 10-311] analyzing module RegBit_1551
INFO: [VRFC 10-311] analyzing module RegBit_1552
INFO: [VRFC 10-311] analyzing module RegBit_1553
INFO: [VRFC 10-311] analyzing module RegBit_1554
INFO: [VRFC 10-311] analyzing module RegBit_1555
INFO: [VRFC 10-311] analyzing module RegBit_1556
INFO: [VRFC 10-311] analyzing module RegBit_1557
INFO: [VRFC 10-311] analyzing module RegBit_16
INFO: [VRFC 10-311] analyzing module RegBit_179
INFO: [VRFC 10-311] analyzing module RegBit_180
INFO: [VRFC 10-311] analyzing module RegBit_181
INFO: [VRFC 10-311] analyzing module RegBit_182
INFO: [VRFC 10-311] analyzing module RegBit_183
INFO: [VRFC 10-311] analyzing module RegBit_184
INFO: [VRFC 10-311] analyzing module RegBit_185
INFO: [VRFC 10-311] analyzing module RegBit_186
INFO: [VRFC 10-311] analyzing module RegBit_187
INFO: [VRFC 10-311] analyzing module RegBit_188
INFO: [VRFC 10-311] analyzing module RegBit_189
INFO: [VRFC 10-311] analyzing module RegBit_190
INFO: [VRFC 10-311] analyzing module RegBit_191
INFO: [VRFC 10-311] analyzing module RegBit_192
INFO: [VRFC 10-311] analyzing module RegBit_193
INFO: [VRFC 10-311] analyzing module RegBit_194
INFO: [VRFC 10-311] analyzing module RegBit_195
INFO: [VRFC 10-311] analyzing module RegBit_196
INFO: [VRFC 10-311] analyzing module RegBit_197
INFO: [VRFC 10-311] analyzing module RegBit_198
INFO: [VRFC 10-311] analyzing module RegBit_199
INFO: [VRFC 10-311] analyzing module RegBit_20
INFO: [VRFC 10-311] analyzing module RegBit_200
INFO: [VRFC 10-311] analyzing module RegBit_201
INFO: [VRFC 10-311] analyzing module RegBit_202
INFO: [VRFC 10-311] analyzing module RegBit_203
INFO: [VRFC 10-311] analyzing module RegBit_204
INFO: [VRFC 10-311] analyzing module RegBit_205
INFO: [VRFC 10-311] analyzing module RegBit_206
INFO: [VRFC 10-311] analyzing module RegBit_207
INFO: [VRFC 10-311] analyzing module RegBit_208
INFO: [VRFC 10-311] analyzing module RegBit_209
INFO: [VRFC 10-311] analyzing module RegBit_21
INFO: [VRFC 10-311] analyzing module RegBit_210
INFO: [VRFC 10-311] analyzing module RegBit_243
INFO: [VRFC 10-311] analyzing module RegBit_244
INFO: [VRFC 10-311] analyzing module RegBit_245
INFO: [VRFC 10-311] analyzing module RegBit_246
INFO: [VRFC 10-311] analyzing module RegBit_247
INFO: [VRFC 10-311] analyzing module RegBit_248
INFO: [VRFC 10-311] analyzing module RegBit_249
INFO: [VRFC 10-311] analyzing module RegBit_25
INFO: [VRFC 10-311] analyzing module RegBit_250
INFO: [VRFC 10-311] analyzing module RegBit_251
INFO: [VRFC 10-311] analyzing module RegBit_252
INFO: [VRFC 10-311] analyzing module RegBit_253
INFO: [VRFC 10-311] analyzing module RegBit_254
INFO: [VRFC 10-311] analyzing module RegBit_255
INFO: [VRFC 10-311] analyzing module RegBit_256
INFO: [VRFC 10-311] analyzing module RegBit_257
INFO: [VRFC 10-311] analyzing module RegBit_258
INFO: [VRFC 10-311] analyzing module RegBit_259
INFO: [VRFC 10-311] analyzing module RegBit_260
INFO: [VRFC 10-311] analyzing module RegBit_261
INFO: [VRFC 10-311] analyzing module RegBit_262
INFO: [VRFC 10-311] analyzing module RegBit_263
INFO: [VRFC 10-311] analyzing module RegBit_264
INFO: [VRFC 10-311] analyzing module RegBit_265
INFO: [VRFC 10-311] analyzing module RegBit_266
INFO: [VRFC 10-311] analyzing module RegBit_267
INFO: [VRFC 10-311] analyzing module RegBit_268
INFO: [VRFC 10-311] analyzing module RegBit_269
INFO: [VRFC 10-311] analyzing module RegBit_27
INFO: [VRFC 10-311] analyzing module RegBit_270
INFO: [VRFC 10-311] analyzing module RegBit_271
INFO: [VRFC 10-311] analyzing module RegBit_272
INFO: [VRFC 10-311] analyzing module RegBit_273
INFO: [VRFC 10-311] analyzing module RegBit_274
INFO: [VRFC 10-311] analyzing module RegBit_29
INFO: [VRFC 10-311] analyzing module RegBit_3
INFO: [VRFC 10-311] analyzing module RegBit_30
INFO: [VRFC 10-311] analyzing module RegBit_307
INFO: [VRFC 10-311] analyzing module RegBit_308
INFO: [VRFC 10-311] analyzing module RegBit_309
INFO: [VRFC 10-311] analyzing module RegBit_31
INFO: [VRFC 10-311] analyzing module RegBit_310
INFO: [VRFC 10-311] analyzing module RegBit_311
INFO: [VRFC 10-311] analyzing module RegBit_312
INFO: [VRFC 10-311] analyzing module RegBit_313
INFO: [VRFC 10-311] analyzing module RegBit_314
INFO: [VRFC 10-311] analyzing module RegBit_315
INFO: [VRFC 10-311] analyzing module RegBit_316
INFO: [VRFC 10-311] analyzing module RegBit_317
INFO: [VRFC 10-311] analyzing module RegBit_318
INFO: [VRFC 10-311] analyzing module RegBit_319
INFO: [VRFC 10-311] analyzing module RegBit_32
INFO: [VRFC 10-311] analyzing module RegBit_320
INFO: [VRFC 10-311] analyzing module RegBit_321
INFO: [VRFC 10-311] analyzing module RegBit_322
INFO: [VRFC 10-311] analyzing module RegBit_323
INFO: [VRFC 10-311] analyzing module RegBit_324
INFO: [VRFC 10-311] analyzing module RegBit_325
INFO: [VRFC 10-311] analyzing module RegBit_326
INFO: [VRFC 10-311] analyzing module RegBit_327
INFO: [VRFC 10-311] analyzing module RegBit_328
INFO: [VRFC 10-311] analyzing module RegBit_329
INFO: [VRFC 10-311] analyzing module RegBit_33
INFO: [VRFC 10-311] analyzing module RegBit_330
INFO: [VRFC 10-311] analyzing module RegBit_331
INFO: [VRFC 10-311] analyzing module RegBit_332
INFO: [VRFC 10-311] analyzing module RegBit_333
INFO: [VRFC 10-311] analyzing module RegBit_334
INFO: [VRFC 10-311] analyzing module RegBit_335
INFO: [VRFC 10-311] analyzing module RegBit_336
INFO: [VRFC 10-311] analyzing module RegBit_337
INFO: [VRFC 10-311] analyzing module RegBit_338
INFO: [VRFC 10-311] analyzing module RegBit_34
INFO: [VRFC 10-311] analyzing module RegBit_371
INFO: [VRFC 10-311] analyzing module RegBit_372
INFO: [VRFC 10-311] analyzing module RegBit_373
INFO: [VRFC 10-311] analyzing module RegBit_374
INFO: [VRFC 10-311] analyzing module RegBit_375
INFO: [VRFC 10-311] analyzing module RegBit_376
INFO: [VRFC 10-311] analyzing module RegBit_377
INFO: [VRFC 10-311] analyzing module RegBit_378
INFO: [VRFC 10-311] analyzing module RegBit_379
INFO: [VRFC 10-311] analyzing module RegBit_380
INFO: [VRFC 10-311] analyzing module RegBit_381
INFO: [VRFC 10-311] analyzing module RegBit_382
INFO: [VRFC 10-311] analyzing module RegBit_383
INFO: [VRFC 10-311] analyzing module RegBit_384
INFO: [VRFC 10-311] analyzing module RegBit_385
INFO: [VRFC 10-311] analyzing module RegBit_386
INFO: [VRFC 10-311] analyzing module RegBit_387
INFO: [VRFC 10-311] analyzing module RegBit_388
INFO: [VRFC 10-311] analyzing module RegBit_389
INFO: [VRFC 10-311] analyzing module RegBit_390
INFO: [VRFC 10-311] analyzing module RegBit_391
INFO: [VRFC 10-311] analyzing module RegBit_392
INFO: [VRFC 10-311] analyzing module RegBit_393
INFO: [VRFC 10-311] analyzing module RegBit_394
INFO: [VRFC 10-311] analyzing module RegBit_395
INFO: [VRFC 10-311] analyzing module RegBit_396
INFO: [VRFC 10-311] analyzing module RegBit_397
INFO: [VRFC 10-311] analyzing module RegBit_398
INFO: [VRFC 10-311] analyzing module RegBit_399
INFO: [VRFC 10-311] analyzing module RegBit_4
INFO: [VRFC 10-311] analyzing module RegBit_400
INFO: [VRFC 10-311] analyzing module RegBit_401
INFO: [VRFC 10-311] analyzing module RegBit_402
INFO: [VRFC 10-311] analyzing module RegBit_435
INFO: [VRFC 10-311] analyzing module RegBit_436
INFO: [VRFC 10-311] analyzing module RegBit_437
INFO: [VRFC 10-311] analyzing module RegBit_438
INFO: [VRFC 10-311] analyzing module RegBit_439
INFO: [VRFC 10-311] analyzing module RegBit_440
INFO: [VRFC 10-311] analyzing module RegBit_441
INFO: [VRFC 10-311] analyzing module RegBit_442
INFO: [VRFC 10-311] analyzing module RegBit_443
INFO: [VRFC 10-311] analyzing module RegBit_444
INFO: [VRFC 10-311] analyzing module RegBit_445
INFO: [VRFC 10-311] analyzing module RegBit_446
INFO: [VRFC 10-311] analyzing module RegBit_447
INFO: [VRFC 10-311] analyzing module RegBit_448
INFO: [VRFC 10-311] analyzing module RegBit_449
INFO: [VRFC 10-311] analyzing module RegBit_450
INFO: [VRFC 10-311] analyzing module RegBit_451
INFO: [VRFC 10-311] analyzing module RegBit_452
INFO: [VRFC 10-311] analyzing module RegBit_453
INFO: [VRFC 10-311] analyzing module RegBit_454
INFO: [VRFC 10-311] analyzing module RegBit_455
INFO: [VRFC 10-311] analyzing module RegBit_456
INFO: [VRFC 10-311] analyzing module RegBit_457
INFO: [VRFC 10-311] analyzing module RegBit_458
INFO: [VRFC 10-311] analyzing module RegBit_459
INFO: [VRFC 10-311] analyzing module RegBit_460
INFO: [VRFC 10-311] analyzing module RegBit_461
INFO: [VRFC 10-311] analyzing module RegBit_462
INFO: [VRFC 10-311] analyzing module RegBit_463
INFO: [VRFC 10-311] analyzing module RegBit_464
INFO: [VRFC 10-311] analyzing module RegBit_465
INFO: [VRFC 10-311] analyzing module RegBit_466
INFO: [VRFC 10-311] analyzing module RegBit_499
INFO: [VRFC 10-311] analyzing module RegBit_5
INFO: [VRFC 10-311] analyzing module RegBit_500
INFO: [VRFC 10-311] analyzing module RegBit_501
INFO: [VRFC 10-311] analyzing module RegBit_502
INFO: [VRFC 10-311] analyzing module RegBit_503
INFO: [VRFC 10-311] analyzing module RegBit_504
INFO: [VRFC 10-311] analyzing module RegBit_505
INFO: [VRFC 10-311] analyzing module RegBit_506
INFO: [VRFC 10-311] analyzing module RegBit_507
INFO: [VRFC 10-311] analyzing module RegBit_508
INFO: [VRFC 10-311] analyzing module RegBit_509
INFO: [VRFC 10-311] analyzing module RegBit_510
INFO: [VRFC 10-311] analyzing module RegBit_511
INFO: [VRFC 10-311] analyzing module RegBit_512
INFO: [VRFC 10-311] analyzing module RegBit_513
INFO: [VRFC 10-311] analyzing module RegBit_514
INFO: [VRFC 10-311] analyzing module RegBit_515
INFO: [VRFC 10-311] analyzing module RegBit_516
INFO: [VRFC 10-311] analyzing module RegBit_517
INFO: [VRFC 10-311] analyzing module RegBit_518
INFO: [VRFC 10-311] analyzing module RegBit_519
INFO: [VRFC 10-311] analyzing module RegBit_52
INFO: [VRFC 10-311] analyzing module RegBit_520
INFO: [VRFC 10-311] analyzing module RegBit_521
INFO: [VRFC 10-311] analyzing module RegBit_522
INFO: [VRFC 10-311] analyzing module RegBit_523
INFO: [VRFC 10-311] analyzing module RegBit_524
INFO: [VRFC 10-311] analyzing module RegBit_525
INFO: [VRFC 10-311] analyzing module RegBit_526
INFO: [VRFC 10-311] analyzing module RegBit_527
INFO: [VRFC 10-311] analyzing module RegBit_528
INFO: [VRFC 10-311] analyzing module RegBit_529
INFO: [VRFC 10-311] analyzing module RegBit_53
INFO: [VRFC 10-311] analyzing module RegBit_530
INFO: [VRFC 10-311] analyzing module RegBit_54
INFO: [VRFC 10-311] analyzing module RegBit_55
INFO: [VRFC 10-311] analyzing module RegBit_56
INFO: [VRFC 10-311] analyzing module RegBit_563
INFO: [VRFC 10-311] analyzing module RegBit_564
INFO: [VRFC 10-311] analyzing module RegBit_565
INFO: [VRFC 10-311] analyzing module RegBit_566
INFO: [VRFC 10-311] analyzing module RegBit_567
INFO: [VRFC 10-311] analyzing module RegBit_568
INFO: [VRFC 10-311] analyzing module RegBit_569
INFO: [VRFC 10-311] analyzing module RegBit_57
INFO: [VRFC 10-311] analyzing module RegBit_570
INFO: [VRFC 10-311] analyzing module RegBit_571
INFO: [VRFC 10-311] analyzing module RegBit_572
INFO: [VRFC 10-311] analyzing module RegBit_573
INFO: [VRFC 10-311] analyzing module RegBit_574
INFO: [VRFC 10-311] analyzing module RegBit_575
INFO: [VRFC 10-311] analyzing module RegBit_576
INFO: [VRFC 10-311] analyzing module RegBit_577
INFO: [VRFC 10-311] analyzing module RegBit_578
INFO: [VRFC 10-311] analyzing module RegBit_579
INFO: [VRFC 10-311] analyzing module RegBit_58
INFO: [VRFC 10-311] analyzing module RegBit_580
INFO: [VRFC 10-311] analyzing module RegBit_581
INFO: [VRFC 10-311] analyzing module RegBit_582
INFO: [VRFC 10-311] analyzing module RegBit_583
INFO: [VRFC 10-311] analyzing module RegBit_584
INFO: [VRFC 10-311] analyzing module RegBit_585
INFO: [VRFC 10-311] analyzing module RegBit_586
INFO: [VRFC 10-311] analyzing module RegBit_587
INFO: [VRFC 10-311] analyzing module RegBit_588
INFO: [VRFC 10-311] analyzing module RegBit_589
INFO: [VRFC 10-311] analyzing module RegBit_59
INFO: [VRFC 10-311] analyzing module RegBit_590
INFO: [VRFC 10-311] analyzing module RegBit_591
INFO: [VRFC 10-311] analyzing module RegBit_592
INFO: [VRFC 10-311] analyzing module RegBit_593
INFO: [VRFC 10-311] analyzing module RegBit_594
INFO: [VRFC 10-311] analyzing module RegBit_6
INFO: [VRFC 10-311] analyzing module RegBit_60
INFO: [VRFC 10-311] analyzing module RegBit_61
INFO: [VRFC 10-311] analyzing module RegBit_62
INFO: [VRFC 10-311] analyzing module RegBit_627
INFO: [VRFC 10-311] analyzing module RegBit_628
INFO: [VRFC 10-311] analyzing module RegBit_629
INFO: [VRFC 10-311] analyzing module RegBit_63
INFO: [VRFC 10-311] analyzing module RegBit_630
INFO: [VRFC 10-311] analyzing module RegBit_631
INFO: [VRFC 10-311] analyzing module RegBit_632
INFO: [VRFC 10-311] analyzing module RegBit_633
INFO: [VRFC 10-311] analyzing module RegBit_634
INFO: [VRFC 10-311] analyzing module RegBit_635
INFO: [VRFC 10-311] analyzing module RegBit_636
INFO: [VRFC 10-311] analyzing module RegBit_637
INFO: [VRFC 10-311] analyzing module RegBit_638
INFO: [VRFC 10-311] analyzing module RegBit_639
INFO: [VRFC 10-311] analyzing module RegBit_64
INFO: [VRFC 10-311] analyzing module RegBit_640
INFO: [VRFC 10-311] analyzing module RegBit_641
INFO: [VRFC 10-311] analyzing module RegBit_642
INFO: [VRFC 10-311] analyzing module RegBit_643
INFO: [VRFC 10-311] analyzing module RegBit_644
INFO: [VRFC 10-311] analyzing module RegBit_645
INFO: [VRFC 10-311] analyzing module RegBit_646
INFO: [VRFC 10-311] analyzing module RegBit_647
INFO: [VRFC 10-311] analyzing module RegBit_648
INFO: [VRFC 10-311] analyzing module RegBit_649
INFO: [VRFC 10-311] analyzing module RegBit_65
INFO: [VRFC 10-311] analyzing module RegBit_650
INFO: [VRFC 10-311] analyzing module RegBit_651
INFO: [VRFC 10-311] analyzing module RegBit_652
INFO: [VRFC 10-311] analyzing module RegBit_653
INFO: [VRFC 10-311] analyzing module RegBit_654
INFO: [VRFC 10-311] analyzing module RegBit_655
INFO: [VRFC 10-311] analyzing module RegBit_656
INFO: [VRFC 10-311] analyzing module RegBit_657
INFO: [VRFC 10-311] analyzing module RegBit_658
INFO: [VRFC 10-311] analyzing module RegBit_66
INFO: [VRFC 10-311] analyzing module RegBit_67
INFO: [VRFC 10-311] analyzing module RegBit_68
INFO: [VRFC 10-311] analyzing module RegBit_69
INFO: [VRFC 10-311] analyzing module RegBit_691
INFO: [VRFC 10-311] analyzing module RegBit_692
INFO: [VRFC 10-311] analyzing module RegBit_693
INFO: [VRFC 10-311] analyzing module RegBit_694
INFO: [VRFC 10-311] analyzing module RegBit_695
INFO: [VRFC 10-311] analyzing module RegBit_696
INFO: [VRFC 10-311] analyzing module RegBit_697
INFO: [VRFC 10-311] analyzing module RegBit_698
INFO: [VRFC 10-311] analyzing module RegBit_699
INFO: [VRFC 10-311] analyzing module RegBit_7
INFO: [VRFC 10-311] analyzing module RegBit_70
INFO: [VRFC 10-311] analyzing module RegBit_700
INFO: [VRFC 10-311] analyzing module RegBit_701
INFO: [VRFC 10-311] analyzing module RegBit_702
INFO: [VRFC 10-311] analyzing module RegBit_703
INFO: [VRFC 10-311] analyzing module RegBit_704
INFO: [VRFC 10-311] analyzing module RegBit_705
INFO: [VRFC 10-311] analyzing module RegBit_706
INFO: [VRFC 10-311] analyzing module RegBit_707
INFO: [VRFC 10-311] analyzing module RegBit_708
INFO: [VRFC 10-311] analyzing module RegBit_709
INFO: [VRFC 10-311] analyzing module RegBit_71
INFO: [VRFC 10-311] analyzing module RegBit_710
INFO: [VRFC 10-311] analyzing module RegBit_711
INFO: [VRFC 10-311] analyzing module RegBit_712
INFO: [VRFC 10-311] analyzing module RegBit_713
INFO: [VRFC 10-311] analyzing module RegBit_714
INFO: [VRFC 10-311] analyzing module RegBit_715
INFO: [VRFC 10-311] analyzing module RegBit_716
INFO: [VRFC 10-311] analyzing module RegBit_717
INFO: [VRFC 10-311] analyzing module RegBit_718
INFO: [VRFC 10-311] analyzing module RegBit_719
INFO: [VRFC 10-311] analyzing module RegBit_72
INFO: [VRFC 10-311] analyzing module RegBit_720
INFO: [VRFC 10-311] analyzing module RegBit_721
INFO: [VRFC 10-311] analyzing module RegBit_722
INFO: [VRFC 10-311] analyzing module RegBit_73
INFO: [VRFC 10-311] analyzing module RegBit_74
INFO: [VRFC 10-311] analyzing module RegBit_75
INFO: [VRFC 10-311] analyzing module RegBit_755
INFO: [VRFC 10-311] analyzing module RegBit_756
INFO: [VRFC 10-311] analyzing module RegBit_757
INFO: [VRFC 10-311] analyzing module RegBit_758
INFO: [VRFC 10-311] analyzing module RegBit_759
INFO: [VRFC 10-311] analyzing module RegBit_76
INFO: [VRFC 10-311] analyzing module RegBit_760
INFO: [VRFC 10-311] analyzing module RegBit_761
INFO: [VRFC 10-311] analyzing module RegBit_762
INFO: [VRFC 10-311] analyzing module RegBit_763
INFO: [VRFC 10-311] analyzing module RegBit_764
INFO: [VRFC 10-311] analyzing module RegBit_765
INFO: [VRFC 10-311] analyzing module RegBit_766
INFO: [VRFC 10-311] analyzing module RegBit_767
INFO: [VRFC 10-311] analyzing module RegBit_768
INFO: [VRFC 10-311] analyzing module RegBit_769
INFO: [VRFC 10-311] analyzing module RegBit_77
INFO: [VRFC 10-311] analyzing module RegBit_770
INFO: [VRFC 10-311] analyzing module RegBit_771
INFO: [VRFC 10-311] analyzing module RegBit_772
INFO: [VRFC 10-311] analyzing module RegBit_773
INFO: [VRFC 10-311] analyzing module RegBit_774
INFO: [VRFC 10-311] analyzing module RegBit_775
INFO: [VRFC 10-311] analyzing module RegBit_776
INFO: [VRFC 10-311] analyzing module RegBit_777
INFO: [VRFC 10-311] analyzing module RegBit_778
INFO: [VRFC 10-311] analyzing module RegBit_779
INFO: [VRFC 10-311] analyzing module RegBit_78
INFO: [VRFC 10-311] analyzing module RegBit_780
INFO: [VRFC 10-311] analyzing module RegBit_781
INFO: [VRFC 10-311] analyzing module RegBit_782
INFO: [VRFC 10-311] analyzing module RegBit_783
INFO: [VRFC 10-311] analyzing module RegBit_784
INFO: [VRFC 10-311] analyzing module RegBit_785
INFO: [VRFC 10-311] analyzing module RegBit_786
INFO: [VRFC 10-311] analyzing module RegBit_79
INFO: [VRFC 10-311] analyzing module RegBit_8
INFO: [VRFC 10-311] analyzing module RegBit_80
INFO: [VRFC 10-311] analyzing module RegBit_81
INFO: [VRFC 10-311] analyzing module RegBit_819
INFO: [VRFC 10-311] analyzing module RegBit_82
INFO: [VRFC 10-311] analyzing module RegBit_820
INFO: [VRFC 10-311] analyzing module RegBit_821
INFO: [VRFC 10-311] analyzing module RegBit_822
INFO: [VRFC 10-311] analyzing module RegBit_823
INFO: [VRFC 10-311] analyzing module RegBit_824
INFO: [VRFC 10-311] analyzing module RegBit_825
INFO: [VRFC 10-311] analyzing module RegBit_826
INFO: [VRFC 10-311] analyzing module RegBit_827
INFO: [VRFC 10-311] analyzing module RegBit_828
INFO: [VRFC 10-311] analyzing module RegBit_829
INFO: [VRFC 10-311] analyzing module RegBit_83
INFO: [VRFC 10-311] analyzing module RegBit_830
INFO: [VRFC 10-311] analyzing module RegBit_831
INFO: [VRFC 10-311] analyzing module RegBit_832
INFO: [VRFC 10-311] analyzing module RegBit_833
INFO: [VRFC 10-311] analyzing module RegBit_834
INFO: [VRFC 10-311] analyzing module RegBit_835
INFO: [VRFC 10-311] analyzing module RegBit_836
INFO: [VRFC 10-311] analyzing module RegBit_837
INFO: [VRFC 10-311] analyzing module RegBit_838
INFO: [VRFC 10-311] analyzing module RegBit_839
INFO: [VRFC 10-311] analyzing module RegBit_840
INFO: [VRFC 10-311] analyzing module RegBit_841
INFO: [VRFC 10-311] analyzing module RegBit_842
INFO: [VRFC 10-311] analyzing module RegBit_843
INFO: [VRFC 10-311] analyzing module RegBit_844
INFO: [VRFC 10-311] analyzing module RegBit_845
INFO: [VRFC 10-311] analyzing module RegBit_846
INFO: [VRFC 10-311] analyzing module RegBit_847
INFO: [VRFC 10-311] analyzing module RegBit_848
INFO: [VRFC 10-311] analyzing module RegBit_849
INFO: [VRFC 10-311] analyzing module RegBit_850
INFO: [VRFC 10-311] analyzing module RegBit_883
INFO: [VRFC 10-311] analyzing module RegBit_884
INFO: [VRFC 10-311] analyzing module RegBit_885
INFO: [VRFC 10-311] analyzing module RegBit_886
INFO: [VRFC 10-311] analyzing module RegBit_887
INFO: [VRFC 10-311] analyzing module RegBit_888
INFO: [VRFC 10-311] analyzing module RegBit_889
INFO: [VRFC 10-311] analyzing module RegBit_890
INFO: [VRFC 10-311] analyzing module RegBit_891
INFO: [VRFC 10-311] analyzing module RegBit_892
INFO: [VRFC 10-311] analyzing module RegBit_893
INFO: [VRFC 10-311] analyzing module RegBit_894
INFO: [VRFC 10-311] analyzing module RegBit_895
INFO: [VRFC 10-311] analyzing module RegBit_896
INFO: [VRFC 10-311] analyzing module RegBit_897
INFO: [VRFC 10-311] analyzing module RegBit_898
INFO: [VRFC 10-311] analyzing module RegBit_899
INFO: [VRFC 10-311] analyzing module RegBit_9
INFO: [VRFC 10-311] analyzing module RegBit_900
INFO: [VRFC 10-311] analyzing module RegBit_901
INFO: [VRFC 10-311] analyzing module RegBit_902
INFO: [VRFC 10-311] analyzing module RegBit_903
INFO: [VRFC 10-311] analyzing module RegBit_904
INFO: [VRFC 10-311] analyzing module RegBit_905
INFO: [VRFC 10-311] analyzing module RegBit_906
INFO: [VRFC 10-311] analyzing module RegBit_907
INFO: [VRFC 10-311] analyzing module RegBit_908
INFO: [VRFC 10-311] analyzing module RegBit_909
INFO: [VRFC 10-311] analyzing module RegBit_910
INFO: [VRFC 10-311] analyzing module RegBit_911
INFO: [VRFC 10-311] analyzing module RegBit_912
INFO: [VRFC 10-311] analyzing module RegBit_913
INFO: [VRFC 10-311] analyzing module RegBit_914
INFO: [VRFC 10-311] analyzing module RegBit_947
INFO: [VRFC 10-311] analyzing module RegBit_948
INFO: [VRFC 10-311] analyzing module RegBit_949
INFO: [VRFC 10-311] analyzing module RegBit_950
INFO: [VRFC 10-311] analyzing module RegBit_951
INFO: [VRFC 10-311] analyzing module RegBit_952
INFO: [VRFC 10-311] analyzing module RegBit_953
INFO: [VRFC 10-311] analyzing module RegBit_954
INFO: [VRFC 10-311] analyzing module RegBit_955
INFO: [VRFC 10-311] analyzing module RegBit_956
INFO: [VRFC 10-311] analyzing module RegBit_957
INFO: [VRFC 10-311] analyzing module RegBit_958
INFO: [VRFC 10-311] analyzing module RegBit_959
INFO: [VRFC 10-311] analyzing module RegBit_960
INFO: [VRFC 10-311] analyzing module RegBit_961
INFO: [VRFC 10-311] analyzing module RegBit_962
INFO: [VRFC 10-311] analyzing module RegBit_963
INFO: [VRFC 10-311] analyzing module RegBit_964
INFO: [VRFC 10-311] analyzing module RegBit_965
INFO: [VRFC 10-311] analyzing module RegBit_966
INFO: [VRFC 10-311] analyzing module RegBit_967
INFO: [VRFC 10-311] analyzing module RegBit_968
INFO: [VRFC 10-311] analyzing module RegBit_969
INFO: [VRFC 10-311] analyzing module RegBit_970
INFO: [VRFC 10-311] analyzing module RegBit_971
INFO: [VRFC 10-311] analyzing module RegBit_972
INFO: [VRFC 10-311] analyzing module RegBit_973
INFO: [VRFC 10-311] analyzing module RegBit_974
INFO: [VRFC 10-311] analyzing module RegBit_975
INFO: [VRFC 10-311] analyzing module RegBit_976
INFO: [VRFC 10-311] analyzing module RegBit_977
INFO: [VRFC 10-311] analyzing module RegBit_978
INFO: [VRFC 10-311] analyzing module RegFile
INFO: [VRFC 10-311] analyzing module dataMem
INFO: [VRFC 10-311] analyzing module mux32to1
INFO: [VRFC 10-311] analyzing module mux32to1_1011
INFO: [VRFC 10-311] analyzing module mux32to1_1012
INFO: [VRFC 10-311] analyzing module mux32to1_1013
INFO: [VRFC 10-311] analyzing module mux32to1_1014
INFO: [VRFC 10-311] analyzing module mux32to1_1015
INFO: [VRFC 10-311] analyzing module mux32to1_1016
INFO: [VRFC 10-311] analyzing module mux32to1_1017
INFO: [VRFC 10-311] analyzing module mux32to1_1018
INFO: [VRFC 10-311] analyzing module mux32to1_1019
INFO: [VRFC 10-311] analyzing module mux32to1_1020
INFO: [VRFC 10-311] analyzing module mux32to1_1021
INFO: [VRFC 10-311] analyzing module mux32to1_1022
INFO: [VRFC 10-311] analyzing module mux32to1_1023
INFO: [VRFC 10-311] analyzing module mux32to1_1024
INFO: [VRFC 10-311] analyzing module mux32to1_1025
INFO: [VRFC 10-311] analyzing module mux32to1_1026
INFO: [VRFC 10-311] analyzing module mux32to1_1027
INFO: [VRFC 10-311] analyzing module mux32to1_1028
INFO: [VRFC 10-311] analyzing module mux32to1_1029
INFO: [VRFC 10-311] analyzing module mux32to1_1030
INFO: [VRFC 10-311] analyzing module mux32to1_1031
INFO: [VRFC 10-311] analyzing module mux32to1_1032
INFO: [VRFC 10-311] analyzing module mux32to1_1033
INFO: [VRFC 10-311] analyzing module mux32to1_1034
INFO: [VRFC 10-311] analyzing module mux32to1_1035
INFO: [VRFC 10-311] analyzing module mux32to1_1036
INFO: [VRFC 10-311] analyzing module mux32to1_1037
INFO: [VRFC 10-311] analyzing module mux32to1_1038
INFO: [VRFC 10-311] analyzing module mux32to1_1039
INFO: [VRFC 10-311] analyzing module mux32to1_1040
INFO: [VRFC 10-311] analyzing module mux32to1_1041
INFO: [VRFC 10-311] analyzing module mux32to1_1042
INFO: [VRFC 10-311] analyzing module mux32to1_1043
INFO: [VRFC 10-311] analyzing module mux32to1_1044
INFO: [VRFC 10-311] analyzing module mux32to1_1045
INFO: [VRFC 10-311] analyzing module mux32to1_1046
INFO: [VRFC 10-311] analyzing module mux32to1_1047
INFO: [VRFC 10-311] analyzing module mux32to1_1048
INFO: [VRFC 10-311] analyzing module mux32to1_1049
INFO: [VRFC 10-311] analyzing module mux32to1_1050
INFO: [VRFC 10-311] analyzing module mux32to1_1051
INFO: [VRFC 10-311] analyzing module mux32to1_1052
INFO: [VRFC 10-311] analyzing module mux32to1_1053
INFO: [VRFC 10-311] analyzing module mux32to1_1054
INFO: [VRFC 10-311] analyzing module mux32to1_1055
INFO: [VRFC 10-311] analyzing module mux32to1_1056
INFO: [VRFC 10-311] analyzing module mux32to1_1057
INFO: [VRFC 10-311] analyzing module mux32to1_1058
INFO: [VRFC 10-311] analyzing module mux32to1_1059
INFO: [VRFC 10-311] analyzing module mux32to1_1060
INFO: [VRFC 10-311] analyzing module mux32to1_1061
INFO: [VRFC 10-311] analyzing module mux32to1_1062
INFO: [VRFC 10-311] analyzing module mux32to1_1063
INFO: [VRFC 10-311] analyzing module mux32to1_1064
INFO: [VRFC 10-311] analyzing module mux32to1_1065
INFO: [VRFC 10-311] analyzing module mux32to1_1066
INFO: [VRFC 10-311] analyzing module mux32to1_1067
INFO: [VRFC 10-311] analyzing module mux32to1_1068
INFO: [VRFC 10-311] analyzing module mux32to1_1069
INFO: [VRFC 10-311] analyzing module mux32to1_1070
INFO: [VRFC 10-311] analyzing module mux32to1_1071
INFO: [VRFC 10-311] analyzing module mux32to1_1072
INFO: [VRFC 10-311] analyzing module mux32to1_1073
INFO: [VRFC 10-311] analyzing module mux32x32to32
INFO: [VRFC 10-311] analyzing module mux32x32to32_36
INFO: [VRFC 10-311] analyzing module register
INFO: [VRFC 10-311] analyzing module register_12
INFO: [VRFC 10-311] analyzing module register_17
INFO: [VRFC 10-311] analyzing module register_18
INFO: [VRFC 10-311] analyzing module register_19
INFO: [VRFC 10-311] analyzing module register_2
INFO: [VRFC 10-311] analyzing module register_22
INFO: [VRFC 10-311] analyzing module register_23
INFO: [VRFC 10-311] analyzing module register_24
INFO: [VRFC 10-311] analyzing module register_26
INFO: [VRFC 10-311] analyzing module register_28
INFO: [VRFC 10-311] analyzing module register_35
INFO: [VRFC 10-311] analyzing module register_37
INFO: [VRFC 10-311] analyzing module register_38
INFO: [VRFC 10-311] analyzing module register_39
INFO: [VRFC 10-311] analyzing module register_40
INFO: [VRFC 10-311] analyzing module register_41
INFO: [VRFC 10-311] analyzing module register_42
INFO: [VRFC 10-311] analyzing module register_43
INFO: [VRFC 10-311] analyzing module register_44
INFO: [VRFC 10-311] analyzing module register_45
INFO: [VRFC 10-311] analyzing module register_46
INFO: [VRFC 10-311] analyzing module register_47
INFO: [VRFC 10-311] analyzing module register_48
INFO: [VRFC 10-311] analyzing module register_49
INFO: [VRFC 10-311] analyzing module register_50
INFO: [VRFC 10-311] analyzing module register_51
INFO: [VRFC 10-311] analyzing module glbl
run_program: Time (s): cpu = 00:00:07 ; elapsed = 00:00:40 . Memory (MB): peak = 2785.293 ; gain = 0.000
INFO: [USF-XSim-69] 'compile' step finished in '39' seconds
INFO: [USF-XSim-3] XSim::Elaborate design
INFO: [USF-XSim-61] Executing 'ELABORATE' step in 'E:/Projects/VLSI/32BitMIPSArch/MIPS325/MIPS325.sim/sim_1/impl/timing/xsim'
"xelab -wto fdbe9ff532be41138437c9414e3eaad5 --incr --debug typical --relax --mt 2 --maxdelay -L xil_defaultlib -L simprims_ver -L secureip --snapshot MIPSStimulus_time_impl -transport_int_delays -pulse_r 0 -pulse_int_r 0 -pulse_e 0 -pulse_int_e 0 xil_defaultlib.MIPSStimulus xil_defaultlib.glbl -log elaborate.log"
Vivado Simulator 2020.2
Copyright 1986-1999, 2001-2020 Xilinx, Inc. All Rights Reserved.
Running: E:/SOFTWAREs/XilinxVivado/Vivado/2020.2/bin/unwrapped/win64.o/xelab.exe -wto fdbe9ff532be41138437c9414e3eaad5 --incr --debug typical --relax --mt 2 --maxdelay -L xil_defaultlib -L simprims_ver -L secureip --snapshot MIPSStimulus_time_impl -transport_int_delays -pulse_r 0 -pulse_int_r 0 -pulse_e 0 -pulse_int_e 0 xil_defaultlib.MIPSStimulus xil_defaultlib.glbl -log elaborate.log 
Using 2 slave threads.
Starting static elaboration
Pass Through NonSizing Optimizer
ERROR: [VRFC 10-3236] concurrent assignment to a non-net 'clk' is not permitted [E:/Projects/VLSI/32BitMIPSArch/MIPS325/MIPS325.srcs/sim_1/new/MIPSStimulus.v:29]
WARNING: [VRFC 10-5021] port 'clk' is not connected on this instance [E:/Projects/VLSI/32BitMIPSArch/MIPS325/MIPS325.srcs/sim_1/new/MIPSStimulus.v:29]
ERROR: [VRFC 10-3525] mixed concurrent and procedural assignment on 'clk' [E:/Projects/VLSI/32BitMIPSArch/MIPS325/MIPS325.srcs/sim_1/new/MIPSStimulus.v:31]
ERROR: [XSIM 43-3322] Static elaboration of top level Verilog design unit(s) in library work failed.
run_program: Time (s): cpu = 00:00:04 ; elapsed = 00:00:21 . Memory (MB): peak = 2785.293 ; gain = 0.000
INFO: [USF-XSim-69] 'elaborate' step finished in '22' seconds
INFO: [USF-XSim-99] Step results log file:'E:/Projects/VLSI/32BitMIPSArch/MIPS325/MIPS325.sim/sim_1/impl/timing/xsim/elaborate.log'
ERROR: [USF-XSim-62] 'elaborate' step failed with error(s). Please check the Tcl console output or 'E:/Projects/VLSI/32BitMIPSArch/MIPS325/MIPS325.sim/sim_1/impl/timing/xsim/elaborate.log' file for more information.
ERROR: [Vivado 12-4473] Detected error while running simulation. Please correct the issue and retry this operation.
launch_simulation: Time (s): cpu = 00:01:29 ; elapsed = 00:02:00 . Memory (MB): peak = 2785.293 ; gain = 0.000
ERROR: [Common 17-39] 'launch_simulation' failed due to earlier errors.
close_design
launch_simulation -mode post-synthesis -type timing
Command: launch_simulation -mode post-synthesis -type timing
INFO: [Vivado 12-5682] Launching post-synthesis timing simulation in 'E:/Projects/VLSI/32BitMIPSArch/MIPS325/MIPS325.sim/sim_1/synth/timing/xsim'
INFO: [SIM-utils-51] Simulation object is 'sim_1'
Design is defaulting to impl run constrset: constrs_1
Design is defaulting to synth run part: xc7s100fgga676-2
Netlist sorting complete. Time (s): cpu = 00:00:01 ; elapsed = 00:00:01 . Memory (MB): peak = 2785.293 ; gain = 0.000
INFO: [Netlist 29-17] Analyzing 6528 Unisim elements for replacement
INFO: [Netlist 29-28] Unisim Transformation completed in 0 CPU seconds
INFO: [Project 1-479] Netlist was created with Vivado 2020.2
INFO: [Project 1-570] Preparing netlist for logic optimization
Parsing XDC File [E:/Projects/VLSI/32BitMIPSArch/MIPS325/MIPS325.srcs/constrs_1/new/ConstraintFile.xdc]
INFO: [Timing 38-35] Done setting XDC timing constraints. [E:/Projects/VLSI/32BitMIPSArch/MIPS325/MIPS325.srcs/constrs_1/new/ConstraintFile.xdc:21]
WARNING: [Vivado 12-5846] Redefining clock group exclusive_clk0_clk1 [E:/Projects/VLSI/32BitMIPSArch/MIPS325/MIPS325.srcs/constrs_1/new/ConstraintFile.xdc:21]
Finished Parsing XDC File [E:/Projects/VLSI/32BitMIPSArch/MIPS325/MIPS325.srcs/constrs_1/new/ConstraintFile.xdc]
INFO: [Opt 31-138] Pushed 0 inverter(s) to 0 load pin(s).
Netlist sorting complete. Time (s): cpu = 00:00:00 ; elapsed = 00:00:00.021 . Memory (MB): peak = 2785.293 ; gain = 0.000
INFO: [Project 1-111] Unisim Transformation Summary:
No Unisim elements were transformed.

open_run: Time (s): cpu = 00:00:33 ; elapsed = 00:00:24 . Memory (MB): peak = 2785.293 ; gain = 0.000
INFO: [SIM-utils-24] Writing simulation netlist file for design 'synth_1'...
INFO: [SIM-utils-25] write_verilog -mode timesim -nolib -sdf_anno true -force -file "E:/Projects/VLSI/32BitMIPSArch/MIPS325/MIPS325.sim/sim_1/synth/timing/xsim/MIPSStimulus_time_synth.v"
INFO: [SIM-utils-27] Writing SDF file...
INFO: [SIM-utils-28] write_sdf -mode timesim -process_corner slow -force -file "E:/Projects/VLSI/32BitMIPSArch/MIPS325/MIPS325.sim/sim_1/synth/timing/xsim/MIPSStimulus_time_synth.sdf"
write_sdf: Time (s): cpu = 00:00:25 ; elapsed = 00:00:25 . Memory (MB): peak = 2785.293 ; gain = 0.000
INFO: [SIM-utils-36] Netlist generated:E:/Projects/VLSI/32BitMIPSArch/MIPS325/MIPS325.sim/sim_1/synth/timing/xsim/MIPSStimulus_time_synth.v
INFO: [SIM-utils-37] SDF generated:E:/Projects/VLSI/32BitMIPSArch/MIPS325/MIPS325.sim/sim_1/synth/timing/xsim/MIPSStimulus_time_synth.sdf
INFO: [SIM-utils-54] Inspecting design source files for 'MIPSStimulus' in fileset 'sim_1'...
INFO: [SIM-utils-43] Exported 'E:/Projects/VLSI/32BitMIPSArch/MIPS325/MIPS325.sim/sim_1/synth/timing/xsim/instr.txt'
WARNING: [Vivado 12-818] No files matched '*'
INFO: [USF-XSim-2] XSim::Compile design
INFO: [USF-XSim-61] Executing 'COMPILE and ANALYZE' step in 'E:/Projects/VLSI/32BitMIPSArch/MIPS325/MIPS325.sim/sim_1/synth/timing/xsim'
"xvlog --incr --relax -prj MIPSStimulus_vlog.prj"
INFO: [VRFC 10-2263] Analyzing Verilog file "E:/Projects/VLSI/32BitMIPSArch/MIPS325/MIPS325.sim/sim_1/synth/timing/xsim/MIPSStimulus_time_synth.v" into library xil_defaultlib
INFO: [VRFC 10-311] analyzing module D_FF
INFO: [VRFC 10-311] analyzing module D_FF_100
INFO: [VRFC 10-311] analyzing module D_FF_1000
INFO: [VRFC 10-311] analyzing module D_FF_1001
INFO: [VRFC 10-311] analyzing module D_FF_1002
INFO: [VRFC 10-311] analyzing module D_FF_1003
INFO: [VRFC 10-311] analyzing module D_FF_1004
INFO: [VRFC 10-311] analyzing module D_FF_1005
INFO: [VRFC 10-311] analyzing module D_FF_1006
INFO: [VRFC 10-311] analyzing module D_FF_1007
INFO: [VRFC 10-311] analyzing module D_FF_1008
INFO: [VRFC 10-311] analyzing module D_FF_1009
INFO: [VRFC 10-311] analyzing module D_FF_101
INFO: [VRFC 10-311] analyzing module D_FF_1010
INFO: [VRFC 10-311] analyzing module D_FF_102
INFO: [VRFC 10-311] analyzing module D_FF_103
INFO: [VRFC 10-311] analyzing module D_FF_104
INFO: [VRFC 10-311] analyzing module D_FF_105
INFO: [VRFC 10-311] analyzing module D_FF_106
INFO: [VRFC 10-311] analyzing module D_FF_107
INFO: [VRFC 10-311] analyzing module D_FF_1078
INFO: [VRFC 10-311] analyzing module D_FF_1079
INFO: [VRFC 10-311] analyzing module D_FF_108
INFO: [VRFC 10-311] analyzing module D_FF_1080
INFO: [VRFC 10-311] analyzing module D_FF_1081
INFO: [VRFC 10-311] analyzing module D_FF_1082
INFO: [VRFC 10-311] analyzing module D_FF_1083
INFO: [VRFC 10-311] analyzing module D_FF_1084
INFO: [VRFC 10-311] analyzing module D_FF_1085
INFO: [VRFC 10-311] analyzing module D_FF_1086
INFO: [VRFC 10-311] analyzing module D_FF_1087
INFO: [VRFC 10-311] analyzing module D_FF_109
INFO: [VRFC 10-311] analyzing module D_FF_110
INFO: [VRFC 10-311] analyzing module D_FF_111
INFO: [VRFC 10-311] analyzing module D_FF_112
INFO: [VRFC 10-311] analyzing module D_FF_1120
INFO: [VRFC 10-311] analyzing module D_FF_1121
INFO: [VRFC 10-311] analyzing module D_FF_1122
INFO: [VRFC 10-311] analyzing module D_FF_1123
INFO: [VRFC 10-311] analyzing module D_FF_1124
INFO: [VRFC 10-311] analyzing module D_FF_1125
INFO: [VRFC 10-311] analyzing module D_FF_1126
INFO: [VRFC 10-311] analyzing module D_FF_1127
INFO: [VRFC 10-311] analyzing module D_FF_1128
INFO: [VRFC 10-311] analyzing module D_FF_1129
INFO: [VRFC 10-311] analyzing module D_FF_113
INFO: [VRFC 10-311] analyzing module D_FF_1130
INFO: [VRFC 10-311] analyzing module D_FF_1131
INFO: [VRFC 10-311] analyzing module D_FF_1132
INFO: [VRFC 10-311] analyzing module D_FF_1133
INFO: [VRFC 10-311] analyzing module D_FF_1134
INFO: [VRFC 10-311] analyzing module D_FF_1135
INFO: [VRFC 10-311] analyzing module D_FF_1136
INFO: [VRFC 10-311] analyzing module D_FF_1137
INFO: [VRFC 10-311] analyzing module D_FF_1138
INFO: [VRFC 10-311] analyzing module D_FF_1139
INFO: [VRFC 10-311] analyzing module D_FF_114
INFO: [VRFC 10-311] analyzing module D_FF_1140
INFO: [VRFC 10-311] analyzing module D_FF_1141
INFO: [VRFC 10-311] analyzing module D_FF_1142
INFO: [VRFC 10-311] analyzing module D_FF_1143
INFO: [VRFC 10-311] analyzing module D_FF_1144
INFO: [VRFC 10-311] analyzing module D_FF_1145
INFO: [VRFC 10-311] analyzing module D_FF_1146
INFO: [VRFC 10-311] analyzing module D_FF_1147
INFO: [VRFC 10-311] analyzing module D_FF_1148
INFO: [VRFC 10-311] analyzing module D_FF_1149
INFO: [VRFC 10-311] analyzing module D_FF_1150
INFO: [VRFC 10-311] analyzing module D_FF_1151
INFO: [VRFC 10-311] analyzing module D_FF_1152
INFO: [VRFC 10-311] analyzing module D_FF_1185
INFO: [VRFC 10-311] analyzing module D_FF_1186
INFO: [VRFC 10-311] analyzing module D_FF_1187
INFO: [VRFC 10-311] analyzing module D_FF_1188
INFO: [VRFC 10-311] analyzing module D_FF_1189
INFO: [VRFC 10-311] analyzing module D_FF_1190
INFO: [VRFC 10-311] analyzing module D_FF_1191
INFO: [VRFC 10-311] analyzing module D_FF_1192
INFO: [VRFC 10-311] analyzing module D_FF_1193
INFO: [VRFC 10-311] analyzing module D_FF_1194
INFO: [VRFC 10-311] analyzing module D_FF_1195
INFO: [VRFC 10-311] analyzing module D_FF_1196
INFO: [VRFC 10-311] analyzing module D_FF_1197
INFO: [VRFC 10-311] analyzing module D_FF_1198
INFO: [VRFC 10-311] analyzing module D_FF_1199
INFO: [VRFC 10-311] analyzing module D_FF_1200
INFO: [VRFC 10-311] analyzing module D_FF_1201
INFO: [VRFC 10-311] analyzing module D_FF_1202
INFO: [VRFC 10-311] analyzing module D_FF_1203
INFO: [VRFC 10-311] analyzing module D_FF_1204
INFO: [VRFC 10-311] analyzing module D_FF_1205
INFO: [VRFC 10-311] analyzing module D_FF_1206
INFO: [VRFC 10-311] analyzing module D_FF_1207
INFO: [VRFC 10-311] analyzing module D_FF_1208
INFO: [VRFC 10-311] analyzing module D_FF_1209
INFO: [VRFC 10-311] analyzing module D_FF_1210
INFO: [VRFC 10-311] analyzing module D_FF_1211
INFO: [VRFC 10-311] analyzing module D_FF_1212
INFO: [VRFC 10-311] analyzing module D_FF_1213
INFO: [VRFC 10-311] analyzing module D_FF_1214
INFO: [VRFC 10-311] analyzing module D_FF_1215
INFO: [VRFC 10-311] analyzing module D_FF_1216
INFO: [VRFC 10-311] analyzing module D_FF_1217
INFO: [VRFC 10-311] analyzing module D_FF_1222
INFO: [VRFC 10-311] analyzing module D_FF_1223
INFO: [VRFC 10-311] analyzing module D_FF_1224
INFO: [VRFC 10-311] analyzing module D_FF_1225
INFO: [VRFC 10-311] analyzing module D_FF_1248
INFO: [VRFC 10-311] analyzing module D_FF_1249
INFO: [VRFC 10-311] analyzing module D_FF_1250
INFO: [VRFC 10-311] analyzing module D_FF_1251
INFO: [VRFC 10-311] analyzing module D_FF_1252
INFO: [VRFC 10-311] analyzing module D_FF_1253
INFO: [VRFC 10-311] analyzing module D_FF_1254
INFO: [VRFC 10-311] analyzing module D_FF_1255
INFO: [VRFC 10-311] analyzing module D_FF_1256
INFO: [VRFC 10-311] analyzing module D_FF_1257
INFO: [VRFC 10-311] analyzing module D_FF_1258
INFO: [VRFC 10-311] analyzing module D_FF_1259
INFO: [VRFC 10-311] analyzing module D_FF_1260
INFO: [VRFC 10-311] analyzing module D_FF_1261
INFO: [VRFC 10-311] analyzing module D_FF_1262
INFO: [VRFC 10-311] analyzing module D_FF_1263
INFO: [VRFC 10-311] analyzing module D_FF_1264
INFO: [VRFC 10-311] analyzing module D_FF_1265
INFO: [VRFC 10-311] analyzing module D_FF_1266
INFO: [VRFC 10-311] analyzing module D_FF_1267
INFO: [VRFC 10-311] analyzing module D_FF_1268
INFO: [VRFC 10-311] analyzing module D_FF_1269
INFO: [VRFC 10-311] analyzing module D_FF_1278
INFO: [VRFC 10-311] analyzing module D_FF_1279
INFO: [VRFC 10-311] analyzing module D_FF_1280
INFO: [VRFC 10-311] analyzing module D_FF_1281
INFO: [VRFC 10-311] analyzing module D_FF_1282
INFO: [VRFC 10-311] analyzing module D_FF_1283
INFO: [VRFC 10-311] analyzing module D_FF_1284
INFO: [VRFC 10-311] analyzing module D_FF_1285
INFO: [VRFC 10-311] analyzing module D_FF_1286
INFO: [VRFC 10-311] analyzing module D_FF_1287
INFO: [VRFC 10-311] analyzing module D_FF_1320
INFO: [VRFC 10-311] analyzing module D_FF_1321
INFO: [VRFC 10-311] analyzing module D_FF_1322
INFO: [VRFC 10-311] analyzing module D_FF_1323
INFO: [VRFC 10-311] analyzing module D_FF_1324
INFO: [VRFC 10-311] analyzing module D_FF_1325
INFO: [VRFC 10-311] analyzing module D_FF_1326
INFO: [VRFC 10-311] analyzing module D_FF_1327
INFO: [VRFC 10-311] analyzing module D_FF_1328
INFO: [VRFC 10-311] analyzing module D_FF_1329
INFO: [VRFC 10-311] analyzing module D_FF_1330
INFO: [VRFC 10-311] analyzing module D_FF_1331
INFO: [VRFC 10-311] analyzing module D_FF_1332
INFO: [VRFC 10-311] analyzing module D_FF_1333
INFO: [VRFC 10-311] analyzing module D_FF_1334
INFO: [VRFC 10-311] analyzing module D_FF_1335
INFO: [VRFC 10-311] analyzing module D_FF_1336
INFO: [VRFC 10-311] analyzing module D_FF_1337
INFO: [VRFC 10-311] analyzing module D_FF_1338
INFO: [VRFC 10-311] analyzing module D_FF_1339
INFO: [VRFC 10-311] analyzing module D_FF_1340
INFO: [VRFC 10-311] analyzing module D_FF_1341
INFO: [VRFC 10-311] analyzing module D_FF_1342
INFO: [VRFC 10-311] analyzing module D_FF_1343
INFO: [VRFC 10-311] analyzing module D_FF_1344
INFO: [VRFC 10-311] analyzing module D_FF_1345
INFO: [VRFC 10-311] analyzing module D_FF_1346
INFO: [VRFC 10-311] analyzing module D_FF_1347
INFO: [VRFC 10-311] analyzing module D_FF_1348
INFO: [VRFC 10-311] analyzing module D_FF_1349
INFO: [VRFC 10-311] analyzing module D_FF_1350
INFO: [VRFC 10-311] analyzing module D_FF_1351
INFO: [VRFC 10-311] analyzing module D_FF_1384
INFO: [VRFC 10-311] analyzing module D_FF_1385
INFO: [VRFC 10-311] analyzing module D_FF_1386
INFO: [VRFC 10-311] analyzing module D_FF_1387
INFO: [VRFC 10-311] analyzing module D_FF_1388
INFO: [VRFC 10-311] analyzing module D_FF_1389
INFO: [VRFC 10-311] analyzing module D_FF_1390
INFO: [VRFC 10-311] analyzing module D_FF_1391
INFO: [VRFC 10-311] analyzing module D_FF_1392
INFO: [VRFC 10-311] analyzing module D_FF_1393
INFO: [VRFC 10-311] analyzing module D_FF_1394
INFO: [VRFC 10-311] analyzing module D_FF_1395
INFO: [VRFC 10-311] analyzing module D_FF_1396
INFO: [VRFC 10-311] analyzing module D_FF_1397
INFO: [VRFC 10-311] analyzing module D_FF_1398
INFO: [VRFC 10-311] analyzing module D_FF_1399
INFO: [VRFC 10-311] analyzing module D_FF_1400
INFO: [VRFC 10-311] analyzing module D_FF_1401
INFO: [VRFC 10-311] analyzing module D_FF_1402
INFO: [VRFC 10-311] analyzing module D_FF_1403
INFO: [VRFC 10-311] analyzing module D_FF_1404
INFO: [VRFC 10-311] analyzing module D_FF_1405
INFO: [VRFC 10-311] analyzing module D_FF_1406
INFO: [VRFC 10-311] analyzing module D_FF_1407
INFO: [VRFC 10-311] analyzing module D_FF_1408
INFO: [VRFC 10-311] analyzing module D_FF_1409
INFO: [VRFC 10-311] analyzing module D_FF_1410
INFO: [VRFC 10-311] analyzing module D_FF_1411
INFO: [VRFC 10-311] analyzing module D_FF_1412
INFO: [VRFC 10-311] analyzing module D_FF_1413
INFO: [VRFC 10-311] analyzing module D_FF_1414
INFO: [VRFC 10-311] analyzing module D_FF_1415
INFO: [VRFC 10-311] analyzing module D_FF_1420
INFO: [VRFC 10-311] analyzing module D_FF_1421
INFO: [VRFC 10-311] analyzing module D_FF_1422
INFO: [VRFC 10-311] analyzing module D_FF_1423
INFO: [VRFC 10-311] analyzing module D_FF_1424
INFO: [VRFC 10-311] analyzing module D_FF_1425
INFO: [VRFC 10-311] analyzing module D_FF_1426
INFO: [VRFC 10-311] analyzing module D_FF_1427
INFO: [VRFC 10-311] analyzing module D_FF_1439
INFO: [VRFC 10-311] analyzing module D_FF_1440
INFO: [VRFC 10-311] analyzing module D_FF_1441
INFO: [VRFC 10-311] analyzing module D_FF_1442
INFO: [VRFC 10-311] analyzing module D_FF_1443
INFO: [VRFC 10-311] analyzing module D_FF_1444
INFO: [VRFC 10-311] analyzing module D_FF_1445
INFO: [VRFC 10-311] analyzing module D_FF_1446
INFO: [VRFC 10-311] analyzing module D_FF_1447
INFO: [VRFC 10-311] analyzing module D_FF_1448
INFO: [VRFC 10-311] analyzing module D_FF_1449
INFO: [VRFC 10-311] analyzing module D_FF_1450
INFO: [VRFC 10-311] analyzing module D_FF_1451
INFO: [VRFC 10-311] analyzing module D_FF_1452
INFO: [VRFC 10-311] analyzing module D_FF_1453
INFO: [VRFC 10-311] analyzing module D_FF_1454
INFO: [VRFC 10-311] analyzing module D_FF_1455
INFO: [VRFC 10-311] analyzing module D_FF_1456
INFO: [VRFC 10-311] analyzing module D_FF_1457
INFO: [VRFC 10-311] analyzing module D_FF_1458
INFO: [VRFC 10-311] analyzing module D_FF_147
INFO: [VRFC 10-311] analyzing module D_FF_148
INFO: [VRFC 10-311] analyzing module D_FF_149
INFO: [VRFC 10-311] analyzing module D_FF_1491
INFO: [VRFC 10-311] analyzing module D_FF_1492
INFO: [VRFC 10-311] analyzing module D_FF_1493
INFO: [VRFC 10-311] analyzing module D_FF_1494
INFO: [VRFC 10-311] analyzing module D_FF_1495
INFO: [VRFC 10-311] analyzing module D_FF_1496
INFO: [VRFC 10-311] analyzing module D_FF_1497
INFO: [VRFC 10-311] analyzing module D_FF_1498
INFO: [VRFC 10-311] analyzing module D_FF_1499
INFO: [VRFC 10-311] analyzing module D_FF_150
INFO: [VRFC 10-311] analyzing module D_FF_1500
INFO: [VRFC 10-311] analyzing module D_FF_1501
INFO: [VRFC 10-311] analyzing module D_FF_1502
INFO: [VRFC 10-311] analyzing module D_FF_1503
INFO: [VRFC 10-311] analyzing module D_FF_1504
INFO: [VRFC 10-311] analyzing module D_FF_1505
INFO: [VRFC 10-311] analyzing module D_FF_1506
INFO: [VRFC 10-311] analyzing module D_FF_1507
INFO: [VRFC 10-311] analyzing module D_FF_1508
INFO: [VRFC 10-311] analyzing module D_FF_1509
INFO: [VRFC 10-311] analyzing module D_FF_151
INFO: [VRFC 10-311] analyzing module D_FF_1510
INFO: [VRFC 10-311] analyzing module D_FF_1511
INFO: [VRFC 10-311] analyzing module D_FF_1512
INFO: [VRFC 10-311] analyzing module D_FF_1513
INFO: [VRFC 10-311] analyzing module D_FF_1514
INFO: [VRFC 10-311] analyzing module D_FF_1515
INFO: [VRFC 10-311] analyzing module D_FF_1516
INFO: [VRFC 10-311] analyzing module D_FF_1517
INFO: [VRFC 10-311] analyzing module D_FF_1518
INFO: [VRFC 10-311] analyzing module D_FF_1519
INFO: [VRFC 10-311] analyzing module D_FF_152
INFO: [VRFC 10-311] analyzing module D_FF_1520
INFO: [VRFC 10-311] analyzing module D_FF_1521
INFO: [VRFC 10-311] analyzing module D_FF_1522
INFO: [VRFC 10-311] analyzing module D_FF_1523
INFO: [VRFC 10-311] analyzing module D_FF_1524
INFO: [VRFC 10-311] analyzing module D_FF_1525
INFO: [VRFC 10-311] analyzing module D_FF_153
INFO: [VRFC 10-311] analyzing module D_FF_154
INFO: [VRFC 10-311] analyzing module D_FF_155
INFO: [VRFC 10-311] analyzing module D_FF_1558
INFO: [VRFC 10-311] analyzing module D_FF_1559
INFO: [VRFC 10-311] analyzing module D_FF_156
INFO: [VRFC 10-311] analyzing module D_FF_1560
INFO: [VRFC 10-311] analyzing module D_FF_1561
INFO: [VRFC 10-311] analyzing module D_FF_1562
INFO: [VRFC 10-311] analyzing module D_FF_1563
INFO: [VRFC 10-311] analyzing module D_FF_1564
INFO: [VRFC 10-311] analyzing module D_FF_1565
INFO: [VRFC 10-311] analyzing module D_FF_1566
INFO: [VRFC 10-311] analyzing module D_FF_1567
INFO: [VRFC 10-311] analyzing module D_FF_1568
INFO: [VRFC 10-311] analyzing module D_FF_1569
INFO: [VRFC 10-311] analyzing module D_FF_157
INFO: [VRFC 10-311] analyzing module D_FF_1570
INFO: [VRFC 10-311] analyzing module D_FF_1571
INFO: [VRFC 10-311] analyzing module D_FF_1572
INFO: [VRFC 10-311] analyzing module D_FF_1573
INFO: [VRFC 10-311] analyzing module D_FF_1574
INFO: [VRFC 10-311] analyzing module D_FF_1575
INFO: [VRFC 10-311] analyzing module D_FF_1576
INFO: [VRFC 10-311] analyzing module D_FF_1577
INFO: [VRFC 10-311] analyzing module D_FF_1578
INFO: [VRFC 10-311] analyzing module D_FF_1579
INFO: [VRFC 10-311] analyzing module D_FF_158
INFO: [VRFC 10-311] analyzing module D_FF_1580
INFO: [VRFC 10-311] analyzing module D_FF_1581
INFO: [VRFC 10-311] analyzing module D_FF_1582
INFO: [VRFC 10-311] analyzing module D_FF_1583
INFO: [VRFC 10-311] analyzing module D_FF_1584
INFO: [VRFC 10-311] analyzing module D_FF_1585
INFO: [VRFC 10-311] analyzing module D_FF_1586
INFO: [VRFC 10-311] analyzing module D_FF_1587
INFO: [VRFC 10-311] analyzing module D_FF_1588
INFO: [VRFC 10-311] analyzing module D_FF_1589
INFO: [VRFC 10-311] analyzing module D_FF_159
INFO: [VRFC 10-311] analyzing module D_FF_160
INFO: [VRFC 10-311] analyzing module D_FF_161
INFO: [VRFC 10-311] analyzing module D_FF_162
INFO: [VRFC 10-311] analyzing module D_FF_163
INFO: [VRFC 10-311] analyzing module D_FF_164
INFO: [VRFC 10-311] analyzing module D_FF_165
INFO: [VRFC 10-311] analyzing module D_FF_166
INFO: [VRFC 10-311] analyzing module D_FF_167
INFO: [VRFC 10-311] analyzing module D_FF_168
INFO: [VRFC 10-311] analyzing module D_FF_169
INFO: [VRFC 10-311] analyzing module D_FF_170
INFO: [VRFC 10-311] analyzing module D_FF_171
INFO: [VRFC 10-311] analyzing module D_FF_172
INFO: [VRFC 10-311] analyzing module D_FF_173
INFO: [VRFC 10-311] analyzing module D_FF_174
INFO: [VRFC 10-311] analyzing module D_FF_175
INFO: [VRFC 10-311] analyzing module D_FF_176
INFO: [VRFC 10-311] analyzing module D_FF_177
INFO: [VRFC 10-311] analyzing module D_FF_178
INFO: [VRFC 10-311] analyzing module D_FF_211
INFO: [VRFC 10-311] analyzing module D_FF_212
INFO: [VRFC 10-311] analyzing module D_FF_213
INFO: [VRFC 10-311] analyzing module D_FF_214
INFO: [VRFC 10-311] analyzing module D_FF_215
INFO: [VRFC 10-311] analyzing module D_FF_216
INFO: [VRFC 10-311] analyzing module D_FF_217
INFO: [VRFC 10-311] analyzing module D_FF_218
INFO: [VRFC 10-311] analyzing module D_FF_219
INFO: [VRFC 10-311] analyzing module D_FF_220
INFO: [VRFC 10-311] analyzing module D_FF_221
INFO: [VRFC 10-311] analyzing module D_FF_222
INFO: [VRFC 10-311] analyzing module D_FF_223
INFO: [VRFC 10-311] analyzing module D_FF_224
INFO: [VRFC 10-311] analyzing module D_FF_225
INFO: [VRFC 10-311] analyzing module D_FF_226
INFO: [VRFC 10-311] analyzing module D_FF_227
INFO: [VRFC 10-311] analyzing module D_FF_228
INFO: [VRFC 10-311] analyzing module D_FF_229
INFO: [VRFC 10-311] analyzing module D_FF_230
INFO: [VRFC 10-311] analyzing module D_FF_231
INFO: [VRFC 10-311] analyzing module D_FF_232
INFO: [VRFC 10-311] analyzing module D_FF_233
INFO: [VRFC 10-311] analyzing module D_FF_234
INFO: [VRFC 10-311] analyzing module D_FF_235
INFO: [VRFC 10-311] analyzing module D_FF_236
INFO: [VRFC 10-311] analyzing module D_FF_237
INFO: [VRFC 10-311] analyzing module D_FF_238
INFO: [VRFC 10-311] analyzing module D_FF_239
INFO: [VRFC 10-311] analyzing module D_FF_240
INFO: [VRFC 10-311] analyzing module D_FF_241
INFO: [VRFC 10-311] analyzing module D_FF_242
INFO: [VRFC 10-311] analyzing module D_FF_275
INFO: [VRFC 10-311] analyzing module D_FF_276
INFO: [VRFC 10-311] analyzing module D_FF_277
INFO: [VRFC 10-311] analyzing module D_FF_278
INFO: [VRFC 10-311] analyzing module D_FF_279
INFO: [VRFC 10-311] analyzing module D_FF_280
INFO: [VRFC 10-311] analyzing module D_FF_281
INFO: [VRFC 10-311] analyzing module D_FF_282
INFO: [VRFC 10-311] analyzing module D_FF_283
INFO: [VRFC 10-311] analyzing module D_FF_284
INFO: [VRFC 10-311] analyzing module D_FF_285
INFO: [VRFC 10-311] analyzing module D_FF_286
INFO: [VRFC 10-311] analyzing module D_FF_287
INFO: [VRFC 10-311] analyzing module D_FF_288
INFO: [VRFC 10-311] analyzing module D_FF_289
INFO: [VRFC 10-311] analyzing module D_FF_290
INFO: [VRFC 10-311] analyzing module D_FF_291
INFO: [VRFC 10-311] analyzing module D_FF_292
INFO: [VRFC 10-311] analyzing module D_FF_293
INFO: [VRFC 10-311] analyzing module D_FF_294
INFO: [VRFC 10-311] analyzing module D_FF_295
INFO: [VRFC 10-311] analyzing module D_FF_296
INFO: [VRFC 10-311] analyzing module D_FF_297
INFO: [VRFC 10-311] analyzing module D_FF_298
INFO: [VRFC 10-311] analyzing module D_FF_299
INFO: [VRFC 10-311] analyzing module D_FF_300
INFO: [VRFC 10-311] analyzing module D_FF_301
INFO: [VRFC 10-311] analyzing module D_FF_302
INFO: [VRFC 10-311] analyzing module D_FF_303
INFO: [VRFC 10-311] analyzing module D_FF_304
INFO: [VRFC 10-311] analyzing module D_FF_305
INFO: [VRFC 10-311] analyzing module D_FF_306
INFO: [VRFC 10-311] analyzing module D_FF_339
INFO: [VRFC 10-311] analyzing module D_FF_340
INFO: [VRFC 10-311] analyzing module D_FF_341
INFO: [VRFC 10-311] analyzing module D_FF_342
INFO: [VRFC 10-311] analyzing module D_FF_343
INFO: [VRFC 10-311] analyzing module D_FF_344
INFO: [VRFC 10-311] analyzing module D_FF_345
INFO: [VRFC 10-311] analyzing module D_FF_346
INFO: [VRFC 10-311] analyzing module D_FF_347
INFO: [VRFC 10-311] analyzing module D_FF_348
INFO: [VRFC 10-311] analyzing module D_FF_349
INFO: [VRFC 10-311] analyzing module D_FF_350
INFO: [VRFC 10-311] analyzing module D_FF_351
INFO: [VRFC 10-311] analyzing module D_FF_352
INFO: [VRFC 10-311] analyzing module D_FF_353
INFO: [VRFC 10-311] analyzing module D_FF_354
INFO: [VRFC 10-311] analyzing module D_FF_355
INFO: [VRFC 10-311] analyzing module D_FF_356
INFO: [VRFC 10-311] analyzing module D_FF_357
INFO: [VRFC 10-311] analyzing module D_FF_358
INFO: [VRFC 10-311] analyzing module D_FF_359
INFO: [VRFC 10-311] analyzing module D_FF_360
INFO: [VRFC 10-311] analyzing module D_FF_361
INFO: [VRFC 10-311] analyzing module D_FF_362
INFO: [VRFC 10-311] analyzing module D_FF_363
INFO: [VRFC 10-311] analyzing module D_FF_364
INFO: [VRFC 10-311] analyzing module D_FF_365
INFO: [VRFC 10-311] analyzing module D_FF_366
INFO: [VRFC 10-311] analyzing module D_FF_367
INFO: [VRFC 10-311] analyzing module D_FF_368
INFO: [VRFC 10-311] analyzing module D_FF_369
INFO: [VRFC 10-311] analyzing module D_FF_370
INFO: [VRFC 10-311] analyzing module D_FF_403
INFO: [VRFC 10-311] analyzing module D_FF_404
INFO: [VRFC 10-311] analyzing module D_FF_405
INFO: [VRFC 10-311] analyzing module D_FF_406
INFO: [VRFC 10-311] analyzing module D_FF_407
INFO: [VRFC 10-311] analyzing module D_FF_408
INFO: [VRFC 10-311] analyzing module D_FF_409
INFO: [VRFC 10-311] analyzing module D_FF_410
INFO: [VRFC 10-311] analyzing module D_FF_411
INFO: [VRFC 10-311] analyzing module D_FF_412
INFO: [VRFC 10-311] analyzing module D_FF_413
INFO: [VRFC 10-311] analyzing module D_FF_414
INFO: [VRFC 10-311] analyzing module D_FF_415
INFO: [VRFC 10-311] analyzing module D_FF_416
INFO: [VRFC 10-311] analyzing module D_FF_417
INFO: [VRFC 10-311] analyzing module D_FF_418
INFO: [VRFC 10-311] analyzing module D_FF_419
INFO: [VRFC 10-311] analyzing module D_FF_420
INFO: [VRFC 10-311] analyzing module D_FF_421
INFO: [VRFC 10-311] analyzing module D_FF_422
INFO: [VRFC 10-311] analyzing module D_FF_423
INFO: [VRFC 10-311] analyzing module D_FF_424
INFO: [VRFC 10-311] analyzing module D_FF_425
INFO: [VRFC 10-311] analyzing module D_FF_426
INFO: [VRFC 10-311] analyzing module D_FF_427
INFO: [VRFC 10-311] analyzing module D_FF_428
INFO: [VRFC 10-311] analyzing module D_FF_429
INFO: [VRFC 10-311] analyzing module D_FF_430
INFO: [VRFC 10-311] analyzing module D_FF_431
INFO: [VRFC 10-311] analyzing module D_FF_432
INFO: [VRFC 10-311] analyzing module D_FF_433
INFO: [VRFC 10-311] analyzing module D_FF_434
INFO: [VRFC 10-311] analyzing module D_FF_467
INFO: [VRFC 10-311] analyzing module D_FF_468
INFO: [VRFC 10-311] analyzing module D_FF_469
INFO: [VRFC 10-311] analyzing module D_FF_470
INFO: [VRFC 10-311] analyzing module D_FF_471
INFO: [VRFC 10-311] analyzing module D_FF_472
INFO: [VRFC 10-311] analyzing module D_FF_473
INFO: [VRFC 10-311] analyzing module D_FF_474
INFO: [VRFC 10-311] analyzing module D_FF_475
INFO: [VRFC 10-311] analyzing module D_FF_476
INFO: [VRFC 10-311] analyzing module D_FF_477
INFO: [VRFC 10-311] analyzing module D_FF_478
INFO: [VRFC 10-311] analyzing module D_FF_479
INFO: [VRFC 10-311] analyzing module D_FF_480
INFO: [VRFC 10-311] analyzing module D_FF_481
INFO: [VRFC 10-311] analyzing module D_FF_482
INFO: [VRFC 10-311] analyzing module D_FF_483
INFO: [VRFC 10-311] analyzing module D_FF_484
INFO: [VRFC 10-311] analyzing module D_FF_485
INFO: [VRFC 10-311] analyzing module D_FF_486
INFO: [VRFC 10-311] analyzing module D_FF_487
INFO: [VRFC 10-311] analyzing module D_FF_488
INFO: [VRFC 10-311] analyzing module D_FF_489
INFO: [VRFC 10-311] analyzing module D_FF_490
INFO: [VRFC 10-311] analyzing module D_FF_491
INFO: [VRFC 10-311] analyzing module D_FF_492
INFO: [VRFC 10-311] analyzing module D_FF_493
INFO: [VRFC 10-311] analyzing module D_FF_494
INFO: [VRFC 10-311] analyzing module D_FF_495
INFO: [VRFC 10-311] analyzing module D_FF_496
INFO: [VRFC 10-311] analyzing module D_FF_497
INFO: [VRFC 10-311] analyzing module D_FF_498
INFO: [VRFC 10-311] analyzing module D_FF_531
INFO: [VRFC 10-311] analyzing module D_FF_532
INFO: [VRFC 10-311] analyzing module D_FF_533
INFO: [VRFC 10-311] analyzing module D_FF_534
INFO: [VRFC 10-311] analyzing module D_FF_535
INFO: [VRFC 10-311] analyzing module D_FF_536
INFO: [VRFC 10-311] analyzing module D_FF_537
INFO: [VRFC 10-311] analyzing module D_FF_538
INFO: [VRFC 10-311] analyzing module D_FF_539
INFO: [VRFC 10-311] analyzing module D_FF_540
INFO: [VRFC 10-311] analyzing module D_FF_541
INFO: [VRFC 10-311] analyzing module D_FF_542
INFO: [VRFC 10-311] analyzing module D_FF_543
INFO: [VRFC 10-311] analyzing module D_FF_544
INFO: [VRFC 10-311] analyzing module D_FF_545
INFO: [VRFC 10-311] analyzing module D_FF_546
INFO: [VRFC 10-311] analyzing module D_FF_547
INFO: [VRFC 10-311] analyzing module D_FF_548
INFO: [VRFC 10-311] analyzing module D_FF_549
INFO: [VRFC 10-311] analyzing module D_FF_550
INFO: [VRFC 10-311] analyzing module D_FF_551
INFO: [VRFC 10-311] analyzing module D_FF_552
INFO: [VRFC 10-311] analyzing module D_FF_553
INFO: [VRFC 10-311] analyzing module D_FF_554
INFO: [VRFC 10-311] analyzing module D_FF_555
INFO: [VRFC 10-311] analyzing module D_FF_556
INFO: [VRFC 10-311] analyzing module D_FF_557
INFO: [VRFC 10-311] analyzing module D_FF_558
INFO: [VRFC 10-311] analyzing module D_FF_559
INFO: [VRFC 10-311] analyzing module D_FF_560
INFO: [VRFC 10-311] analyzing module D_FF_561
INFO: [VRFC 10-311] analyzing module D_FF_562
INFO: [VRFC 10-311] analyzing module D_FF_595
INFO: [VRFC 10-311] analyzing module D_FF_596
INFO: [VRFC 10-311] analyzing module D_FF_597
INFO: [VRFC 10-311] analyzing module D_FF_598
INFO: [VRFC 10-311] analyzing module D_FF_599
INFO: [VRFC 10-311] analyzing module D_FF_600
INFO: [VRFC 10-311] analyzing module D_FF_601
INFO: [VRFC 10-311] analyzing module D_FF_602
INFO: [VRFC 10-311] analyzing module D_FF_603
INFO: [VRFC 10-311] analyzing module D_FF_604
INFO: [VRFC 10-311] analyzing module D_FF_605
INFO: [VRFC 10-311] analyzing module D_FF_606
INFO: [VRFC 10-311] analyzing module D_FF_607
INFO: [VRFC 10-311] analyzing module D_FF_608
INFO: [VRFC 10-311] analyzing module D_FF_609
INFO: [VRFC 10-311] analyzing module D_FF_610
INFO: [VRFC 10-311] analyzing module D_FF_611
INFO: [VRFC 10-311] analyzing module D_FF_612
INFO: [VRFC 10-311] analyzing module D_FF_613
INFO: [VRFC 10-311] analyzing module D_FF_614
INFO: [VRFC 10-311] analyzing module D_FF_615
INFO: [VRFC 10-311] analyzing module D_FF_616
INFO: [VRFC 10-311] analyzing module D_FF_617
INFO: [VRFC 10-311] analyzing module D_FF_618
INFO: [VRFC 10-311] analyzing module D_FF_619
INFO: [VRFC 10-311] analyzing module D_FF_620
INFO: [VRFC 10-311] analyzing module D_FF_621
INFO: [VRFC 10-311] analyzing module D_FF_622
INFO: [VRFC 10-311] analyzing module D_FF_623
INFO: [VRFC 10-311] analyzing module D_FF_624
INFO: [VRFC 10-311] analyzing module D_FF_625
INFO: [VRFC 10-311] analyzing module D_FF_626
INFO: [VRFC 10-311] analyzing module D_FF_659
INFO: [VRFC 10-311] analyzing module D_FF_660
INFO: [VRFC 10-311] analyzing module D_FF_661
INFO: [VRFC 10-311] analyzing module D_FF_662
INFO: [VRFC 10-311] analyzing module D_FF_663
INFO: [VRFC 10-311] analyzing module D_FF_664
INFO: [VRFC 10-311] analyzing module D_FF_665
INFO: [VRFC 10-311] analyzing module D_FF_666
INFO: [VRFC 10-311] analyzing module D_FF_667
INFO: [VRFC 10-311] analyzing module D_FF_668
INFO: [VRFC 10-311] analyzing module D_FF_669
INFO: [VRFC 10-311] analyzing module D_FF_670
INFO: [VRFC 10-311] analyzing module D_FF_671
INFO: [VRFC 10-311] analyzing module D_FF_672
INFO: [VRFC 10-311] analyzing module D_FF_673
INFO: [VRFC 10-311] analyzing module D_FF_674
INFO: [VRFC 10-311] analyzing module D_FF_675
INFO: [VRFC 10-311] analyzing module D_FF_676
INFO: [VRFC 10-311] analyzing module D_FF_677
INFO: [VRFC 10-311] analyzing module D_FF_678
INFO: [VRFC 10-311] analyzing module D_FF_679
INFO: [VRFC 10-311] analyzing module D_FF_680
INFO: [VRFC 10-311] analyzing module D_FF_681
INFO: [VRFC 10-311] analyzing module D_FF_682
INFO: [VRFC 10-311] analyzing module D_FF_683
INFO: [VRFC 10-311] analyzing module D_FF_684
INFO: [VRFC 10-311] analyzing module D_FF_685
INFO: [VRFC 10-311] analyzing module D_FF_686
INFO: [VRFC 10-311] analyzing module D_FF_687
INFO: [VRFC 10-311] analyzing module D_FF_688
INFO: [VRFC 10-311] analyzing module D_FF_689
INFO: [VRFC 10-311] analyzing module D_FF_690
INFO: [VRFC 10-311] analyzing module D_FF_723
INFO: [VRFC 10-311] analyzing module D_FF_724
INFO: [VRFC 10-311] analyzing module D_FF_725
INFO: [VRFC 10-311] analyzing module D_FF_726
INFO: [VRFC 10-311] analyzing module D_FF_727
INFO: [VRFC 10-311] analyzing module D_FF_728
INFO: [VRFC 10-311] analyzing module D_FF_729
INFO: [VRFC 10-311] analyzing module D_FF_730
INFO: [VRFC 10-311] analyzing module D_FF_731
INFO: [VRFC 10-311] analyzing module D_FF_732
INFO: [VRFC 10-311] analyzing module D_FF_733
INFO: [VRFC 10-311] analyzing module D_FF_734
INFO: [VRFC 10-311] analyzing module D_FF_735
INFO: [VRFC 10-311] analyzing module D_FF_736
INFO: [VRFC 10-311] analyzing module D_FF_737
INFO: [VRFC 10-311] analyzing module D_FF_738
INFO: [VRFC 10-311] analyzing module D_FF_739
INFO: [VRFC 10-311] analyzing module D_FF_740
INFO: [VRFC 10-311] analyzing module D_FF_741
INFO: [VRFC 10-311] analyzing module D_FF_742
INFO: [VRFC 10-311] analyzing module D_FF_743
INFO: [VRFC 10-311] analyzing module D_FF_744
INFO: [VRFC 10-311] analyzing module D_FF_745
INFO: [VRFC 10-311] analyzing module D_FF_746
INFO: [VRFC 10-311] analyzing module D_FF_747
INFO: [VRFC 10-311] analyzing module D_FF_748
INFO: [VRFC 10-311] analyzing module D_FF_749
INFO: [VRFC 10-311] analyzing module D_FF_750
INFO: [VRFC 10-311] analyzing module D_FF_751
INFO: [VRFC 10-311] analyzing module D_FF_752
INFO: [VRFC 10-311] analyzing module D_FF_753
INFO: [VRFC 10-311] analyzing module D_FF_754
INFO: [VRFC 10-311] analyzing module D_FF_787
INFO: [VRFC 10-311] analyzing module D_FF_788
INFO: [VRFC 10-311] analyzing module D_FF_789
INFO: [VRFC 10-311] analyzing module D_FF_790
INFO: [VRFC 10-311] analyzing module D_FF_791
INFO: [VRFC 10-311] analyzing module D_FF_792
INFO: [VRFC 10-311] analyzing module D_FF_793
INFO: [VRFC 10-311] analyzing module D_FF_794
INFO: [VRFC 10-311] analyzing module D_FF_795
INFO: [VRFC 10-311] analyzing module D_FF_796
INFO: [VRFC 10-311] analyzing module D_FF_797
INFO: [VRFC 10-311] analyzing module D_FF_798
INFO: [VRFC 10-311] analyzing module D_FF_799
INFO: [VRFC 10-311] analyzing module D_FF_800
INFO: [VRFC 10-311] analyzing module D_FF_801
INFO: [VRFC 10-311] analyzing module D_FF_802
INFO: [VRFC 10-311] analyzing module D_FF_803
INFO: [VRFC 10-311] analyzing module D_FF_804
INFO: [VRFC 10-311] analyzing module D_FF_805
INFO: [VRFC 10-311] analyzing module D_FF_806
INFO: [VRFC 10-311] analyzing module D_FF_807
INFO: [VRFC 10-311] analyzing module D_FF_808
INFO: [VRFC 10-311] analyzing module D_FF_809
INFO: [VRFC 10-311] analyzing module D_FF_810
INFO: [VRFC 10-311] analyzing module D_FF_811
INFO: [VRFC 10-311] analyzing module D_FF_812
INFO: [VRFC 10-311] analyzing module D_FF_813
INFO: [VRFC 10-311] analyzing module D_FF_814
INFO: [VRFC 10-311] analyzing module D_FF_815
INFO: [VRFC 10-311] analyzing module D_FF_816
INFO: [VRFC 10-311] analyzing module D_FF_817
INFO: [VRFC 10-311] analyzing module D_FF_818
INFO: [VRFC 10-311] analyzing module D_FF_84
INFO: [VRFC 10-311] analyzing module D_FF_85
INFO: [VRFC 10-311] analyzing module D_FF_851
INFO: [VRFC 10-311] analyzing module D_FF_852
INFO: [VRFC 10-311] analyzing module D_FF_853
INFO: [VRFC 10-311] analyzing module D_FF_854
INFO: [VRFC 10-311] analyzing module D_FF_855
INFO: [VRFC 10-311] analyzing module D_FF_856
INFO: [VRFC 10-311] analyzing module D_FF_857
INFO: [VRFC 10-311] analyzing module D_FF_858
INFO: [VRFC 10-311] analyzing module D_FF_859
INFO: [VRFC 10-311] analyzing module D_FF_86
INFO: [VRFC 10-311] analyzing module D_FF_860
INFO: [VRFC 10-311] analyzing module D_FF_861
INFO: [VRFC 10-311] analyzing module D_FF_862
INFO: [VRFC 10-311] analyzing module D_FF_863
INFO: [VRFC 10-311] analyzing module D_FF_864
INFO: [VRFC 10-311] analyzing module D_FF_865
INFO: [VRFC 10-311] analyzing module D_FF_866
INFO: [VRFC 10-311] analyzing module D_FF_867
INFO: [VRFC 10-311] analyzing module D_FF_868
INFO: [VRFC 10-311] analyzing module D_FF_869
INFO: [VRFC 10-311] analyzing module D_FF_87
INFO: [VRFC 10-311] analyzing module D_FF_870
INFO: [VRFC 10-311] analyzing module D_FF_871
INFO: [VRFC 10-311] analyzing module D_FF_872
INFO: [VRFC 10-311] analyzing module D_FF_873
INFO: [VRFC 10-311] analyzing module D_FF_874
INFO: [VRFC 10-311] analyzing module D_FF_875
INFO: [VRFC 10-311] analyzing module D_FF_876
INFO: [VRFC 10-311] analyzing module D_FF_877
INFO: [VRFC 10-311] analyzing module D_FF_878
INFO: [VRFC 10-311] analyzing module D_FF_879
INFO: [VRFC 10-311] analyzing module D_FF_88
INFO: [VRFC 10-311] analyzing module D_FF_880
INFO: [VRFC 10-311] analyzing module D_FF_881
INFO: [VRFC 10-311] analyzing module D_FF_882
INFO: [VRFC 10-311] analyzing module D_FF_89
INFO: [VRFC 10-311] analyzing module D_FF_90
INFO: [VRFC 10-311] analyzing module D_FF_91
INFO: [VRFC 10-311] analyzing module D_FF_915
INFO: [VRFC 10-311] analyzing module D_FF_916
INFO: [VRFC 10-311] analyzing module D_FF_917
INFO: [VRFC 10-311] analyzing module D_FF_918
INFO: [VRFC 10-311] analyzing module D_FF_919
INFO: [VRFC 10-311] analyzing module D_FF_92
INFO: [VRFC 10-311] analyzing module D_FF_920
INFO: [VRFC 10-311] analyzing module D_FF_921
INFO: [VRFC 10-311] analyzing module D_FF_922
INFO: [VRFC 10-311] analyzing module D_FF_923
INFO: [VRFC 10-311] analyzing module D_FF_924
INFO: [VRFC 10-311] analyzing module D_FF_925
INFO: [VRFC 10-311] analyzing module D_FF_926
INFO: [VRFC 10-311] analyzing module D_FF_927
INFO: [VRFC 10-311] analyzing module D_FF_928
INFO: [VRFC 10-311] analyzing module D_FF_929
INFO: [VRFC 10-311] analyzing module D_FF_93
INFO: [VRFC 10-311] analyzing module D_FF_930
INFO: [VRFC 10-311] analyzing module D_FF_931
INFO: [VRFC 10-311] analyzing module D_FF_932
INFO: [VRFC 10-311] analyzing module D_FF_933
INFO: [VRFC 10-311] analyzing module D_FF_934
INFO: [VRFC 10-311] analyzing module D_FF_935
INFO: [VRFC 10-311] analyzing module D_FF_936
INFO: [VRFC 10-311] analyzing module D_FF_937
INFO: [VRFC 10-311] analyzing module D_FF_938
INFO: [VRFC 10-311] analyzing module D_FF_939
INFO: [VRFC 10-311] analyzing module D_FF_94
INFO: [VRFC 10-311] analyzing module D_FF_940
INFO: [VRFC 10-311] analyzing module D_FF_941
INFO: [VRFC 10-311] analyzing module D_FF_942
INFO: [VRFC 10-311] analyzing module D_FF_943
INFO: [VRFC 10-311] analyzing module D_FF_944
INFO: [VRFC 10-311] analyzing module D_FF_945
INFO: [VRFC 10-311] analyzing module D_FF_946
INFO: [VRFC 10-311] analyzing module D_FF_95
INFO: [VRFC 10-311] analyzing module D_FF_96
INFO: [VRFC 10-311] analyzing module D_FF_97
INFO: [VRFC 10-311] analyzing module D_FF_979
INFO: [VRFC 10-311] analyzing module D_FF_98
INFO: [VRFC 10-311] analyzing module D_FF_980
INFO: [VRFC 10-311] analyzing module D_FF_981
INFO: [VRFC 10-311] analyzing module D_FF_982
INFO: [VRFC 10-311] analyzing module D_FF_983
INFO: [VRFC 10-311] analyzing module D_FF_984
INFO: [VRFC 10-311] analyzing module D_FF_985
INFO: [VRFC 10-311] analyzing module D_FF_986
INFO: [VRFC 10-311] analyzing module D_FF_987
INFO: [VRFC 10-311] analyzing module D_FF_988
INFO: [VRFC 10-311] analyzing module D_FF_989
INFO: [VRFC 10-311] analyzing module D_FF_99
INFO: [VRFC 10-311] analyzing module D_FF_990
INFO: [VRFC 10-311] analyzing module D_FF_991
INFO: [VRFC 10-311] analyzing module D_FF_992
INFO: [VRFC 10-311] analyzing module D_FF_993
INFO: [VRFC 10-311] analyzing module D_FF_994
INFO: [VRFC 10-311] analyzing module D_FF_995
INFO: [VRFC 10-311] analyzing module D_FF_996
INFO: [VRFC 10-311] analyzing module D_FF_997
INFO: [VRFC 10-311] analyzing module D_FF_998
INFO: [VRFC 10-311] analyzing module D_FF_999
INFO: [VRFC 10-311] analyzing module MIPSpipeline
INFO: [VRFC 10-311] analyzing module RegBit
INFO: [VRFC 10-311] analyzing module RegBit_0
INFO: [VRFC 10-311] analyzing module RegBit_1
INFO: [VRFC 10-311] analyzing module RegBit_10
INFO: [VRFC 10-311] analyzing module RegBit_1074
INFO: [VRFC 10-311] analyzing module RegBit_1075
INFO: [VRFC 10-311] analyzing module RegBit_1076
INFO: [VRFC 10-311] analyzing module RegBit_1077
INFO: [VRFC 10-311] analyzing module RegBit_1088
INFO: [VRFC 10-311] analyzing module RegBit_1089
INFO: [VRFC 10-311] analyzing module RegBit_1090
INFO: [VRFC 10-311] analyzing module RegBit_1091
INFO: [VRFC 10-311] analyzing module RegBit_1092
INFO: [VRFC 10-311] analyzing module RegBit_1093
INFO: [VRFC 10-311] analyzing module RegBit_1094
INFO: [VRFC 10-311] analyzing module RegBit_1095
INFO: [VRFC 10-311] analyzing module RegBit_1096
INFO: [VRFC 10-311] analyzing module RegBit_1097
INFO: [VRFC 10-311] analyzing module RegBit_1098
INFO: [VRFC 10-311] analyzing module RegBit_1099
INFO: [VRFC 10-311] analyzing module RegBit_11
INFO: [VRFC 10-311] analyzing module RegBit_1100
INFO: [VRFC 10-311] analyzing module RegBit_1101
INFO: [VRFC 10-311] analyzing module RegBit_1102
INFO: [VRFC 10-311] analyzing module RegBit_1103
INFO: [VRFC 10-311] analyzing module RegBit_1104
INFO: [VRFC 10-311] analyzing module RegBit_1105
INFO: [VRFC 10-311] analyzing module RegBit_1106
INFO: [VRFC 10-311] analyzing module RegBit_1107
INFO: [VRFC 10-311] analyzing module RegBit_1108
INFO: [VRFC 10-311] analyzing module RegBit_1109
INFO: [VRFC 10-311] analyzing module RegBit_1110
INFO: [VRFC 10-311] analyzing module RegBit_1111
INFO: [VRFC 10-311] analyzing module RegBit_1112
INFO: [VRFC 10-311] analyzing module RegBit_1113
INFO: [VRFC 10-311] analyzing module RegBit_1114
INFO: [VRFC 10-311] analyzing module RegBit_1115
INFO: [VRFC 10-311] analyzing module RegBit_1116
INFO: [VRFC 10-311] analyzing module RegBit_1117
INFO: [VRFC 10-311] analyzing module RegBit_1118
INFO: [VRFC 10-311] analyzing module RegBit_1119
INFO: [VRFC 10-311] analyzing module RegBit_115
INFO: [VRFC 10-311] analyzing module RegBit_1153
INFO: [VRFC 10-311] analyzing module RegBit_1154
INFO: [VRFC 10-311] analyzing module RegBit_1155
INFO: [VRFC 10-311] analyzing module RegBit_1156
INFO: [VRFC 10-311] analyzing module RegBit_1157
INFO: [VRFC 10-311] analyzing module RegBit_1158
INFO: [VRFC 10-311] analyzing module RegBit_1159
INFO: [VRFC 10-311] analyzing module RegBit_116
INFO: [VRFC 10-311] analyzing module RegBit_1160
INFO: [VRFC 10-311] analyzing module RegBit_1161
INFO: [VRFC 10-311] analyzing module RegBit_1162
INFO: [VRFC 10-311] analyzing module RegBit_1163
INFO: [VRFC 10-311] analyzing module RegBit_1164
INFO: [VRFC 10-311] analyzing module RegBit_1165
INFO: [VRFC 10-311] analyzing module RegBit_1166
INFO: [VRFC 10-311] analyzing module RegBit_1167
INFO: [VRFC 10-311] analyzing module RegBit_1168
INFO: [VRFC 10-311] analyzing module RegBit_1169
INFO: [VRFC 10-311] analyzing module RegBit_117
INFO: [VRFC 10-311] analyzing module RegBit_1170
INFO: [VRFC 10-311] analyzing module RegBit_1171
INFO: [VRFC 10-311] analyzing module RegBit_1172
INFO: [VRFC 10-311] analyzing module RegBit_1173
INFO: [VRFC 10-311] analyzing module RegBit_1174
INFO: [VRFC 10-311] analyzing module RegBit_1175
INFO: [VRFC 10-311] analyzing module RegBit_1176
INFO: [VRFC 10-311] analyzing module RegBit_1177
INFO: [VRFC 10-311] analyzing module RegBit_1178
INFO: [VRFC 10-311] analyzing module RegBit_1179
INFO: [VRFC 10-311] analyzing module RegBit_118
INFO: [VRFC 10-311] analyzing module RegBit_1180
INFO: [VRFC 10-311] analyzing module RegBit_1181
INFO: [VRFC 10-311] analyzing module RegBit_1182
INFO: [VRFC 10-311] analyzing module RegBit_1183
INFO: [VRFC 10-311] analyzing module RegBit_1184
INFO: [VRFC 10-311] analyzing module RegBit_119
INFO: [VRFC 10-311] analyzing module RegBit_120
INFO: [VRFC 10-311] analyzing module RegBit_121
INFO: [VRFC 10-311] analyzing module RegBit_1218
INFO: [VRFC 10-311] analyzing module RegBit_1219
INFO: [VRFC 10-311] analyzing module RegBit_122
INFO: [VRFC 10-311] analyzing module RegBit_1220
INFO: [VRFC 10-311] analyzing module RegBit_1221
INFO: [VRFC 10-311] analyzing module RegBit_1226
INFO: [VRFC 10-311] analyzing module RegBit_1227
INFO: [VRFC 10-311] analyzing module RegBit_1228
INFO: [VRFC 10-311] analyzing module RegBit_1229
INFO: [VRFC 10-311] analyzing module RegBit_123
INFO: [VRFC 10-311] analyzing module RegBit_1230
INFO: [VRFC 10-311] analyzing module RegBit_1231
INFO: [VRFC 10-311] analyzing module RegBit_1232
INFO: [VRFC 10-311] analyzing module RegBit_1233
INFO: [VRFC 10-311] analyzing module RegBit_1234
INFO: [VRFC 10-311] analyzing module RegBit_1235
INFO: [VRFC 10-311] analyzing module RegBit_1236
INFO: [VRFC 10-311] analyzing module RegBit_1237
INFO: [VRFC 10-311] analyzing module RegBit_1238
INFO: [VRFC 10-311] analyzing module RegBit_1239
INFO: [VRFC 10-311] analyzing module RegBit_124
INFO: [VRFC 10-311] analyzing module RegBit_1240
INFO: [VRFC 10-311] analyzing module RegBit_1241
INFO: [VRFC 10-311] analyzing module RegBit_1242
INFO: [VRFC 10-311] analyzing module RegBit_1243
INFO: [VRFC 10-311] analyzing module RegBit_1244
INFO: [VRFC 10-311] analyzing module RegBit_1245
INFO: [VRFC 10-311] analyzing module RegBit_1246
INFO: [VRFC 10-311] analyzing module RegBit_1247
INFO: [VRFC 10-311] analyzing module RegBit_125
INFO: [VRFC 10-311] analyzing module RegBit_126
INFO: [VRFC 10-311] analyzing module RegBit_127
INFO: [VRFC 10-311] analyzing module RegBit_1270
INFO: [VRFC 10-311] analyzing module RegBit_1271
INFO: [VRFC 10-311] analyzing module RegBit_1272
INFO: [VRFC 10-311] analyzing module RegBit_1273
INFO: [VRFC 10-311] analyzing module RegBit_1274
INFO: [VRFC 10-311] analyzing module RegBit_1275
INFO: [VRFC 10-311] analyzing module RegBit_1276
INFO: [VRFC 10-311] analyzing module RegBit_1277
INFO: [VRFC 10-311] analyzing module RegBit_128
INFO: [VRFC 10-311] analyzing module RegBit_1288
INFO: [VRFC 10-311] analyzing module RegBit_1289
INFO: [VRFC 10-311] analyzing module RegBit_129
INFO: [VRFC 10-311] analyzing module RegBit_1290
INFO: [VRFC 10-311] analyzing module RegBit_1291
INFO: [VRFC 10-311] analyzing module RegBit_1292
INFO: [VRFC 10-311] analyzing module RegBit_1293
INFO: [VRFC 10-311] analyzing module RegBit_1294
INFO: [VRFC 10-311] analyzing module RegBit_1295
INFO: [VRFC 10-311] analyzing module RegBit_1296
INFO: [VRFC 10-311] analyzing module RegBit_1297
INFO: [VRFC 10-311] analyzing module RegBit_1298
INFO: [VRFC 10-311] analyzing module RegBit_1299
INFO: [VRFC 10-311] analyzing module RegBit_13
INFO: [VRFC 10-311] analyzing module RegBit_130
INFO: [VRFC 10-311] analyzing module RegBit_1300
INFO: [VRFC 10-311] analyzing module RegBit_1301
INFO: [VRFC 10-311] analyzing module RegBit_1302
INFO: [VRFC 10-311] analyzing module RegBit_1303
INFO: [VRFC 10-311] analyzing module RegBit_1304
INFO: [VRFC 10-311] analyzing module RegBit_1305
INFO: [VRFC 10-311] analyzing module RegBit_1306
INFO: [VRFC 10-311] analyzing module RegBit_1307
INFO: [VRFC 10-311] analyzing module RegBit_1308
INFO: [VRFC 10-311] analyzing module RegBit_1309
INFO: [VRFC 10-311] analyzing module RegBit_131
INFO: [VRFC 10-311] analyzing module RegBit_1310
INFO: [VRFC 10-311] analyzing module RegBit_1311
INFO: [VRFC 10-311] analyzing module RegBit_1312
INFO: [VRFC 10-311] analyzing module RegBit_1313
INFO: [VRFC 10-311] analyzing module RegBit_1314
INFO: [VRFC 10-311] analyzing module RegBit_1315
INFO: [VRFC 10-311] analyzing module RegBit_1316
INFO: [VRFC 10-311] analyzing module RegBit_1317
INFO: [VRFC 10-311] analyzing module RegBit_1318
INFO: [VRFC 10-311] analyzing module RegBit_1319
INFO: [VRFC 10-311] analyzing module RegBit_132
INFO: [VRFC 10-311] analyzing module RegBit_133
INFO: [VRFC 10-311] analyzing module RegBit_134
INFO: [VRFC 10-311] analyzing module RegBit_135
INFO: [VRFC 10-311] analyzing module RegBit_1352
INFO: [VRFC 10-311] analyzing module RegBit_1353
INFO: [VRFC 10-311] analyzing module RegBit_1354
INFO: [VRFC 10-311] analyzing module RegBit_1355
INFO: [VRFC 10-311] analyzing module RegBit_1356
INFO: [VRFC 10-311] analyzing module RegBit_1357
INFO: [VRFC 10-311] analyzing module RegBit_1358
INFO: [VRFC 10-311] analyzing module RegBit_1359
INFO: [VRFC 10-311] analyzing module RegBit_136
INFO: [VRFC 10-311] analyzing module RegBit_1360
INFO: [VRFC 10-311] analyzing module RegBit_1361
INFO: [VRFC 10-311] analyzing module RegBit_1362
INFO: [VRFC 10-311] analyzing module RegBit_1363
INFO: [VRFC 10-311] analyzing module RegBit_1364
INFO: [VRFC 10-311] analyzing module RegBit_1365
INFO: [VRFC 10-311] analyzing module RegBit_1366
INFO: [VRFC 10-311] analyzing module RegBit_1367
INFO: [VRFC 10-311] analyzing module RegBit_1368
INFO: [VRFC 10-311] analyzing module RegBit_1369
INFO: [VRFC 10-311] analyzing module RegBit_137
INFO: [VRFC 10-311] analyzing module RegBit_1370
INFO: [VRFC 10-311] analyzing module RegBit_1371
INFO: [VRFC 10-311] analyzing module RegBit_1372
INFO: [VRFC 10-311] analyzing module RegBit_1373
INFO: [VRFC 10-311] analyzing module RegBit_1374
INFO: [VRFC 10-311] analyzing module RegBit_1375
INFO: [VRFC 10-311] analyzing module RegBit_1376
INFO: [VRFC 10-311] analyzing module RegBit_1377
INFO: [VRFC 10-311] analyzing module RegBit_1378
INFO: [VRFC 10-311] analyzing module RegBit_1379
INFO: [VRFC 10-311] analyzing module RegBit_138
INFO: [VRFC 10-311] analyzing module RegBit_1380
INFO: [VRFC 10-311] analyzing module RegBit_1381
INFO: [VRFC 10-311] analyzing module RegBit_1382
INFO: [VRFC 10-311] analyzing module RegBit_1383
INFO: [VRFC 10-311] analyzing module RegBit_139
INFO: [VRFC 10-311] analyzing module RegBit_14
INFO: [VRFC 10-311] analyzing module RegBit_140
INFO: [VRFC 10-311] analyzing module RegBit_141
INFO: [VRFC 10-311] analyzing module RegBit_1416
INFO: [VRFC 10-311] analyzing module RegBit_1417
INFO: [VRFC 10-311] analyzing module RegBit_1418
INFO: [VRFC 10-311] analyzing module RegBit_1419
INFO: [VRFC 10-311] analyzing module RegBit_142
INFO: [VRFC 10-311] analyzing module RegBit_1428
INFO: [VRFC 10-311] analyzing module RegBit_1429
INFO: [VRFC 10-311] analyzing module RegBit_143
INFO: [VRFC 10-311] analyzing module RegBit_1430
INFO: [VRFC 10-311] analyzing module RegBit_1431
INFO: [VRFC 10-311] analyzing module RegBit_1432
INFO: [VRFC 10-311] analyzing module RegBit_1433
INFO: [VRFC 10-311] analyzing module RegBit_1434
INFO: [VRFC 10-311] analyzing module RegBit_1435
INFO: [VRFC 10-311] analyzing module RegBit_1436
INFO: [VRFC 10-311] analyzing module RegBit_1437
INFO: [VRFC 10-311] analyzing module RegBit_1438
INFO: [VRFC 10-311] analyzing module RegBit_144
INFO: [VRFC 10-311] analyzing module RegBit_145
INFO: [VRFC 10-311] analyzing module RegBit_1459
INFO: [VRFC 10-311] analyzing module RegBit_146
INFO: [VRFC 10-311] analyzing module RegBit_1460
INFO: [VRFC 10-311] analyzing module RegBit_1461
INFO: [VRFC 10-311] analyzing module RegBit_1462
INFO: [VRFC 10-311] analyzing module RegBit_1463
INFO: [VRFC 10-311] analyzing module RegBit_1464
INFO: [VRFC 10-311] analyzing module RegBit_1465
INFO: [VRFC 10-311] analyzing module RegBit_1466
INFO: [VRFC 10-311] analyzing module RegBit_1467
INFO: [VRFC 10-311] analyzing module RegBit_1468
INFO: [VRFC 10-311] analyzing module RegBit_1469
INFO: [VRFC 10-311] analyzing module RegBit_1470
INFO: [VRFC 10-311] analyzing module RegBit_1471
INFO: [VRFC 10-311] analyzing module RegBit_1472
INFO: [VRFC 10-311] analyzing module RegBit_1473
INFO: [VRFC 10-311] analyzing module RegBit_1474
INFO: [VRFC 10-311] analyzing module RegBit_1475
INFO: [VRFC 10-311] analyzing module RegBit_1476
INFO: [VRFC 10-311] analyzing module RegBit_1477
INFO: [VRFC 10-311] analyzing module RegBit_1478
INFO: [VRFC 10-311] analyzing module RegBit_1479
INFO: [VRFC 10-311] analyzing module RegBit_1480
INFO: [VRFC 10-311] analyzing module RegBit_1481
INFO: [VRFC 10-311] analyzing module RegBit_1482
INFO: [VRFC 10-311] analyzing module RegBit_1483
INFO: [VRFC 10-311] analyzing module RegBit_1484
INFO: [VRFC 10-311] analyzing module RegBit_1485
INFO: [VRFC 10-311] analyzing module RegBit_1486
INFO: [VRFC 10-311] analyzing module RegBit_1487
INFO: [VRFC 10-311] analyzing module RegBit_1488
INFO: [VRFC 10-311] analyzing module RegBit_1489
INFO: [VRFC 10-311] analyzing module RegBit_1490
INFO: [VRFC 10-311] analyzing module RegBit_15
INFO: [VRFC 10-311] analyzing module RegBit_1526
INFO: [VRFC 10-311] analyzing module RegBit_1527
INFO: [VRFC 10-311] analyzing module RegBit_1528
INFO: [VRFC 10-311] analyzing module RegBit_1529
INFO: [VRFC 10-311] analyzing module RegBit_1530
INFO: [VRFC 10-311] analyzing module RegBit_1531
INFO: [VRFC 10-311] analyzing module RegBit_1532
INFO: [VRFC 10-311] analyzing module RegBit_1533
INFO: [VRFC 10-311] analyzing module RegBit_1534
INFO: [VRFC 10-311] analyzing module RegBit_1535
INFO: [VRFC 10-311] analyzing module RegBit_1536
INFO: [VRFC 10-311] analyzing module RegBit_1537
INFO: [VRFC 10-311] analyzing module RegBit_1538
INFO: [VRFC 10-311] analyzing module RegBit_1539
INFO: [VRFC 10-311] analyzing module RegBit_1540
INFO: [VRFC 10-311] analyzing module RegBit_1541
INFO: [VRFC 10-311] analyzing module RegBit_1542
INFO: [VRFC 10-311] analyzing module RegBit_1543
INFO: [VRFC 10-311] analyzing module RegBit_1544
INFO: [VRFC 10-311] analyzing module RegBit_1545
INFO: [VRFC 10-311] analyzing module RegBit_1546
INFO: [VRFC 10-311] analyzing module RegBit_1547
INFO: [VRFC 10-311] analyzing module RegBit_1548
INFO: [VRFC 10-311] analyzing module RegBit_1549
INFO: [VRFC 10-311] analyzing module RegBit_1550
INFO: [VRFC 10-311] analyzing module RegBit_1551
INFO: [VRFC 10-311] analyzing module RegBit_1552
INFO: [VRFC 10-311] analyzing module RegBit_1553
INFO: [VRFC 10-311] analyzing module RegBit_1554
INFO: [VRFC 10-311] analyzing module RegBit_1555
INFO: [VRFC 10-311] analyzing module RegBit_1556
INFO: [VRFC 10-311] analyzing module RegBit_1557
INFO: [VRFC 10-311] analyzing module RegBit_16
INFO: [VRFC 10-311] analyzing module RegBit_179
INFO: [VRFC 10-311] analyzing module RegBit_180
INFO: [VRFC 10-311] analyzing module RegBit_181
INFO: [VRFC 10-311] analyzing module RegBit_182
INFO: [VRFC 10-311] analyzing module RegBit_183
INFO: [VRFC 10-311] analyzing module RegBit_184
INFO: [VRFC 10-311] analyzing module RegBit_185
INFO: [VRFC 10-311] analyzing module RegBit_186
INFO: [VRFC 10-311] analyzing module RegBit_187
INFO: [VRFC 10-311] analyzing module RegBit_188
INFO: [VRFC 10-311] analyzing module RegBit_189
INFO: [VRFC 10-311] analyzing module RegBit_190
INFO: [VRFC 10-311] analyzing module RegBit_191
INFO: [VRFC 10-311] analyzing module RegBit_192
INFO: [VRFC 10-311] analyzing module RegBit_193
INFO: [VRFC 10-311] analyzing module RegBit_194
INFO: [VRFC 10-311] analyzing module RegBit_195
INFO: [VRFC 10-311] analyzing module RegBit_196
INFO: [VRFC 10-311] analyzing module RegBit_197
INFO: [VRFC 10-311] analyzing module RegBit_198
INFO: [VRFC 10-311] analyzing module RegBit_199
INFO: [VRFC 10-311] analyzing module RegBit_20
INFO: [VRFC 10-311] analyzing module RegBit_200
INFO: [VRFC 10-311] analyzing module RegBit_201
INFO: [VRFC 10-311] analyzing module RegBit_202
INFO: [VRFC 10-311] analyzing module RegBit_203
INFO: [VRFC 10-311] analyzing module RegBit_204
INFO: [VRFC 10-311] analyzing module RegBit_205
INFO: [VRFC 10-311] analyzing module RegBit_206
INFO: [VRFC 10-311] analyzing module RegBit_207
INFO: [VRFC 10-311] analyzing module RegBit_208
INFO: [VRFC 10-311] analyzing module RegBit_209
INFO: [VRFC 10-311] analyzing module RegBit_21
INFO: [VRFC 10-311] analyzing module RegBit_210
INFO: [VRFC 10-311] analyzing module RegBit_243
INFO: [VRFC 10-311] analyzing module RegBit_244
INFO: [VRFC 10-311] analyzing module RegBit_245
INFO: [VRFC 10-311] analyzing module RegBit_246
INFO: [VRFC 10-311] analyzing module RegBit_247
INFO: [VRFC 10-311] analyzing module RegBit_248
INFO: [VRFC 10-311] analyzing module RegBit_249
INFO: [VRFC 10-311] analyzing module RegBit_25
INFO: [VRFC 10-311] analyzing module RegBit_250
INFO: [VRFC 10-311] analyzing module RegBit_251
INFO: [VRFC 10-311] analyzing module RegBit_252
INFO: [VRFC 10-311] analyzing module RegBit_253
INFO: [VRFC 10-311] analyzing module RegBit_254
INFO: [VRFC 10-311] analyzing module RegBit_255
INFO: [VRFC 10-311] analyzing module RegBit_256
INFO: [VRFC 10-311] analyzing module RegBit_257
INFO: [VRFC 10-311] analyzing module RegBit_258
INFO: [VRFC 10-311] analyzing module RegBit_259
INFO: [VRFC 10-311] analyzing module RegBit_260
INFO: [VRFC 10-311] analyzing module RegBit_261
INFO: [VRFC 10-311] analyzing module RegBit_262
INFO: [VRFC 10-311] analyzing module RegBit_263
INFO: [VRFC 10-311] analyzing module RegBit_264
INFO: [VRFC 10-311] analyzing module RegBit_265
INFO: [VRFC 10-311] analyzing module RegBit_266
INFO: [VRFC 10-311] analyzing module RegBit_267
INFO: [VRFC 10-311] analyzing module RegBit_268
INFO: [VRFC 10-311] analyzing module RegBit_269
INFO: [VRFC 10-311] analyzing module RegBit_27
INFO: [VRFC 10-311] analyzing module RegBit_270
INFO: [VRFC 10-311] analyzing module RegBit_271
INFO: [VRFC 10-311] analyzing module RegBit_272
INFO: [VRFC 10-311] analyzing module RegBit_273
INFO: [VRFC 10-311] analyzing module RegBit_274
INFO: [VRFC 10-311] analyzing module RegBit_29
INFO: [VRFC 10-311] analyzing module RegBit_3
INFO: [VRFC 10-311] analyzing module RegBit_30
INFO: [VRFC 10-311] analyzing module RegBit_307
INFO: [VRFC 10-311] analyzing module RegBit_308
INFO: [VRFC 10-311] analyzing module RegBit_309
INFO: [VRFC 10-311] analyzing module RegBit_31
INFO: [VRFC 10-311] analyzing module RegBit_310
INFO: [VRFC 10-311] analyzing module RegBit_311
INFO: [VRFC 10-311] analyzing module RegBit_312
INFO: [VRFC 10-311] analyzing module RegBit_313
INFO: [VRFC 10-311] analyzing module RegBit_314
INFO: [VRFC 10-311] analyzing module RegBit_315
INFO: [VRFC 10-311] analyzing module RegBit_316
INFO: [VRFC 10-311] analyzing module RegBit_317
INFO: [VRFC 10-311] analyzing module RegBit_318
INFO: [VRFC 10-311] analyzing module RegBit_319
INFO: [VRFC 10-311] analyzing module RegBit_32
INFO: [VRFC 10-311] analyzing module RegBit_320
INFO: [VRFC 10-311] analyzing module RegBit_321
INFO: [VRFC 10-311] analyzing module RegBit_322
INFO: [VRFC 10-311] analyzing module RegBit_323
INFO: [VRFC 10-311] analyzing module RegBit_324
INFO: [VRFC 10-311] analyzing module RegBit_325
INFO: [VRFC 10-311] analyzing module RegBit_326
INFO: [VRFC 10-311] analyzing module RegBit_327
INFO: [VRFC 10-311] analyzing module RegBit_328
INFO: [VRFC 10-311] analyzing module RegBit_329
INFO: [VRFC 10-311] analyzing module RegBit_33
INFO: [VRFC 10-311] analyzing module RegBit_330
INFO: [VRFC 10-311] analyzing module RegBit_331
INFO: [VRFC 10-311] analyzing module RegBit_332
INFO: [VRFC 10-311] analyzing module RegBit_333
INFO: [VRFC 10-311] analyzing module RegBit_334
INFO: [VRFC 10-311] analyzing module RegBit_335
INFO: [VRFC 10-311] analyzing module RegBit_336
INFO: [VRFC 10-311] analyzing module RegBit_337
INFO: [VRFC 10-311] analyzing module RegBit_338
INFO: [VRFC 10-311] analyzing module RegBit_34
INFO: [VRFC 10-311] analyzing module RegBit_371
INFO: [VRFC 10-311] analyzing module RegBit_372
INFO: [VRFC 10-311] analyzing module RegBit_373
INFO: [VRFC 10-311] analyzing module RegBit_374
INFO: [VRFC 10-311] analyzing module RegBit_375
INFO: [VRFC 10-311] analyzing module RegBit_376
INFO: [VRFC 10-311] analyzing module RegBit_377
INFO: [VRFC 10-311] analyzing module RegBit_378
INFO: [VRFC 10-311] analyzing module RegBit_379
INFO: [VRFC 10-311] analyzing module RegBit_380
INFO: [VRFC 10-311] analyzing module RegBit_381
INFO: [VRFC 10-311] analyzing module RegBit_382
INFO: [VRFC 10-311] analyzing module RegBit_383
INFO: [VRFC 10-311] analyzing module RegBit_384
INFO: [VRFC 10-311] analyzing module RegBit_385
INFO: [VRFC 10-311] analyzing module RegBit_386
INFO: [VRFC 10-311] analyzing module RegBit_387
INFO: [VRFC 10-311] analyzing module RegBit_388
INFO: [VRFC 10-311] analyzing module RegBit_389
INFO: [VRFC 10-311] analyzing module RegBit_390
INFO: [VRFC 10-311] analyzing module RegBit_391
INFO: [VRFC 10-311] analyzing module RegBit_392
INFO: [VRFC 10-311] analyzing module RegBit_393
INFO: [VRFC 10-311] analyzing module RegBit_394
INFO: [VRFC 10-311] analyzing module RegBit_395
INFO: [VRFC 10-311] analyzing module RegBit_396
INFO: [VRFC 10-311] analyzing module RegBit_397
INFO: [VRFC 10-311] analyzing module RegBit_398
INFO: [VRFC 10-311] analyzing module RegBit_399
INFO: [VRFC 10-311] analyzing module RegBit_4
INFO: [VRFC 10-311] analyzing module RegBit_400
INFO: [VRFC 10-311] analyzing module RegBit_401
INFO: [VRFC 10-311] analyzing module RegBit_402
INFO: [VRFC 10-311] analyzing module RegBit_435
INFO: [VRFC 10-311] analyzing module RegBit_436
INFO: [VRFC 10-311] analyzing module RegBit_437
INFO: [VRFC 10-311] analyzing module RegBit_438
INFO: [VRFC 10-311] analyzing module RegBit_439
INFO: [VRFC 10-311] analyzing module RegBit_440
INFO: [VRFC 10-311] analyzing module RegBit_441
INFO: [VRFC 10-311] analyzing module RegBit_442
INFO: [VRFC 10-311] analyzing module RegBit_443
INFO: [VRFC 10-311] analyzing module RegBit_444
INFO: [VRFC 10-311] analyzing module RegBit_445
INFO: [VRFC 10-311] analyzing module RegBit_446
INFO: [VRFC 10-311] analyzing module RegBit_447
INFO: [VRFC 10-311] analyzing module RegBit_448
INFO: [VRFC 10-311] analyzing module RegBit_449
INFO: [VRFC 10-311] analyzing module RegBit_450
INFO: [VRFC 10-311] analyzing module RegBit_451
INFO: [VRFC 10-311] analyzing module RegBit_452
INFO: [VRFC 10-311] analyzing module RegBit_453
INFO: [VRFC 10-311] analyzing module RegBit_454
INFO: [VRFC 10-311] analyzing module RegBit_455
INFO: [VRFC 10-311] analyzing module RegBit_456
INFO: [VRFC 10-311] analyzing module RegBit_457
INFO: [VRFC 10-311] analyzing module RegBit_458
INFO: [VRFC 10-311] analyzing module RegBit_459
INFO: [VRFC 10-311] analyzing module RegBit_460
INFO: [VRFC 10-311] analyzing module RegBit_461
INFO: [VRFC 10-311] analyzing module RegBit_462
INFO: [VRFC 10-311] analyzing module RegBit_463
INFO: [VRFC 10-311] analyzing module RegBit_464
INFO: [VRFC 10-311] analyzing module RegBit_465
INFO: [VRFC 10-311] analyzing module RegBit_466
INFO: [VRFC 10-311] analyzing module RegBit_499
INFO: [VRFC 10-311] analyzing module RegBit_5
INFO: [VRFC 10-311] analyzing module RegBit_500
INFO: [VRFC 10-311] analyzing module RegBit_501
INFO: [VRFC 10-311] analyzing module RegBit_502
INFO: [VRFC 10-311] analyzing module RegBit_503
INFO: [VRFC 10-311] analyzing module RegBit_504
INFO: [VRFC 10-311] analyzing module RegBit_505
INFO: [VRFC 10-311] analyzing module RegBit_506
INFO: [VRFC 10-311] analyzing module RegBit_507
INFO: [VRFC 10-311] analyzing module RegBit_508
INFO: [VRFC 10-311] analyzing module RegBit_509
INFO: [VRFC 10-311] analyzing module RegBit_510
INFO: [VRFC 10-311] analyzing module RegBit_511
INFO: [VRFC 10-311] analyzing module RegBit_512
INFO: [VRFC 10-311] analyzing module RegBit_513
INFO: [VRFC 10-311] analyzing module RegBit_514
INFO: [VRFC 10-311] analyzing module RegBit_515
INFO: [VRFC 10-311] analyzing module RegBit_516
INFO: [VRFC 10-311] analyzing module RegBit_517
INFO: [VRFC 10-311] analyzing module RegBit_518
INFO: [VRFC 10-311] analyzing module RegBit_519
INFO: [VRFC 10-311] analyzing module RegBit_52
INFO: [VRFC 10-311] analyzing module RegBit_520
INFO: [VRFC 10-311] analyzing module RegBit_521
INFO: [VRFC 10-311] analyzing module RegBit_522
INFO: [VRFC 10-311] analyzing module RegBit_523
INFO: [VRFC 10-311] analyzing module RegBit_524
INFO: [VRFC 10-311] analyzing module RegBit_525
INFO: [VRFC 10-311] analyzing module RegBit_526
INFO: [VRFC 10-311] analyzing module RegBit_527
INFO: [VRFC 10-311] analyzing module RegBit_528
INFO: [VRFC 10-311] analyzing module RegBit_529
INFO: [VRFC 10-311] analyzing module RegBit_53
INFO: [VRFC 10-311] analyzing module RegBit_530
INFO: [VRFC 10-311] analyzing module RegBit_54
INFO: [VRFC 10-311] analyzing module RegBit_55
INFO: [VRFC 10-311] analyzing module RegBit_56
INFO: [VRFC 10-311] analyzing module RegBit_563
INFO: [VRFC 10-311] analyzing module RegBit_564
INFO: [VRFC 10-311] analyzing module RegBit_565
INFO: [VRFC 10-311] analyzing module RegBit_566
INFO: [VRFC 10-311] analyzing module RegBit_567
INFO: [VRFC 10-311] analyzing module RegBit_568
INFO: [VRFC 10-311] analyzing module RegBit_569
INFO: [VRFC 10-311] analyzing module RegBit_57
INFO: [VRFC 10-311] analyzing module RegBit_570
INFO: [VRFC 10-311] analyzing module RegBit_571
INFO: [VRFC 10-311] analyzing module RegBit_572
INFO: [VRFC 10-311] analyzing module RegBit_573
INFO: [VRFC 10-311] analyzing module RegBit_574
INFO: [VRFC 10-311] analyzing module RegBit_575
INFO: [VRFC 10-311] analyzing module RegBit_576
INFO: [VRFC 10-311] analyzing module RegBit_577
INFO: [VRFC 10-311] analyzing module RegBit_578
INFO: [VRFC 10-311] analyzing module RegBit_579
INFO: [VRFC 10-311] analyzing module RegBit_58
INFO: [VRFC 10-311] analyzing module RegBit_580
INFO: [VRFC 10-311] analyzing module RegBit_581
INFO: [VRFC 10-311] analyzing module RegBit_582
INFO: [VRFC 10-311] analyzing module RegBit_583
INFO: [VRFC 10-311] analyzing module RegBit_584
INFO: [VRFC 10-311] analyzing module RegBit_585
INFO: [VRFC 10-311] analyzing module RegBit_586
INFO: [VRFC 10-311] analyzing module RegBit_587
INFO: [VRFC 10-311] analyzing module RegBit_588
INFO: [VRFC 10-311] analyzing module RegBit_589
INFO: [VRFC 10-311] analyzing module RegBit_59
INFO: [VRFC 10-311] analyzing module RegBit_590
INFO: [VRFC 10-311] analyzing module RegBit_591
INFO: [VRFC 10-311] analyzing module RegBit_592
INFO: [VRFC 10-311] analyzing module RegBit_593
INFO: [VRFC 10-311] analyzing module RegBit_594
INFO: [VRFC 10-311] analyzing module RegBit_6
INFO: [VRFC 10-311] analyzing module RegBit_60
INFO: [VRFC 10-311] analyzing module RegBit_61
INFO: [VRFC 10-311] analyzing module RegBit_62
INFO: [VRFC 10-311] analyzing module RegBit_627
INFO: [VRFC 10-311] analyzing module RegBit_628
INFO: [VRFC 10-311] analyzing module RegBit_629
INFO: [VRFC 10-311] analyzing module RegBit_63
INFO: [VRFC 10-311] analyzing module RegBit_630
INFO: [VRFC 10-311] analyzing module RegBit_631
INFO: [VRFC 10-311] analyzing module RegBit_632
INFO: [VRFC 10-311] analyzing module RegBit_633
INFO: [VRFC 10-311] analyzing module RegBit_634
INFO: [VRFC 10-311] analyzing module RegBit_635
INFO: [VRFC 10-311] analyzing module RegBit_636
INFO: [VRFC 10-311] analyzing module RegBit_637
INFO: [VRFC 10-311] analyzing module RegBit_638
INFO: [VRFC 10-311] analyzing module RegBit_639
INFO: [VRFC 10-311] analyzing module RegBit_64
INFO: [VRFC 10-311] analyzing module RegBit_640
INFO: [VRFC 10-311] analyzing module RegBit_641
INFO: [VRFC 10-311] analyzing module RegBit_642
INFO: [VRFC 10-311] analyzing module RegBit_643
INFO: [VRFC 10-311] analyzing module RegBit_644
INFO: [VRFC 10-311] analyzing module RegBit_645
INFO: [VRFC 10-311] analyzing module RegBit_646
INFO: [VRFC 10-311] analyzing module RegBit_647
INFO: [VRFC 10-311] analyzing module RegBit_648
INFO: [VRFC 10-311] analyzing module RegBit_649
INFO: [VRFC 10-311] analyzing module RegBit_65
INFO: [VRFC 10-311] analyzing module RegBit_650
INFO: [VRFC 10-311] analyzing module RegBit_651
INFO: [VRFC 10-311] analyzing module RegBit_652
INFO: [VRFC 10-311] analyzing module RegBit_653
INFO: [VRFC 10-311] analyzing module RegBit_654
INFO: [VRFC 10-311] analyzing module RegBit_655
INFO: [VRFC 10-311] analyzing module RegBit_656
INFO: [VRFC 10-311] analyzing module RegBit_657
INFO: [VRFC 10-311] analyzing module RegBit_658
INFO: [VRFC 10-311] analyzing module RegBit_66
INFO: [VRFC 10-311] analyzing module RegBit_67
INFO: [VRFC 10-311] analyzing module RegBit_68
INFO: [VRFC 10-311] analyzing module RegBit_69
INFO: [VRFC 10-311] analyzing module RegBit_691
INFO: [VRFC 10-311] analyzing module RegBit_692
INFO: [VRFC 10-311] analyzing module RegBit_693
INFO: [VRFC 10-311] analyzing module RegBit_694
INFO: [VRFC 10-311] analyzing module RegBit_695
INFO: [VRFC 10-311] analyzing module RegBit_696
INFO: [VRFC 10-311] analyzing module RegBit_697
INFO: [VRFC 10-311] analyzing module RegBit_698
INFO: [VRFC 10-311] analyzing module RegBit_699
INFO: [VRFC 10-311] analyzing module RegBit_7
INFO: [VRFC 10-311] analyzing module RegBit_70
INFO: [VRFC 10-311] analyzing module RegBit_700
INFO: [VRFC 10-311] analyzing module RegBit_701
INFO: [VRFC 10-311] analyzing module RegBit_702
INFO: [VRFC 10-311] analyzing module RegBit_703
INFO: [VRFC 10-311] analyzing module RegBit_704
INFO: [VRFC 10-311] analyzing module RegBit_705
INFO: [VRFC 10-311] analyzing module RegBit_706
INFO: [VRFC 10-311] analyzing module RegBit_707
INFO: [VRFC 10-311] analyzing module RegBit_708
INFO: [VRFC 10-311] analyzing module RegBit_709
INFO: [VRFC 10-311] analyzing module RegBit_71
INFO: [VRFC 10-311] analyzing module RegBit_710
INFO: [VRFC 10-311] analyzing module RegBit_711
INFO: [VRFC 10-311] analyzing module RegBit_712
INFO: [VRFC 10-311] analyzing module RegBit_713
INFO: [VRFC 10-311] analyzing module RegBit_714
INFO: [VRFC 10-311] analyzing module RegBit_715
INFO: [VRFC 10-311] analyzing module RegBit_716
INFO: [VRFC 10-311] analyzing module RegBit_717
INFO: [VRFC 10-311] analyzing module RegBit_718
INFO: [VRFC 10-311] analyzing module RegBit_719
INFO: [VRFC 10-311] analyzing module RegBit_72
INFO: [VRFC 10-311] analyzing module RegBit_720
INFO: [VRFC 10-311] analyzing module RegBit_721
INFO: [VRFC 10-311] analyzing module RegBit_722
INFO: [VRFC 10-311] analyzing module RegBit_73
INFO: [VRFC 10-311] analyzing module RegBit_74
INFO: [VRFC 10-311] analyzing module RegBit_75
INFO: [VRFC 10-311] analyzing module RegBit_755
INFO: [VRFC 10-311] analyzing module RegBit_756
INFO: [VRFC 10-311] analyzing module RegBit_757
INFO: [VRFC 10-311] analyzing module RegBit_758
INFO: [VRFC 10-311] analyzing module RegBit_759
INFO: [VRFC 10-311] analyzing module RegBit_76
INFO: [VRFC 10-311] analyzing module RegBit_760
INFO: [VRFC 10-311] analyzing module RegBit_761
INFO: [VRFC 10-311] analyzing module RegBit_762
INFO: [VRFC 10-311] analyzing module RegBit_763
INFO: [VRFC 10-311] analyzing module RegBit_764
INFO: [VRFC 10-311] analyzing module RegBit_765
INFO: [VRFC 10-311] analyzing module RegBit_766
INFO: [VRFC 10-311] analyzing module RegBit_767
INFO: [VRFC 10-311] analyzing module RegBit_768
INFO: [VRFC 10-311] analyzing module RegBit_769
INFO: [VRFC 10-311] analyzing module RegBit_77
INFO: [VRFC 10-311] analyzing module RegBit_770
INFO: [VRFC 10-311] analyzing module RegBit_771
INFO: [VRFC 10-311] analyzing module RegBit_772
INFO: [VRFC 10-311] analyzing module RegBit_773
INFO: [VRFC 10-311] analyzing module RegBit_774
INFO: [VRFC 10-311] analyzing module RegBit_775
INFO: [VRFC 10-311] analyzing module RegBit_776
INFO: [VRFC 10-311] analyzing module RegBit_777
INFO: [VRFC 10-311] analyzing module RegBit_778
INFO: [VRFC 10-311] analyzing module RegBit_779
INFO: [VRFC 10-311] analyzing module RegBit_78
INFO: [VRFC 10-311] analyzing module RegBit_780
INFO: [VRFC 10-311] analyzing module RegBit_781
INFO: [VRFC 10-311] analyzing module RegBit_782
INFO: [VRFC 10-311] analyzing module RegBit_783
INFO: [VRFC 10-311] analyzing module RegBit_784
INFO: [VRFC 10-311] analyzing module RegBit_785
INFO: [VRFC 10-311] analyzing module RegBit_786
INFO: [VRFC 10-311] analyzing module RegBit_79
INFO: [VRFC 10-311] analyzing module RegBit_8
INFO: [VRFC 10-311] analyzing module RegBit_80
INFO: [VRFC 10-311] analyzing module RegBit_81
INFO: [VRFC 10-311] analyzing module RegBit_819
INFO: [VRFC 10-311] analyzing module RegBit_82
INFO: [VRFC 10-311] analyzing module RegBit_820
INFO: [VRFC 10-311] analyzing module RegBit_821
INFO: [VRFC 10-311] analyzing module RegBit_822
INFO: [VRFC 10-311] analyzing module RegBit_823
INFO: [VRFC 10-311] analyzing module RegBit_824
INFO: [VRFC 10-311] analyzing module RegBit_825
INFO: [VRFC 10-311] analyzing module RegBit_826
INFO: [VRFC 10-311] analyzing module RegBit_827
INFO: [VRFC 10-311] analyzing module RegBit_828
INFO: [VRFC 10-311] analyzing module RegBit_829
INFO: [VRFC 10-311] analyzing module RegBit_83
INFO: [VRFC 10-311] analyzing module RegBit_830
INFO: [VRFC 10-311] analyzing module RegBit_831
INFO: [VRFC 10-311] analyzing module RegBit_832
INFO: [VRFC 10-311] analyzing module RegBit_833
INFO: [VRFC 10-311] analyzing module RegBit_834
INFO: [VRFC 10-311] analyzing module RegBit_835
INFO: [VRFC 10-311] analyzing module RegBit_836
INFO: [VRFC 10-311] analyzing module RegBit_837
INFO: [VRFC 10-311] analyzing module RegBit_838
INFO: [VRFC 10-311] analyzing module RegBit_839
INFO: [VRFC 10-311] analyzing module RegBit_840
INFO: [VRFC 10-311] analyzing module RegBit_841
INFO: [VRFC 10-311] analyzing module RegBit_842
INFO: [VRFC 10-311] analyzing module RegBit_843
INFO: [VRFC 10-311] analyzing module RegBit_844
INFO: [VRFC 10-311] analyzing module RegBit_845
INFO: [VRFC 10-311] analyzing module RegBit_846
INFO: [VRFC 10-311] analyzing module RegBit_847
INFO: [VRFC 10-311] analyzing module RegBit_848
INFO: [VRFC 10-311] analyzing module RegBit_849
INFO: [VRFC 10-311] analyzing module RegBit_850
INFO: [VRFC 10-311] analyzing module RegBit_883
INFO: [VRFC 10-311] analyzing module RegBit_884
INFO: [VRFC 10-311] analyzing module RegBit_885
INFO: [VRFC 10-311] analyzing module RegBit_886
INFO: [VRFC 10-311] analyzing module RegBit_887
INFO: [VRFC 10-311] analyzing module RegBit_888
INFO: [VRFC 10-311] analyzing module RegBit_889
INFO: [VRFC 10-311] analyzing module RegBit_890
INFO: [VRFC 10-311] analyzing module RegBit_891
INFO: [VRFC 10-311] analyzing module RegBit_892
INFO: [VRFC 10-311] analyzing module RegBit_893
INFO: [VRFC 10-311] analyzing module RegBit_894
INFO: [VRFC 10-311] analyzing module RegBit_895
INFO: [VRFC 10-311] analyzing module RegBit_896
INFO: [VRFC 10-311] analyzing module RegBit_897
INFO: [VRFC 10-311] analyzing module RegBit_898
INFO: [VRFC 10-311] analyzing module RegBit_899
INFO: [VRFC 10-311] analyzing module RegBit_9
INFO: [VRFC 10-311] analyzing module RegBit_900
INFO: [VRFC 10-311] analyzing module RegBit_901
INFO: [VRFC 10-311] analyzing module RegBit_902
INFO: [VRFC 10-311] analyzing module RegBit_903
INFO: [VRFC 10-311] analyzing module RegBit_904
INFO: [VRFC 10-311] analyzing module RegBit_905
INFO: [VRFC 10-311] analyzing module RegBit_906
INFO: [VRFC 10-311] analyzing module RegBit_907
INFO: [VRFC 10-311] analyzing module RegBit_908
INFO: [VRFC 10-311] analyzing module RegBit_909
INFO: [VRFC 10-311] analyzing module RegBit_910
INFO: [VRFC 10-311] analyzing module RegBit_911
INFO: [VRFC 10-311] analyzing module RegBit_912
INFO: [VRFC 10-311] analyzing module RegBit_913
INFO: [VRFC 10-311] analyzing module RegBit_914
INFO: [VRFC 10-311] analyzing module RegBit_947
INFO: [VRFC 10-311] analyzing module RegBit_948
INFO: [VRFC 10-311] analyzing module RegBit_949
INFO: [VRFC 10-311] analyzing module RegBit_950
INFO: [VRFC 10-311] analyzing module RegBit_951
INFO: [VRFC 10-311] analyzing module RegBit_952
INFO: [VRFC 10-311] analyzing module RegBit_953
INFO: [VRFC 10-311] analyzing module RegBit_954
INFO: [VRFC 10-311] analyzing module RegBit_955
INFO: [VRFC 10-311] analyzing module RegBit_956
INFO: [VRFC 10-311] analyzing module RegBit_957
INFO: [VRFC 10-311] analyzing module RegBit_958
INFO: [VRFC 10-311] analyzing module RegBit_959
INFO: [VRFC 10-311] analyzing module RegBit_960
INFO: [VRFC 10-311] analyzing module RegBit_961
INFO: [VRFC 10-311] analyzing module RegBit_962
INFO: [VRFC 10-311] analyzing module RegBit_963
INFO: [VRFC 10-311] analyzing module RegBit_964
INFO: [VRFC 10-311] analyzing module RegBit_965
INFO: [VRFC 10-311] analyzing module RegBit_966
INFO: [VRFC 10-311] analyzing module RegBit_967
INFO: [VRFC 10-311] analyzing module RegBit_968
INFO: [VRFC 10-311] analyzing module RegBit_969
INFO: [VRFC 10-311] analyzing module RegBit_970
INFO: [VRFC 10-311] analyzing module RegBit_971
INFO: [VRFC 10-311] analyzing module RegBit_972
INFO: [VRFC 10-311] analyzing module RegBit_973
INFO: [VRFC 10-311] analyzing module RegBit_974
INFO: [VRFC 10-311] analyzing module RegBit_975
INFO: [VRFC 10-311] analyzing module RegBit_976
INFO: [VRFC 10-311] analyzing module RegBit_977
INFO: [VRFC 10-311] analyzing module RegBit_978
INFO: [VRFC 10-311] analyzing module RegFile
INFO: [VRFC 10-311] analyzing module dataMem
INFO: [VRFC 10-311] analyzing module mux32to1
INFO: [VRFC 10-311] analyzing module mux32to1_1011
INFO: [VRFC 10-311] analyzing module mux32to1_1012
INFO: [VRFC 10-311] analyzing module mux32to1_1013
INFO: [VRFC 10-311] analyzing module mux32to1_1014
INFO: [VRFC 10-311] analyzing module mux32to1_1015
INFO: [VRFC 10-311] analyzing module mux32to1_1016
INFO: [VRFC 10-311] analyzing module mux32to1_1017
INFO: [VRFC 10-311] analyzing module mux32to1_1018
INFO: [VRFC 10-311] analyzing module mux32to1_1019
INFO: [VRFC 10-311] analyzing module mux32to1_1020
INFO: [VRFC 10-311] analyzing module mux32to1_1021
INFO: [VRFC 10-311] analyzing module mux32to1_1022
INFO: [VRFC 10-311] analyzing module mux32to1_1023
INFO: [VRFC 10-311] analyzing module mux32to1_1024
INFO: [VRFC 10-311] analyzing module mux32to1_1025
INFO: [VRFC 10-311] analyzing module mux32to1_1026
INFO: [VRFC 10-311] analyzing module mux32to1_1027
INFO: [VRFC 10-311] analyzing module mux32to1_1028
INFO: [VRFC 10-311] analyzing module mux32to1_1029
INFO: [VRFC 10-311] analyzing module mux32to1_1030
INFO: [VRFC 10-311] analyzing module mux32to1_1031
INFO: [VRFC 10-311] analyzing module mux32to1_1032
INFO: [VRFC 10-311] analyzing module mux32to1_1033
INFO: [VRFC 10-311] analyzing module mux32to1_1034
INFO: [VRFC 10-311] analyzing module mux32to1_1035
INFO: [VRFC 10-311] analyzing module mux32to1_1036
INFO: [VRFC 10-311] analyzing module mux32to1_1037
INFO: [VRFC 10-311] analyzing module mux32to1_1038
INFO: [VRFC 10-311] analyzing module mux32to1_1039
INFO: [VRFC 10-311] analyzing module mux32to1_1040
INFO: [VRFC 10-311] analyzing module mux32to1_1041
INFO: [VRFC 10-311] analyzing module mux32to1_1042
INFO: [VRFC 10-311] analyzing module mux32to1_1043
INFO: [VRFC 10-311] analyzing module mux32to1_1044
INFO: [VRFC 10-311] analyzing module mux32to1_1045
INFO: [VRFC 10-311] analyzing module mux32to1_1046
INFO: [VRFC 10-311] analyzing module mux32to1_1047
INFO: [VRFC 10-311] analyzing module mux32to1_1048
INFO: [VRFC 10-311] analyzing module mux32to1_1049
INFO: [VRFC 10-311] analyzing module mux32to1_1050
INFO: [VRFC 10-311] analyzing module mux32to1_1051
INFO: [VRFC 10-311] analyzing module mux32to1_1052
INFO: [VRFC 10-311] analyzing module mux32to1_1053
INFO: [VRFC 10-311] analyzing module mux32to1_1054
INFO: [VRFC 10-311] analyzing module mux32to1_1055
INFO: [VRFC 10-311] analyzing module mux32to1_1056
INFO: [VRFC 10-311] analyzing module mux32to1_1057
INFO: [VRFC 10-311] analyzing module mux32to1_1058
INFO: [VRFC 10-311] analyzing module mux32to1_1059
INFO: [VRFC 10-311] analyzing module mux32to1_1060
INFO: [VRFC 10-311] analyzing module mux32to1_1061
INFO: [VRFC 10-311] analyzing module mux32to1_1062
INFO: [VRFC 10-311] analyzing module mux32to1_1063
INFO: [VRFC 10-311] analyzing module mux32to1_1064
INFO: [VRFC 10-311] analyzing module mux32to1_1065
INFO: [VRFC 10-311] analyzing module mux32to1_1066
INFO: [VRFC 10-311] analyzing module mux32to1_1067
INFO: [VRFC 10-311] analyzing module mux32to1_1068
INFO: [VRFC 10-311] analyzing module mux32to1_1069
INFO: [VRFC 10-311] analyzing module mux32to1_1070
INFO: [VRFC 10-311] analyzing module mux32to1_1071
INFO: [VRFC 10-311] analyzing module mux32to1_1072
INFO: [VRFC 10-311] analyzing module mux32to1_1073
INFO: [VRFC 10-311] analyzing module mux32x32to32
INFO: [VRFC 10-311] analyzing module mux32x32to32_36
INFO: [VRFC 10-311] analyzing module register
INFO: [VRFC 10-311] analyzing module register_12
INFO: [VRFC 10-311] analyzing module register_17
INFO: [VRFC 10-311] analyzing module register_18
INFO: [VRFC 10-311] analyzing module register_19
INFO: [VRFC 10-311] analyzing module register_2
INFO: [VRFC 10-311] analyzing module register_22
INFO: [VRFC 10-311] analyzing module register_23
INFO: [VRFC 10-311] analyzing module register_24
INFO: [VRFC 10-311] analyzing module register_26
INFO: [VRFC 10-311] analyzing module register_28
INFO: [VRFC 10-311] analyzing module register_35
INFO: [VRFC 10-311] analyzing module register_37
INFO: [VRFC 10-311] analyzing module register_38
INFO: [VRFC 10-311] analyzing module register_39
INFO: [VRFC 10-311] analyzing module register_40
INFO: [VRFC 10-311] analyzing module register_41
INFO: [VRFC 10-311] analyzing module register_42
INFO: [VRFC 10-311] analyzing module register_43
INFO: [VRFC 10-311] analyzing module register_44
INFO: [VRFC 10-311] analyzing module register_45
INFO: [VRFC 10-311] analyzing module register_46
INFO: [VRFC 10-311] analyzing module register_47
INFO: [VRFC 10-311] analyzing module register_48
INFO: [VRFC 10-311] analyzing module register_49
INFO: [VRFC 10-311] analyzing module register_50
INFO: [VRFC 10-311] analyzing module register_51
INFO: [VRFC 10-311] analyzing module glbl
run_program: Time (s): cpu = 00:00:10 ; elapsed = 00:00:41 . Memory (MB): peak = 2785.293 ; gain = 0.000
INFO: [USF-XSim-69] 'compile' step finished in '41' seconds
INFO: [USF-XSim-3] XSim::Elaborate design
INFO: [USF-XSim-61] Executing 'ELABORATE' step in 'E:/Projects/VLSI/32BitMIPSArch/MIPS325/MIPS325.sim/sim_1/synth/timing/xsim'
"xelab -wto fdbe9ff532be41138437c9414e3eaad5 --incr --debug typical --relax --mt 2 --maxdelay -L xil_defaultlib -L simprims_ver -L secureip --snapshot MIPSStimulus_time_synth -transport_int_delays -pulse_r 0 -pulse_int_r 0 -pulse_e 0 -pulse_int_e 0 xil_defaultlib.MIPSStimulus xil_defaultlib.glbl -log elaborate.log"
Vivado Simulator 2020.2
Copyright 1986-1999, 2001-2020 Xilinx, Inc. All Rights Reserved.
Running: E:/SOFTWAREs/XilinxVivado/Vivado/2020.2/bin/unwrapped/win64.o/xelab.exe -wto fdbe9ff532be41138437c9414e3eaad5 --incr --debug typical --relax --mt 2 --maxdelay -L xil_defaultlib -L simprims_ver -L secureip --snapshot MIPSStimulus_time_synth -transport_int_delays -pulse_r 0 -pulse_int_r 0 -pulse_e 0 -pulse_int_e 0 xil_defaultlib.MIPSStimulus xil_defaultlib.glbl -log elaborate.log 
Using 2 slave threads.
ERROR: [XSIM 43-3225] Cannot find design unit xil_defaultlib.MIPSStimulus in library work located at xsim.dir/work.
INFO: [USF-XSim-69] 'elaborate' step finished in '3' seconds
INFO: [USF-XSim-99] Step results log file:'E:/Projects/VLSI/32BitMIPSArch/MIPS325/MIPS325.sim/sim_1/synth/timing/xsim/elaborate.log'
ERROR: [USF-XSim-62] 'elaborate' step failed with error(s). Please check the Tcl console output or 'E:/Projects/VLSI/32BitMIPSArch/MIPS325/MIPS325.sim/sim_1/synth/timing/xsim/elaborate.log' file for more information.
ERROR: [Vivado 12-4473] Detected error while running simulation. Please correct the issue and retry this operation.
launch_simulation: Time (s): cpu = 00:01:19 ; elapsed = 00:01:40 . Memory (MB): peak = 2785.293 ; gain = 0.000
ERROR: [Common 17-39] 'launch_simulation' failed due to earlier errors.
close_design
set_property top MIPSpipeline [get_filesets sim_1]
set_property top_lib xil_defaultlib [get_filesets sim_1]
launch_simulation -mode post-synthesis -type timing
Command: launch_simulation -mode post-synthesis -type timing
INFO: [Vivado 12-5682] Launching post-synthesis timing simulation in 'E:/Projects/VLSI/32BitMIPSArch/MIPS325/MIPS325.sim/sim_1/synth/timing/xsim'
INFO: [SIM-utils-51] Simulation object is 'sim_1'
Design is defaulting to impl run constrset: constrs_1
Design is defaulting to synth run part: xc7s100fgga676-2
Netlist sorting complete. Time (s): cpu = 00:00:02 ; elapsed = 00:00:01 . Memory (MB): peak = 2785.293 ; gain = 0.000
INFO: [Netlist 29-17] Analyzing 6528 Unisim elements for replacement
INFO: [Netlist 29-28] Unisim Transformation completed in 0 CPU seconds
INFO: [Project 1-479] Netlist was created with Vivado 2020.2
INFO: [Project 1-570] Preparing netlist for logic optimization
Parsing XDC File [E:/Projects/VLSI/32BitMIPSArch/MIPS325/MIPS325.srcs/constrs_1/new/ConstraintFile.xdc]
INFO: [Timing 38-35] Done setting XDC timing constraints. [E:/Projects/VLSI/32BitMIPSArch/MIPS325/MIPS325.srcs/constrs_1/new/ConstraintFile.xdc:21]
WARNING: [Vivado 12-5846] Redefining clock group exclusive_clk0_clk1 [E:/Projects/VLSI/32BitMIPSArch/MIPS325/MIPS325.srcs/constrs_1/new/ConstraintFile.xdc:21]
Finished Parsing XDC File [E:/Projects/VLSI/32BitMIPSArch/MIPS325/MIPS325.srcs/constrs_1/new/ConstraintFile.xdc]
INFO: [Opt 31-138] Pushed 0 inverter(s) to 0 load pin(s).
Netlist sorting complete. Time (s): cpu = 00:00:01 ; elapsed = 00:00:00.020 . Memory (MB): peak = 2785.293 ; gain = 0.000
INFO: [Project 1-111] Unisim Transformation Summary:
No Unisim elements were transformed.

open_run: Time (s): cpu = 00:00:29 ; elapsed = 00:00:22 . Memory (MB): peak = 2785.293 ; gain = 0.000
INFO: [SIM-utils-24] Writing simulation netlist file for design 'synth_1'...
INFO: [SIM-utils-25] write_verilog -mode timesim -nolib -sdf_anno true -force -file "E:/Projects/VLSI/32BitMIPSArch/MIPS325/MIPS325.sim/sim_1/synth/timing/xsim/MIPSpipeline_time_synth.v"
INFO: [SIM-utils-27] Writing SDF file...
INFO: [SIM-utils-28] write_sdf -mode timesim -process_corner slow -force -file "E:/Projects/VLSI/32BitMIPSArch/MIPS325/MIPS325.sim/sim_1/synth/timing/xsim/MIPSpipeline_time_synth.sdf"
write_sdf: Time (s): cpu = 00:00:25 ; elapsed = 00:00:24 . Memory (MB): peak = 2785.293 ; gain = 0.000
INFO: [SIM-utils-36] Netlist generated:E:/Projects/VLSI/32BitMIPSArch/MIPS325/MIPS325.sim/sim_1/synth/timing/xsim/MIPSpipeline_time_synth.v
INFO: [SIM-utils-37] SDF generated:E:/Projects/VLSI/32BitMIPSArch/MIPS325/MIPS325.sim/sim_1/synth/timing/xsim/MIPSpipeline_time_synth.sdf
INFO: [SIM-utils-54] Inspecting design source files for 'MIPSpipeline' in fileset 'sim_1'...
INFO: [SIM-utils-43] Exported 'E:/Projects/VLSI/32BitMIPSArch/MIPS325/MIPS325.sim/sim_1/synth/timing/xsim/instr.txt'
INFO: [USF-XSim-2] XSim::Compile design
INFO: [USF-XSim-61] Executing 'COMPILE and ANALYZE' step in 'E:/Projects/VLSI/32BitMIPSArch/MIPS325/MIPS325.sim/sim_1/synth/timing/xsim'
"xvlog --incr --relax -prj MIPSpipeline_vlog.prj"
INFO: [VRFC 10-2263] Analyzing Verilog file "E:/Projects/VLSI/32BitMIPSArch/MIPS325/MIPS325.sim/sim_1/synth/timing/xsim/MIPSpipeline_time_synth.v" into library xil_defaultlib
INFO: [VRFC 10-311] analyzing module D_FF
INFO: [VRFC 10-311] analyzing module D_FF_100
INFO: [VRFC 10-311] analyzing module D_FF_1000
INFO: [VRFC 10-311] analyzing module D_FF_1001
INFO: [VRFC 10-311] analyzing module D_FF_1002
INFO: [VRFC 10-311] analyzing module D_FF_1003
INFO: [VRFC 10-311] analyzing module D_FF_1004
INFO: [VRFC 10-311] analyzing module D_FF_1005
INFO: [VRFC 10-311] analyzing module D_FF_1006
INFO: [VRFC 10-311] analyzing module D_FF_1007
INFO: [VRFC 10-311] analyzing module D_FF_1008
INFO: [VRFC 10-311] analyzing module D_FF_1009
INFO: [VRFC 10-311] analyzing module D_FF_101
INFO: [VRFC 10-311] analyzing module D_FF_1010
INFO: [VRFC 10-311] analyzing module D_FF_102
INFO: [VRFC 10-311] analyzing module D_FF_103
INFO: [VRFC 10-311] analyzing module D_FF_104
INFO: [VRFC 10-311] analyzing module D_FF_105
INFO: [VRFC 10-311] analyzing module D_FF_106
INFO: [VRFC 10-311] analyzing module D_FF_107
INFO: [VRFC 10-311] analyzing module D_FF_1078
INFO: [VRFC 10-311] analyzing module D_FF_1079
INFO: [VRFC 10-311] analyzing module D_FF_108
INFO: [VRFC 10-311] analyzing module D_FF_1080
INFO: [VRFC 10-311] analyzing module D_FF_1081
INFO: [VRFC 10-311] analyzing module D_FF_1082
INFO: [VRFC 10-311] analyzing module D_FF_1083
INFO: [VRFC 10-311] analyzing module D_FF_1084
INFO: [VRFC 10-311] analyzing module D_FF_1085
INFO: [VRFC 10-311] analyzing module D_FF_1086
INFO: [VRFC 10-311] analyzing module D_FF_1087
INFO: [VRFC 10-311] analyzing module D_FF_109
INFO: [VRFC 10-311] analyzing module D_FF_110
INFO: [VRFC 10-311] analyzing module D_FF_111
INFO: [VRFC 10-311] analyzing module D_FF_112
INFO: [VRFC 10-311] analyzing module D_FF_1120
INFO: [VRFC 10-311] analyzing module D_FF_1121
INFO: [VRFC 10-311] analyzing module D_FF_1122
INFO: [VRFC 10-311] analyzing module D_FF_1123
INFO: [VRFC 10-311] analyzing module D_FF_1124
INFO: [VRFC 10-311] analyzing module D_FF_1125
INFO: [VRFC 10-311] analyzing module D_FF_1126
INFO: [VRFC 10-311] analyzing module D_FF_1127
INFO: [VRFC 10-311] analyzing module D_FF_1128
INFO: [VRFC 10-311] analyzing module D_FF_1129
INFO: [VRFC 10-311] analyzing module D_FF_113
INFO: [VRFC 10-311] analyzing module D_FF_1130
INFO: [VRFC 10-311] analyzing module D_FF_1131
INFO: [VRFC 10-311] analyzing module D_FF_1132
INFO: [VRFC 10-311] analyzing module D_FF_1133
INFO: [VRFC 10-311] analyzing module D_FF_1134
INFO: [VRFC 10-311] analyzing module D_FF_1135
INFO: [VRFC 10-311] analyzing module D_FF_1136
INFO: [VRFC 10-311] analyzing module D_FF_1137
INFO: [VRFC 10-311] analyzing module D_FF_1138
INFO: [VRFC 10-311] analyzing module D_FF_1139
INFO: [VRFC 10-311] analyzing module D_FF_114
INFO: [VRFC 10-311] analyzing module D_FF_1140
INFO: [VRFC 10-311] analyzing module D_FF_1141
INFO: [VRFC 10-311] analyzing module D_FF_1142
INFO: [VRFC 10-311] analyzing module D_FF_1143
INFO: [VRFC 10-311] analyzing module D_FF_1144
INFO: [VRFC 10-311] analyzing module D_FF_1145
INFO: [VRFC 10-311] analyzing module D_FF_1146
INFO: [VRFC 10-311] analyzing module D_FF_1147
INFO: [VRFC 10-311] analyzing module D_FF_1148
INFO: [VRFC 10-311] analyzing module D_FF_1149
INFO: [VRFC 10-311] analyzing module D_FF_1150
INFO: [VRFC 10-311] analyzing module D_FF_1151
INFO: [VRFC 10-311] analyzing module D_FF_1152
INFO: [VRFC 10-311] analyzing module D_FF_1185
INFO: [VRFC 10-311] analyzing module D_FF_1186
INFO: [VRFC 10-311] analyzing module D_FF_1187
INFO: [VRFC 10-311] analyzing module D_FF_1188
INFO: [VRFC 10-311] analyzing module D_FF_1189
INFO: [VRFC 10-311] analyzing module D_FF_1190
INFO: [VRFC 10-311] analyzing module D_FF_1191
INFO: [VRFC 10-311] analyzing module D_FF_1192
INFO: [VRFC 10-311] analyzing module D_FF_1193
INFO: [VRFC 10-311] analyzing module D_FF_1194
INFO: [VRFC 10-311] analyzing module D_FF_1195
INFO: [VRFC 10-311] analyzing module D_FF_1196
INFO: [VRFC 10-311] analyzing module D_FF_1197
INFO: [VRFC 10-311] analyzing module D_FF_1198
INFO: [VRFC 10-311] analyzing module D_FF_1199
INFO: [VRFC 10-311] analyzing module D_FF_1200
INFO: [VRFC 10-311] analyzing module D_FF_1201
INFO: [VRFC 10-311] analyzing module D_FF_1202
INFO: [VRFC 10-311] analyzing module D_FF_1203
INFO: [VRFC 10-311] analyzing module D_FF_1204
INFO: [VRFC 10-311] analyzing module D_FF_1205
INFO: [VRFC 10-311] analyzing module D_FF_1206
INFO: [VRFC 10-311] analyzing module D_FF_1207
INFO: [VRFC 10-311] analyzing module D_FF_1208
INFO: [VRFC 10-311] analyzing module D_FF_1209
INFO: [VRFC 10-311] analyzing module D_FF_1210
INFO: [VRFC 10-311] analyzing module D_FF_1211
INFO: [VRFC 10-311] analyzing module D_FF_1212
INFO: [VRFC 10-311] analyzing module D_FF_1213
INFO: [VRFC 10-311] analyzing module D_FF_1214
INFO: [VRFC 10-311] analyzing module D_FF_1215
INFO: [VRFC 10-311] analyzing module D_FF_1216
INFO: [VRFC 10-311] analyzing module D_FF_1217
INFO: [VRFC 10-311] analyzing module D_FF_1222
INFO: [VRFC 10-311] analyzing module D_FF_1223
INFO: [VRFC 10-311] analyzing module D_FF_1224
INFO: [VRFC 10-311] analyzing module D_FF_1225
INFO: [VRFC 10-311] analyzing module D_FF_1248
INFO: [VRFC 10-311] analyzing module D_FF_1249
INFO: [VRFC 10-311] analyzing module D_FF_1250
INFO: [VRFC 10-311] analyzing module D_FF_1251
INFO: [VRFC 10-311] analyzing module D_FF_1252
INFO: [VRFC 10-311] analyzing module D_FF_1253
INFO: [VRFC 10-311] analyzing module D_FF_1254
INFO: [VRFC 10-311] analyzing module D_FF_1255
INFO: [VRFC 10-311] analyzing module D_FF_1256
INFO: [VRFC 10-311] analyzing module D_FF_1257
INFO: [VRFC 10-311] analyzing module D_FF_1258
INFO: [VRFC 10-311] analyzing module D_FF_1259
INFO: [VRFC 10-311] analyzing module D_FF_1260
INFO: [VRFC 10-311] analyzing module D_FF_1261
INFO: [VRFC 10-311] analyzing module D_FF_1262
INFO: [VRFC 10-311] analyzing module D_FF_1263
INFO: [VRFC 10-311] analyzing module D_FF_1264
INFO: [VRFC 10-311] analyzing module D_FF_1265
INFO: [VRFC 10-311] analyzing module D_FF_1266
INFO: [VRFC 10-311] analyzing module D_FF_1267
INFO: [VRFC 10-311] analyzing module D_FF_1268
INFO: [VRFC 10-311] analyzing module D_FF_1269
INFO: [VRFC 10-311] analyzing module D_FF_1278
INFO: [VRFC 10-311] analyzing module D_FF_1279
INFO: [VRFC 10-311] analyzing module D_FF_1280
INFO: [VRFC 10-311] analyzing module D_FF_1281
INFO: [VRFC 10-311] analyzing module D_FF_1282
INFO: [VRFC 10-311] analyzing module D_FF_1283
INFO: [VRFC 10-311] analyzing module D_FF_1284
INFO: [VRFC 10-311] analyzing module D_FF_1285
INFO: [VRFC 10-311] analyzing module D_FF_1286
INFO: [VRFC 10-311] analyzing module D_FF_1287
INFO: [VRFC 10-311] analyzing module D_FF_1320
INFO: [VRFC 10-311] analyzing module D_FF_1321
INFO: [VRFC 10-311] analyzing module D_FF_1322
INFO: [VRFC 10-311] analyzing module D_FF_1323
INFO: [VRFC 10-311] analyzing module D_FF_1324
INFO: [VRFC 10-311] analyzing module D_FF_1325
INFO: [VRFC 10-311] analyzing module D_FF_1326
INFO: [VRFC 10-311] analyzing module D_FF_1327
INFO: [VRFC 10-311] analyzing module D_FF_1328
INFO: [VRFC 10-311] analyzing module D_FF_1329
INFO: [VRFC 10-311] analyzing module D_FF_1330
INFO: [VRFC 10-311] analyzing module D_FF_1331
INFO: [VRFC 10-311] analyzing module D_FF_1332
INFO: [VRFC 10-311] analyzing module D_FF_1333
INFO: [VRFC 10-311] analyzing module D_FF_1334
INFO: [VRFC 10-311] analyzing module D_FF_1335
INFO: [VRFC 10-311] analyzing module D_FF_1336
INFO: [VRFC 10-311] analyzing module D_FF_1337
INFO: [VRFC 10-311] analyzing module D_FF_1338
INFO: [VRFC 10-311] analyzing module D_FF_1339
INFO: [VRFC 10-311] analyzing module D_FF_1340
INFO: [VRFC 10-311] analyzing module D_FF_1341
INFO: [VRFC 10-311] analyzing module D_FF_1342
INFO: [VRFC 10-311] analyzing module D_FF_1343
INFO: [VRFC 10-311] analyzing module D_FF_1344
INFO: [VRFC 10-311] analyzing module D_FF_1345
INFO: [VRFC 10-311] analyzing module D_FF_1346
INFO: [VRFC 10-311] analyzing module D_FF_1347
INFO: [VRFC 10-311] analyzing module D_FF_1348
INFO: [VRFC 10-311] analyzing module D_FF_1349
INFO: [VRFC 10-311] analyzing module D_FF_1350
INFO: [VRFC 10-311] analyzing module D_FF_1351
INFO: [VRFC 10-311] analyzing module D_FF_1384
INFO: [VRFC 10-311] analyzing module D_FF_1385
INFO: [VRFC 10-311] analyzing module D_FF_1386
INFO: [VRFC 10-311] analyzing module D_FF_1387
INFO: [VRFC 10-311] analyzing module D_FF_1388
INFO: [VRFC 10-311] analyzing module D_FF_1389
INFO: [VRFC 10-311] analyzing module D_FF_1390
INFO: [VRFC 10-311] analyzing module D_FF_1391
INFO: [VRFC 10-311] analyzing module D_FF_1392
INFO: [VRFC 10-311] analyzing module D_FF_1393
INFO: [VRFC 10-311] analyzing module D_FF_1394
INFO: [VRFC 10-311] analyzing module D_FF_1395
INFO: [VRFC 10-311] analyzing module D_FF_1396
INFO: [VRFC 10-311] analyzing module D_FF_1397
INFO: [VRFC 10-311] analyzing module D_FF_1398
INFO: [VRFC 10-311] analyzing module D_FF_1399
INFO: [VRFC 10-311] analyzing module D_FF_1400
INFO: [VRFC 10-311] analyzing module D_FF_1401
INFO: [VRFC 10-311] analyzing module D_FF_1402
INFO: [VRFC 10-311] analyzing module D_FF_1403
INFO: [VRFC 10-311] analyzing module D_FF_1404
INFO: [VRFC 10-311] analyzing module D_FF_1405
INFO: [VRFC 10-311] analyzing module D_FF_1406
INFO: [VRFC 10-311] analyzing module D_FF_1407
INFO: [VRFC 10-311] analyzing module D_FF_1408
INFO: [VRFC 10-311] analyzing module D_FF_1409
INFO: [VRFC 10-311] analyzing module D_FF_1410
INFO: [VRFC 10-311] analyzing module D_FF_1411
INFO: [VRFC 10-311] analyzing module D_FF_1412
INFO: [VRFC 10-311] analyzing module D_FF_1413
INFO: [VRFC 10-311] analyzing module D_FF_1414
INFO: [VRFC 10-311] analyzing module D_FF_1415
INFO: [VRFC 10-311] analyzing module D_FF_1420
INFO: [VRFC 10-311] analyzing module D_FF_1421
INFO: [VRFC 10-311] analyzing module D_FF_1422
INFO: [VRFC 10-311] analyzing module D_FF_1423
INFO: [VRFC 10-311] analyzing module D_FF_1424
INFO: [VRFC 10-311] analyzing module D_FF_1425
INFO: [VRFC 10-311] analyzing module D_FF_1426
INFO: [VRFC 10-311] analyzing module D_FF_1427
INFO: [VRFC 10-311] analyzing module D_FF_1439
INFO: [VRFC 10-311] analyzing module D_FF_1440
INFO: [VRFC 10-311] analyzing module D_FF_1441
INFO: [VRFC 10-311] analyzing module D_FF_1442
INFO: [VRFC 10-311] analyzing module D_FF_1443
INFO: [VRFC 10-311] analyzing module D_FF_1444
INFO: [VRFC 10-311] analyzing module D_FF_1445
INFO: [VRFC 10-311] analyzing module D_FF_1446
INFO: [VRFC 10-311] analyzing module D_FF_1447
INFO: [VRFC 10-311] analyzing module D_FF_1448
INFO: [VRFC 10-311] analyzing module D_FF_1449
INFO: [VRFC 10-311] analyzing module D_FF_1450
INFO: [VRFC 10-311] analyzing module D_FF_1451
INFO: [VRFC 10-311] analyzing module D_FF_1452
INFO: [VRFC 10-311] analyzing module D_FF_1453
INFO: [VRFC 10-311] analyzing module D_FF_1454
INFO: [VRFC 10-311] analyzing module D_FF_1455
INFO: [VRFC 10-311] analyzing module D_FF_1456
INFO: [VRFC 10-311] analyzing module D_FF_1457
INFO: [VRFC 10-311] analyzing module D_FF_1458
INFO: [VRFC 10-311] analyzing module D_FF_147
INFO: [VRFC 10-311] analyzing module D_FF_148
INFO: [VRFC 10-311] analyzing module D_FF_149
INFO: [VRFC 10-311] analyzing module D_FF_1491
INFO: [VRFC 10-311] analyzing module D_FF_1492
INFO: [VRFC 10-311] analyzing module D_FF_1493
INFO: [VRFC 10-311] analyzing module D_FF_1494
INFO: [VRFC 10-311] analyzing module D_FF_1495
INFO: [VRFC 10-311] analyzing module D_FF_1496
INFO: [VRFC 10-311] analyzing module D_FF_1497
INFO: [VRFC 10-311] analyzing module D_FF_1498
INFO: [VRFC 10-311] analyzing module D_FF_1499
INFO: [VRFC 10-311] analyzing module D_FF_150
INFO: [VRFC 10-311] analyzing module D_FF_1500
INFO: [VRFC 10-311] analyzing module D_FF_1501
INFO: [VRFC 10-311] analyzing module D_FF_1502
INFO: [VRFC 10-311] analyzing module D_FF_1503
INFO: [VRFC 10-311] analyzing module D_FF_1504
INFO: [VRFC 10-311] analyzing module D_FF_1505
INFO: [VRFC 10-311] analyzing module D_FF_1506
INFO: [VRFC 10-311] analyzing module D_FF_1507
INFO: [VRFC 10-311] analyzing module D_FF_1508
INFO: [VRFC 10-311] analyzing module D_FF_1509
INFO: [VRFC 10-311] analyzing module D_FF_151
INFO: [VRFC 10-311] analyzing module D_FF_1510
INFO: [VRFC 10-311] analyzing module D_FF_1511
INFO: [VRFC 10-311] analyzing module D_FF_1512
INFO: [VRFC 10-311] analyzing module D_FF_1513
INFO: [VRFC 10-311] analyzing module D_FF_1514
INFO: [VRFC 10-311] analyzing module D_FF_1515
INFO: [VRFC 10-311] analyzing module D_FF_1516
INFO: [VRFC 10-311] analyzing module D_FF_1517
INFO: [VRFC 10-311] analyzing module D_FF_1518
INFO: [VRFC 10-311] analyzing module D_FF_1519
INFO: [VRFC 10-311] analyzing module D_FF_152
INFO: [VRFC 10-311] analyzing module D_FF_1520
INFO: [VRFC 10-311] analyzing module D_FF_1521
INFO: [VRFC 10-311] analyzing module D_FF_1522
INFO: [VRFC 10-311] analyzing module D_FF_1523
INFO: [VRFC 10-311] analyzing module D_FF_1524
INFO: [VRFC 10-311] analyzing module D_FF_1525
INFO: [VRFC 10-311] analyzing module D_FF_153
INFO: [VRFC 10-311] analyzing module D_FF_154
INFO: [VRFC 10-311] analyzing module D_FF_155
INFO: [VRFC 10-311] analyzing module D_FF_1558
INFO: [VRFC 10-311] analyzing module D_FF_1559
INFO: [VRFC 10-311] analyzing module D_FF_156
INFO: [VRFC 10-311] analyzing module D_FF_1560
INFO: [VRFC 10-311] analyzing module D_FF_1561
INFO: [VRFC 10-311] analyzing module D_FF_1562
INFO: [VRFC 10-311] analyzing module D_FF_1563
INFO: [VRFC 10-311] analyzing module D_FF_1564
INFO: [VRFC 10-311] analyzing module D_FF_1565
INFO: [VRFC 10-311] analyzing module D_FF_1566
INFO: [VRFC 10-311] analyzing module D_FF_1567
INFO: [VRFC 10-311] analyzing module D_FF_1568
INFO: [VRFC 10-311] analyzing module D_FF_1569
INFO: [VRFC 10-311] analyzing module D_FF_157
INFO: [VRFC 10-311] analyzing module D_FF_1570
INFO: [VRFC 10-311] analyzing module D_FF_1571
INFO: [VRFC 10-311] analyzing module D_FF_1572
INFO: [VRFC 10-311] analyzing module D_FF_1573
INFO: [VRFC 10-311] analyzing module D_FF_1574
INFO: [VRFC 10-311] analyzing module D_FF_1575
INFO: [VRFC 10-311] analyzing module D_FF_1576
INFO: [VRFC 10-311] analyzing module D_FF_1577
INFO: [VRFC 10-311] analyzing module D_FF_1578
INFO: [VRFC 10-311] analyzing module D_FF_1579
INFO: [VRFC 10-311] analyzing module D_FF_158
INFO: [VRFC 10-311] analyzing module D_FF_1580
INFO: [VRFC 10-311] analyzing module D_FF_1581
INFO: [VRFC 10-311] analyzing module D_FF_1582
INFO: [VRFC 10-311] analyzing module D_FF_1583
INFO: [VRFC 10-311] analyzing module D_FF_1584
INFO: [VRFC 10-311] analyzing module D_FF_1585
INFO: [VRFC 10-311] analyzing module D_FF_1586
INFO: [VRFC 10-311] analyzing module D_FF_1587
INFO: [VRFC 10-311] analyzing module D_FF_1588
INFO: [VRFC 10-311] analyzing module D_FF_1589
INFO: [VRFC 10-311] analyzing module D_FF_159
INFO: [VRFC 10-311] analyzing module D_FF_160
INFO: [VRFC 10-311] analyzing module D_FF_161
INFO: [VRFC 10-311] analyzing module D_FF_162
INFO: [VRFC 10-311] analyzing module D_FF_163
INFO: [VRFC 10-311] analyzing module D_FF_164
INFO: [VRFC 10-311] analyzing module D_FF_165
INFO: [VRFC 10-311] analyzing module D_FF_166
INFO: [VRFC 10-311] analyzing module D_FF_167
INFO: [VRFC 10-311] analyzing module D_FF_168
INFO: [VRFC 10-311] analyzing module D_FF_169
INFO: [VRFC 10-311] analyzing module D_FF_170
INFO: [VRFC 10-311] analyzing module D_FF_171
INFO: [VRFC 10-311] analyzing module D_FF_172
INFO: [VRFC 10-311] analyzing module D_FF_173
INFO: [VRFC 10-311] analyzing module D_FF_174
INFO: [VRFC 10-311] analyzing module D_FF_175
INFO: [VRFC 10-311] analyzing module D_FF_176
INFO: [VRFC 10-311] analyzing module D_FF_177
INFO: [VRFC 10-311] analyzing module D_FF_178
INFO: [VRFC 10-311] analyzing module D_FF_211
INFO: [VRFC 10-311] analyzing module D_FF_212
INFO: [VRFC 10-311] analyzing module D_FF_213
INFO: [VRFC 10-311] analyzing module D_FF_214
INFO: [VRFC 10-311] analyzing module D_FF_215
INFO: [VRFC 10-311] analyzing module D_FF_216
INFO: [VRFC 10-311] analyzing module D_FF_217
INFO: [VRFC 10-311] analyzing module D_FF_218
INFO: [VRFC 10-311] analyzing module D_FF_219
INFO: [VRFC 10-311] analyzing module D_FF_220
INFO: [VRFC 10-311] analyzing module D_FF_221
INFO: [VRFC 10-311] analyzing module D_FF_222
INFO: [VRFC 10-311] analyzing module D_FF_223
INFO: [VRFC 10-311] analyzing module D_FF_224
INFO: [VRFC 10-311] analyzing module D_FF_225
INFO: [VRFC 10-311] analyzing module D_FF_226
INFO: [VRFC 10-311] analyzing module D_FF_227
INFO: [VRFC 10-311] analyzing module D_FF_228
INFO: [VRFC 10-311] analyzing module D_FF_229
INFO: [VRFC 10-311] analyzing module D_FF_230
INFO: [VRFC 10-311] analyzing module D_FF_231
INFO: [VRFC 10-311] analyzing module D_FF_232
INFO: [VRFC 10-311] analyzing module D_FF_233
INFO: [VRFC 10-311] analyzing module D_FF_234
INFO: [VRFC 10-311] analyzing module D_FF_235
INFO: [VRFC 10-311] analyzing module D_FF_236
INFO: [VRFC 10-311] analyzing module D_FF_237
INFO: [VRFC 10-311] analyzing module D_FF_238
INFO: [VRFC 10-311] analyzing module D_FF_239
INFO: [VRFC 10-311] analyzing module D_FF_240
INFO: [VRFC 10-311] analyzing module D_FF_241
INFO: [VRFC 10-311] analyzing module D_FF_242
INFO: [VRFC 10-311] analyzing module D_FF_275
INFO: [VRFC 10-311] analyzing module D_FF_276
INFO: [VRFC 10-311] analyzing module D_FF_277
INFO: [VRFC 10-311] analyzing module D_FF_278
INFO: [VRFC 10-311] analyzing module D_FF_279
INFO: [VRFC 10-311] analyzing module D_FF_280
INFO: [VRFC 10-311] analyzing module D_FF_281
INFO: [VRFC 10-311] analyzing module D_FF_282
INFO: [VRFC 10-311] analyzing module D_FF_283
INFO: [VRFC 10-311] analyzing module D_FF_284
INFO: [VRFC 10-311] analyzing module D_FF_285
INFO: [VRFC 10-311] analyzing module D_FF_286
INFO: [VRFC 10-311] analyzing module D_FF_287
INFO: [VRFC 10-311] analyzing module D_FF_288
INFO: [VRFC 10-311] analyzing module D_FF_289
INFO: [VRFC 10-311] analyzing module D_FF_290
INFO: [VRFC 10-311] analyzing module D_FF_291
INFO: [VRFC 10-311] analyzing module D_FF_292
INFO: [VRFC 10-311] analyzing module D_FF_293
INFO: [VRFC 10-311] analyzing module D_FF_294
INFO: [VRFC 10-311] analyzing module D_FF_295
INFO: [VRFC 10-311] analyzing module D_FF_296
INFO: [VRFC 10-311] analyzing module D_FF_297
INFO: [VRFC 10-311] analyzing module D_FF_298
INFO: [VRFC 10-311] analyzing module D_FF_299
INFO: [VRFC 10-311] analyzing module D_FF_300
INFO: [VRFC 10-311] analyzing module D_FF_301
INFO: [VRFC 10-311] analyzing module D_FF_302
INFO: [VRFC 10-311] analyzing module D_FF_303
INFO: [VRFC 10-311] analyzing module D_FF_304
INFO: [VRFC 10-311] analyzing module D_FF_305
INFO: [VRFC 10-311] analyzing module D_FF_306
INFO: [VRFC 10-311] analyzing module D_FF_339
INFO: [VRFC 10-311] analyzing module D_FF_340
INFO: [VRFC 10-311] analyzing module D_FF_341
INFO: [VRFC 10-311] analyzing module D_FF_342
INFO: [VRFC 10-311] analyzing module D_FF_343
INFO: [VRFC 10-311] analyzing module D_FF_344
INFO: [VRFC 10-311] analyzing module D_FF_345
INFO: [VRFC 10-311] analyzing module D_FF_346
INFO: [VRFC 10-311] analyzing module D_FF_347
INFO: [VRFC 10-311] analyzing module D_FF_348
INFO: [VRFC 10-311] analyzing module D_FF_349
INFO: [VRFC 10-311] analyzing module D_FF_350
INFO: [VRFC 10-311] analyzing module D_FF_351
INFO: [VRFC 10-311] analyzing module D_FF_352
INFO: [VRFC 10-311] analyzing module D_FF_353
INFO: [VRFC 10-311] analyzing module D_FF_354
INFO: [VRFC 10-311] analyzing module D_FF_355
INFO: [VRFC 10-311] analyzing module D_FF_356
INFO: [VRFC 10-311] analyzing module D_FF_357
INFO: [VRFC 10-311] analyzing module D_FF_358
INFO: [VRFC 10-311] analyzing module D_FF_359
INFO: [VRFC 10-311] analyzing module D_FF_360
INFO: [VRFC 10-311] analyzing module D_FF_361
INFO: [VRFC 10-311] analyzing module D_FF_362
INFO: [VRFC 10-311] analyzing module D_FF_363
INFO: [VRFC 10-311] analyzing module D_FF_364
INFO: [VRFC 10-311] analyzing module D_FF_365
INFO: [VRFC 10-311] analyzing module D_FF_366
INFO: [VRFC 10-311] analyzing module D_FF_367
INFO: [VRFC 10-311] analyzing module D_FF_368
INFO: [VRFC 10-311] analyzing module D_FF_369
INFO: [VRFC 10-311] analyzing module D_FF_370
INFO: [VRFC 10-311] analyzing module D_FF_403
INFO: [VRFC 10-311] analyzing module D_FF_404
INFO: [VRFC 10-311] analyzing module D_FF_405
INFO: [VRFC 10-311] analyzing module D_FF_406
INFO: [VRFC 10-311] analyzing module D_FF_407
INFO: [VRFC 10-311] analyzing module D_FF_408
INFO: [VRFC 10-311] analyzing module D_FF_409
INFO: [VRFC 10-311] analyzing module D_FF_410
INFO: [VRFC 10-311] analyzing module D_FF_411
INFO: [VRFC 10-311] analyzing module D_FF_412
INFO: [VRFC 10-311] analyzing module D_FF_413
INFO: [VRFC 10-311] analyzing module D_FF_414
INFO: [VRFC 10-311] analyzing module D_FF_415
INFO: [VRFC 10-311] analyzing module D_FF_416
INFO: [VRFC 10-311] analyzing module D_FF_417
INFO: [VRFC 10-311] analyzing module D_FF_418
INFO: [VRFC 10-311] analyzing module D_FF_419
INFO: [VRFC 10-311] analyzing module D_FF_420
INFO: [VRFC 10-311] analyzing module D_FF_421
INFO: [VRFC 10-311] analyzing module D_FF_422
INFO: [VRFC 10-311] analyzing module D_FF_423
INFO: [VRFC 10-311] analyzing module D_FF_424
INFO: [VRFC 10-311] analyzing module D_FF_425
INFO: [VRFC 10-311] analyzing module D_FF_426
INFO: [VRFC 10-311] analyzing module D_FF_427
INFO: [VRFC 10-311] analyzing module D_FF_428
INFO: [VRFC 10-311] analyzing module D_FF_429
INFO: [VRFC 10-311] analyzing module D_FF_430
INFO: [VRFC 10-311] analyzing module D_FF_431
INFO: [VRFC 10-311] analyzing module D_FF_432
INFO: [VRFC 10-311] analyzing module D_FF_433
INFO: [VRFC 10-311] analyzing module D_FF_434
INFO: [VRFC 10-311] analyzing module D_FF_467
INFO: [VRFC 10-311] analyzing module D_FF_468
INFO: [VRFC 10-311] analyzing module D_FF_469
INFO: [VRFC 10-311] analyzing module D_FF_470
INFO: [VRFC 10-311] analyzing module D_FF_471
INFO: [VRFC 10-311] analyzing module D_FF_472
INFO: [VRFC 10-311] analyzing module D_FF_473
INFO: [VRFC 10-311] analyzing module D_FF_474
INFO: [VRFC 10-311] analyzing module D_FF_475
INFO: [VRFC 10-311] analyzing module D_FF_476
INFO: [VRFC 10-311] analyzing module D_FF_477
INFO: [VRFC 10-311] analyzing module D_FF_478
INFO: [VRFC 10-311] analyzing module D_FF_479
INFO: [VRFC 10-311] analyzing module D_FF_480
INFO: [VRFC 10-311] analyzing module D_FF_481
INFO: [VRFC 10-311] analyzing module D_FF_482
INFO: [VRFC 10-311] analyzing module D_FF_483
INFO: [VRFC 10-311] analyzing module D_FF_484
INFO: [VRFC 10-311] analyzing module D_FF_485
INFO: [VRFC 10-311] analyzing module D_FF_486
INFO: [VRFC 10-311] analyzing module D_FF_487
INFO: [VRFC 10-311] analyzing module D_FF_488
INFO: [VRFC 10-311] analyzing module D_FF_489
INFO: [VRFC 10-311] analyzing module D_FF_490
INFO: [VRFC 10-311] analyzing module D_FF_491
INFO: [VRFC 10-311] analyzing module D_FF_492
INFO: [VRFC 10-311] analyzing module D_FF_493
INFO: [VRFC 10-311] analyzing module D_FF_494
INFO: [VRFC 10-311] analyzing module D_FF_495
INFO: [VRFC 10-311] analyzing module D_FF_496
INFO: [VRFC 10-311] analyzing module D_FF_497
INFO: [VRFC 10-311] analyzing module D_FF_498
INFO: [VRFC 10-311] analyzing module D_FF_531
INFO: [VRFC 10-311] analyzing module D_FF_532
INFO: [VRFC 10-311] analyzing module D_FF_533
INFO: [VRFC 10-311] analyzing module D_FF_534
INFO: [VRFC 10-311] analyzing module D_FF_535
INFO: [VRFC 10-311] analyzing module D_FF_536
INFO: [VRFC 10-311] analyzing module D_FF_537
INFO: [VRFC 10-311] analyzing module D_FF_538
INFO: [VRFC 10-311] analyzing module D_FF_539
INFO: [VRFC 10-311] analyzing module D_FF_540
INFO: [VRFC 10-311] analyzing module D_FF_541
INFO: [VRFC 10-311] analyzing module D_FF_542
INFO: [VRFC 10-311] analyzing module D_FF_543
INFO: [VRFC 10-311] analyzing module D_FF_544
INFO: [VRFC 10-311] analyzing module D_FF_545
INFO: [VRFC 10-311] analyzing module D_FF_546
INFO: [VRFC 10-311] analyzing module D_FF_547
INFO: [VRFC 10-311] analyzing module D_FF_548
INFO: [VRFC 10-311] analyzing module D_FF_549
INFO: [VRFC 10-311] analyzing module D_FF_550
INFO: [VRFC 10-311] analyzing module D_FF_551
INFO: [VRFC 10-311] analyzing module D_FF_552
INFO: [VRFC 10-311] analyzing module D_FF_553
INFO: [VRFC 10-311] analyzing module D_FF_554
INFO: [VRFC 10-311] analyzing module D_FF_555
INFO: [VRFC 10-311] analyzing module D_FF_556
INFO: [VRFC 10-311] analyzing module D_FF_557
INFO: [VRFC 10-311] analyzing module D_FF_558
INFO: [VRFC 10-311] analyzing module D_FF_559
INFO: [VRFC 10-311] analyzing module D_FF_560
INFO: [VRFC 10-311] analyzing module D_FF_561
INFO: [VRFC 10-311] analyzing module D_FF_562
INFO: [VRFC 10-311] analyzing module D_FF_595
INFO: [VRFC 10-311] analyzing module D_FF_596
INFO: [VRFC 10-311] analyzing module D_FF_597
INFO: [VRFC 10-311] analyzing module D_FF_598
INFO: [VRFC 10-311] analyzing module D_FF_599
INFO: [VRFC 10-311] analyzing module D_FF_600
INFO: [VRFC 10-311] analyzing module D_FF_601
INFO: [VRFC 10-311] analyzing module D_FF_602
INFO: [VRFC 10-311] analyzing module D_FF_603
INFO: [VRFC 10-311] analyzing module D_FF_604
INFO: [VRFC 10-311] analyzing module D_FF_605
INFO: [VRFC 10-311] analyzing module D_FF_606
INFO: [VRFC 10-311] analyzing module D_FF_607
INFO: [VRFC 10-311] analyzing module D_FF_608
INFO: [VRFC 10-311] analyzing module D_FF_609
INFO: [VRFC 10-311] analyzing module D_FF_610
INFO: [VRFC 10-311] analyzing module D_FF_611
INFO: [VRFC 10-311] analyzing module D_FF_612
INFO: [VRFC 10-311] analyzing module D_FF_613
INFO: [VRFC 10-311] analyzing module D_FF_614
INFO: [VRFC 10-311] analyzing module D_FF_615
INFO: [VRFC 10-311] analyzing module D_FF_616
INFO: [VRFC 10-311] analyzing module D_FF_617
INFO: [VRFC 10-311] analyzing module D_FF_618
INFO: [VRFC 10-311] analyzing module D_FF_619
INFO: [VRFC 10-311] analyzing module D_FF_620
INFO: [VRFC 10-311] analyzing module D_FF_621
INFO: [VRFC 10-311] analyzing module D_FF_622
INFO: [VRFC 10-311] analyzing module D_FF_623
INFO: [VRFC 10-311] analyzing module D_FF_624
INFO: [VRFC 10-311] analyzing module D_FF_625
INFO: [VRFC 10-311] analyzing module D_FF_626
INFO: [VRFC 10-311] analyzing module D_FF_659
INFO: [VRFC 10-311] analyzing module D_FF_660
INFO: [VRFC 10-311] analyzing module D_FF_661
INFO: [VRFC 10-311] analyzing module D_FF_662
INFO: [VRFC 10-311] analyzing module D_FF_663
INFO: [VRFC 10-311] analyzing module D_FF_664
INFO: [VRFC 10-311] analyzing module D_FF_665
INFO: [VRFC 10-311] analyzing module D_FF_666
INFO: [VRFC 10-311] analyzing module D_FF_667
INFO: [VRFC 10-311] analyzing module D_FF_668
INFO: [VRFC 10-311] analyzing module D_FF_669
INFO: [VRFC 10-311] analyzing module D_FF_670
INFO: [VRFC 10-311] analyzing module D_FF_671
INFO: [VRFC 10-311] analyzing module D_FF_672
INFO: [VRFC 10-311] analyzing module D_FF_673
INFO: [VRFC 10-311] analyzing module D_FF_674
INFO: [VRFC 10-311] analyzing module D_FF_675
INFO: [VRFC 10-311] analyzing module D_FF_676
INFO: [VRFC 10-311] analyzing module D_FF_677
INFO: [VRFC 10-311] analyzing module D_FF_678
INFO: [VRFC 10-311] analyzing module D_FF_679
INFO: [VRFC 10-311] analyzing module D_FF_680
INFO: [VRFC 10-311] analyzing module D_FF_681
INFO: [VRFC 10-311] analyzing module D_FF_682
INFO: [VRFC 10-311] analyzing module D_FF_683
INFO: [VRFC 10-311] analyzing module D_FF_684
INFO: [VRFC 10-311] analyzing module D_FF_685
INFO: [VRFC 10-311] analyzing module D_FF_686
INFO: [VRFC 10-311] analyzing module D_FF_687
INFO: [VRFC 10-311] analyzing module D_FF_688
INFO: [VRFC 10-311] analyzing module D_FF_689
INFO: [VRFC 10-311] analyzing module D_FF_690
INFO: [VRFC 10-311] analyzing module D_FF_723
INFO: [VRFC 10-311] analyzing module D_FF_724
INFO: [VRFC 10-311] analyzing module D_FF_725
INFO: [VRFC 10-311] analyzing module D_FF_726
INFO: [VRFC 10-311] analyzing module D_FF_727
INFO: [VRFC 10-311] analyzing module D_FF_728
INFO: [VRFC 10-311] analyzing module D_FF_729
INFO: [VRFC 10-311] analyzing module D_FF_730
INFO: [VRFC 10-311] analyzing module D_FF_731
INFO: [VRFC 10-311] analyzing module D_FF_732
INFO: [VRFC 10-311] analyzing module D_FF_733
INFO: [VRFC 10-311] analyzing module D_FF_734
INFO: [VRFC 10-311] analyzing module D_FF_735
INFO: [VRFC 10-311] analyzing module D_FF_736
INFO: [VRFC 10-311] analyzing module D_FF_737
INFO: [VRFC 10-311] analyzing module D_FF_738
INFO: [VRFC 10-311] analyzing module D_FF_739
INFO: [VRFC 10-311] analyzing module D_FF_740
INFO: [VRFC 10-311] analyzing module D_FF_741
INFO: [VRFC 10-311] analyzing module D_FF_742
INFO: [VRFC 10-311] analyzing module D_FF_743
INFO: [VRFC 10-311] analyzing module D_FF_744
INFO: [VRFC 10-311] analyzing module D_FF_745
INFO: [VRFC 10-311] analyzing module D_FF_746
INFO: [VRFC 10-311] analyzing module D_FF_747
INFO: [VRFC 10-311] analyzing module D_FF_748
INFO: [VRFC 10-311] analyzing module D_FF_749
INFO: [VRFC 10-311] analyzing module D_FF_750
INFO: [VRFC 10-311] analyzing module D_FF_751
INFO: [VRFC 10-311] analyzing module D_FF_752
INFO: [VRFC 10-311] analyzing module D_FF_753
INFO: [VRFC 10-311] analyzing module D_FF_754
INFO: [VRFC 10-311] analyzing module D_FF_787
INFO: [VRFC 10-311] analyzing module D_FF_788
INFO: [VRFC 10-311] analyzing module D_FF_789
INFO: [VRFC 10-311] analyzing module D_FF_790
INFO: [VRFC 10-311] analyzing module D_FF_791
INFO: [VRFC 10-311] analyzing module D_FF_792
INFO: [VRFC 10-311] analyzing module D_FF_793
INFO: [VRFC 10-311] analyzing module D_FF_794
INFO: [VRFC 10-311] analyzing module D_FF_795
INFO: [VRFC 10-311] analyzing module D_FF_796
INFO: [VRFC 10-311] analyzing module D_FF_797
INFO: [VRFC 10-311] analyzing module D_FF_798
INFO: [VRFC 10-311] analyzing module D_FF_799
INFO: [VRFC 10-311] analyzing module D_FF_800
INFO: [VRFC 10-311] analyzing module D_FF_801
INFO: [VRFC 10-311] analyzing module D_FF_802
INFO: [VRFC 10-311] analyzing module D_FF_803
INFO: [VRFC 10-311] analyzing module D_FF_804
INFO: [VRFC 10-311] analyzing module D_FF_805
INFO: [VRFC 10-311] analyzing module D_FF_806
INFO: [VRFC 10-311] analyzing module D_FF_807
INFO: [VRFC 10-311] analyzing module D_FF_808
INFO: [VRFC 10-311] analyzing module D_FF_809
INFO: [VRFC 10-311] analyzing module D_FF_810
INFO: [VRFC 10-311] analyzing module D_FF_811
INFO: [VRFC 10-311] analyzing module D_FF_812
INFO: [VRFC 10-311] analyzing module D_FF_813
INFO: [VRFC 10-311] analyzing module D_FF_814
INFO: [VRFC 10-311] analyzing module D_FF_815
INFO: [VRFC 10-311] analyzing module D_FF_816
INFO: [VRFC 10-311] analyzing module D_FF_817
INFO: [VRFC 10-311] analyzing module D_FF_818
INFO: [VRFC 10-311] analyzing module D_FF_84
INFO: [VRFC 10-311] analyzing module D_FF_85
INFO: [VRFC 10-311] analyzing module D_FF_851
INFO: [VRFC 10-311] analyzing module D_FF_852
INFO: [VRFC 10-311] analyzing module D_FF_853
INFO: [VRFC 10-311] analyzing module D_FF_854
INFO: [VRFC 10-311] analyzing module D_FF_855
INFO: [VRFC 10-311] analyzing module D_FF_856
INFO: [VRFC 10-311] analyzing module D_FF_857
INFO: [VRFC 10-311] analyzing module D_FF_858
INFO: [VRFC 10-311] analyzing module D_FF_859
INFO: [VRFC 10-311] analyzing module D_FF_86
INFO: [VRFC 10-311] analyzing module D_FF_860
INFO: [VRFC 10-311] analyzing module D_FF_861
INFO: [VRFC 10-311] analyzing module D_FF_862
INFO: [VRFC 10-311] analyzing module D_FF_863
INFO: [VRFC 10-311] analyzing module D_FF_864
INFO: [VRFC 10-311] analyzing module D_FF_865
INFO: [VRFC 10-311] analyzing module D_FF_866
INFO: [VRFC 10-311] analyzing module D_FF_867
INFO: [VRFC 10-311] analyzing module D_FF_868
INFO: [VRFC 10-311] analyzing module D_FF_869
INFO: [VRFC 10-311] analyzing module D_FF_87
INFO: [VRFC 10-311] analyzing module D_FF_870
INFO: [VRFC 10-311] analyzing module D_FF_871
INFO: [VRFC 10-311] analyzing module D_FF_872
INFO: [VRFC 10-311] analyzing module D_FF_873
INFO: [VRFC 10-311] analyzing module D_FF_874
INFO: [VRFC 10-311] analyzing module D_FF_875
INFO: [VRFC 10-311] analyzing module D_FF_876
INFO: [VRFC 10-311] analyzing module D_FF_877
INFO: [VRFC 10-311] analyzing module D_FF_878
INFO: [VRFC 10-311] analyzing module D_FF_879
INFO: [VRFC 10-311] analyzing module D_FF_88
INFO: [VRFC 10-311] analyzing module D_FF_880
INFO: [VRFC 10-311] analyzing module D_FF_881
INFO: [VRFC 10-311] analyzing module D_FF_882
INFO: [VRFC 10-311] analyzing module D_FF_89
INFO: [VRFC 10-311] analyzing module D_FF_90
INFO: [VRFC 10-311] analyzing module D_FF_91
INFO: [VRFC 10-311] analyzing module D_FF_915
INFO: [VRFC 10-311] analyzing module D_FF_916
INFO: [VRFC 10-311] analyzing module D_FF_917
INFO: [VRFC 10-311] analyzing module D_FF_918
INFO: [VRFC 10-311] analyzing module D_FF_919
INFO: [VRFC 10-311] analyzing module D_FF_92
INFO: [VRFC 10-311] analyzing module D_FF_920
INFO: [VRFC 10-311] analyzing module D_FF_921
INFO: [VRFC 10-311] analyzing module D_FF_922
INFO: [VRFC 10-311] analyzing module D_FF_923
INFO: [VRFC 10-311] analyzing module D_FF_924
INFO: [VRFC 10-311] analyzing module D_FF_925
INFO: [VRFC 10-311] analyzing module D_FF_926
INFO: [VRFC 10-311] analyzing module D_FF_927
INFO: [VRFC 10-311] analyzing module D_FF_928
INFO: [VRFC 10-311] analyzing module D_FF_929
INFO: [VRFC 10-311] analyzing module D_FF_93
INFO: [VRFC 10-311] analyzing module D_FF_930
INFO: [VRFC 10-311] analyzing module D_FF_931
INFO: [VRFC 10-311] analyzing module D_FF_932
INFO: [VRFC 10-311] analyzing module D_FF_933
INFO: [VRFC 10-311] analyzing module D_FF_934
INFO: [VRFC 10-311] analyzing module D_FF_935
INFO: [VRFC 10-311] analyzing module D_FF_936
INFO: [VRFC 10-311] analyzing module D_FF_937
INFO: [VRFC 10-311] analyzing module D_FF_938
INFO: [VRFC 10-311] analyzing module D_FF_939
INFO: [VRFC 10-311] analyzing module D_FF_94
INFO: [VRFC 10-311] analyzing module D_FF_940
INFO: [VRFC 10-311] analyzing module D_FF_941
INFO: [VRFC 10-311] analyzing module D_FF_942
INFO: [VRFC 10-311] analyzing module D_FF_943
INFO: [VRFC 10-311] analyzing module D_FF_944
INFO: [VRFC 10-311] analyzing module D_FF_945
INFO: [VRFC 10-311] analyzing module D_FF_946
INFO: [VRFC 10-311] analyzing module D_FF_95
INFO: [VRFC 10-311] analyzing module D_FF_96
INFO: [VRFC 10-311] analyzing module D_FF_97
INFO: [VRFC 10-311] analyzing module D_FF_979
INFO: [VRFC 10-311] analyzing module D_FF_98
INFO: [VRFC 10-311] analyzing module D_FF_980
INFO: [VRFC 10-311] analyzing module D_FF_981
INFO: [VRFC 10-311] analyzing module D_FF_982
INFO: [VRFC 10-311] analyzing module D_FF_983
INFO: [VRFC 10-311] analyzing module D_FF_984
INFO: [VRFC 10-311] analyzing module D_FF_985
INFO: [VRFC 10-311] analyzing module D_FF_986
INFO: [VRFC 10-311] analyzing module D_FF_987
INFO: [VRFC 10-311] analyzing module D_FF_988
INFO: [VRFC 10-311] analyzing module D_FF_989
INFO: [VRFC 10-311] analyzing module D_FF_99
INFO: [VRFC 10-311] analyzing module D_FF_990
INFO: [VRFC 10-311] analyzing module D_FF_991
INFO: [VRFC 10-311] analyzing module D_FF_992
INFO: [VRFC 10-311] analyzing module D_FF_993
INFO: [VRFC 10-311] analyzing module D_FF_994
INFO: [VRFC 10-311] analyzing module D_FF_995
INFO: [VRFC 10-311] analyzing module D_FF_996
INFO: [VRFC 10-311] analyzing module D_FF_997
INFO: [VRFC 10-311] analyzing module D_FF_998
INFO: [VRFC 10-311] analyzing module D_FF_999
INFO: [VRFC 10-311] analyzing module MIPSpipeline
INFO: [VRFC 10-311] analyzing module RegBit
INFO: [VRFC 10-311] analyzing module RegBit_0
INFO: [VRFC 10-311] analyzing module RegBit_1
INFO: [VRFC 10-311] analyzing module RegBit_10
INFO: [VRFC 10-311] analyzing module RegBit_1074
INFO: [VRFC 10-311] analyzing module RegBit_1075
INFO: [VRFC 10-311] analyzing module RegBit_1076
INFO: [VRFC 10-311] analyzing module RegBit_1077
INFO: [VRFC 10-311] analyzing module RegBit_1088
INFO: [VRFC 10-311] analyzing module RegBit_1089
INFO: [VRFC 10-311] analyzing module RegBit_1090
INFO: [VRFC 10-311] analyzing module RegBit_1091
INFO: [VRFC 10-311] analyzing module RegBit_1092
INFO: [VRFC 10-311] analyzing module RegBit_1093
INFO: [VRFC 10-311] analyzing module RegBit_1094
INFO: [VRFC 10-311] analyzing module RegBit_1095
INFO: [VRFC 10-311] analyzing module RegBit_1096
INFO: [VRFC 10-311] analyzing module RegBit_1097
INFO: [VRFC 10-311] analyzing module RegBit_1098
INFO: [VRFC 10-311] analyzing module RegBit_1099
INFO: [VRFC 10-311] analyzing module RegBit_11
INFO: [VRFC 10-311] analyzing module RegBit_1100
INFO: [VRFC 10-311] analyzing module RegBit_1101
INFO: [VRFC 10-311] analyzing module RegBit_1102
INFO: [VRFC 10-311] analyzing module RegBit_1103
INFO: [VRFC 10-311] analyzing module RegBit_1104
INFO: [VRFC 10-311] analyzing module RegBit_1105
INFO: [VRFC 10-311] analyzing module RegBit_1106
INFO: [VRFC 10-311] analyzing module RegBit_1107
INFO: [VRFC 10-311] analyzing module RegBit_1108
INFO: [VRFC 10-311] analyzing module RegBit_1109
INFO: [VRFC 10-311] analyzing module RegBit_1110
INFO: [VRFC 10-311] analyzing module RegBit_1111
INFO: [VRFC 10-311] analyzing module RegBit_1112
INFO: [VRFC 10-311] analyzing module RegBit_1113
INFO: [VRFC 10-311] analyzing module RegBit_1114
INFO: [VRFC 10-311] analyzing module RegBit_1115
INFO: [VRFC 10-311] analyzing module RegBit_1116
INFO: [VRFC 10-311] analyzing module RegBit_1117
INFO: [VRFC 10-311] analyzing module RegBit_1118
INFO: [VRFC 10-311] analyzing module RegBit_1119
INFO: [VRFC 10-311] analyzing module RegBit_115
INFO: [VRFC 10-311] analyzing module RegBit_1153
INFO: [VRFC 10-311] analyzing module RegBit_1154
INFO: [VRFC 10-311] analyzing module RegBit_1155
INFO: [VRFC 10-311] analyzing module RegBit_1156
INFO: [VRFC 10-311] analyzing module RegBit_1157
INFO: [VRFC 10-311] analyzing module RegBit_1158
INFO: [VRFC 10-311] analyzing module RegBit_1159
INFO: [VRFC 10-311] analyzing module RegBit_116
INFO: [VRFC 10-311] analyzing module RegBit_1160
INFO: [VRFC 10-311] analyzing module RegBit_1161
INFO: [VRFC 10-311] analyzing module RegBit_1162
INFO: [VRFC 10-311] analyzing module RegBit_1163
INFO: [VRFC 10-311] analyzing module RegBit_1164
INFO: [VRFC 10-311] analyzing module RegBit_1165
INFO: [VRFC 10-311] analyzing module RegBit_1166
INFO: [VRFC 10-311] analyzing module RegBit_1167
INFO: [VRFC 10-311] analyzing module RegBit_1168
INFO: [VRFC 10-311] analyzing module RegBit_1169
INFO: [VRFC 10-311] analyzing module RegBit_117
INFO: [VRFC 10-311] analyzing module RegBit_1170
INFO: [VRFC 10-311] analyzing module RegBit_1171
INFO: [VRFC 10-311] analyzing module RegBit_1172
INFO: [VRFC 10-311] analyzing module RegBit_1173
INFO: [VRFC 10-311] analyzing module RegBit_1174
INFO: [VRFC 10-311] analyzing module RegBit_1175
INFO: [VRFC 10-311] analyzing module RegBit_1176
INFO: [VRFC 10-311] analyzing module RegBit_1177
INFO: [VRFC 10-311] analyzing module RegBit_1178
INFO: [VRFC 10-311] analyzing module RegBit_1179
INFO: [VRFC 10-311] analyzing module RegBit_118
INFO: [VRFC 10-311] analyzing module RegBit_1180
INFO: [VRFC 10-311] analyzing module RegBit_1181
INFO: [VRFC 10-311] analyzing module RegBit_1182
INFO: [VRFC 10-311] analyzing module RegBit_1183
INFO: [VRFC 10-311] analyzing module RegBit_1184
INFO: [VRFC 10-311] analyzing module RegBit_119
INFO: [VRFC 10-311] analyzing module RegBit_120
INFO: [VRFC 10-311] analyzing module RegBit_121
INFO: [VRFC 10-311] analyzing module RegBit_1218
INFO: [VRFC 10-311] analyzing module RegBit_1219
INFO: [VRFC 10-311] analyzing module RegBit_122
INFO: [VRFC 10-311] analyzing module RegBit_1220
INFO: [VRFC 10-311] analyzing module RegBit_1221
INFO: [VRFC 10-311] analyzing module RegBit_1226
INFO: [VRFC 10-311] analyzing module RegBit_1227
INFO: [VRFC 10-311] analyzing module RegBit_1228
INFO: [VRFC 10-311] analyzing module RegBit_1229
INFO: [VRFC 10-311] analyzing module RegBit_123
INFO: [VRFC 10-311] analyzing module RegBit_1230
INFO: [VRFC 10-311] analyzing module RegBit_1231
INFO: [VRFC 10-311] analyzing module RegBit_1232
INFO: [VRFC 10-311] analyzing module RegBit_1233
INFO: [VRFC 10-311] analyzing module RegBit_1234
INFO: [VRFC 10-311] analyzing module RegBit_1235
INFO: [VRFC 10-311] analyzing module RegBit_1236
INFO: [VRFC 10-311] analyzing module RegBit_1237
INFO: [VRFC 10-311] analyzing module RegBit_1238
INFO: [VRFC 10-311] analyzing module RegBit_1239
INFO: [VRFC 10-311] analyzing module RegBit_124
INFO: [VRFC 10-311] analyzing module RegBit_1240
INFO: [VRFC 10-311] analyzing module RegBit_1241
INFO: [VRFC 10-311] analyzing module RegBit_1242
INFO: [VRFC 10-311] analyzing module RegBit_1243
INFO: [VRFC 10-311] analyzing module RegBit_1244
INFO: [VRFC 10-311] analyzing module RegBit_1245
INFO: [VRFC 10-311] analyzing module RegBit_1246
INFO: [VRFC 10-311] analyzing module RegBit_1247
INFO: [VRFC 10-311] analyzing module RegBit_125
INFO: [VRFC 10-311] analyzing module RegBit_126
INFO: [VRFC 10-311] analyzing module RegBit_127
INFO: [VRFC 10-311] analyzing module RegBit_1270
INFO: [VRFC 10-311] analyzing module RegBit_1271
INFO: [VRFC 10-311] analyzing module RegBit_1272
INFO: [VRFC 10-311] analyzing module RegBit_1273
INFO: [VRFC 10-311] analyzing module RegBit_1274
INFO: [VRFC 10-311] analyzing module RegBit_1275
INFO: [VRFC 10-311] analyzing module RegBit_1276
INFO: [VRFC 10-311] analyzing module RegBit_1277
INFO: [VRFC 10-311] analyzing module RegBit_128
INFO: [VRFC 10-311] analyzing module RegBit_1288
INFO: [VRFC 10-311] analyzing module RegBit_1289
INFO: [VRFC 10-311] analyzing module RegBit_129
INFO: [VRFC 10-311] analyzing module RegBit_1290
INFO: [VRFC 10-311] analyzing module RegBit_1291
INFO: [VRFC 10-311] analyzing module RegBit_1292
INFO: [VRFC 10-311] analyzing module RegBit_1293
INFO: [VRFC 10-311] analyzing module RegBit_1294
INFO: [VRFC 10-311] analyzing module RegBit_1295
INFO: [VRFC 10-311] analyzing module RegBit_1296
INFO: [VRFC 10-311] analyzing module RegBit_1297
INFO: [VRFC 10-311] analyzing module RegBit_1298
INFO: [VRFC 10-311] analyzing module RegBit_1299
INFO: [VRFC 10-311] analyzing module RegBit_13
INFO: [VRFC 10-311] analyzing module RegBit_130
INFO: [VRFC 10-311] analyzing module RegBit_1300
INFO: [VRFC 10-311] analyzing module RegBit_1301
INFO: [VRFC 10-311] analyzing module RegBit_1302
INFO: [VRFC 10-311] analyzing module RegBit_1303
INFO: [VRFC 10-311] analyzing module RegBit_1304
INFO: [VRFC 10-311] analyzing module RegBit_1305
INFO: [VRFC 10-311] analyzing module RegBit_1306
INFO: [VRFC 10-311] analyzing module RegBit_1307
INFO: [VRFC 10-311] analyzing module RegBit_1308
INFO: [VRFC 10-311] analyzing module RegBit_1309
INFO: [VRFC 10-311] analyzing module RegBit_131
INFO: [VRFC 10-311] analyzing module RegBit_1310
INFO: [VRFC 10-311] analyzing module RegBit_1311
INFO: [VRFC 10-311] analyzing module RegBit_1312
INFO: [VRFC 10-311] analyzing module RegBit_1313
INFO: [VRFC 10-311] analyzing module RegBit_1314
INFO: [VRFC 10-311] analyzing module RegBit_1315
INFO: [VRFC 10-311] analyzing module RegBit_1316
INFO: [VRFC 10-311] analyzing module RegBit_1317
INFO: [VRFC 10-311] analyzing module RegBit_1318
INFO: [VRFC 10-311] analyzing module RegBit_1319
INFO: [VRFC 10-311] analyzing module RegBit_132
INFO: [VRFC 10-311] analyzing module RegBit_133
INFO: [VRFC 10-311] analyzing module RegBit_134
INFO: [VRFC 10-311] analyzing module RegBit_135
INFO: [VRFC 10-311] analyzing module RegBit_1352
INFO: [VRFC 10-311] analyzing module RegBit_1353
INFO: [VRFC 10-311] analyzing module RegBit_1354
INFO: [VRFC 10-311] analyzing module RegBit_1355
INFO: [VRFC 10-311] analyzing module RegBit_1356
INFO: [VRFC 10-311] analyzing module RegBit_1357
INFO: [VRFC 10-311] analyzing module RegBit_1358
INFO: [VRFC 10-311] analyzing module RegBit_1359
INFO: [VRFC 10-311] analyzing module RegBit_136
INFO: [VRFC 10-311] analyzing module RegBit_1360
INFO: [VRFC 10-311] analyzing module RegBit_1361
INFO: [VRFC 10-311] analyzing module RegBit_1362
INFO: [VRFC 10-311] analyzing module RegBit_1363
INFO: [VRFC 10-311] analyzing module RegBit_1364
INFO: [VRFC 10-311] analyzing module RegBit_1365
INFO: [VRFC 10-311] analyzing module RegBit_1366
INFO: [VRFC 10-311] analyzing module RegBit_1367
INFO: [VRFC 10-311] analyzing module RegBit_1368
INFO: [VRFC 10-311] analyzing module RegBit_1369
INFO: [VRFC 10-311] analyzing module RegBit_137
INFO: [VRFC 10-311] analyzing module RegBit_1370
INFO: [VRFC 10-311] analyzing module RegBit_1371
INFO: [VRFC 10-311] analyzing module RegBit_1372
INFO: [VRFC 10-311] analyzing module RegBit_1373
INFO: [VRFC 10-311] analyzing module RegBit_1374
INFO: [VRFC 10-311] analyzing module RegBit_1375
INFO: [VRFC 10-311] analyzing module RegBit_1376
INFO: [VRFC 10-311] analyzing module RegBit_1377
INFO: [VRFC 10-311] analyzing module RegBit_1378
INFO: [VRFC 10-311] analyzing module RegBit_1379
INFO: [VRFC 10-311] analyzing module RegBit_138
INFO: [VRFC 10-311] analyzing module RegBit_1380
INFO: [VRFC 10-311] analyzing module RegBit_1381
INFO: [VRFC 10-311] analyzing module RegBit_1382
INFO: [VRFC 10-311] analyzing module RegBit_1383
INFO: [VRFC 10-311] analyzing module RegBit_139
INFO: [VRFC 10-311] analyzing module RegBit_14
INFO: [VRFC 10-311] analyzing module RegBit_140
INFO: [VRFC 10-311] analyzing module RegBit_141
INFO: [VRFC 10-311] analyzing module RegBit_1416
INFO: [VRFC 10-311] analyzing module RegBit_1417
INFO: [VRFC 10-311] analyzing module RegBit_1418
INFO: [VRFC 10-311] analyzing module RegBit_1419
INFO: [VRFC 10-311] analyzing module RegBit_142
INFO: [VRFC 10-311] analyzing module RegBit_1428
INFO: [VRFC 10-311] analyzing module RegBit_1429
INFO: [VRFC 10-311] analyzing module RegBit_143
INFO: [VRFC 10-311] analyzing module RegBit_1430
INFO: [VRFC 10-311] analyzing module RegBit_1431
INFO: [VRFC 10-311] analyzing module RegBit_1432
INFO: [VRFC 10-311] analyzing module RegBit_1433
INFO: [VRFC 10-311] analyzing module RegBit_1434
INFO: [VRFC 10-311] analyzing module RegBit_1435
INFO: [VRFC 10-311] analyzing module RegBit_1436
INFO: [VRFC 10-311] analyzing module RegBit_1437
INFO: [VRFC 10-311] analyzing module RegBit_1438
INFO: [VRFC 10-311] analyzing module RegBit_144
INFO: [VRFC 10-311] analyzing module RegBit_145
INFO: [VRFC 10-311] analyzing module RegBit_1459
INFO: [VRFC 10-311] analyzing module RegBit_146
INFO: [VRFC 10-311] analyzing module RegBit_1460
INFO: [VRFC 10-311] analyzing module RegBit_1461
INFO: [VRFC 10-311] analyzing module RegBit_1462
INFO: [VRFC 10-311] analyzing module RegBit_1463
INFO: [VRFC 10-311] analyzing module RegBit_1464
INFO: [VRFC 10-311] analyzing module RegBit_1465
INFO: [VRFC 10-311] analyzing module RegBit_1466
INFO: [VRFC 10-311] analyzing module RegBit_1467
INFO: [VRFC 10-311] analyzing module RegBit_1468
INFO: [VRFC 10-311] analyzing module RegBit_1469
INFO: [VRFC 10-311] analyzing module RegBit_1470
INFO: [VRFC 10-311] analyzing module RegBit_1471
INFO: [VRFC 10-311] analyzing module RegBit_1472
INFO: [VRFC 10-311] analyzing module RegBit_1473
INFO: [VRFC 10-311] analyzing module RegBit_1474
INFO: [VRFC 10-311] analyzing module RegBit_1475
INFO: [VRFC 10-311] analyzing module RegBit_1476
INFO: [VRFC 10-311] analyzing module RegBit_1477
INFO: [VRFC 10-311] analyzing module RegBit_1478
INFO: [VRFC 10-311] analyzing module RegBit_1479
INFO: [VRFC 10-311] analyzing module RegBit_1480
INFO: [VRFC 10-311] analyzing module RegBit_1481
INFO: [VRFC 10-311] analyzing module RegBit_1482
INFO: [VRFC 10-311] analyzing module RegBit_1483
INFO: [VRFC 10-311] analyzing module RegBit_1484
INFO: [VRFC 10-311] analyzing module RegBit_1485
INFO: [VRFC 10-311] analyzing module RegBit_1486
INFO: [VRFC 10-311] analyzing module RegBit_1487
INFO: [VRFC 10-311] analyzing module RegBit_1488
INFO: [VRFC 10-311] analyzing module RegBit_1489
INFO: [VRFC 10-311] analyzing module RegBit_1490
INFO: [VRFC 10-311] analyzing module RegBit_15
INFO: [VRFC 10-311] analyzing module RegBit_1526
INFO: [VRFC 10-311] analyzing module RegBit_1527
INFO: [VRFC 10-311] analyzing module RegBit_1528
INFO: [VRFC 10-311] analyzing module RegBit_1529
INFO: [VRFC 10-311] analyzing module RegBit_1530
INFO: [VRFC 10-311] analyzing module RegBit_1531
INFO: [VRFC 10-311] analyzing module RegBit_1532
INFO: [VRFC 10-311] analyzing module RegBit_1533
INFO: [VRFC 10-311] analyzing module RegBit_1534
INFO: [VRFC 10-311] analyzing module RegBit_1535
INFO: [VRFC 10-311] analyzing module RegBit_1536
INFO: [VRFC 10-311] analyzing module RegBit_1537
INFO: [VRFC 10-311] analyzing module RegBit_1538
INFO: [VRFC 10-311] analyzing module RegBit_1539
INFO: [VRFC 10-311] analyzing module RegBit_1540
INFO: [VRFC 10-311] analyzing module RegBit_1541
INFO: [VRFC 10-311] analyzing module RegBit_1542
INFO: [VRFC 10-311] analyzing module RegBit_1543
INFO: [VRFC 10-311] analyzing module RegBit_1544
INFO: [VRFC 10-311] analyzing module RegBit_1545
INFO: [VRFC 10-311] analyzing module RegBit_1546
INFO: [VRFC 10-311] analyzing module RegBit_1547
INFO: [VRFC 10-311] analyzing module RegBit_1548
INFO: [VRFC 10-311] analyzing module RegBit_1549
INFO: [VRFC 10-311] analyzing module RegBit_1550
INFO: [VRFC 10-311] analyzing module RegBit_1551
INFO: [VRFC 10-311] analyzing module RegBit_1552
INFO: [VRFC 10-311] analyzing module RegBit_1553
INFO: [VRFC 10-311] analyzing module RegBit_1554
INFO: [VRFC 10-311] analyzing module RegBit_1555
INFO: [VRFC 10-311] analyzing module RegBit_1556
INFO: [VRFC 10-311] analyzing module RegBit_1557
INFO: [VRFC 10-311] analyzing module RegBit_16
INFO: [VRFC 10-311] analyzing module RegBit_179
INFO: [VRFC 10-311] analyzing module RegBit_180
INFO: [VRFC 10-311] analyzing module RegBit_181
INFO: [VRFC 10-311] analyzing module RegBit_182
INFO: [VRFC 10-311] analyzing module RegBit_183
INFO: [VRFC 10-311] analyzing module RegBit_184
INFO: [VRFC 10-311] analyzing module RegBit_185
INFO: [VRFC 10-311] analyzing module RegBit_186
INFO: [VRFC 10-311] analyzing module RegBit_187
INFO: [VRFC 10-311] analyzing module RegBit_188
INFO: [VRFC 10-311] analyzing module RegBit_189
INFO: [VRFC 10-311] analyzing module RegBit_190
INFO: [VRFC 10-311] analyzing module RegBit_191
INFO: [VRFC 10-311] analyzing module RegBit_192
INFO: [VRFC 10-311] analyzing module RegBit_193
INFO: [VRFC 10-311] analyzing module RegBit_194
INFO: [VRFC 10-311] analyzing module RegBit_195
INFO: [VRFC 10-311] analyzing module RegBit_196
INFO: [VRFC 10-311] analyzing module RegBit_197
INFO: [VRFC 10-311] analyzing module RegBit_198
INFO: [VRFC 10-311] analyzing module RegBit_199
INFO: [VRFC 10-311] analyzing module RegBit_20
INFO: [VRFC 10-311] analyzing module RegBit_200
INFO: [VRFC 10-311] analyzing module RegBit_201
INFO: [VRFC 10-311] analyzing module RegBit_202
INFO: [VRFC 10-311] analyzing module RegBit_203
INFO: [VRFC 10-311] analyzing module RegBit_204
INFO: [VRFC 10-311] analyzing module RegBit_205
INFO: [VRFC 10-311] analyzing module RegBit_206
INFO: [VRFC 10-311] analyzing module RegBit_207
INFO: [VRFC 10-311] analyzing module RegBit_208
INFO: [VRFC 10-311] analyzing module RegBit_209
INFO: [VRFC 10-311] analyzing module RegBit_21
INFO: [VRFC 10-311] analyzing module RegBit_210
INFO: [VRFC 10-311] analyzing module RegBit_243
INFO: [VRFC 10-311] analyzing module RegBit_244
INFO: [VRFC 10-311] analyzing module RegBit_245
INFO: [VRFC 10-311] analyzing module RegBit_246
INFO: [VRFC 10-311] analyzing module RegBit_247
INFO: [VRFC 10-311] analyzing module RegBit_248
INFO: [VRFC 10-311] analyzing module RegBit_249
INFO: [VRFC 10-311] analyzing module RegBit_25
INFO: [VRFC 10-311] analyzing module RegBit_250
INFO: [VRFC 10-311] analyzing module RegBit_251
INFO: [VRFC 10-311] analyzing module RegBit_252
INFO: [VRFC 10-311] analyzing module RegBit_253
INFO: [VRFC 10-311] analyzing module RegBit_254
INFO: [VRFC 10-311] analyzing module RegBit_255
INFO: [VRFC 10-311] analyzing module RegBit_256
INFO: [VRFC 10-311] analyzing module RegBit_257
INFO: [VRFC 10-311] analyzing module RegBit_258
INFO: [VRFC 10-311] analyzing module RegBit_259
INFO: [VRFC 10-311] analyzing module RegBit_260
INFO: [VRFC 10-311] analyzing module RegBit_261
INFO: [VRFC 10-311] analyzing module RegBit_262
INFO: [VRFC 10-311] analyzing module RegBit_263
INFO: [VRFC 10-311] analyzing module RegBit_264
INFO: [VRFC 10-311] analyzing module RegBit_265
INFO: [VRFC 10-311] analyzing module RegBit_266
INFO: [VRFC 10-311] analyzing module RegBit_267
INFO: [VRFC 10-311] analyzing module RegBit_268
INFO: [VRFC 10-311] analyzing module RegBit_269
INFO: [VRFC 10-311] analyzing module RegBit_27
INFO: [VRFC 10-311] analyzing module RegBit_270
INFO: [VRFC 10-311] analyzing module RegBit_271
INFO: [VRFC 10-311] analyzing module RegBit_272
INFO: [VRFC 10-311] analyzing module RegBit_273
INFO: [VRFC 10-311] analyzing module RegBit_274
INFO: [VRFC 10-311] analyzing module RegBit_29
INFO: [VRFC 10-311] analyzing module RegBit_3
INFO: [VRFC 10-311] analyzing module RegBit_30
INFO: [VRFC 10-311] analyzing module RegBit_307
INFO: [VRFC 10-311] analyzing module RegBit_308
INFO: [VRFC 10-311] analyzing module RegBit_309
INFO: [VRFC 10-311] analyzing module RegBit_31
INFO: [VRFC 10-311] analyzing module RegBit_310
INFO: [VRFC 10-311] analyzing module RegBit_311
INFO: [VRFC 10-311] analyzing module RegBit_312
INFO: [VRFC 10-311] analyzing module RegBit_313
INFO: [VRFC 10-311] analyzing module RegBit_314
INFO: [VRFC 10-311] analyzing module RegBit_315
INFO: [VRFC 10-311] analyzing module RegBit_316
INFO: [VRFC 10-311] analyzing module RegBit_317
INFO: [VRFC 10-311] analyzing module RegBit_318
INFO: [VRFC 10-311] analyzing module RegBit_319
INFO: [VRFC 10-311] analyzing module RegBit_32
INFO: [VRFC 10-311] analyzing module RegBit_320
INFO: [VRFC 10-311] analyzing module RegBit_321
INFO: [VRFC 10-311] analyzing module RegBit_322
INFO: [VRFC 10-311] analyzing module RegBit_323
INFO: [VRFC 10-311] analyzing module RegBit_324
INFO: [VRFC 10-311] analyzing module RegBit_325
INFO: [VRFC 10-311] analyzing module RegBit_326
INFO: [VRFC 10-311] analyzing module RegBit_327
INFO: [VRFC 10-311] analyzing module RegBit_328
INFO: [VRFC 10-311] analyzing module RegBit_329
INFO: [VRFC 10-311] analyzing module RegBit_33
INFO: [VRFC 10-311] analyzing module RegBit_330
INFO: [VRFC 10-311] analyzing module RegBit_331
INFO: [VRFC 10-311] analyzing module RegBit_332
INFO: [VRFC 10-311] analyzing module RegBit_333
INFO: [VRFC 10-311] analyzing module RegBit_334
INFO: [VRFC 10-311] analyzing module RegBit_335
INFO: [VRFC 10-311] analyzing module RegBit_336
INFO: [VRFC 10-311] analyzing module RegBit_337
INFO: [VRFC 10-311] analyzing module RegBit_338
INFO: [VRFC 10-311] analyzing module RegBit_34
INFO: [VRFC 10-311] analyzing module RegBit_371
INFO: [VRFC 10-311] analyzing module RegBit_372
INFO: [VRFC 10-311] analyzing module RegBit_373
INFO: [VRFC 10-311] analyzing module RegBit_374
INFO: [VRFC 10-311] analyzing module RegBit_375
INFO: [VRFC 10-311] analyzing module RegBit_376
INFO: [VRFC 10-311] analyzing module RegBit_377
INFO: [VRFC 10-311] analyzing module RegBit_378
INFO: [VRFC 10-311] analyzing module RegBit_379
INFO: [VRFC 10-311] analyzing module RegBit_380
INFO: [VRFC 10-311] analyzing module RegBit_381
INFO: [VRFC 10-311] analyzing module RegBit_382
INFO: [VRFC 10-311] analyzing module RegBit_383
INFO: [VRFC 10-311] analyzing module RegBit_384
INFO: [VRFC 10-311] analyzing module RegBit_385
INFO: [VRFC 10-311] analyzing module RegBit_386
INFO: [VRFC 10-311] analyzing module RegBit_387
INFO: [VRFC 10-311] analyzing module RegBit_388
INFO: [VRFC 10-311] analyzing module RegBit_389
INFO: [VRFC 10-311] analyzing module RegBit_390
INFO: [VRFC 10-311] analyzing module RegBit_391
INFO: [VRFC 10-311] analyzing module RegBit_392
INFO: [VRFC 10-311] analyzing module RegBit_393
INFO: [VRFC 10-311] analyzing module RegBit_394
INFO: [VRFC 10-311] analyzing module RegBit_395
INFO: [VRFC 10-311] analyzing module RegBit_396
INFO: [VRFC 10-311] analyzing module RegBit_397
INFO: [VRFC 10-311] analyzing module RegBit_398
INFO: [VRFC 10-311] analyzing module RegBit_399
INFO: [VRFC 10-311] analyzing module RegBit_4
INFO: [VRFC 10-311] analyzing module RegBit_400
INFO: [VRFC 10-311] analyzing module RegBit_401
INFO: [VRFC 10-311] analyzing module RegBit_402
INFO: [VRFC 10-311] analyzing module RegBit_435
INFO: [VRFC 10-311] analyzing module RegBit_436
INFO: [VRFC 10-311] analyzing module RegBit_437
INFO: [VRFC 10-311] analyzing module RegBit_438
INFO: [VRFC 10-311] analyzing module RegBit_439
INFO: [VRFC 10-311] analyzing module RegBit_440
INFO: [VRFC 10-311] analyzing module RegBit_441
INFO: [VRFC 10-311] analyzing module RegBit_442
INFO: [VRFC 10-311] analyzing module RegBit_443
INFO: [VRFC 10-311] analyzing module RegBit_444
INFO: [VRFC 10-311] analyzing module RegBit_445
INFO: [VRFC 10-311] analyzing module RegBit_446
INFO: [VRFC 10-311] analyzing module RegBit_447
INFO: [VRFC 10-311] analyzing module RegBit_448
INFO: [VRFC 10-311] analyzing module RegBit_449
INFO: [VRFC 10-311] analyzing module RegBit_450
INFO: [VRFC 10-311] analyzing module RegBit_451
INFO: [VRFC 10-311] analyzing module RegBit_452
INFO: [VRFC 10-311] analyzing module RegBit_453
INFO: [VRFC 10-311] analyzing module RegBit_454
INFO: [VRFC 10-311] analyzing module RegBit_455
INFO: [VRFC 10-311] analyzing module RegBit_456
INFO: [VRFC 10-311] analyzing module RegBit_457
INFO: [VRFC 10-311] analyzing module RegBit_458
INFO: [VRFC 10-311] analyzing module RegBit_459
INFO: [VRFC 10-311] analyzing module RegBit_460
INFO: [VRFC 10-311] analyzing module RegBit_461
INFO: [VRFC 10-311] analyzing module RegBit_462
INFO: [VRFC 10-311] analyzing module RegBit_463
INFO: [VRFC 10-311] analyzing module RegBit_464
INFO: [VRFC 10-311] analyzing module RegBit_465
INFO: [VRFC 10-311] analyzing module RegBit_466
INFO: [VRFC 10-311] analyzing module RegBit_499
INFO: [VRFC 10-311] analyzing module RegBit_5
INFO: [VRFC 10-311] analyzing module RegBit_500
INFO: [VRFC 10-311] analyzing module RegBit_501
INFO: [VRFC 10-311] analyzing module RegBit_502
INFO: [VRFC 10-311] analyzing module RegBit_503
INFO: [VRFC 10-311] analyzing module RegBit_504
INFO: [VRFC 10-311] analyzing module RegBit_505
INFO: [VRFC 10-311] analyzing module RegBit_506
INFO: [VRFC 10-311] analyzing module RegBit_507
INFO: [VRFC 10-311] analyzing module RegBit_508
INFO: [VRFC 10-311] analyzing module RegBit_509
INFO: [VRFC 10-311] analyzing module RegBit_510
INFO: [VRFC 10-311] analyzing module RegBit_511
INFO: [VRFC 10-311] analyzing module RegBit_512
INFO: [VRFC 10-311] analyzing module RegBit_513
INFO: [VRFC 10-311] analyzing module RegBit_514
INFO: [VRFC 10-311] analyzing module RegBit_515
INFO: [VRFC 10-311] analyzing module RegBit_516
INFO: [VRFC 10-311] analyzing module RegBit_517
INFO: [VRFC 10-311] analyzing module RegBit_518
INFO: [VRFC 10-311] analyzing module RegBit_519
INFO: [VRFC 10-311] analyzing module RegBit_52
INFO: [VRFC 10-311] analyzing module RegBit_520
INFO: [VRFC 10-311] analyzing module RegBit_521
INFO: [VRFC 10-311] analyzing module RegBit_522
INFO: [VRFC 10-311] analyzing module RegBit_523
INFO: [VRFC 10-311] analyzing module RegBit_524
INFO: [VRFC 10-311] analyzing module RegBit_525
INFO: [VRFC 10-311] analyzing module RegBit_526
INFO: [VRFC 10-311] analyzing module RegBit_527
INFO: [VRFC 10-311] analyzing module RegBit_528
INFO: [VRFC 10-311] analyzing module RegBit_529
INFO: [VRFC 10-311] analyzing module RegBit_53
INFO: [VRFC 10-311] analyzing module RegBit_530
INFO: [VRFC 10-311] analyzing module RegBit_54
INFO: [VRFC 10-311] analyzing module RegBit_55
INFO: [VRFC 10-311] analyzing module RegBit_56
INFO: [VRFC 10-311] analyzing module RegBit_563
INFO: [VRFC 10-311] analyzing module RegBit_564
INFO: [VRFC 10-311] analyzing module RegBit_565
INFO: [VRFC 10-311] analyzing module RegBit_566
INFO: [VRFC 10-311] analyzing module RegBit_567
INFO: [VRFC 10-311] analyzing module RegBit_568
INFO: [VRFC 10-311] analyzing module RegBit_569
INFO: [VRFC 10-311] analyzing module RegBit_57
INFO: [VRFC 10-311] analyzing module RegBit_570
INFO: [VRFC 10-311] analyzing module RegBit_571
INFO: [VRFC 10-311] analyzing module RegBit_572
INFO: [VRFC 10-311] analyzing module RegBit_573
INFO: [VRFC 10-311] analyzing module RegBit_574
INFO: [VRFC 10-311] analyzing module RegBit_575
INFO: [VRFC 10-311] analyzing module RegBit_576
INFO: [VRFC 10-311] analyzing module RegBit_577
INFO: [VRFC 10-311] analyzing module RegBit_578
INFO: [VRFC 10-311] analyzing module RegBit_579
INFO: [VRFC 10-311] analyzing module RegBit_58
INFO: [VRFC 10-311] analyzing module RegBit_580
INFO: [VRFC 10-311] analyzing module RegBit_581
INFO: [VRFC 10-311] analyzing module RegBit_582
INFO: [VRFC 10-311] analyzing module RegBit_583
INFO: [VRFC 10-311] analyzing module RegBit_584
INFO: [VRFC 10-311] analyzing module RegBit_585
INFO: [VRFC 10-311] analyzing module RegBit_586
INFO: [VRFC 10-311] analyzing module RegBit_587
INFO: [VRFC 10-311] analyzing module RegBit_588
INFO: [VRFC 10-311] analyzing module RegBit_589
INFO: [VRFC 10-311] analyzing module RegBit_59
INFO: [VRFC 10-311] analyzing module RegBit_590
INFO: [VRFC 10-311] analyzing module RegBit_591
INFO: [VRFC 10-311] analyzing module RegBit_592
INFO: [VRFC 10-311] analyzing module RegBit_593
INFO: [VRFC 10-311] analyzing module RegBit_594
INFO: [VRFC 10-311] analyzing module RegBit_6
INFO: [VRFC 10-311] analyzing module RegBit_60
INFO: [VRFC 10-311] analyzing module RegBit_61
INFO: [VRFC 10-311] analyzing module RegBit_62
INFO: [VRFC 10-311] analyzing module RegBit_627
INFO: [VRFC 10-311] analyzing module RegBit_628
INFO: [VRFC 10-311] analyzing module RegBit_629
INFO: [VRFC 10-311] analyzing module RegBit_63
INFO: [VRFC 10-311] analyzing module RegBit_630
INFO: [VRFC 10-311] analyzing module RegBit_631
INFO: [VRFC 10-311] analyzing module RegBit_632
INFO: [VRFC 10-311] analyzing module RegBit_633
INFO: [VRFC 10-311] analyzing module RegBit_634
INFO: [VRFC 10-311] analyzing module RegBit_635
INFO: [VRFC 10-311] analyzing module RegBit_636
INFO: [VRFC 10-311] analyzing module RegBit_637
INFO: [VRFC 10-311] analyzing module RegBit_638
INFO: [VRFC 10-311] analyzing module RegBit_639
INFO: [VRFC 10-311] analyzing module RegBit_64
INFO: [VRFC 10-311] analyzing module RegBit_640
INFO: [VRFC 10-311] analyzing module RegBit_641
INFO: [VRFC 10-311] analyzing module RegBit_642
INFO: [VRFC 10-311] analyzing module RegBit_643
INFO: [VRFC 10-311] analyzing module RegBit_644
INFO: [VRFC 10-311] analyzing module RegBit_645
INFO: [VRFC 10-311] analyzing module RegBit_646
INFO: [VRFC 10-311] analyzing module RegBit_647
INFO: [VRFC 10-311] analyzing module RegBit_648
INFO: [VRFC 10-311] analyzing module RegBit_649
INFO: [VRFC 10-311] analyzing module RegBit_65
INFO: [VRFC 10-311] analyzing module RegBit_650
INFO: [VRFC 10-311] analyzing module RegBit_651
INFO: [VRFC 10-311] analyzing module RegBit_652
INFO: [VRFC 10-311] analyzing module RegBit_653
INFO: [VRFC 10-311] analyzing module RegBit_654
INFO: [VRFC 10-311] analyzing module RegBit_655
INFO: [VRFC 10-311] analyzing module RegBit_656
INFO: [VRFC 10-311] analyzing module RegBit_657
INFO: [VRFC 10-311] analyzing module RegBit_658
INFO: [VRFC 10-311] analyzing module RegBit_66
INFO: [VRFC 10-311] analyzing module RegBit_67
INFO: [VRFC 10-311] analyzing module RegBit_68
INFO: [VRFC 10-311] analyzing module RegBit_69
INFO: [VRFC 10-311] analyzing module RegBit_691
INFO: [VRFC 10-311] analyzing module RegBit_692
INFO: [VRFC 10-311] analyzing module RegBit_693
INFO: [VRFC 10-311] analyzing module RegBit_694
INFO: [VRFC 10-311] analyzing module RegBit_695
INFO: [VRFC 10-311] analyzing module RegBit_696
INFO: [VRFC 10-311] analyzing module RegBit_697
INFO: [VRFC 10-311] analyzing module RegBit_698
INFO: [VRFC 10-311] analyzing module RegBit_699
INFO: [VRFC 10-311] analyzing module RegBit_7
INFO: [VRFC 10-311] analyzing module RegBit_70
INFO: [VRFC 10-311] analyzing module RegBit_700
INFO: [VRFC 10-311] analyzing module RegBit_701
INFO: [VRFC 10-311] analyzing module RegBit_702
INFO: [VRFC 10-311] analyzing module RegBit_703
INFO: [VRFC 10-311] analyzing module RegBit_704
INFO: [VRFC 10-311] analyzing module RegBit_705
INFO: [VRFC 10-311] analyzing module RegBit_706
INFO: [VRFC 10-311] analyzing module RegBit_707
INFO: [VRFC 10-311] analyzing module RegBit_708
INFO: [VRFC 10-311] analyzing module RegBit_709
INFO: [VRFC 10-311] analyzing module RegBit_71
INFO: [VRFC 10-311] analyzing module RegBit_710
INFO: [VRFC 10-311] analyzing module RegBit_711
INFO: [VRFC 10-311] analyzing module RegBit_712
INFO: [VRFC 10-311] analyzing module RegBit_713
INFO: [VRFC 10-311] analyzing module RegBit_714
INFO: [VRFC 10-311] analyzing module RegBit_715
INFO: [VRFC 10-311] analyzing module RegBit_716
INFO: [VRFC 10-311] analyzing module RegBit_717
INFO: [VRFC 10-311] analyzing module RegBit_718
INFO: [VRFC 10-311] analyzing module RegBit_719
INFO: [VRFC 10-311] analyzing module RegBit_72
INFO: [VRFC 10-311] analyzing module RegBit_720
INFO: [VRFC 10-311] analyzing module RegBit_721
INFO: [VRFC 10-311] analyzing module RegBit_722
INFO: [VRFC 10-311] analyzing module RegBit_73
INFO: [VRFC 10-311] analyzing module RegBit_74
INFO: [VRFC 10-311] analyzing module RegBit_75
INFO: [VRFC 10-311] analyzing module RegBit_755
INFO: [VRFC 10-311] analyzing module RegBit_756
INFO: [VRFC 10-311] analyzing module RegBit_757
INFO: [VRFC 10-311] analyzing module RegBit_758
INFO: [VRFC 10-311] analyzing module RegBit_759
INFO: [VRFC 10-311] analyzing module RegBit_76
INFO: [VRFC 10-311] analyzing module RegBit_760
INFO: [VRFC 10-311] analyzing module RegBit_761
INFO: [VRFC 10-311] analyzing module RegBit_762
INFO: [VRFC 10-311] analyzing module RegBit_763
INFO: [VRFC 10-311] analyzing module RegBit_764
INFO: [VRFC 10-311] analyzing module RegBit_765
INFO: [VRFC 10-311] analyzing module RegBit_766
INFO: [VRFC 10-311] analyzing module RegBit_767
INFO: [VRFC 10-311] analyzing module RegBit_768
INFO: [VRFC 10-311] analyzing module RegBit_769
INFO: [VRFC 10-311] analyzing module RegBit_77
INFO: [VRFC 10-311] analyzing module RegBit_770
INFO: [VRFC 10-311] analyzing module RegBit_771
INFO: [VRFC 10-311] analyzing module RegBit_772
INFO: [VRFC 10-311] analyzing module RegBit_773
INFO: [VRFC 10-311] analyzing module RegBit_774
INFO: [VRFC 10-311] analyzing module RegBit_775
INFO: [VRFC 10-311] analyzing module RegBit_776
INFO: [VRFC 10-311] analyzing module RegBit_777
INFO: [VRFC 10-311] analyzing module RegBit_778
INFO: [VRFC 10-311] analyzing module RegBit_779
INFO: [VRFC 10-311] analyzing module RegBit_78
INFO: [VRFC 10-311] analyzing module RegBit_780
INFO: [VRFC 10-311] analyzing module RegBit_781
INFO: [VRFC 10-311] analyzing module RegBit_782
INFO: [VRFC 10-311] analyzing module RegBit_783
INFO: [VRFC 10-311] analyzing module RegBit_784
INFO: [VRFC 10-311] analyzing module RegBit_785
INFO: [VRFC 10-311] analyzing module RegBit_786
INFO: [VRFC 10-311] analyzing module RegBit_79
INFO: [VRFC 10-311] analyzing module RegBit_8
INFO: [VRFC 10-311] analyzing module RegBit_80
INFO: [VRFC 10-311] analyzing module RegBit_81
INFO: [VRFC 10-311] analyzing module RegBit_819
INFO: [VRFC 10-311] analyzing module RegBit_82
INFO: [VRFC 10-311] analyzing module RegBit_820
INFO: [VRFC 10-311] analyzing module RegBit_821
INFO: [VRFC 10-311] analyzing module RegBit_822
INFO: [VRFC 10-311] analyzing module RegBit_823
INFO: [VRFC 10-311] analyzing module RegBit_824
INFO: [VRFC 10-311] analyzing module RegBit_825
INFO: [VRFC 10-311] analyzing module RegBit_826
INFO: [VRFC 10-311] analyzing module RegBit_827
INFO: [VRFC 10-311] analyzing module RegBit_828
INFO: [VRFC 10-311] analyzing module RegBit_829
INFO: [VRFC 10-311] analyzing module RegBit_83
INFO: [VRFC 10-311] analyzing module RegBit_830
INFO: [VRFC 10-311] analyzing module RegBit_831
INFO: [VRFC 10-311] analyzing module RegBit_832
INFO: [VRFC 10-311] analyzing module RegBit_833
INFO: [VRFC 10-311] analyzing module RegBit_834
INFO: [VRFC 10-311] analyzing module RegBit_835
INFO: [VRFC 10-311] analyzing module RegBit_836
INFO: [VRFC 10-311] analyzing module RegBit_837
INFO: [VRFC 10-311] analyzing module RegBit_838
INFO: [VRFC 10-311] analyzing module RegBit_839
INFO: [VRFC 10-311] analyzing module RegBit_840
INFO: [VRFC 10-311] analyzing module RegBit_841
INFO: [VRFC 10-311] analyzing module RegBit_842
INFO: [VRFC 10-311] analyzing module RegBit_843
INFO: [VRFC 10-311] analyzing module RegBit_844
INFO: [VRFC 10-311] analyzing module RegBit_845
INFO: [VRFC 10-311] analyzing module RegBit_846
INFO: [VRFC 10-311] analyzing module RegBit_847
INFO: [VRFC 10-311] analyzing module RegBit_848
INFO: [VRFC 10-311] analyzing module RegBit_849
INFO: [VRFC 10-311] analyzing module RegBit_850
INFO: [VRFC 10-311] analyzing module RegBit_883
INFO: [VRFC 10-311] analyzing module RegBit_884
INFO: [VRFC 10-311] analyzing module RegBit_885
INFO: [VRFC 10-311] analyzing module RegBit_886
INFO: [VRFC 10-311] analyzing module RegBit_887
INFO: [VRFC 10-311] analyzing module RegBit_888
INFO: [VRFC 10-311] analyzing module RegBit_889
INFO: [VRFC 10-311] analyzing module RegBit_890
INFO: [VRFC 10-311] analyzing module RegBit_891
INFO: [VRFC 10-311] analyzing module RegBit_892
INFO: [VRFC 10-311] analyzing module RegBit_893
INFO: [VRFC 10-311] analyzing module RegBit_894
INFO: [VRFC 10-311] analyzing module RegBit_895
INFO: [VRFC 10-311] analyzing module RegBit_896
INFO: [VRFC 10-311] analyzing module RegBit_897
INFO: [VRFC 10-311] analyzing module RegBit_898
INFO: [VRFC 10-311] analyzing module RegBit_899
INFO: [VRFC 10-311] analyzing module RegBit_9
INFO: [VRFC 10-311] analyzing module RegBit_900
INFO: [VRFC 10-311] analyzing module RegBit_901
INFO: [VRFC 10-311] analyzing module RegBit_902
INFO: [VRFC 10-311] analyzing module RegBit_903
INFO: [VRFC 10-311] analyzing module RegBit_904
INFO: [VRFC 10-311] analyzing module RegBit_905
INFO: [VRFC 10-311] analyzing module RegBit_906
INFO: [VRFC 10-311] analyzing module RegBit_907
INFO: [VRFC 10-311] analyzing module RegBit_908
INFO: [VRFC 10-311] analyzing module RegBit_909
INFO: [VRFC 10-311] analyzing module RegBit_910
INFO: [VRFC 10-311] analyzing module RegBit_911
INFO: [VRFC 10-311] analyzing module RegBit_912
INFO: [VRFC 10-311] analyzing module RegBit_913
INFO: [VRFC 10-311] analyzing module RegBit_914
INFO: [VRFC 10-311] analyzing module RegBit_947
INFO: [VRFC 10-311] analyzing module RegBit_948
INFO: [VRFC 10-311] analyzing module RegBit_949
INFO: [VRFC 10-311] analyzing module RegBit_950
INFO: [VRFC 10-311] analyzing module RegBit_951
INFO: [VRFC 10-311] analyzing module RegBit_952
INFO: [VRFC 10-311] analyzing module RegBit_953
INFO: [VRFC 10-311] analyzing module RegBit_954
INFO: [VRFC 10-311] analyzing module RegBit_955
INFO: [VRFC 10-311] analyzing module RegBit_956
INFO: [VRFC 10-311] analyzing module RegBit_957
INFO: [VRFC 10-311] analyzing module RegBit_958
INFO: [VRFC 10-311] analyzing module RegBit_959
INFO: [VRFC 10-311] analyzing module RegBit_960
INFO: [VRFC 10-311] analyzing module RegBit_961
INFO: [VRFC 10-311] analyzing module RegBit_962
INFO: [VRFC 10-311] analyzing module RegBit_963
INFO: [VRFC 10-311] analyzing module RegBit_964
INFO: [VRFC 10-311] analyzing module RegBit_965
INFO: [VRFC 10-311] analyzing module RegBit_966
INFO: [VRFC 10-311] analyzing module RegBit_967
INFO: [VRFC 10-311] analyzing module RegBit_968
INFO: [VRFC 10-311] analyzing module RegBit_969
INFO: [VRFC 10-311] analyzing module RegBit_970
INFO: [VRFC 10-311] analyzing module RegBit_971
INFO: [VRFC 10-311] analyzing module RegBit_972
INFO: [VRFC 10-311] analyzing module RegBit_973
INFO: [VRFC 10-311] analyzing module RegBit_974
INFO: [VRFC 10-311] analyzing module RegBit_975
INFO: [VRFC 10-311] analyzing module RegBit_976
INFO: [VRFC 10-311] analyzing module RegBit_977
INFO: [VRFC 10-311] analyzing module RegBit_978
INFO: [VRFC 10-311] analyzing module RegFile
INFO: [VRFC 10-311] analyzing module dataMem
INFO: [VRFC 10-311] analyzing module mux32to1
INFO: [VRFC 10-311] analyzing module mux32to1_1011
INFO: [VRFC 10-311] analyzing module mux32to1_1012
INFO: [VRFC 10-311] analyzing module mux32to1_1013
INFO: [VRFC 10-311] analyzing module mux32to1_1014
INFO: [VRFC 10-311] analyzing module mux32to1_1015
INFO: [VRFC 10-311] analyzing module mux32to1_1016
INFO: [VRFC 10-311] analyzing module mux32to1_1017
INFO: [VRFC 10-311] analyzing module mux32to1_1018
INFO: [VRFC 10-311] analyzing module mux32to1_1019
INFO: [VRFC 10-311] analyzing module mux32to1_1020
INFO: [VRFC 10-311] analyzing module mux32to1_1021
INFO: [VRFC 10-311] analyzing module mux32to1_1022
INFO: [VRFC 10-311] analyzing module mux32to1_1023
INFO: [VRFC 10-311] analyzing module mux32to1_1024
INFO: [VRFC 10-311] analyzing module mux32to1_1025
INFO: [VRFC 10-311] analyzing module mux32to1_1026
INFO: [VRFC 10-311] analyzing module mux32to1_1027
INFO: [VRFC 10-311] analyzing module mux32to1_1028
INFO: [VRFC 10-311] analyzing module mux32to1_1029
INFO: [VRFC 10-311] analyzing module mux32to1_1030
INFO: [VRFC 10-311] analyzing module mux32to1_1031
INFO: [VRFC 10-311] analyzing module mux32to1_1032
INFO: [VRFC 10-311] analyzing module mux32to1_1033
INFO: [VRFC 10-311] analyzing module mux32to1_1034
INFO: [VRFC 10-311] analyzing module mux32to1_1035
INFO: [VRFC 10-311] analyzing module mux32to1_1036
INFO: [VRFC 10-311] analyzing module mux32to1_1037
INFO: [VRFC 10-311] analyzing module mux32to1_1038
INFO: [VRFC 10-311] analyzing module mux32to1_1039
INFO: [VRFC 10-311] analyzing module mux32to1_1040
INFO: [VRFC 10-311] analyzing module mux32to1_1041
INFO: [VRFC 10-311] analyzing module mux32to1_1042
INFO: [VRFC 10-311] analyzing module mux32to1_1043
INFO: [VRFC 10-311] analyzing module mux32to1_1044
INFO: [VRFC 10-311] analyzing module mux32to1_1045
INFO: [VRFC 10-311] analyzing module mux32to1_1046
INFO: [VRFC 10-311] analyzing module mux32to1_1047
INFO: [VRFC 10-311] analyzing module mux32to1_1048
INFO: [VRFC 10-311] analyzing module mux32to1_1049
INFO: [VRFC 10-311] analyzing module mux32to1_1050
INFO: [VRFC 10-311] analyzing module mux32to1_1051
INFO: [VRFC 10-311] analyzing module mux32to1_1052
INFO: [VRFC 10-311] analyzing module mux32to1_1053
INFO: [VRFC 10-311] analyzing module mux32to1_1054
INFO: [VRFC 10-311] analyzing module mux32to1_1055
INFO: [VRFC 10-311] analyzing module mux32to1_1056
INFO: [VRFC 10-311] analyzing module mux32to1_1057
INFO: [VRFC 10-311] analyzing module mux32to1_1058
INFO: [VRFC 10-311] analyzing module mux32to1_1059
INFO: [VRFC 10-311] analyzing module mux32to1_1060
INFO: [VRFC 10-311] analyzing module mux32to1_1061
INFO: [VRFC 10-311] analyzing module mux32to1_1062
INFO: [VRFC 10-311] analyzing module mux32to1_1063
INFO: [VRFC 10-311] analyzing module mux32to1_1064
INFO: [VRFC 10-311] analyzing module mux32to1_1065
INFO: [VRFC 10-311] analyzing module mux32to1_1066
INFO: [VRFC 10-311] analyzing module mux32to1_1067
INFO: [VRFC 10-311] analyzing module mux32to1_1068
INFO: [VRFC 10-311] analyzing module mux32to1_1069
INFO: [VRFC 10-311] analyzing module mux32to1_1070
INFO: [VRFC 10-311] analyzing module mux32to1_1071
INFO: [VRFC 10-311] analyzing module mux32to1_1072
INFO: [VRFC 10-311] analyzing module mux32to1_1073
INFO: [VRFC 10-311] analyzing module mux32x32to32
INFO: [VRFC 10-311] analyzing module mux32x32to32_36
INFO: [VRFC 10-311] analyzing module register
INFO: [VRFC 10-311] analyzing module register_12
INFO: [VRFC 10-311] analyzing module register_17
INFO: [VRFC 10-311] analyzing module register_18
INFO: [VRFC 10-311] analyzing module register_19
INFO: [VRFC 10-311] analyzing module register_2
INFO: [VRFC 10-311] analyzing module register_22
INFO: [VRFC 10-311] analyzing module register_23
INFO: [VRFC 10-311] analyzing module register_24
INFO: [VRFC 10-311] analyzing module register_26
INFO: [VRFC 10-311] analyzing module register_28
INFO: [VRFC 10-311] analyzing module register_35
INFO: [VRFC 10-311] analyzing module register_37
INFO: [VRFC 10-311] analyzing module register_38
INFO: [VRFC 10-311] analyzing module register_39
INFO: [VRFC 10-311] analyzing module register_40
INFO: [VRFC 10-311] analyzing module register_41
INFO: [VRFC 10-311] analyzing module register_42
INFO: [VRFC 10-311] analyzing module register_43
INFO: [VRFC 10-311] analyzing module register_44
INFO: [VRFC 10-311] analyzing module register_45
INFO: [VRFC 10-311] analyzing module register_46
INFO: [VRFC 10-311] analyzing module register_47
INFO: [VRFC 10-311] analyzing module register_48
INFO: [VRFC 10-311] analyzing module register_49
INFO: [VRFC 10-311] analyzing module register_50
INFO: [VRFC 10-311] analyzing module register_51
INFO: [VRFC 10-311] analyzing module glbl
run_program: Time (s): cpu = 00:00:10 ; elapsed = 00:00:41 . Memory (MB): peak = 2785.293 ; gain = 0.000
INFO: [USF-XSim-69] 'compile' step finished in '42' seconds
INFO: [USF-XSim-3] XSim::Elaborate design
INFO: [USF-XSim-61] Executing 'ELABORATE' step in 'E:/Projects/VLSI/32BitMIPSArch/MIPS325/MIPS325.sim/sim_1/synth/timing/xsim'
"xelab -wto fdbe9ff532be41138437c9414e3eaad5 --incr --debug typical --relax --mt 2 --maxdelay -L xil_defaultlib -L simprims_ver -L secureip --snapshot MIPSpipeline_time_synth -transport_int_delays -pulse_r 0 -pulse_int_r 0 -pulse_e 0 -pulse_int_e 0 xil_defaultlib.MIPSpipeline xil_defaultlib.glbl -log elaborate.log"
Vivado Simulator 2020.2
Copyright 1986-1999, 2001-2020 Xilinx, Inc. All Rights Reserved.
Running: E:/SOFTWAREs/XilinxVivado/Vivado/2020.2/bin/unwrapped/win64.o/xelab.exe -wto fdbe9ff532be41138437c9414e3eaad5 --incr --debug typical --relax --mt 2 --maxdelay -L xil_defaultlib -L simprims_ver -L secureip --snapshot MIPSpipeline_time_synth -transport_int_delays -pulse_r 0 -pulse_int_r 0 -pulse_e 0 -pulse_int_e 0 xil_defaultlib.MIPSpipeline xil_defaultlib.glbl -log elaborate.log 
Using 2 slave threads.
Starting static elaboration
Pass Through NonSizing Optimizer
Completed static elaboration
Starting simulation data flow analysis
Completed simulation data flow analysis
INFO: [XSIM 43-3451] SDF backannotation process started with SDF file "MIPSpipeline_time_synth.sdf", for root module "MIPSpipeline".
INFO: [XSIM 43-3452] SDF backannotation was successful for SDF file "MIPSpipeline_time_synth.sdf", for root module "MIPSpipeline".
Time Resolution for simulation is 1ps
Compiling module simprims_ver.OBUF
Compiling module simprims_ver.LUT6
Compiling module simprims_ver.LUT4
Compiling module simprims_ver.LUT5
Compiling module simprims_ver.x_lut2_mux4
Compiling module simprims_ver.LUT2
Compiling module simprims_ver.x_lut3_mux8
Compiling module simprims_ver.LUT3
Compiling module simprims_ver.FDCE_default
Compiling module xil_defaultlib.D_FF_1589
Compiling module xil_defaultlib.RegBit_1526
Compiling module xil_defaultlib.D_FF_1588
Compiling module xil_defaultlib.RegBit_1527
Compiling module xil_defaultlib.D_FF_1587
Compiling module xil_defaultlib.RegBit_1528
Compiling module xil_defaultlib.D_FF_1586
Compiling module xil_defaultlib.RegBit_1529
Compiling module xil_defaultlib.D_FF_1585
Compiling module xil_defaultlib.RegBit_1530
Compiling module xil_defaultlib.D_FF_1584
Compiling module xil_defaultlib.RegBit_1531
Compiling module xil_defaultlib.D_FF_1583
Compiling module xil_defaultlib.RegBit_1532
Compiling module xil_defaultlib.D_FF_1582
Compiling module xil_defaultlib.RegBit_1533
Compiling module xil_defaultlib.D_FF_1581
Compiling module xil_defaultlib.RegBit_1534
Compiling module xil_defaultlib.D_FF_1580
Compiling module xil_defaultlib.RegBit_1535
Compiling module xil_defaultlib.D_FF_1579
Compiling module xil_defaultlib.RegBit_1536
Compiling module xil_defaultlib.D_FF_1578
Compiling module xil_defaultlib.RegBit_1537
Compiling module xil_defaultlib.D_FF_1577
Compiling module xil_defaultlib.RegBit_1538
Compiling module xil_defaultlib.D_FF_1576
Compiling module xil_defaultlib.RegBit_1539
Compiling module xil_defaultlib.D_FF_1575
Compiling module xil_defaultlib.RegBit_1540
Compiling module xil_defaultlib.D_FF_1574
Compiling module xil_defaultlib.RegBit_1541
Compiling module xil_defaultlib.D_FF_1573
Compiling module xil_defaultlib.RegBit_1542
Compiling module xil_defaultlib.D_FF_1572
Compiling module xil_defaultlib.RegBit_1543
Compiling module xil_defaultlib.D_FF_1571
Compiling module xil_defaultlib.RegBit_1544
Compiling module xil_defaultlib.D_FF_1570
Compiling module xil_defaultlib.RegBit_1545
Compiling module xil_defaultlib.D_FF_1569
Compiling module xil_defaultlib.RegBit_1546
Compiling module xil_defaultlib.D_FF_1568
Compiling module xil_defaultlib.RegBit_1547
Compiling module xil_defaultlib.D_FF_1567
Compiling module xil_defaultlib.RegBit_1548
Compiling module xil_defaultlib.D_FF_1566
Compiling module xil_defaultlib.RegBit_1549
Compiling module xil_defaultlib.D_FF_1565
Compiling module xil_defaultlib.RegBit_1550
Compiling module xil_defaultlib.D_FF_1564
Compiling module xil_defaultlib.RegBit_1551
Compiling module xil_defaultlib.D_FF_1563
Compiling module xil_defaultlib.RegBit_1552
Compiling module xil_defaultlib.D_FF_1562
Compiling module xil_defaultlib.RegBit_1553
Compiling module xil_defaultlib.D_FF_1561
Compiling module xil_defaultlib.RegBit_1554
Compiling module xil_defaultlib.D_FF_1560
Compiling module xil_defaultlib.RegBit_1555
Compiling module xil_defaultlib.D_FF_1559
Compiling module xil_defaultlib.RegBit_1556
Compiling module xil_defaultlib.D_FF_1558
Compiling module xil_defaultlib.RegBit_1557
Compiling module xil_defaultlib.register
Compiling module xil_defaultlib.D_FF_1525
Compiling module xil_defaultlib.RegBit
Compiling module xil_defaultlib.D_FF_1524
Compiling module xil_defaultlib.RegBit_0
Compiling module xil_defaultlib.D_FF_1523
Compiling module xil_defaultlib.RegBit_1
Compiling module xil_defaultlib.D_FF_1522
Compiling module xil_defaultlib.RegBit_1459
Compiling module xil_defaultlib.D_FF_1521
Compiling module xil_defaultlib.RegBit_1460
Compiling module xil_defaultlib.D_FF_1520
Compiling module xil_defaultlib.RegBit_1461
Compiling module xil_defaultlib.D_FF_1519
Compiling module xil_defaultlib.RegBit_1462
Compiling module xil_defaultlib.D_FF_1518
Compiling module xil_defaultlib.RegBit_1463
Compiling module xil_defaultlib.D_FF_1517
Compiling module xil_defaultlib.RegBit_1464
Compiling module xil_defaultlib.D_FF_1516
Compiling module xil_defaultlib.RegBit_1465
Compiling module xil_defaultlib.D_FF_1515
Compiling module xil_defaultlib.RegBit_1466
Compiling module xil_defaultlib.D_FF_1514
Compiling module xil_defaultlib.RegBit_1467
Compiling module xil_defaultlib.D_FF_1513
Compiling module xil_defaultlib.RegBit_1468
Compiling module xil_defaultlib.D_FF_1512
Compiling module xil_defaultlib.RegBit_1469
Compiling module xil_defaultlib.D_FF_1511
Compiling module xil_defaultlib.RegBit_1470
Compiling module xil_defaultlib.D_FF_1510
Compiling module xil_defaultlib.RegBit_1471
Compiling module xil_defaultlib.D_FF_1509
Compiling module xil_defaultlib.RegBit_1472
Compiling module xil_defaultlib.D_FF_1508
Compiling module xil_defaultlib.RegBit_1473
Compiling module xil_defaultlib.D_FF_1507
Compiling module xil_defaultlib.RegBit_1474
Compiling module xil_defaultlib.D_FF_1506
Compiling module xil_defaultlib.RegBit_1475
Compiling module xil_defaultlib.D_FF_1505
Compiling module xil_defaultlib.RegBit_1476
Compiling module xil_defaultlib.D_FF_1504
Compiling module xil_defaultlib.RegBit_1477
Compiling module xil_defaultlib.D_FF_1503
Compiling module xil_defaultlib.RegBit_1478
Compiling module xil_defaultlib.D_FF_1502
Compiling module xil_defaultlib.RegBit_1479
Compiling module xil_defaultlib.D_FF_1501
Compiling module xil_defaultlib.RegBit_1480
Compiling module xil_defaultlib.D_FF_1500
Compiling module xil_defaultlib.RegBit_1481
Compiling module xil_defaultlib.D_FF_1499
Compiling module xil_defaultlib.RegBit_1482
Compiling module xil_defaultlib.D_FF_1498
Compiling module xil_defaultlib.RegBit_1483
Compiling module xil_defaultlib.D_FF_1497
Compiling module xil_defaultlib.RegBit_1484
Compiling module xil_defaultlib.D_FF_1496
Compiling module xil_defaultlib.RegBit_1485
Compiling module xil_defaultlib.D_FF_1495
Compiling module xil_defaultlib.RegBit_1486
Compiling module xil_defaultlib.D_FF_1494
Compiling module xil_defaultlib.RegBit_1487
Compiling module xil_defaultlib.D_FF_1493
Compiling module xil_defaultlib.RegBit_1488
Compiling module xil_defaultlib.D_FF_1492
Compiling module xil_defaultlib.RegBit_1489
Compiling module xil_defaultlib.D_FF_1491
Compiling module xil_defaultlib.RegBit_1490
Compiling module xil_defaultlib.register_2
Compiling module xil_defaultlib.D_FF_1458
Compiling module xil_defaultlib.RegBit_3
Compiling module xil_defaultlib.D_FF_1457
Compiling module xil_defaultlib.RegBit_4
Compiling module xil_defaultlib.D_FF_1456
Compiling module xil_defaultlib.RegBit_5
Compiling module xil_defaultlib.D_FF_1455
Compiling module xil_defaultlib.RegBit_6
Compiling module xil_defaultlib.D_FF_1454
Compiling module xil_defaultlib.RegBit_7
Compiling module xil_defaultlib.D_FF_1453
Compiling module xil_defaultlib.RegBit_8
Compiling module xil_defaultlib.D_FF_1452
Compiling module xil_defaultlib.RegBit_9
Compiling module xil_defaultlib.D_FF_1451
Compiling module xil_defaultlib.RegBit_10
Compiling module xil_defaultlib.D_FF_1450
Compiling module xil_defaultlib.RegBit_11
Compiling module xil_defaultlib.D_FF_1449
Compiling module xil_defaultlib.RegBit_1428
Compiling module xil_defaultlib.D_FF_1448
Compiling module xil_defaultlib.RegBit_1429
Compiling module xil_defaultlib.D_FF_1447
Compiling module xil_defaultlib.RegBit_1430
Compiling module xil_defaultlib.D_FF_1446
Compiling module xil_defaultlib.RegBit_1431
Compiling module xil_defaultlib.D_FF_1445
Compiling module xil_defaultlib.RegBit_1432
Compiling module xil_defaultlib.D_FF_1444
Compiling module xil_defaultlib.RegBit_1433
Compiling module xil_defaultlib.D_FF_1443
Compiling module xil_defaultlib.RegBit_1434
Compiling module xil_defaultlib.D_FF_1442
Compiling module xil_defaultlib.RegBit_1435
Compiling module xil_defaultlib.D_FF_1441
Compiling module xil_defaultlib.RegBit_1436
Compiling module xil_defaultlib.D_FF_1440
Compiling module xil_defaultlib.RegBit_1437
Compiling module xil_defaultlib.D_FF_1439
Compiling module xil_defaultlib.RegBit_1438
Compiling module xil_defaultlib.register_12
Compiling module xil_defaultlib.D_FF_1427
Compiling module xil_defaultlib.RegBit_13
Compiling module xil_defaultlib.D_FF_1426
Compiling module xil_defaultlib.RegBit_14
Compiling module xil_defaultlib.D_FF_1425
Compiling module xil_defaultlib.RegBit_15
Compiling module xil_defaultlib.D_FF_1424
Compiling module xil_defaultlib.RegBit_16
Compiling module xil_defaultlib.D_FF_1423
Compiling module xil_defaultlib.RegBit_1416
Compiling module xil_defaultlib.D_FF_1422
Compiling module xil_defaultlib.RegBit_1417
Compiling module xil_defaultlib.D_FF_1421
Compiling module xil_defaultlib.RegBit_1418
Compiling module xil_defaultlib.D_FF_1420
Compiling module xil_defaultlib.RegBit_1419
Compiling module xil_defaultlib.register_17
Compiling module xil_defaultlib.D_FF_1415
Compiling module xil_defaultlib.RegBit_1352
Compiling module xil_defaultlib.D_FF_1414
Compiling module xil_defaultlib.RegBit_1353
Compiling module xil_defaultlib.D_FF_1413
Compiling module xil_defaultlib.RegBit_1354
Compiling module xil_defaultlib.D_FF_1412
Compiling module xil_defaultlib.RegBit_1355
Compiling module xil_defaultlib.D_FF_1411
Compiling module xil_defaultlib.RegBit_1356
Compiling module xil_defaultlib.D_FF_1410
Compiling module xil_defaultlib.RegBit_1357
Compiling module xil_defaultlib.D_FF_1409
Compiling module xil_defaultlib.RegBit_1358
Compiling module xil_defaultlib.D_FF_1408
Compiling module xil_defaultlib.RegBit_1359
Compiling module xil_defaultlib.D_FF_1407
Compiling module xil_defaultlib.RegBit_1360
Compiling module xil_defaultlib.D_FF_1406
Compiling module xil_defaultlib.RegBit_1361
Compiling module xil_defaultlib.D_FF_1405
Compiling module xil_defaultlib.RegBit_1362
Compiling module xil_defaultlib.D_FF_1404
Compiling module xil_defaultlib.RegBit_1363
Compiling module xil_defaultlib.D_FF_1403
Compiling module xil_defaultlib.RegBit_1364
Compiling module xil_defaultlib.D_FF_1402
Compiling module xil_defaultlib.RegBit_1365
Compiling module xil_defaultlib.D_FF_1401
Compiling module xil_defaultlib.RegBit_1366
Compiling module xil_defaultlib.D_FF_1400
Compiling module xil_defaultlib.RegBit_1367
Compiling module xil_defaultlib.D_FF_1399
Compiling module xil_defaultlib.RegBit_1368
Compiling module xil_defaultlib.D_FF_1398
Compiling module xil_defaultlib.RegBit_1369
Compiling module xil_defaultlib.D_FF_1397
Compiling module xil_defaultlib.RegBit_1370
Compiling module xil_defaultlib.D_FF_1396
Compiling module xil_defaultlib.RegBit_1371
Compiling module xil_defaultlib.D_FF_1395
Compiling module xil_defaultlib.RegBit_1372
Compiling module xil_defaultlib.D_FF_1394
Compiling module xil_defaultlib.RegBit_1373
Compiling module xil_defaultlib.D_FF_1393
Compiling module xil_defaultlib.RegBit_1374
Compiling module xil_defaultlib.D_FF_1392
Compiling module xil_defaultlib.RegBit_1375
Compiling module xil_defaultlib.D_FF_1391
Compiling module xil_defaultlib.RegBit_1376
Compiling module xil_defaultlib.D_FF_1390
Compiling module xil_defaultlib.RegBit_1377
Compiling module xil_defaultlib.D_FF_1389
Compiling module xil_defaultlib.RegBit_1378
Compiling module xil_defaultlib.D_FF_1388
Compiling module xil_defaultlib.RegBit_1379
Compiling module xil_defaultlib.D_FF_1387
Compiling module xil_defaultlib.RegBit_1380
Compiling module xil_defaultlib.D_FF_1386
Compiling module xil_defaultlib.RegBit_1381
Compiling module xil_defaultlib.D_FF_1385
Compiling module xil_defaultlib.RegBit_1382
Compiling module xil_defaultlib.D_FF_1384
Compiling module xil_defaultlib.RegBit_1383
Compiling module xil_defaultlib.register_18
Compiling module xil_defaultlib.D_FF_1351
Compiling module xil_defaultlib.RegBit_1288
Compiling module xil_defaultlib.D_FF_1350
Compiling module xil_defaultlib.RegBit_1289
Compiling module xil_defaultlib.D_FF_1349
Compiling module xil_defaultlib.RegBit_1290
Compiling module xil_defaultlib.D_FF_1348
Compiling module xil_defaultlib.RegBit_1291
Compiling module xil_defaultlib.D_FF_1347
Compiling module xil_defaultlib.RegBit_1292
Compiling module xil_defaultlib.D_FF_1346
Compiling module xil_defaultlib.RegBit_1293
Compiling module xil_defaultlib.D_FF_1345
Compiling module xil_defaultlib.RegBit_1294
Compiling module xil_defaultlib.D_FF_1344
Compiling module xil_defaultlib.RegBit_1295
Compiling module xil_defaultlib.D_FF_1343
Compiling module xil_defaultlib.RegBit_1296
Compiling module xil_defaultlib.D_FF_1342
Compiling module xil_defaultlib.RegBit_1297
Compiling module xil_defaultlib.D_FF_1341
Compiling module xil_defaultlib.RegBit_1298
Compiling module xil_defaultlib.D_FF_1340
Compiling module xil_defaultlib.RegBit_1299
Compiling module xil_defaultlib.D_FF_1339
Compiling module xil_defaultlib.RegBit_1300
Compiling module xil_defaultlib.D_FF_1338
Compiling module xil_defaultlib.RegBit_1301
Compiling module xil_defaultlib.D_FF_1337
Compiling module xil_defaultlib.RegBit_1302
Compiling module xil_defaultlib.D_FF_1336
Compiling module xil_defaultlib.RegBit_1303
Compiling module xil_defaultlib.D_FF_1335
Compiling module xil_defaultlib.RegBit_1304
Compiling module xil_defaultlib.D_FF_1334
Compiling module xil_defaultlib.RegBit_1305
Compiling module xil_defaultlib.D_FF_1333
Compiling module xil_defaultlib.RegBit_1306
Compiling module xil_defaultlib.D_FF_1332
Compiling module xil_defaultlib.RegBit_1307
Compiling module xil_defaultlib.D_FF_1331
Compiling module xil_defaultlib.RegBit_1308
Compiling module xil_defaultlib.D_FF_1330
Compiling module xil_defaultlib.RegBit_1309
Compiling module xil_defaultlib.D_FF_1329
Compiling module xil_defaultlib.RegBit_1310
Compiling module xil_defaultlib.D_FF_1328
Compiling module xil_defaultlib.RegBit_1311
Compiling module xil_defaultlib.D_FF_1327
Compiling module xil_defaultlib.RegBit_1312
Compiling module xil_defaultlib.D_FF_1326
Compiling module xil_defaultlib.RegBit_1313
Compiling module xil_defaultlib.D_FF_1325
Compiling module xil_defaultlib.RegBit_1314
Compiling module xil_defaultlib.D_FF_1324
Compiling module xil_defaultlib.RegBit_1315
Compiling module xil_defaultlib.D_FF_1323
Compiling module xil_defaultlib.RegBit_1316
Compiling module xil_defaultlib.D_FF_1322
Compiling module xil_defaultlib.RegBit_1317
Compiling module xil_defaultlib.D_FF_1321
Compiling module xil_defaultlib.RegBit_1318
Compiling module xil_defaultlib.D_FF_1320
Compiling module xil_defaultlib.RegBit_1319
Compiling module xil_defaultlib.register_19
Compiling module xil_defaultlib.D_FF_1287
Compiling module xil_defaultlib.RegBit_20
Compiling module xil_defaultlib.D_FF_1286
Compiling module xil_defaultlib.RegBit_21
Compiling module xil_defaultlib.D_FF_1285
Compiling module xil_defaultlib.RegBit_1270
Compiling module xil_defaultlib.D_FF_1284
Compiling module xil_defaultlib.RegBit_1271
Compiling module xil_defaultlib.D_FF_1283
Compiling module xil_defaultlib.RegBit_1272
Compiling module xil_defaultlib.D_FF_1282
Compiling module xil_defaultlib.RegBit_1273
Compiling module xil_defaultlib.D_FF_1281
Compiling module xil_defaultlib.RegBit_1274
Compiling module xil_defaultlib.D_FF_1280
Compiling module xil_defaultlib.RegBit_1275
Compiling module xil_defaultlib.D_FF_1279
Compiling module xil_defaultlib.RegBit_1276
Compiling module simprims_ver.x_lut1_mux2
Compiling module simprims_ver.LUT1
Compiling module xil_defaultlib.D_FF_1278
Compiling module xil_defaultlib.RegBit_1277
Compiling module xil_defaultlib.register_22
Compiling module xil_defaultlib.D_FF_1269
Compiling module xil_defaultlib.RegBit_1226
Compiling module xil_defaultlib.D_FF_1268
Compiling module xil_defaultlib.RegBit_1227
Compiling module xil_defaultlib.D_FF_1267
Compiling module xil_defaultlib.RegBit_1228
Compiling module xil_defaultlib.D_FF_1266
Compiling module xil_defaultlib.RegBit_1229
Compiling module xil_defaultlib.D_FF_1265
Compiling module xil_defaultlib.RegBit_1230
Compiling module xil_defaultlib.D_FF_1264
Compiling module xil_defaultlib.RegBit_1231
Compiling module xil_defaultlib.D_FF_1263
Compiling module xil_defaultlib.RegBit_1232
Compiling module xil_defaultlib.D_FF_1262
Compiling module xil_defaultlib.RegBit_1233
Compiling module xil_defaultlib.D_FF_1261
Compiling module xil_defaultlib.RegBit_1234
Compiling module xil_defaultlib.D_FF_1260
Compiling module xil_defaultlib.RegBit_1235
Compiling module xil_defaultlib.D_FF_1259
Compiling module xil_defaultlib.RegBit_1236
Compiling module xil_defaultlib.D_FF_1258
Compiling module xil_defaultlib.RegBit_1237
Compiling module xil_defaultlib.D_FF_1257
Compiling module xil_defaultlib.RegBit_1238
Compiling module xil_defaultlib.D_FF_1256
Compiling module xil_defaultlib.RegBit_1239
Compiling module xil_defaultlib.D_FF_1255
Compiling module xil_defaultlib.RegBit_1240
Compiling module xil_defaultlib.D_FF_1254
Compiling module xil_defaultlib.RegBit_1241
Compiling module xil_defaultlib.D_FF_1253
Compiling module xil_defaultlib.RegBit_1242
Compiling module xil_defaultlib.D_FF_1252
Compiling module xil_defaultlib.RegBit_1243
Compiling module xil_defaultlib.D_FF_1251
Compiling module xil_defaultlib.RegBit_1244
Compiling module xil_defaultlib.D_FF_1250
Compiling module xil_defaultlib.RegBit_1245
Compiling module xil_defaultlib.D_FF_1249
Compiling module xil_defaultlib.RegBit_1246
Compiling module xil_defaultlib.D_FF_1248
Compiling module xil_defaultlib.RegBit_1247
Compiling module xil_defaultlib.register_23
Compiling module xil_defaultlib.D_FF_1225
Compiling module xil_defaultlib.RegBit_1218
Compiling module xil_defaultlib.D_FF_1224
Compiling module xil_defaultlib.RegBit_1219
Compiling module xil_defaultlib.D_FF_1223
Compiling module xil_defaultlib.RegBit_1220
Compiling module xil_defaultlib.D_FF_1222
Compiling module xil_defaultlib.RegBit_1221
Compiling module xil_defaultlib.register_24
Compiling module xil_defaultlib.D_FF_1217
Compiling module xil_defaultlib.RegBit_25
Compiling module xil_defaultlib.D_FF_1216
Compiling module xil_defaultlib.RegBit_1153
Compiling module xil_defaultlib.D_FF_1215
Compiling module xil_defaultlib.RegBit_1154
Compiling module xil_defaultlib.D_FF_1214
Compiling module xil_defaultlib.RegBit_1155
Compiling module xil_defaultlib.D_FF_1213
Compiling module xil_defaultlib.RegBit_1156
Compiling module xil_defaultlib.D_FF_1212
Compiling module xil_defaultlib.RegBit_1157
Compiling module xil_defaultlib.D_FF_1211
Compiling module xil_defaultlib.RegBit_1158
Compiling module xil_defaultlib.D_FF_1210
Compiling module xil_defaultlib.RegBit_1159
Compiling module xil_defaultlib.D_FF_1209
Compiling module xil_defaultlib.RegBit_1160
Compiling module xil_defaultlib.D_FF_1208
Compiling module xil_defaultlib.RegBit_1161
Compiling module xil_defaultlib.D_FF_1207
Compiling module xil_defaultlib.RegBit_1162
Compiling module xil_defaultlib.D_FF_1206
Compiling module xil_defaultlib.RegBit_1163
Compiling module xil_defaultlib.D_FF_1205
Compiling module xil_defaultlib.RegBit_1164
Compiling module xil_defaultlib.D_FF_1204
Compiling module xil_defaultlib.RegBit_1165
Compiling module xil_defaultlib.D_FF_1203
Compiling module xil_defaultlib.RegBit_1166
Compiling module xil_defaultlib.D_FF_1202
Compiling module xil_defaultlib.RegBit_1167
Compiling module xil_defaultlib.D_FF_1201
Compiling module xil_defaultlib.RegBit_1168
Compiling module xil_defaultlib.D_FF_1200
Compiling module xil_defaultlib.RegBit_1169
Compiling module xil_defaultlib.D_FF_1199
Compiling module xil_defaultlib.RegBit_1170
Compiling module xil_defaultlib.D_FF_1198
Compiling module xil_defaultlib.RegBit_1171
Compiling module xil_defaultlib.D_FF_1197
Compiling module xil_defaultlib.RegBit_1172
Compiling module xil_defaultlib.D_FF_1196
Compiling module xil_defaultlib.RegBit_1173
Compiling module xil_defaultlib.D_FF_1195
Compiling module xil_defaultlib.RegBit_1174
Compiling module xil_defaultlib.D_FF_1194
Compiling module xil_defaultlib.RegBit_1175
Compiling module xil_defaultlib.D_FF_1193
Compiling module xil_defaultlib.RegBit_1176
Compiling module xil_defaultlib.D_FF_1192
Compiling module xil_defaultlib.RegBit_1177
Compiling module xil_defaultlib.D_FF_1191
Compiling module xil_defaultlib.RegBit_1178
Compiling module xil_defaultlib.D_FF_1190
Compiling module xil_defaultlib.RegBit_1179
Compiling module xil_defaultlib.D_FF_1189
Compiling module xil_defaultlib.RegBit_1180
Compiling module xil_defaultlib.D_FF_1188
Compiling module xil_defaultlib.RegBit_1181
Compiling module xil_defaultlib.D_FF_1187
Compiling module xil_defaultlib.RegBit_1182
Compiling module xil_defaultlib.D_FF_1186
Compiling module xil_defaultlib.RegBit_1183
Compiling module xil_defaultlib.D_FF_1185
Compiling module xil_defaultlib.RegBit_1184
Compiling module xil_defaultlib.register_26
Compiling module xil_defaultlib.D_FF_1152
Compiling module xil_defaultlib.RegBit_27
Compiling module xil_defaultlib.D_FF_1151
Compiling module xil_defaultlib.RegBit_1088
Compiling module xil_defaultlib.D_FF_1150
Compiling module xil_defaultlib.RegBit_1089
Compiling module xil_defaultlib.D_FF_1149
Compiling module xil_defaultlib.RegBit_1090
Compiling module xil_defaultlib.D_FF_1148
Compiling module xil_defaultlib.RegBit_1091
Compiling module xil_defaultlib.D_FF_1147
Compiling module xil_defaultlib.RegBit_1092
Compiling module xil_defaultlib.D_FF_1146
Compiling module xil_defaultlib.RegBit_1093
Compiling module xil_defaultlib.D_FF_1145
Compiling module xil_defaultlib.RegBit_1094
Compiling module xil_defaultlib.D_FF_1144
Compiling module xil_defaultlib.RegBit_1095
Compiling module xil_defaultlib.D_FF_1143
Compiling module xil_defaultlib.RegBit_1096
Compiling module xil_defaultlib.D_FF_1142
Compiling module xil_defaultlib.RegBit_1097
Compiling module xil_defaultlib.D_FF_1141
Compiling module xil_defaultlib.RegBit_1098
Compiling module xil_defaultlib.D_FF_1140
Compiling module xil_defaultlib.RegBit_1099
Compiling module xil_defaultlib.D_FF_1139
Compiling module xil_defaultlib.RegBit_1100
Compiling module xil_defaultlib.D_FF_1138
Compiling module xil_defaultlib.RegBit_1101
Compiling module xil_defaultlib.D_FF_1137
Compiling module xil_defaultlib.RegBit_1102
Compiling module xil_defaultlib.D_FF_1136
Compiling module xil_defaultlib.RegBit_1103
Compiling module xil_defaultlib.D_FF_1135
Compiling module xil_defaultlib.RegBit_1104
Compiling module xil_defaultlib.D_FF_1134
Compiling module xil_defaultlib.RegBit_1105
Compiling module xil_defaultlib.D_FF_1133
Compiling module xil_defaultlib.RegBit_1106
Compiling module xil_defaultlib.D_FF_1132
Compiling module xil_defaultlib.RegBit_1107
Compiling module xil_defaultlib.D_FF_1131
Compiling module xil_defaultlib.RegBit_1108
Compiling module xil_defaultlib.D_FF_1130
Compiling module xil_defaultlib.RegBit_1109
Compiling module xil_defaultlib.D_FF_1129
Compiling module xil_defaultlib.RegBit_1110
Compiling module xil_defaultlib.D_FF_1128
Compiling module xil_defaultlib.RegBit_1111
Compiling module xil_defaultlib.D_FF_1127
Compiling module xil_defaultlib.RegBit_1112
Compiling module xil_defaultlib.D_FF_1126
Compiling module xil_defaultlib.RegBit_1113
Compiling module xil_defaultlib.D_FF_1125
Compiling module xil_defaultlib.RegBit_1114
Compiling module xil_defaultlib.D_FF_1124
Compiling module xil_defaultlib.RegBit_1115
Compiling module xil_defaultlib.D_FF_1123
Compiling module xil_defaultlib.RegBit_1116
Compiling module xil_defaultlib.D_FF_1122
Compiling module xil_defaultlib.RegBit_1117
Compiling module xil_defaultlib.D_FF_1121
Compiling module xil_defaultlib.RegBit_1118
Compiling module xil_defaultlib.D_FF_1120
Compiling module xil_defaultlib.RegBit_1119
Compiling module xil_defaultlib.register_28
Compiling module xil_defaultlib.D_FF_1087
Compiling module xil_defaultlib.RegBit_29
Compiling module xil_defaultlib.D_FF_1086
Compiling module xil_defaultlib.RegBit_30
Compiling module xil_defaultlib.D_FF_1085
Compiling module xil_defaultlib.RegBit_31
Compiling module xil_defaultlib.D_FF_1084
Compiling module xil_defaultlib.RegBit_32
Compiling module xil_defaultlib.D_FF_1083
Compiling module xil_defaultlib.RegBit_33
Compiling module xil_defaultlib.D_FF_1082
Compiling module xil_defaultlib.RegBit_34
Compiling module xil_defaultlib.D_FF_1081
Compiling module xil_defaultlib.RegBit_1074
Compiling module xil_defaultlib.D_FF_1080
Compiling module xil_defaultlib.RegBit_1075
Compiling module xil_defaultlib.D_FF_1079
Compiling module xil_defaultlib.RegBit_1076
Compiling module xil_defaultlib.D_FF_1078
Compiling module xil_defaultlib.RegBit_1077
Compiling module xil_defaultlib.register_35
Compiling module xil_defaultlib.mux32to1_1042
Compiling module xil_defaultlib.mux32to1_1043
Compiling module xil_defaultlib.mux32to1_1044
Compiling module xil_defaultlib.mux32to1_1045
Compiling module xil_defaultlib.mux32to1_1046
Compiling module xil_defaultlib.mux32to1_1047
Compiling module xil_defaultlib.mux32to1_1048
Compiling module xil_defaultlib.mux32to1_1049
Compiling module xil_defaultlib.mux32to1_1050
Compiling module xil_defaultlib.mux32to1_1051
Compiling module xil_defaultlib.mux32to1_1052
Compiling module xil_defaultlib.mux32to1_1053
Compiling module xil_defaultlib.mux32to1_1054
Compiling module xil_defaultlib.mux32to1_1055
Compiling module xil_defaultlib.mux32to1_1056
Compiling module xil_defaultlib.mux32to1_1057
Compiling module xil_defaultlib.mux32to1_1058
Compiling module xil_defaultlib.mux32to1_1059
Compiling module xil_defaultlib.mux32to1_1060
Compiling module xil_defaultlib.mux32to1_1061
Compiling module xil_defaultlib.mux32to1_1062
Compiling module xil_defaultlib.mux32to1_1063
Compiling module xil_defaultlib.mux32to1_1064
Compiling module xil_defaultlib.mux32to1_1065
Compiling module xil_defaultlib.mux32to1_1066
Compiling module xil_defaultlib.mux32to1_1067
Compiling module xil_defaultlib.mux32to1_1068
Compiling module xil_defaultlib.mux32to1_1069
Compiling module xil_defaultlib.mux32to1_1070
Compiling module xil_defaultlib.mux32to1_1071
Compiling module xil_defaultlib.mux32to1_1072
Compiling module xil_defaultlib.mux32to1_1073
Compiling module xil_defaultlib.mux32x32to32
Compiling module xil_defaultlib.mux32to1
Compiling module xil_defaultlib.mux32to1_1011
Compiling module xil_defaultlib.mux32to1_1012
Compiling module xil_defaultlib.mux32to1_1013
Compiling module xil_defaultlib.mux32to1_1014
Compiling module xil_defaultlib.mux32to1_1015
Compiling module xil_defaultlib.mux32to1_1016
Compiling module xil_defaultlib.mux32to1_1017
Compiling module xil_defaultlib.mux32to1_1018
Compiling module xil_defaultlib.mux32to1_1019
Compiling module xil_defaultlib.mux32to1_1020
Compiling module xil_defaultlib.mux32to1_1021
Compiling module xil_defaultlib.mux32to1_1022
Compiling module xil_defaultlib.mux32to1_1023
Compiling module xil_defaultlib.mux32to1_1024
Compiling module xil_defaultlib.mux32to1_1025
Compiling module xil_defaultlib.mux32to1_1026
Compiling module xil_defaultlib.mux32to1_1027
Compiling module xil_defaultlib.mux32to1_1028
Compiling module xil_defaultlib.mux32to1_1029
Compiling module xil_defaultlib.mux32to1_1030
Compiling module xil_defaultlib.mux32to1_1031
Compiling module xil_defaultlib.mux32to1_1032
Compiling module xil_defaultlib.mux32to1_1033
Compiling module xil_defaultlib.mux32to1_1034
Compiling module xil_defaultlib.mux32to1_1035
Compiling module xil_defaultlib.mux32to1_1036
Compiling module xil_defaultlib.mux32to1_1037
Compiling module xil_defaultlib.mux32to1_1038
Compiling module xil_defaultlib.mux32to1_1039
Compiling module xil_defaultlib.mux32to1_1040
Compiling module xil_defaultlib.mux32to1_1041
Compiling module xil_defaultlib.mux32x32to32_36
Compiling module xil_defaultlib.D_FF_1010
Compiling module xil_defaultlib.RegBit_947
Compiling module xil_defaultlib.D_FF_1009
Compiling module xil_defaultlib.RegBit_948
Compiling module xil_defaultlib.D_FF_1008
Compiling module xil_defaultlib.RegBit_949
Compiling module xil_defaultlib.D_FF_1007
Compiling module xil_defaultlib.RegBit_950
Compiling module xil_defaultlib.D_FF_1006
Compiling module xil_defaultlib.RegBit_951
Compiling module xil_defaultlib.D_FF_1005
Compiling module xil_defaultlib.RegBit_952
Compiling module xil_defaultlib.D_FF_1004
Compiling module xil_defaultlib.RegBit_953
Compiling module xil_defaultlib.D_FF_1003
Compiling module xil_defaultlib.RegBit_954
Compiling module xil_defaultlib.D_FF_1002
Compiling module xil_defaultlib.RegBit_955
Compiling module xil_defaultlib.D_FF_1001
Compiling module xil_defaultlib.RegBit_956
Compiling module xil_defaultlib.D_FF_1000
Compiling module xil_defaultlib.RegBit_957
Compiling module xil_defaultlib.D_FF_999
Compiling module xil_defaultlib.RegBit_958
Compiling module xil_defaultlib.D_FF_998
Compiling module xil_defaultlib.RegBit_959
Compiling module xil_defaultlib.D_FF_997
Compiling module xil_defaultlib.RegBit_960
Compiling module xil_defaultlib.D_FF_996
Compiling module xil_defaultlib.RegBit_961
Compiling module xil_defaultlib.D_FF_995
Compiling module xil_defaultlib.RegBit_962
Compiling module xil_defaultlib.D_FF_994
Compiling module xil_defaultlib.RegBit_963
Compiling module xil_defaultlib.D_FF_993
Compiling module xil_defaultlib.RegBit_964
Compiling module xil_defaultlib.D_FF_992
Compiling module xil_defaultlib.RegBit_965
Compiling module xil_defaultlib.D_FF_991
Compiling module xil_defaultlib.RegBit_966
Compiling module xil_defaultlib.D_FF_990
Compiling module xil_defaultlib.RegBit_967
Compiling module xil_defaultlib.D_FF_989
Compiling module xil_defaultlib.RegBit_968
Compiling module xil_defaultlib.D_FF_988
Compiling module xil_defaultlib.RegBit_969
Compiling module xil_defaultlib.D_FF_987
Compiling module xil_defaultlib.RegBit_970
Compiling module xil_defaultlib.D_FF_986
Compiling module xil_defaultlib.RegBit_971
Compiling module xil_defaultlib.D_FF_985
Compiling module xil_defaultlib.RegBit_972
Compiling module xil_defaultlib.D_FF_984
Compiling module xil_defaultlib.RegBit_973
Compiling module xil_defaultlib.D_FF_983
Compiling module xil_defaultlib.RegBit_974
Compiling module xil_defaultlib.D_FF_982
Compiling module xil_defaultlib.RegBit_975
Compiling module xil_defaultlib.D_FF_981
Compiling module xil_defaultlib.RegBit_976
Compiling module xil_defaultlib.D_FF_980
Compiling module xil_defaultlib.RegBit_977
Compiling module xil_defaultlib.D_FF_979
Compiling module xil_defaultlib.RegBit_978
Compiling module xil_defaultlib.register_37
Compiling module xil_defaultlib.D_FF_946
Compiling module xil_defaultlib.RegBit_883
Compiling module xil_defaultlib.D_FF_945
Compiling module xil_defaultlib.RegBit_884
Compiling module xil_defaultlib.D_FF_944
Compiling module xil_defaultlib.RegBit_885
Compiling module xil_defaultlib.D_FF_943
Compiling module xil_defaultlib.RegBit_886
Compiling module xil_defaultlib.D_FF_942
Compiling module xil_defaultlib.RegBit_887
Compiling module xil_defaultlib.D_FF_941
Compiling module xil_defaultlib.RegBit_888
Compiling module xil_defaultlib.D_FF_940
Compiling module xil_defaultlib.RegBit_889
Compiling module xil_defaultlib.D_FF_939
Compiling module xil_defaultlib.RegBit_890
Compiling module xil_defaultlib.D_FF_938
Compiling module xil_defaultlib.RegBit_891
Compiling module xil_defaultlib.D_FF_937
Compiling module xil_defaultlib.RegBit_892
Compiling module xil_defaultlib.D_FF_936
Compiling module xil_defaultlib.RegBit_893
Compiling module xil_defaultlib.D_FF_935
Compiling module xil_defaultlib.RegBit_894
Compiling module xil_defaultlib.D_FF_934
Compiling module xil_defaultlib.RegBit_895
Compiling module xil_defaultlib.D_FF_933
Compiling module xil_defaultlib.RegBit_896
Compiling module xil_defaultlib.D_FF_932
Compiling module xil_defaultlib.RegBit_897
Compiling module xil_defaultlib.D_FF_931
Compiling module xil_defaultlib.RegBit_898
Compiling module xil_defaultlib.D_FF_930
Compiling module xil_defaultlib.RegBit_899
Compiling module xil_defaultlib.D_FF_929
Compiling module xil_defaultlib.RegBit_900
Compiling module xil_defaultlib.D_FF_928
Compiling module xil_defaultlib.RegBit_901
Compiling module xil_defaultlib.D_FF_927
Compiling module xil_defaultlib.RegBit_902
Compiling module xil_defaultlib.D_FF_926
Compiling module xil_defaultlib.RegBit_903
Compiling module xil_defaultlib.D_FF_925
Compiling module xil_defaultlib.RegBit_904
Compiling module xil_defaultlib.D_FF_924
Compiling module xil_defaultlib.RegBit_905
Compiling module xil_defaultlib.D_FF_923
Compiling module xil_defaultlib.RegBit_906
Compiling module xil_defaultlib.D_FF_922
Compiling module xil_defaultlib.RegBit_907
Compiling module xil_defaultlib.D_FF_921
Compiling module xil_defaultlib.RegBit_908
Compiling module xil_defaultlib.D_FF_920
Compiling module xil_defaultlib.RegBit_909
Compiling module xil_defaultlib.D_FF_919
Compiling module xil_defaultlib.RegBit_910
Compiling module xil_defaultlib.D_FF_918
Compiling module xil_defaultlib.RegBit_911
Compiling module xil_defaultlib.D_FF_917
Compiling module xil_defaultlib.RegBit_912
Compiling module xil_defaultlib.D_FF_916
Compiling module xil_defaultlib.RegBit_913
Compiling module xil_defaultlib.D_FF_915
Compiling module xil_defaultlib.RegBit_914
Compiling module xil_defaultlib.register_38
Compiling module xil_defaultlib.D_FF_882
Compiling module xil_defaultlib.RegBit_819
Compiling module xil_defaultlib.D_FF_881
Compiling module xil_defaultlib.RegBit_820
Compiling module xil_defaultlib.D_FF_880
Compiling module xil_defaultlib.RegBit_821
Compiling module xil_defaultlib.D_FF_879
Compiling module xil_defaultlib.RegBit_822
Compiling module xil_defaultlib.D_FF_878
Compiling module xil_defaultlib.RegBit_823
Compiling module xil_defaultlib.D_FF_877
Compiling module xil_defaultlib.RegBit_824
Compiling module xil_defaultlib.D_FF_876
Compiling module xil_defaultlib.RegBit_825
Compiling module xil_defaultlib.D_FF_875
Compiling module xil_defaultlib.RegBit_826
Compiling module xil_defaultlib.D_FF_874
Compiling module xil_defaultlib.RegBit_827
Compiling module xil_defaultlib.D_FF_873
Compiling module xil_defaultlib.RegBit_828
Compiling module xil_defaultlib.D_FF_872
Compiling module xil_defaultlib.RegBit_829
Compiling module xil_defaultlib.D_FF_871
Compiling module xil_defaultlib.RegBit_830
Compiling module xil_defaultlib.D_FF_870
Compiling module xil_defaultlib.RegBit_831
Compiling module xil_defaultlib.D_FF_869
Compiling module xil_defaultlib.RegBit_832
Compiling module xil_defaultlib.D_FF_868
Compiling module xil_defaultlib.RegBit_833
Compiling module xil_defaultlib.D_FF_867
Compiling module xil_defaultlib.RegBit_834
Compiling module xil_defaultlib.D_FF_866
Compiling module xil_defaultlib.RegBit_835
Compiling module xil_defaultlib.D_FF_865
Compiling module xil_defaultlib.RegBit_836
Compiling module xil_defaultlib.D_FF_864
Compiling module xil_defaultlib.RegBit_837
Compiling module xil_defaultlib.D_FF_863
Compiling module xil_defaultlib.RegBit_838
Compiling module xil_defaultlib.D_FF_862
Compiling module xil_defaultlib.RegBit_839
Compiling module xil_defaultlib.D_FF_861
Compiling module xil_defaultlib.RegBit_840
Compiling module xil_defaultlib.D_FF_860
Compiling module xil_defaultlib.RegBit_841
Compiling module xil_defaultlib.D_FF_859
Compiling module xil_defaultlib.RegBit_842
Compiling module xil_defaultlib.D_FF_858
Compiling module xil_defaultlib.RegBit_843
Compiling module xil_defaultlib.D_FF_857
Compiling module xil_defaultlib.RegBit_844
Compiling module xil_defaultlib.D_FF_856
Compiling module xil_defaultlib.RegBit_845
Compiling module xil_defaultlib.D_FF_855
Compiling module xil_defaultlib.RegBit_846
Compiling module xil_defaultlib.D_FF_854
Compiling module xil_defaultlib.RegBit_847
Compiling module xil_defaultlib.D_FF_853
Compiling module xil_defaultlib.RegBit_848
Compiling module xil_defaultlib.D_FF_852
Compiling module xil_defaultlib.RegBit_849
Compiling module xil_defaultlib.D_FF_851
Compiling module xil_defaultlib.RegBit_850
Compiling module xil_defaultlib.register_39
Compiling module xil_defaultlib.D_FF_818
Compiling module xil_defaultlib.RegBit_755
Compiling module xil_defaultlib.D_FF_817
Compiling module xil_defaultlib.RegBit_756
Compiling module xil_defaultlib.D_FF_816
Compiling module xil_defaultlib.RegBit_757
Compiling module xil_defaultlib.D_FF_815
Compiling module xil_defaultlib.RegBit_758
Compiling module xil_defaultlib.D_FF_814
Compiling module xil_defaultlib.RegBit_759
Compiling module xil_defaultlib.D_FF_813
Compiling module xil_defaultlib.RegBit_760
Compiling module xil_defaultlib.D_FF_812
Compiling module xil_defaultlib.RegBit_761
Compiling module xil_defaultlib.D_FF_811
Compiling module xil_defaultlib.RegBit_762
Compiling module xil_defaultlib.D_FF_810
Compiling module xil_defaultlib.RegBit_763
Compiling module xil_defaultlib.D_FF_809
Compiling module xil_defaultlib.RegBit_764
Compiling module xil_defaultlib.D_FF_808
Compiling module xil_defaultlib.RegBit_765
Compiling module xil_defaultlib.D_FF_807
Compiling module xil_defaultlib.RegBit_766
Compiling module xil_defaultlib.D_FF_806
Compiling module xil_defaultlib.RegBit_767
Compiling module xil_defaultlib.D_FF_805
Compiling module xil_defaultlib.RegBit_768
Compiling module xil_defaultlib.D_FF_804
Compiling module xil_defaultlib.RegBit_769
Compiling module xil_defaultlib.D_FF_803
Compiling module xil_defaultlib.RegBit_770
Compiling module xil_defaultlib.D_FF_802
Compiling module xil_defaultlib.RegBit_771
Compiling module xil_defaultlib.D_FF_801
Compiling module xil_defaultlib.RegBit_772
Compiling module xil_defaultlib.D_FF_800
Compiling module xil_defaultlib.RegBit_773
Compiling module xil_defaultlib.D_FF_799
Compiling module xil_defaultlib.RegBit_774
Compiling module xil_defaultlib.D_FF_798
Compiling module xil_defaultlib.RegBit_775
Compiling module xil_defaultlib.D_FF_797
Compiling module xil_defaultlib.RegBit_776
Compiling module xil_defaultlib.D_FF_796
Compiling module xil_defaultlib.RegBit_777
Compiling module xil_defaultlib.D_FF_795
Compiling module xil_defaultlib.RegBit_778
Compiling module xil_defaultlib.D_FF_794
Compiling module xil_defaultlib.RegBit_779
Compiling module xil_defaultlib.D_FF_793
Compiling module xil_defaultlib.RegBit_780
Compiling module xil_defaultlib.D_FF_792
Compiling module xil_defaultlib.RegBit_781
Compiling module xil_defaultlib.D_FF_791
Compiling module xil_defaultlib.RegBit_782
Compiling module xil_defaultlib.D_FF_790
Compiling module xil_defaultlib.RegBit_783
Compiling module xil_defaultlib.D_FF_789
Compiling module xil_defaultlib.RegBit_784
Compiling module xil_defaultlib.D_FF_788
Compiling module xil_defaultlib.RegBit_785
Compiling module xil_defaultlib.D_FF_787
Compiling module xil_defaultlib.RegBit_786
Compiling module xil_defaultlib.register_40
Compiling module xil_defaultlib.D_FF_754
Compiling module xil_defaultlib.RegBit_691
Compiling module xil_defaultlib.D_FF_753
Compiling module xil_defaultlib.RegBit_692
Compiling module xil_defaultlib.D_FF_752
Compiling module xil_defaultlib.RegBit_693
Compiling module xil_defaultlib.D_FF_751
Compiling module xil_defaultlib.RegBit_694
Compiling module xil_defaultlib.D_FF_750
Compiling module xil_defaultlib.RegBit_695
Compiling module xil_defaultlib.D_FF_749
Compiling module xil_defaultlib.RegBit_696
Compiling module xil_defaultlib.D_FF_748
Compiling module xil_defaultlib.RegBit_697
Compiling module xil_defaultlib.D_FF_747
Compiling module xil_defaultlib.RegBit_698
Compiling module xil_defaultlib.D_FF_746
Compiling module xil_defaultlib.RegBit_699
Compiling module xil_defaultlib.D_FF_745
Compiling module xil_defaultlib.RegBit_700
Compiling module xil_defaultlib.D_FF_744
Compiling module xil_defaultlib.RegBit_701
Compiling module xil_defaultlib.D_FF_743
Compiling module xil_defaultlib.RegBit_702
Compiling module xil_defaultlib.D_FF_742
Compiling module xil_defaultlib.RegBit_703
Compiling module xil_defaultlib.D_FF_741
Compiling module xil_defaultlib.RegBit_704
Compiling module xil_defaultlib.D_FF_740
Compiling module xil_defaultlib.RegBit_705
Compiling module xil_defaultlib.D_FF_739
Compiling module xil_defaultlib.RegBit_706
Compiling module xil_defaultlib.D_FF_738
Compiling module xil_defaultlib.RegBit_707
Compiling module xil_defaultlib.D_FF_737
Compiling module xil_defaultlib.RegBit_708
Compiling module xil_defaultlib.D_FF_736
Compiling module xil_defaultlib.RegBit_709
Compiling module xil_defaultlib.D_FF_735
Compiling module xil_defaultlib.RegBit_710
Compiling module xil_defaultlib.D_FF_734
Compiling module xil_defaultlib.RegBit_711
Compiling module xil_defaultlib.D_FF_733
Compiling module xil_defaultlib.RegBit_712
Compiling module xil_defaultlib.D_FF_732
Compiling module xil_defaultlib.RegBit_713
Compiling module xil_defaultlib.D_FF_731
Compiling module xil_defaultlib.RegBit_714
Compiling module xil_defaultlib.D_FF_730
Compiling module xil_defaultlib.RegBit_715
Compiling module xil_defaultlib.D_FF_729
Compiling module xil_defaultlib.RegBit_716
Compiling module xil_defaultlib.D_FF_728
Compiling module xil_defaultlib.RegBit_717
Compiling module xil_defaultlib.D_FF_727
Compiling module xil_defaultlib.RegBit_718
Compiling module xil_defaultlib.D_FF_726
Compiling module xil_defaultlib.RegBit_719
Compiling module xil_defaultlib.D_FF_725
Compiling module xil_defaultlib.RegBit_720
Compiling module xil_defaultlib.D_FF_724
Compiling module xil_defaultlib.RegBit_721
Compiling module xil_defaultlib.D_FF_723
Compiling module xil_defaultlib.RegBit_722
Compiling module xil_defaultlib.register_41
Compiling module xil_defaultlib.D_FF_690
Compiling module xil_defaultlib.RegBit_627
Compiling module xil_defaultlib.D_FF_689
Compiling module xil_defaultlib.RegBit_628
Compiling module xil_defaultlib.D_FF_688
Compiling module xil_defaultlib.RegBit_629
Compiling module xil_defaultlib.D_FF_687
Compiling module xil_defaultlib.RegBit_630
Compiling module xil_defaultlib.D_FF_686
Compiling module xil_defaultlib.RegBit_631
Compiling module xil_defaultlib.D_FF_685
Compiling module xil_defaultlib.RegBit_632
Compiling module xil_defaultlib.D_FF_684
Compiling module xil_defaultlib.RegBit_633
Compiling module xil_defaultlib.D_FF_683
Compiling module xil_defaultlib.RegBit_634
Compiling module xil_defaultlib.D_FF_682
Compiling module xil_defaultlib.RegBit_635
Compiling module xil_defaultlib.D_FF_681
Compiling module xil_defaultlib.RegBit_636
Compiling module xil_defaultlib.D_FF_680
Compiling module xil_defaultlib.RegBit_637
Compiling module xil_defaultlib.D_FF_679
Compiling module xil_defaultlib.RegBit_638
Compiling module xil_defaultlib.D_FF_678
Compiling module xil_defaultlib.RegBit_639
Compiling module xil_defaultlib.D_FF_677
Compiling module xil_defaultlib.RegBit_640
Compiling module xil_defaultlib.D_FF_676
Compiling module xil_defaultlib.RegBit_641
Compiling module xil_defaultlib.D_FF_675
Compiling module xil_defaultlib.RegBit_642
Compiling module xil_defaultlib.D_FF_674
Compiling module xil_defaultlib.RegBit_643
Compiling module xil_defaultlib.D_FF_673
Compiling module xil_defaultlib.RegBit_644
Compiling module xil_defaultlib.D_FF_672
Compiling module xil_defaultlib.RegBit_645
Compiling module xil_defaultlib.D_FF_671
Compiling module xil_defaultlib.RegBit_646
Compiling module xil_defaultlib.D_FF_670
Compiling module xil_defaultlib.RegBit_647
Compiling module xil_defaultlib.D_FF_669
Compiling module xil_defaultlib.RegBit_648
Compiling module xil_defaultlib.D_FF_668
Compiling module xil_defaultlib.RegBit_649
Compiling module xil_defaultlib.D_FF_667
Compiling module xil_defaultlib.RegBit_650
Compiling module xil_defaultlib.D_FF_666
Compiling module xil_defaultlib.RegBit_651
Compiling module xil_defaultlib.D_FF_665
Compiling module xil_defaultlib.RegBit_652
Compiling module xil_defaultlib.D_FF_664
Compiling module xil_defaultlib.RegBit_653
Compiling module xil_defaultlib.D_FF_663
Compiling module xil_defaultlib.RegBit_654
Compiling module xil_defaultlib.D_FF_662
Compiling module xil_defaultlib.RegBit_655
Compiling module xil_defaultlib.D_FF_661
Compiling module xil_defaultlib.RegBit_656
Compiling module xil_defaultlib.D_FF_660
Compiling module xil_defaultlib.RegBit_657
Compiling module xil_defaultlib.D_FF_659
Compiling module xil_defaultlib.RegBit_658
Compiling module xil_defaultlib.register_42
Compiling module xil_defaultlib.D_FF_626
Compiling module xil_defaultlib.RegBit_563
Compiling module xil_defaultlib.D_FF_625
Compiling module xil_defaultlib.RegBit_564
Compiling module xil_defaultlib.D_FF_624
Compiling module xil_defaultlib.RegBit_565
Compiling module xil_defaultlib.D_FF_623
Compiling module xil_defaultlib.RegBit_566
Compiling module xil_defaultlib.D_FF_622
Compiling module xil_defaultlib.RegBit_567
Compiling module xil_defaultlib.D_FF_621
Compiling module xil_defaultlib.RegBit_568
Compiling module xil_defaultlib.D_FF_620
Compiling module xil_defaultlib.RegBit_569
Compiling module xil_defaultlib.D_FF_619
Compiling module xil_defaultlib.RegBit_570
Compiling module xil_defaultlib.D_FF_618
Compiling module xil_defaultlib.RegBit_571
Compiling module xil_defaultlib.D_FF_617
Compiling module xil_defaultlib.RegBit_572
Compiling module xil_defaultlib.D_FF_616
Compiling module xil_defaultlib.RegBit_573
Compiling module xil_defaultlib.D_FF_615
Compiling module xil_defaultlib.RegBit_574
Compiling module xil_defaultlib.D_FF_614
Compiling module xil_defaultlib.RegBit_575
Compiling module xil_defaultlib.D_FF_613
Compiling module xil_defaultlib.RegBit_576
Compiling module xil_defaultlib.D_FF_612
Compiling module xil_defaultlib.RegBit_577
Compiling module xil_defaultlib.D_FF_611
Compiling module xil_defaultlib.RegBit_578
Compiling module xil_defaultlib.D_FF_610
Compiling module xil_defaultlib.RegBit_579
Compiling module xil_defaultlib.D_FF_609
Compiling module xil_defaultlib.RegBit_580
Compiling module xil_defaultlib.D_FF_608
Compiling module xil_defaultlib.RegBit_581
Compiling module xil_defaultlib.D_FF_607
Compiling module xil_defaultlib.RegBit_582
Compiling module xil_defaultlib.D_FF_606
Compiling module xil_defaultlib.RegBit_583
Compiling module xil_defaultlib.D_FF_605
Compiling module xil_defaultlib.RegBit_584
Compiling module xil_defaultlib.D_FF_604
Compiling module xil_defaultlib.RegBit_585
Compiling module xil_defaultlib.D_FF_603
Compiling module xil_defaultlib.RegBit_586
Compiling module xil_defaultlib.D_FF_602
Compiling module xil_defaultlib.RegBit_587
Compiling module xil_defaultlib.D_FF_601
Compiling module xil_defaultlib.RegBit_588
Compiling module xil_defaultlib.D_FF_600
Compiling module xil_defaultlib.RegBit_589
Compiling module xil_defaultlib.D_FF_599
Compiling module xil_defaultlib.RegBit_590
Compiling module xil_defaultlib.D_FF_598
Compiling module xil_defaultlib.RegBit_591
Compiling module xil_defaultlib.D_FF_597
Compiling module xil_defaultlib.RegBit_592
Compiling module xil_defaultlib.D_FF_596
Compiling module xil_defaultlib.RegBit_593
Compiling module xil_defaultlib.D_FF_595
Compiling module xil_defaultlib.RegBit_594
Compiling module xil_defaultlib.register_43
Compiling module xil_defaultlib.D_FF_562
Compiling module xil_defaultlib.RegBit_499
Compiling module xil_defaultlib.D_FF_561
Compiling module xil_defaultlib.RegBit_500
Compiling module xil_defaultlib.D_FF_560
Compiling module xil_defaultlib.RegBit_501
Compiling module xil_defaultlib.D_FF_559
Compiling module xil_defaultlib.RegBit_502
Compiling module xil_defaultlib.D_FF_558
Compiling module xil_defaultlib.RegBit_503
Compiling module xil_defaultlib.D_FF_557
Compiling module xil_defaultlib.RegBit_504
Compiling module xil_defaultlib.D_FF_556
Compiling module xil_defaultlib.RegBit_505
Compiling module xil_defaultlib.D_FF_555
Compiling module xil_defaultlib.RegBit_506
Compiling module xil_defaultlib.D_FF_554
Compiling module xil_defaultlib.RegBit_507
Compiling module xil_defaultlib.D_FF_553
Compiling module xil_defaultlib.RegBit_508
Compiling module xil_defaultlib.D_FF_552
Compiling module xil_defaultlib.RegBit_509
Compiling module xil_defaultlib.D_FF_551
Compiling module xil_defaultlib.RegBit_510
Compiling module xil_defaultlib.D_FF_550
Compiling module xil_defaultlib.RegBit_511
Compiling module xil_defaultlib.D_FF_549
Compiling module xil_defaultlib.RegBit_512
Compiling module xil_defaultlib.D_FF_548
Compiling module xil_defaultlib.RegBit_513
Compiling module xil_defaultlib.D_FF_547
Compiling module xil_defaultlib.RegBit_514
Compiling module xil_defaultlib.D_FF_546
Compiling module xil_defaultlib.RegBit_515
Compiling module xil_defaultlib.D_FF_545
Compiling module xil_defaultlib.RegBit_516
Compiling module xil_defaultlib.D_FF_544
Compiling module xil_defaultlib.RegBit_517
Compiling module xil_defaultlib.D_FF_543
Compiling module xil_defaultlib.RegBit_518
Compiling module xil_defaultlib.D_FF_542
Compiling module xil_defaultlib.RegBit_519
Compiling module xil_defaultlib.D_FF_541
Compiling module xil_defaultlib.RegBit_520
Compiling module xil_defaultlib.D_FF_540
Compiling module xil_defaultlib.RegBit_521
Compiling module xil_defaultlib.D_FF_539
Compiling module xil_defaultlib.RegBit_522
Compiling module xil_defaultlib.D_FF_538
Compiling module xil_defaultlib.RegBit_523
Compiling module xil_defaultlib.D_FF_537
Compiling module xil_defaultlib.RegBit_524
Compiling module xil_defaultlib.D_FF_536
Compiling module xil_defaultlib.RegBit_525
Compiling module xil_defaultlib.D_FF_535
Compiling module xil_defaultlib.RegBit_526
Compiling module xil_defaultlib.D_FF_534
Compiling module xil_defaultlib.RegBit_527
Compiling module xil_defaultlib.D_FF_533
Compiling module xil_defaultlib.RegBit_528
Compiling module xil_defaultlib.D_FF_532
Compiling module xil_defaultlib.RegBit_529
Compiling module xil_defaultlib.D_FF_531
Compiling module xil_defaultlib.RegBit_530
Compiling module xil_defaultlib.register_44
Compiling module xil_defaultlib.D_FF_498
Compiling module xil_defaultlib.RegBit_435
Compiling module xil_defaultlib.D_FF_497
Compiling module xil_defaultlib.RegBit_436
Compiling module xil_defaultlib.D_FF_496
Compiling module xil_defaultlib.RegBit_437
Compiling module xil_defaultlib.D_FF_495
Compiling module xil_defaultlib.RegBit_438
Compiling module xil_defaultlib.D_FF_494
Compiling module xil_defaultlib.RegBit_439
Compiling module xil_defaultlib.D_FF_493
Compiling module xil_defaultlib.RegBit_440
Compiling module xil_defaultlib.D_FF_492
Compiling module xil_defaultlib.RegBit_441
Compiling module xil_defaultlib.D_FF_491
Compiling module xil_defaultlib.RegBit_442
Compiling module xil_defaultlib.D_FF_490
Compiling module xil_defaultlib.RegBit_443
Compiling module xil_defaultlib.D_FF_489
Compiling module xil_defaultlib.RegBit_444
Compiling module xil_defaultlib.D_FF_488
Compiling module xil_defaultlib.RegBit_445
Compiling module xil_defaultlib.D_FF_487
Compiling module xil_defaultlib.RegBit_446
Compiling module xil_defaultlib.D_FF_486
Compiling module xil_defaultlib.RegBit_447
Compiling module xil_defaultlib.D_FF_485
Compiling module xil_defaultlib.RegBit_448
Compiling module xil_defaultlib.D_FF_484
Compiling module xil_defaultlib.RegBit_449
Compiling module xil_defaultlib.D_FF_483
Compiling module xil_defaultlib.RegBit_450
Compiling module xil_defaultlib.D_FF_482
Compiling module xil_defaultlib.RegBit_451
Compiling module xil_defaultlib.D_FF_481
Compiling module xil_defaultlib.RegBit_452
Compiling module xil_defaultlib.D_FF_480
Compiling module xil_defaultlib.RegBit_453
Compiling module xil_defaultlib.D_FF_479
Compiling module xil_defaultlib.RegBit_454
Compiling module xil_defaultlib.D_FF_478
Compiling module xil_defaultlib.RegBit_455
Compiling module xil_defaultlib.D_FF_477
Compiling module xil_defaultlib.RegBit_456
Compiling module xil_defaultlib.D_FF_476
Compiling module xil_defaultlib.RegBit_457
Compiling module xil_defaultlib.D_FF_475
Compiling module xil_defaultlib.RegBit_458
Compiling module xil_defaultlib.D_FF_474
Compiling module xil_defaultlib.RegBit_459
Compiling module xil_defaultlib.D_FF_473
Compiling module xil_defaultlib.RegBit_460
Compiling module xil_defaultlib.D_FF_472
Compiling module xil_defaultlib.RegBit_461
Compiling module xil_defaultlib.D_FF_471
Compiling module xil_defaultlib.RegBit_462
Compiling module xil_defaultlib.D_FF_470
Compiling module xil_defaultlib.RegBit_463
Compiling module xil_defaultlib.D_FF_469
Compiling module xil_defaultlib.RegBit_464
Compiling module xil_defaultlib.D_FF_468
Compiling module xil_defaultlib.RegBit_465
Compiling module xil_defaultlib.D_FF_467
Compiling module xil_defaultlib.RegBit_466
Compiling module xil_defaultlib.register_45
Compiling module xil_defaultlib.D_FF_434
Compiling module xil_defaultlib.RegBit_371
Compiling module xil_defaultlib.D_FF_433
Compiling module xil_defaultlib.RegBit_372
Compiling module xil_defaultlib.D_FF_432
Compiling module xil_defaultlib.RegBit_373
Compiling module xil_defaultlib.D_FF_431
Compiling module xil_defaultlib.RegBit_374
Compiling module xil_defaultlib.D_FF_430
Compiling module xil_defaultlib.RegBit_375
Compiling module xil_defaultlib.D_FF_429
Compiling module xil_defaultlib.RegBit_376
Compiling module xil_defaultlib.D_FF_428
Compiling module xil_defaultlib.RegBit_377
Compiling module xil_defaultlib.D_FF_427
Compiling module xil_defaultlib.RegBit_378
Compiling module xil_defaultlib.D_FF_426
Compiling module xil_defaultlib.RegBit_379
Compiling module xil_defaultlib.D_FF_425
Compiling module xil_defaultlib.RegBit_380
Compiling module xil_defaultlib.D_FF_424
Compiling module xil_defaultlib.RegBit_381
Compiling module xil_defaultlib.D_FF_423
Compiling module xil_defaultlib.RegBit_382
Compiling module xil_defaultlib.D_FF_422
Compiling module xil_defaultlib.RegBit_383
Compiling module xil_defaultlib.D_FF_421
Compiling module xil_defaultlib.RegBit_384
Compiling module xil_defaultlib.D_FF_420
Compiling module xil_defaultlib.RegBit_385
Compiling module xil_defaultlib.D_FF_419
Compiling module xil_defaultlib.RegBit_386
Compiling module xil_defaultlib.D_FF_418
Compiling module xil_defaultlib.RegBit_387
Compiling module xil_defaultlib.D_FF_417
Compiling module xil_defaultlib.RegBit_388
Compiling module xil_defaultlib.D_FF_416
Compiling module xil_defaultlib.RegBit_389
Compiling module xil_defaultlib.D_FF_415
Compiling module xil_defaultlib.RegBit_390
Compiling module xil_defaultlib.D_FF_414
Compiling module xil_defaultlib.RegBit_391
Compiling module xil_defaultlib.D_FF_413
Compiling module xil_defaultlib.RegBit_392
Compiling module xil_defaultlib.D_FF_412
Compiling module xil_defaultlib.RegBit_393
Compiling module xil_defaultlib.D_FF_411
Compiling module xil_defaultlib.RegBit_394
Compiling module xil_defaultlib.D_FF_410
Compiling module xil_defaultlib.RegBit_395
Compiling module xil_defaultlib.D_FF_409
Compiling module xil_defaultlib.RegBit_396
Compiling module xil_defaultlib.D_FF_408
Compiling module xil_defaultlib.RegBit_397
Compiling module xil_defaultlib.D_FF_407
Compiling module xil_defaultlib.RegBit_398
Compiling module xil_defaultlib.D_FF_406
Compiling module xil_defaultlib.RegBit_399
Compiling module xil_defaultlib.D_FF_405
Compiling module xil_defaultlib.RegBit_400
Compiling module xil_defaultlib.D_FF_404
Compiling module xil_defaultlib.RegBit_401
Compiling module xil_defaultlib.D_FF_403
Compiling module xil_defaultlib.RegBit_402
Compiling module xil_defaultlib.register_46
Compiling module xil_defaultlib.D_FF_370
Compiling module xil_defaultlib.RegBit_307
Compiling module xil_defaultlib.D_FF_369
Compiling module xil_defaultlib.RegBit_308
Compiling module xil_defaultlib.D_FF_368
Compiling module xil_defaultlib.RegBit_309
Compiling module xil_defaultlib.D_FF_367
Compiling module xil_defaultlib.RegBit_310
Compiling module xil_defaultlib.D_FF_366
Compiling module xil_defaultlib.RegBit_311
Compiling module xil_defaultlib.D_FF_365
Compiling module xil_defaultlib.RegBit_312
Compiling module xil_defaultlib.D_FF_364
Compiling module xil_defaultlib.RegBit_313
Compiling module xil_defaultlib.D_FF_363
Compiling module xil_defaultlib.RegBit_314
Compiling module xil_defaultlib.D_FF_362
Compiling module xil_defaultlib.RegBit_315
Compiling module xil_defaultlib.D_FF_361
Compiling module xil_defaultlib.RegBit_316
Compiling module xil_defaultlib.D_FF_360
Compiling module xil_defaultlib.RegBit_317
Compiling module xil_defaultlib.D_FF_359
Compiling module xil_defaultlib.RegBit_318
Compiling module xil_defaultlib.D_FF_358
Compiling module xil_defaultlib.RegBit_319
Compiling module xil_defaultlib.D_FF_357
Compiling module xil_defaultlib.RegBit_320
Compiling module xil_defaultlib.D_FF_356
Compiling module xil_defaultlib.RegBit_321
Compiling module xil_defaultlib.D_FF_355
Compiling module xil_defaultlib.RegBit_322
Compiling module xil_defaultlib.D_FF_354
Compiling module xil_defaultlib.RegBit_323
Compiling module xil_defaultlib.D_FF_353
Compiling module xil_defaultlib.RegBit_324
Compiling module xil_defaultlib.D_FF_352
Compiling module xil_defaultlib.RegBit_325
Compiling module xil_defaultlib.D_FF_351
Compiling module xil_defaultlib.RegBit_326
Compiling module xil_defaultlib.D_FF_350
Compiling module xil_defaultlib.RegBit_327
Compiling module xil_defaultlib.D_FF_349
Compiling module xil_defaultlib.RegBit_328
Compiling module xil_defaultlib.D_FF_348
Compiling module xil_defaultlib.RegBit_329
Compiling module xil_defaultlib.D_FF_347
Compiling module xil_defaultlib.RegBit_330
Compiling module xil_defaultlib.D_FF_346
Compiling module xil_defaultlib.RegBit_331
Compiling module xil_defaultlib.D_FF_345
Compiling module xil_defaultlib.RegBit_332
Compiling module xil_defaultlib.D_FF_344
Compiling module xil_defaultlib.RegBit_333
Compiling module xil_defaultlib.D_FF_343
Compiling module xil_defaultlib.RegBit_334
Compiling module xil_defaultlib.D_FF_342
Compiling module xil_defaultlib.RegBit_335
Compiling module xil_defaultlib.D_FF_341
Compiling module xil_defaultlib.RegBit_336
Compiling module xil_defaultlib.D_FF_340
Compiling module xil_defaultlib.RegBit_337
Compiling module xil_defaultlib.D_FF_339
Compiling module xil_defaultlib.RegBit_338
Compiling module xil_defaultlib.register_47
Compiling module xil_defaultlib.D_FF_306
Compiling module xil_defaultlib.RegBit_243
Compiling module xil_defaultlib.D_FF_305
Compiling module xil_defaultlib.RegBit_244
Compiling module xil_defaultlib.D_FF_304
Compiling module xil_defaultlib.RegBit_245
Compiling module xil_defaultlib.D_FF_303
Compiling module xil_defaultlib.RegBit_246
Compiling module xil_defaultlib.D_FF_302
Compiling module xil_defaultlib.RegBit_247
Compiling module xil_defaultlib.D_FF_301
Compiling module xil_defaultlib.RegBit_248
Compiling module xil_defaultlib.D_FF_300
Compiling module xil_defaultlib.RegBit_249
Compiling module xil_defaultlib.D_FF_299
Compiling module xil_defaultlib.RegBit_250
Compiling module xil_defaultlib.D_FF_298
Compiling module xil_defaultlib.RegBit_251
Compiling module xil_defaultlib.D_FF_297
Compiling module xil_defaultlib.RegBit_252
Compiling module xil_defaultlib.D_FF_296
Compiling module xil_defaultlib.RegBit_253
Compiling module xil_defaultlib.D_FF_295
Compiling module xil_defaultlib.RegBit_254
Compiling module xil_defaultlib.D_FF_294
Compiling module xil_defaultlib.RegBit_255
Compiling module xil_defaultlib.D_FF_293
Compiling module xil_defaultlib.RegBit_256
Compiling module xil_defaultlib.D_FF_292
Compiling module xil_defaultlib.RegBit_257
Compiling module xil_defaultlib.D_FF_291
Compiling module xil_defaultlib.RegBit_258
Compiling module xil_defaultlib.D_FF_290
Compiling module xil_defaultlib.RegBit_259
Compiling module xil_defaultlib.D_FF_289
Compiling module xil_defaultlib.RegBit_260
Compiling module xil_defaultlib.D_FF_288
Compiling module xil_defaultlib.RegBit_261
Compiling module xil_defaultlib.D_FF_287
Compiling module xil_defaultlib.RegBit_262
Compiling module xil_defaultlib.D_FF_286
Compiling module xil_defaultlib.RegBit_263
Compiling module xil_defaultlib.D_FF_285
Compiling module xil_defaultlib.RegBit_264
Compiling module xil_defaultlib.D_FF_284
Compiling module xil_defaultlib.RegBit_265
Compiling module xil_defaultlib.D_FF_283
Compiling module xil_defaultlib.RegBit_266
Compiling module xil_defaultlib.D_FF_282
Compiling module xil_defaultlib.RegBit_267
Compiling module xil_defaultlib.D_FF_281
Compiling module xil_defaultlib.RegBit_268
Compiling module xil_defaultlib.D_FF_280
Compiling module xil_defaultlib.RegBit_269
Compiling module xil_defaultlib.D_FF_279
Compiling module xil_defaultlib.RegBit_270
Compiling module xil_defaultlib.D_FF_278
Compiling module xil_defaultlib.RegBit_271
Compiling module xil_defaultlib.D_FF_277
Compiling module xil_defaultlib.RegBit_272
Compiling module xil_defaultlib.D_FF_276
Compiling module xil_defaultlib.RegBit_273
Compiling module xil_defaultlib.D_FF_275
Compiling module xil_defaultlib.RegBit_274
Compiling module xil_defaultlib.register_48
Compiling module xil_defaultlib.D_FF_242
Compiling module xil_defaultlib.RegBit_179
Compiling module xil_defaultlib.D_FF_241
Compiling module xil_defaultlib.RegBit_180
Compiling module xil_defaultlib.D_FF_240
Compiling module xil_defaultlib.RegBit_181
Compiling module xil_defaultlib.D_FF_239
Compiling module xil_defaultlib.RegBit_182
Compiling module xil_defaultlib.D_FF_238
Compiling module xil_defaultlib.RegBit_183
Compiling module xil_defaultlib.D_FF_237
Compiling module xil_defaultlib.RegBit_184
Compiling module xil_defaultlib.D_FF_236
Compiling module xil_defaultlib.RegBit_185
Compiling module xil_defaultlib.D_FF_235
Compiling module xil_defaultlib.RegBit_186
Compiling module xil_defaultlib.D_FF_234
Compiling module xil_defaultlib.RegBit_187
Compiling module xil_defaultlib.D_FF_233
Compiling module xil_defaultlib.RegBit_188
Compiling module xil_defaultlib.D_FF_232
Compiling module xil_defaultlib.RegBit_189
Compiling module xil_defaultlib.D_FF_231
Compiling module xil_defaultlib.RegBit_190
Compiling module xil_defaultlib.D_FF_230
Compiling module xil_defaultlib.RegBit_191
Compiling module xil_defaultlib.D_FF_229
Compiling module xil_defaultlib.RegBit_192
Compiling module xil_defaultlib.D_FF_228
Compiling module xil_defaultlib.RegBit_193
Compiling module xil_defaultlib.D_FF_227
Compiling module xil_defaultlib.RegBit_194
Compiling module xil_defaultlib.D_FF_226
Compiling module xil_defaultlib.RegBit_195
Compiling module xil_defaultlib.D_FF_225
Compiling module xil_defaultlib.RegBit_196
Compiling module xil_defaultlib.D_FF_224
Compiling module xil_defaultlib.RegBit_197
Compiling module xil_defaultlib.D_FF_223
Compiling module xil_defaultlib.RegBit_198
Compiling module xil_defaultlib.D_FF_222
Compiling module xil_defaultlib.RegBit_199
Compiling module xil_defaultlib.D_FF_221
Compiling module xil_defaultlib.RegBit_200
Compiling module xil_defaultlib.D_FF_220
Compiling module xil_defaultlib.RegBit_201
Compiling module xil_defaultlib.D_FF_219
Compiling module xil_defaultlib.RegBit_202
Compiling module xil_defaultlib.D_FF_218
Compiling module xil_defaultlib.RegBit_203
Compiling module xil_defaultlib.D_FF_217
Compiling module xil_defaultlib.RegBit_204
Compiling module xil_defaultlib.D_FF_216
Compiling module xil_defaultlib.RegBit_205
Compiling module xil_defaultlib.D_FF_215
Compiling module xil_defaultlib.RegBit_206
Compiling module xil_defaultlib.D_FF_214
Compiling module xil_defaultlib.RegBit_207
Compiling module xil_defaultlib.D_FF_213
Compiling module xil_defaultlib.RegBit_208
Compiling module xil_defaultlib.D_FF_212
Compiling module xil_defaultlib.RegBit_209
Compiling module xil_defaultlib.D_FF_211
Compiling module xil_defaultlib.RegBit_210
Compiling module xil_defaultlib.register_49
Compiling module xil_defaultlib.D_FF_178
Compiling module xil_defaultlib.RegBit_115
Compiling module xil_defaultlib.D_FF_177
Compiling module xil_defaultlib.RegBit_116
Compiling module xil_defaultlib.D_FF_176
Compiling module xil_defaultlib.RegBit_117
Compiling module xil_defaultlib.D_FF_175
Compiling module xil_defaultlib.RegBit_118
Compiling module xil_defaultlib.D_FF_174
Compiling module xil_defaultlib.RegBit_119
Compiling module xil_defaultlib.D_FF_173
Compiling module xil_defaultlib.RegBit_120
Compiling module xil_defaultlib.D_FF_172
Compiling module xil_defaultlib.RegBit_121
Compiling module xil_defaultlib.D_FF_171
Compiling module xil_defaultlib.RegBit_122
Compiling module xil_defaultlib.D_FF_170
Compiling module xil_defaultlib.RegBit_123
Compiling module xil_defaultlib.D_FF_169
Compiling module xil_defaultlib.RegBit_124
Compiling module xil_defaultlib.D_FF_168
Compiling module xil_defaultlib.RegBit_125
Compiling module xil_defaultlib.D_FF_167
Compiling module xil_defaultlib.RegBit_126
Compiling module xil_defaultlib.D_FF_166
Compiling module xil_defaultlib.RegBit_127
Compiling module xil_defaultlib.D_FF_165
Compiling module xil_defaultlib.RegBit_128
Compiling module xil_defaultlib.D_FF_164
Compiling module xil_defaultlib.RegBit_129
Compiling module xil_defaultlib.D_FF_163
Compiling module xil_defaultlib.RegBit_130
Compiling module xil_defaultlib.D_FF_162
Compiling module xil_defaultlib.RegBit_131
Compiling module xil_defaultlib.D_FF_161
Compiling module xil_defaultlib.RegBit_132
Compiling module xil_defaultlib.D_FF_160
Compiling module xil_defaultlib.RegBit_133
Compiling module xil_defaultlib.D_FF_159
Compiling module xil_defaultlib.RegBit_134
Compiling module xil_defaultlib.D_FF_158
Compiling module xil_defaultlib.RegBit_135
Compiling module xil_defaultlib.D_FF_157
Compiling module xil_defaultlib.RegBit_136
Compiling module xil_defaultlib.D_FF_156
Compiling module xil_defaultlib.RegBit_137
Compiling module xil_defaultlib.D_FF_155
Compiling module xil_defaultlib.RegBit_138
Compiling module xil_defaultlib.D_FF_154
Compiling module xil_defaultlib.RegBit_139
Compiling module xil_defaultlib.D_FF_153
Compiling module xil_defaultlib.RegBit_140
Compiling module xil_defaultlib.D_FF_152
Compiling module xil_defaultlib.RegBit_141
Compiling module xil_defaultlib.D_FF_151
Compiling module xil_defaultlib.RegBit_142
Compiling module xil_defaultlib.D_FF_150
Compiling module xil_defaultlib.RegBit_143
Compiling module xil_defaultlib.D_FF_149
Compiling module xil_defaultlib.RegBit_144
Compiling module xil_defaultlib.D_FF_148
Compiling module xil_defaultlib.RegBit_145
Compiling module xil_defaultlib.D_FF_147
Compiling module xil_defaultlib.RegBit_146
Compiling module xil_defaultlib.register_50
Compiling module xil_defaultlib.D_FF_114
Compiling module xil_defaultlib.RegBit_52
Compiling module xil_defaultlib.D_FF_113
Compiling module xil_defaultlib.RegBit_53
Compiling module xil_defaultlib.D_FF_112
Compiling module xil_defaultlib.RegBit_54
Compiling module xil_defaultlib.D_FF_111
Compiling module xil_defaultlib.RegBit_55
Compiling module xil_defaultlib.D_FF_110
Compiling module xil_defaultlib.RegBit_56
Compiling module xil_defaultlib.D_FF_109
Compiling module xil_defaultlib.RegBit_57
Compiling module xil_defaultlib.D_FF_108
Compiling module xil_defaultlib.RegBit_58
Compiling module xil_defaultlib.D_FF_107
Compiling module xil_defaultlib.RegBit_59
Compiling module xil_defaultlib.D_FF_106
Compiling module xil_defaultlib.RegBit_60
Compiling module xil_defaultlib.D_FF_105
Compiling module xil_defaultlib.RegBit_61
Compiling module xil_defaultlib.D_FF_104
Compiling module xil_defaultlib.RegBit_62
Compiling module xil_defaultlib.D_FF_103
Compiling module xil_defaultlib.RegBit_63
Compiling module xil_defaultlib.D_FF_102
Compiling module xil_defaultlib.RegBit_64
Compiling module xil_defaultlib.D_FF_101
Compiling module xil_defaultlib.RegBit_65
Compiling module xil_defaultlib.D_FF_100
Compiling module xil_defaultlib.RegBit_66
Compiling module xil_defaultlib.D_FF_99
Compiling module xil_defaultlib.RegBit_67
Compiling module xil_defaultlib.D_FF_98
Compiling module xil_defaultlib.RegBit_68
Compiling module xil_defaultlib.D_FF_97
Compiling module xil_defaultlib.RegBit_69
Compiling module xil_defaultlib.D_FF_96
Compiling module xil_defaultlib.RegBit_70
Compiling module xil_defaultlib.D_FF_95
Compiling module xil_defaultlib.RegBit_71
Compiling module xil_defaultlib.D_FF_94
Compiling module xil_defaultlib.RegBit_72
Compiling module xil_defaultlib.D_FF_93
Compiling module xil_defaultlib.RegBit_73
Compiling module xil_defaultlib.D_FF_92
Compiling module xil_defaultlib.RegBit_74
Compiling module xil_defaultlib.D_FF_91
Compiling module xil_defaultlib.RegBit_75
Compiling module xil_defaultlib.D_FF_90
Compiling module xil_defaultlib.RegBit_76
Compiling module xil_defaultlib.D_FF_89
Compiling module xil_defaultlib.RegBit_77
Compiling module xil_defaultlib.D_FF_88
Compiling module xil_defaultlib.RegBit_78
Compiling module xil_defaultlib.D_FF_87
Compiling module xil_defaultlib.RegBit_79
Compiling module xil_defaultlib.D_FF_86
Compiling module xil_defaultlib.RegBit_80
Compiling module xil_defaultlib.D_FF_85
Compiling module xil_defaultlib.RegBit_81
Compiling module xil_defaultlib.D_FF_84
Compiling module xil_defaultlib.RegBit_82
Compiling module xil_defaultlib.D_FF
Compiling module xil_defaultlib.RegBit_83
Compiling module xil_defaultlib.register_51
Compiling module xil_defaultlib.RegFile
Compiling module simprims_ver.BUFG
Compiling module simprims_ver.IBUF
Compiling module simprims_ver.FDRE_default
Compiling module simprims_ver.MUXF7
Compiling module simprims_ver.MUXF8
Compiling module xil_defaultlib.dataMem
Compiling module xil_defaultlib.MIPSpipeline
Compiling module xil_defaultlib.glbl
Built simulation snapshot MIPSpipeline_time_synth

****** Webtalk v2020.2 (64-bit)
  **** SW Build 3064766 on Wed Nov 18 09:12:45 MST 2020
  **** IP Build 3064653 on Wed Nov 18 14:17:31 MST 2020
    ** Copyright 1986-2020 Xilinx, Inc. All Rights Reserved.

source E:/Projects/VLSI/32BitMIPSArch/MIPS325/MIPS325.sim/sim_1/synth/timing/xsim/xsim.dir/MIPSpipeline_time_synth/webtalk/xsim_webtalk.tcl -notrace
INFO: [Common 17-186] 'E:/Projects/VLSI/32BitMIPSArch/MIPS325/MIPS325.sim/sim_1/synth/timing/xsim/xsim.dir/MIPSpipeline_time_synth/webtalk/usage_statistics_ext_xsim.xml' has been successfully sent to Xilinx on Tue Jan 18 15:54:53 2022. For additional details about this file, please refer to the WebTalk help file at E:/SOFTWAREs/XilinxVivado/Vivado/2020.2/doc/webtalk_introduction.html.
webtalk_transmit: Time (s): cpu = 00:00:00 ; elapsed = 00:00:11 . Memory (MB): peak = 81.734 ; gain = 6.938
INFO: [Common 17-206] Exiting Webtalk at Tue Jan 18 15:54:53 2022...
run_program: Time (s): cpu = 00:09:19 ; elapsed = 01:35:06 . Memory (MB): peak = 2785.293 ; gain = 0.000
INFO: [USF-XSim-69] 'elaborate' step finished in '5706' seconds
INFO: [USF-XSim-4] XSim::Simulate design
INFO: [USF-XSim-61] Executing 'SIMULATE' step in 'E:/Projects/VLSI/32BitMIPSArch/MIPS325/MIPS325.sim/sim_1/synth/timing/xsim'
INFO: [USF-XSim-98] *** Running xsim
   with args "MIPSpipeline_time_synth -key {Post-Synthesis:sim_1:Timing:MIPSpipeline} -tclbatch {MIPSpipeline.tcl} -log {simulate.log}"
INFO: [USF-XSim-8] Loading simulator feature
Vivado Simulator 2020.2
Time resolution is 1 ps
source MIPSpipeline.tcl
# set curr_wave [current_wave_config]
# if { [string length $curr_wave] == 0 } {
#   if { [llength [get_objects]] > 0} {
#     add_wave /
#     set_property needs_save false [current_wave_config]
#   } else {
#      send_msg_id Add_Wave-1 WARNING "No top level signals found. Simulator will start without a wave window. If you want to open a wave window go to 'File->New Waveform Configuration' or type 'create_wave_config' in the TCL console."
#   }
# }
add_wave: Time (s): cpu = 00:00:51 ; elapsed = 00:00:51 . Memory (MB): peak = 2785.293 ; gain = 0.000
# run 1000ns
xsim: Time (s): cpu = 00:01:03 ; elapsed = 00:01:44 . Memory (MB): peak = 2785.293 ; gain = 0.000
INFO: [USF-XSim-96] XSim completed. Design snapshot 'MIPSpipeline_time_synth' loaded.
INFO: [USF-XSim-97] XSim simulation ran for 1000ns
launch_simulation: Time (s): cpu = 00:11:40 ; elapsed = 01:38:45 . Memory (MB): peak = 2785.293 ; gain = 0.000
restart
INFO: [Simtcl 6-17] Simulation restarted
restart: Time (s): cpu = 00:00:07 ; elapsed = 00:00:08 . Memory (MB): peak = 2785.293 ; gain = 0.000
close_sim
INFO: [Simtcl 6-16] Simulation closed
close_sim: Time (s): cpu = 00:00:06 ; elapsed = 00:00:12 . Memory (MB): peak = 2785.293 ; gain = 0.000
close_design
set_property SOURCE_SET sources_1 [get_filesets sim_1]
close [ open E:/Projects/VLSI/32BitMIPSArch/MIPS325/MIPS325.srcs/sim_1/new/MIPSStimulus.v w ]
add_files -fileset sim_1 E:/Projects/VLSI/32BitMIPSArch/MIPS325/MIPS325.srcs/sim_1/new/MIPSStimulus.v
WARNING: [filemgmt 56-199] Attempt to get parsing info during refresh. "On-the-fly" syntax checking information may be incorrect. [E:\Projects\VLSI\32BitMIPSArch\MIPS325\MIPS325.srcs\sim_1\new\MIPSStimulus.v:]
ERROR: [Common 17-180] Spawn failed: No error
set_property top MIPSStimulus [get_filesets sim_1]
set_property top_lib xil_defaultlib [get_filesets sim_1]
launch_simulation
Command: launch_simulation 
INFO: [Vivado 12-5682] Launching behavioral simulation in 'E:/Projects/VLSI/32BitMIPSArch/MIPS325/MIPS325.sim/sim_1/behav/xsim'
INFO: [SIM-utils-51] Simulation object is 'sim_1'
INFO: [SIM-utils-54] Inspecting design source files for 'MIPSStimulus' in fileset 'sim_1'...
INFO: [SIM-utils-43] Exported 'E:/Projects/VLSI/32BitMIPSArch/MIPS325/MIPS325.sim/sim_1/behav/xsim/instr.txt'
INFO: [USF-XSim-97] Finding global include files...
INFO: [USF-XSim-100] Fetching design files from 'sources_1'...(this may take a while)...
INFO: [USF-XSim-101] Fetching design files from 'sim_1'...
INFO: [USF-XSim-2] XSim::Compile design
INFO: [USF-XSim-61] Executing 'COMPILE and ANALYZE' step in 'E:/Projects/VLSI/32BitMIPSArch/MIPS325/MIPS325.sim/sim_1/behav/xsim'
"xvlog --incr --relax -prj MIPSStimulus_vlog.prj"
INFO: [VRFC 10-2263] Analyzing Verilog file "E:/Projects/VLSI/32BitMIPSArch/MIPS325/MIPS325.srcs/sources_1/new/ALU.v" into library xil_defaultlib
INFO: [VRFC 10-311] analyzing module ALU
INFO: [VRFC 10-2458] undeclared symbol notcr31, assumed default net type wire [E:/Projects/VLSI/32BitMIPSArch/MIPS325/MIPS325.srcs/sources_1/new/ALU.v:62]
INFO: [VRFC 10-2458] undeclared symbol addsub31Out, assumed default net type wire [E:/Projects/VLSI/32BitMIPSArch/MIPS325/MIPS325.srcs/sources_1/new/ALU.v:67]
INFO: [VRFC 10-2458] undeclared symbol crrout31, assumed default net type wire [E:/Projects/VLSI/32BitMIPSArch/MIPS325/MIPS325.srcs/sources_1/new/ALU.v:67]
INFO: [VRFC 10-2458] undeclared symbol o1, assumed default net type wire [E:/Projects/VLSI/32BitMIPSArch/MIPS325/MIPS325.srcs/sources_1/new/ALU.v:70]
INFO: [VRFC 10-2458] undeclared symbol o2, assumed default net type wire [E:/Projects/VLSI/32BitMIPSArch/MIPS325/MIPS325.srcs/sources_1/new/ALU.v:71]
INFO: [VRFC 10-2458] undeclared symbol o3, assumed default net type wire [E:/Projects/VLSI/32BitMIPSArch/MIPS325/MIPS325.srcs/sources_1/new/ALU.v:72]
INFO: [VRFC 10-2458] undeclared symbol o4, assumed default net type wire [E:/Projects/VLSI/32BitMIPSArch/MIPS325/MIPS325.srcs/sources_1/new/ALU.v:73]
INFO: [VRFC 10-2458] undeclared symbol o5, assumed default net type wire [E:/Projects/VLSI/32BitMIPSArch/MIPS325/MIPS325.srcs/sources_1/new/ALU.v:74]
INFO: [VRFC 10-2458] undeclared symbol o6, assumed default net type wire [E:/Projects/VLSI/32BitMIPSArch/MIPS325/MIPS325.srcs/sources_1/new/ALU.v:75]
INFO: [VRFC 10-2458] undeclared symbol o7, assumed default net type wire [E:/Projects/VLSI/32BitMIPSArch/MIPS325/MIPS325.srcs/sources_1/new/ALU.v:76]
INFO: [VRFC 10-2458] undeclared symbol o8, assumed default net type wire [E:/Projects/VLSI/32BitMIPSArch/MIPS325/MIPS325.srcs/sources_1/new/ALU.v:77]
INFO: [VRFC 10-2458] undeclared symbol o9, assumed default net type wire [E:/Projects/VLSI/32BitMIPSArch/MIPS325/MIPS325.srcs/sources_1/new/ALU.v:78]
INFO: [VRFC 10-2458] undeclared symbol o10, assumed default net type wire [E:/Projects/VLSI/32BitMIPSArch/MIPS325/MIPS325.srcs/sources_1/new/ALU.v:79]
INFO: [VRFC 10-311] analyzing module alu1bit
INFO: [VRFC 10-2458] undeclared symbol addsubOut, assumed default net type wire [E:/Projects/VLSI/32BitMIPSArch/MIPS325/MIPS325.srcs/sources_1/new/ALU.v:87]
INFO: [VRFC 10-2458] undeclared symbol xorOut, assumed default net type wire [E:/Projects/VLSI/32BitMIPSArch/MIPS325/MIPS325.srcs/sources_1/new/ALU.v:88]
INFO: [VRFC 10-2458] undeclared symbol xorlessOut, assumed default net type wire [E:/Projects/VLSI/32BitMIPSArch/MIPS325/MIPS325.srcs/sources_1/new/ALU.v:89]
INFO: [VRFC 10-311] analyzing module addsub
INFO: [VRFC 10-2458] undeclared symbol notb, assumed default net type wire [E:/Projects/VLSI/32BitMIPSArch/MIPS325/MIPS325.srcs/sources_1/new/ALU.v:96]
INFO: [VRFC 10-2458] undeclared symbol b1, assumed default net type wire [E:/Projects/VLSI/32BitMIPSArch/MIPS325/MIPS325.srcs/sources_1/new/ALU.v:97]
INFO: [VRFC 10-311] analyzing module adder
INFO: [VRFC 10-2458] undeclared symbol c1, assumed default net type wire [E:/Projects/VLSI/32BitMIPSArch/MIPS325/MIPS325.srcs/sources_1/new/ALU.v:109]
INFO: [VRFC 10-2458] undeclared symbol c2, assumed default net type wire [E:/Projects/VLSI/32BitMIPSArch/MIPS325/MIPS325.srcs/sources_1/new/ALU.v:110]
INFO: [VRFC 10-2458] undeclared symbol c3, assumed default net type wire [E:/Projects/VLSI/32BitMIPSArch/MIPS325/MIPS325.srcs/sources_1/new/ALU.v:111]
INFO: [VRFC 10-311] analyzing module mux21
INFO: [VRFC 10-2458] undeclared symbol nsel, assumed default net type wire [E:/Projects/VLSI/32BitMIPSArch/MIPS325/MIPS325.srcs/sources_1/new/ALU.v:120]
INFO: [VRFC 10-2458] undeclared symbol O1, assumed default net type wire [E:/Projects/VLSI/32BitMIPSArch/MIPS325/MIPS325.srcs/sources_1/new/ALU.v:121]
INFO: [VRFC 10-2458] undeclared symbol O2, assumed default net type wire [E:/Projects/VLSI/32BitMIPSArch/MIPS325/MIPS325.srcs/sources_1/new/ALU.v:122]
INFO: [VRFC 10-2263] Analyzing Verilog file "E:/Projects/VLSI/32BitMIPSArch/MIPS325/MIPS325.srcs/sources_1/new/ALUControl_Block.v" into library xil_defaultlib
INFO: [VRFC 10-311] analyzing module ALUControl_Block
INFO: [VRFC 10-2263] Analyzing Verilog file "E:/Projects/VLSI/32BitMIPSArch/MIPS325/MIPS325.srcs/sources_1/new/Add.v" into library xil_defaultlib
INFO: [VRFC 10-311] analyzing module Add
INFO: [VRFC 10-311] analyzing module adder1bit
INFO: [VRFC 10-2458] undeclared symbol c1, assumed default net type wire [E:/Projects/VLSI/32BitMIPSArch/MIPS325/MIPS325.srcs/sources_1/new/Add.v:71]
INFO: [VRFC 10-2458] undeclared symbol c2, assumed default net type wire [E:/Projects/VLSI/32BitMIPSArch/MIPS325/MIPS325.srcs/sources_1/new/Add.v:72]
INFO: [VRFC 10-2458] undeclared symbol c3, assumed default net type wire [E:/Projects/VLSI/32BitMIPSArch/MIPS325/MIPS325.srcs/sources_1/new/Add.v:73]
INFO: [VRFC 10-2263] Analyzing Verilog file "E:/Projects/VLSI/32BitMIPSArch/MIPS325/MIPS325.srcs/sources_1/new/Control.v" into library xil_defaultlib
INFO: [VRFC 10-311] analyzing module Control
INFO: [VRFC 10-2263] Analyzing Verilog file "E:/Projects/VLSI/32BitMIPSArch/MIPS325/MIPS325.srcs/sources_1/new/FowardingUnit.v" into library xil_defaultlib
INFO: [VRFC 10-311] analyzing module ForwardingUnit
INFO: [VRFC 10-2458] undeclared symbol a, assumed default net type wire [E:/Projects/VLSI/32BitMIPSArch/MIPS325/MIPS325.srcs/sources_1/new/FowardingUnit.v:34]
INFO: [VRFC 10-2458] undeclared symbol b, assumed default net type wire [E:/Projects/VLSI/32BitMIPSArch/MIPS325/MIPS325.srcs/sources_1/new/FowardingUnit.v:35]
INFO: [VRFC 10-2458] undeclared symbol x, assumed default net type wire [E:/Projects/VLSI/32BitMIPSArch/MIPS325/MIPS325.srcs/sources_1/new/FowardingUnit.v:36]
INFO: [VRFC 10-2458] undeclared symbol c, assumed default net type wire [E:/Projects/VLSI/32BitMIPSArch/MIPS325/MIPS325.srcs/sources_1/new/FowardingUnit.v:40]
INFO: [VRFC 10-2458] undeclared symbol d, assumed default net type wire [E:/Projects/VLSI/32BitMIPSArch/MIPS325/MIPS325.srcs/sources_1/new/FowardingUnit.v:41]
INFO: [VRFC 10-2458] undeclared symbol y, assumed default net type wire [E:/Projects/VLSI/32BitMIPSArch/MIPS325/MIPS325.srcs/sources_1/new/FowardingUnit.v:42]
INFO: [VRFC 10-2458] undeclared symbol notx, assumed default net type wire [E:/Projects/VLSI/32BitMIPSArch/MIPS325/MIPS325.srcs/sources_1/new/FowardingUnit.v:47]
INFO: [VRFC 10-2458] undeclared symbol b1, assumed default net type wire [E:/Projects/VLSI/32BitMIPSArch/MIPS325/MIPS325.srcs/sources_1/new/FowardingUnit.v:51]
INFO: [VRFC 10-2458] undeclared symbol d1, assumed default net type wire [E:/Projects/VLSI/32BitMIPSArch/MIPS325/MIPS325.srcs/sources_1/new/FowardingUnit.v:52]
INFO: [VRFC 10-2458] undeclared symbol x1, assumed default net type wire [E:/Projects/VLSI/32BitMIPSArch/MIPS325/MIPS325.srcs/sources_1/new/FowardingUnit.v:53]
INFO: [VRFC 10-2458] undeclared symbol y1, assumed default net type wire [E:/Projects/VLSI/32BitMIPSArch/MIPS325/MIPS325.srcs/sources_1/new/FowardingUnit.v:54]
INFO: [VRFC 10-2458] undeclared symbol notx1, assumed default net type wire [E:/Projects/VLSI/32BitMIPSArch/MIPS325/MIPS325.srcs/sources_1/new/FowardingUnit.v:57]
INFO: [VRFC 10-2263] Analyzing Verilog file "E:/Projects/VLSI/32BitMIPSArch/MIPS325/MIPS325.srcs/sources_1/new/InstructionMem.v" into library xil_defaultlib
INFO: [VRFC 10-311] analyzing module InstructionMem
INFO: [VRFC 10-311] analyzing module instrmemstimulous
INFO: [VRFC 10-2263] Analyzing Verilog file "E:/Projects/VLSI/32BitMIPSArch/MIPS325/MIPS325.srcs/sources_1/new/JRControl_Block.v" into library xil_defaultlib
INFO: [VRFC 10-311] analyzing module JRControl_Block
INFO: [VRFC 10-2263] Analyzing Verilog file "E:/Projects/VLSI/32BitMIPSArch/MIPS325/MIPS325.srcs/sources_1/new/RegFile.v" into library xil_defaultlib
INFO: [VRFC 10-311] analyzing module RegFile
INFO: [VRFC 10-311] analyzing module D_FF
INFO: [VRFC 10-311] analyzing module RegBit
INFO: [VRFC 10-311] analyzing module register
INFO: [VRFC 10-311] analyzing module decoder
INFO: [VRFC 10-311] analyzing module andmore
INFO: [VRFC 10-2458] undeclared symbol f1, assumed default net type wire [E:/Projects/VLSI/32BitMIPSArch/MIPS325/MIPS325.srcs/sources_1/new/RegFile.v:201]
INFO: [VRFC 10-311] analyzing module dec5to32
INFO: [VRFC 10-2458] undeclared symbol Nota, assumed default net type wire [E:/Projects/VLSI/32BitMIPSArch/MIPS325/MIPS325.srcs/sources_1/new/RegFile.v:208]
INFO: [VRFC 10-2458] undeclared symbol Notb, assumed default net type wire [E:/Projects/VLSI/32BitMIPSArch/MIPS325/MIPS325.srcs/sources_1/new/RegFile.v:209]
INFO: [VRFC 10-2458] undeclared symbol Notc, assumed default net type wire [E:/Projects/VLSI/32BitMIPSArch/MIPS325/MIPS325.srcs/sources_1/new/RegFile.v:210]
INFO: [VRFC 10-2458] undeclared symbol Notd, assumed default net type wire [E:/Projects/VLSI/32BitMIPSArch/MIPS325/MIPS325.srcs/sources_1/new/RegFile.v:211]
INFO: [VRFC 10-2458] undeclared symbol Note, assumed default net type wire [E:/Projects/VLSI/32BitMIPSArch/MIPS325/MIPS325.srcs/sources_1/new/RegFile.v:212]
INFO: [VRFC 10-311] analyzing module mux32to1
INFO: [VRFC 10-2458] undeclared symbol g3, assumed default net type wire [E:/Projects/VLSI/32BitMIPSArch/MIPS325/MIPS325.srcs/sources_1/new/RegFile.v:287]
INFO: [VRFC 10-2458] undeclared symbol g4, assumed default net type wire [E:/Projects/VLSI/32BitMIPSArch/MIPS325/MIPS325.srcs/sources_1/new/RegFile.v:288]
INFO: [VRFC 10-2458] undeclared symbol g5, assumed default net type wire [E:/Projects/VLSI/32BitMIPSArch/MIPS325/MIPS325.srcs/sources_1/new/RegFile.v:289]
INFO: [VRFC 10-2458] undeclared symbol g6, assumed default net type wire [E:/Projects/VLSI/32BitMIPSArch/MIPS325/MIPS325.srcs/sources_1/new/RegFile.v:290]
INFO: [VRFC 10-2458] undeclared symbol g7, assumed default net type wire [E:/Projects/VLSI/32BitMIPSArch/MIPS325/MIPS325.srcs/sources_1/new/RegFile.v:291]
INFO: [VRFC 10-2458] undeclared symbol g8, assumed default net type wire [E:/Projects/VLSI/32BitMIPSArch/MIPS325/MIPS325.srcs/sources_1/new/RegFile.v:292]
INFO: [VRFC 10-2458] undeclared symbol g9, assumed default net type wire [E:/Projects/VLSI/32BitMIPSArch/MIPS325/MIPS325.srcs/sources_1/new/RegFile.v:293]
INFO: [VRFC 10-2458] undeclared symbol g10, assumed default net type wire [E:/Projects/VLSI/32BitMIPSArch/MIPS325/MIPS325.srcs/sources_1/new/RegFile.v:294]
INFO: [VRFC 10-2458] undeclared symbol g11, assumed default net type wire [E:/Projects/VLSI/32BitMIPSArch/MIPS325/MIPS325.srcs/sources_1/new/RegFile.v:295]
INFO: [VRFC 10-2458] undeclared symbol g12, assumed default net type wire [E:/Projects/VLSI/32BitMIPSArch/MIPS325/MIPS325.srcs/sources_1/new/RegFile.v:296]
INFO: [VRFC 10-311] analyzing module mux32x32to32
INFO: [VRFC 10-2263] Analyzing Verilog file "E:/Projects/VLSI/32BitMIPSArch/MIPS325/MIPS325.srcs/sources_1/new/StallControl.v" into library xil_defaultlib
INFO: [VRFC 10-311] analyzing module StallControl
INFO: [VRFC 10-2458] undeclared symbol OrRsRt, assumed default net type wire [E:/Projects/VLSI/32BitMIPSArch/MIPS325/MIPS325.srcs/sources_1/new/StallControl.v:58]
INFO: [VRFC 10-2458] undeclared symbol notOrRsRt, assumed default net type wire [E:/Projects/VLSI/32BitMIPSArch/MIPS325/MIPS325.srcs/sources_1/new/StallControl.v:59]
INFO: [VRFC 10-2458] undeclared symbol OrRtRt, assumed default net type wire [E:/Projects/VLSI/32BitMIPSArch/MIPS325/MIPS325.srcs/sources_1/new/StallControl.v:67]
INFO: [VRFC 10-2458] undeclared symbol notOrRtRt, assumed default net type wire [E:/Projects/VLSI/32BitMIPSArch/MIPS325/MIPS325.srcs/sources_1/new/StallControl.v:68]
INFO: [VRFC 10-2458] undeclared symbol ec1, assumed default net type wire [E:/Projects/VLSI/32BitMIPSArch/MIPS325/MIPS325.srcs/sources_1/new/StallControl.v:76]
INFO: [VRFC 10-2458] undeclared symbol ec2, assumed default net type wire [E:/Projects/VLSI/32BitMIPSArch/MIPS325/MIPS325.srcs/sources_1/new/StallControl.v:84]
INFO: [VRFC 10-2458] undeclared symbol xorop, assumed default net type wire [E:/Projects/VLSI/32BitMIPSArch/MIPS325/MIPS325.srcs/sources_1/new/StallControl.v:87]
INFO: [VRFC 10-2458] undeclared symbol xoroprt, assumed default net type wire [E:/Projects/VLSI/32BitMIPSArch/MIPS325/MIPS325.srcs/sources_1/new/StallControl.v:88]
INFO: [VRFC 10-2458] undeclared symbol OrOut, assumed default net type wire [E:/Projects/VLSI/32BitMIPSArch/MIPS325/MIPS325.srcs/sources_1/new/StallControl.v:89]
INFO: [VRFC 10-2458] undeclared symbol Condition, assumed default net type wire [E:/Projects/VLSI/32BitMIPSArch/MIPS325/MIPS325.srcs/sources_1/new/StallControl.v:90]
INFO: [VRFC 10-2263] Analyzing Verilog file "E:/Projects/VLSI/32BitMIPSArch/MIPS325/MIPS325.srcs/sources_1/new/WB_forward.v" into library xil_defaultlib
INFO: [VRFC 10-311] analyzing module WB_forward
INFO: [VRFC 10-2458] undeclared symbol orOut1, assumed default net type wire [E:/Projects/VLSI/32BitMIPSArch/MIPS325/MIPS325.srcs/sources_1/new/WB_forward.v:51]
INFO: [VRFC 10-311] analyzing module CompareAddress
INFO: [VRFC 10-2458] undeclared symbol OrAddr, assumed default net type wire [E:/Projects/VLSI/32BitMIPSArch/MIPS325/MIPS325.srcs/sources_1/new/WB_forward.v:75]
INFO: [VRFC 10-2263] Analyzing Verilog file "E:/Projects/VLSI/32BitMIPSArch/MIPS325/MIPS325.srcs/sources_1/new/dataMem.v" into library xil_defaultlib
INFO: [VRFC 10-311] analyzing module dataMem
INFO: [VRFC 10-2263] Analyzing Verilog file "E:/Projects/VLSI/32BitMIPSArch/MIPS325/MIPS325.srcs/sources_1/new/flush_block.v" into library xil_defaultlib
INFO: [VRFC 10-311] analyzing module flush_block
INFO: [VRFC 10-2458] undeclared symbol notflush, assumed default net type wire [E:/Projects/VLSI/32BitMIPSArch/MIPS325/MIPS325.srcs/sources_1/new/flush_block.v:33]
INFO: [VRFC 10-311] analyzing module Discard_Instr
INFO: [VRFC 10-2263] Analyzing Verilog file "E:/Projects/VLSI/32BitMIPSArch/MIPS325/MIPS325.srcs/sources_1/new/mux2x32to32.v" into library xil_defaultlib
INFO: [VRFC 10-311] analyzing module mux2x32to32
INFO: [VRFC 10-2263] Analyzing Verilog file "E:/Projects/VLSI/32BitMIPSArch/MIPS325/MIPS325.srcs/sources_1/new/mux2x5to5.v" into library xil_defaultlib
INFO: [VRFC 10-311] analyzing module mux2x5to5
INFO: [VRFC 10-311] analyzing module mux2_1
INFO: [VRFC 10-2458] undeclared symbol nsel, assumed default net type wire [E:/Projects/VLSI/32BitMIPSArch/MIPS325/MIPS325.srcs/sources_1/new/mux2x5to5.v:39]
INFO: [VRFC 10-2458] undeclared symbol O1, assumed default net type wire [E:/Projects/VLSI/32BitMIPSArch/MIPS325/MIPS325.srcs/sources_1/new/mux2x5to5.v:40]
INFO: [VRFC 10-2458] undeclared symbol O2, assumed default net type wire [E:/Projects/VLSI/32BitMIPSArch/MIPS325/MIPS325.srcs/sources_1/new/mux2x5to5.v:41]
INFO: [VRFC 10-2263] Analyzing Verilog file "E:/Projects/VLSI/32BitMIPSArch/MIPS325/MIPS325.srcs/sources_1/new/mux3x32to32.v" into library xil_defaultlib
INFO: [VRFC 10-311] analyzing module mux3x32to32
INFO: [VRFC 10-2263] Analyzing Verilog file "E:/Projects/VLSI/32BitMIPSArch/MIPS325/MIPS325.srcs/sources_1/new/sign_extend.v" into library xil_defaultlib
INFO: [VRFC 10-311] analyzing module sign_extend
INFO: [VRFC 10-311] analyzing module shift_left_2
INFO: [VRFC 10-2263] Analyzing Verilog file "E:/Projects/VLSI/32BitMIPSArch/MIPS325/MIPS325.srcs/sources_1/new/zero_extend.v" into library xil_defaultlib
INFO: [VRFC 10-311] analyzing module zero_extend
INFO: [VRFC 10-2263] Analyzing Verilog file "E:/Projects/VLSI/32BitMIPSArch/MIPS325/MIPS325.srcs/sources_1/new/MIPSpipeline.v" into library xil_defaultlib
INFO: [VRFC 10-311] analyzing module MIPSpipeline
INFO: [VRFC 10-2458] undeclared symbol ID_flush, assumed default net type wire [E:/Projects/VLSI/32BitMIPSArch/MIPS325/MIPS325.srcs/sources_1/new/MIPSpipeline.v:125]
INFO: [VRFC 10-2263] Analyzing Verilog file "E:/Projects/VLSI/32BitMIPSArch/MIPS325/MIPS325.srcs/sim_1/new/MIPSStimulus.v" into library xil_defaultlib
INFO: [VRFC 10-311] analyzing module MIPSStimulus
run_program: Time (s): cpu = 00:00:02 ; elapsed = 00:00:10 . Memory (MB): peak = 2785.293 ; gain = 0.000
INFO: [USF-XSim-69] 'compile' step finished in '10' seconds
INFO: [USF-XSim-3] XSim::Elaborate design
INFO: [USF-XSim-61] Executing 'ELABORATE' step in 'E:/Projects/VLSI/32BitMIPSArch/MIPS325/MIPS325.sim/sim_1/behav/xsim'
"xelab -wto fdbe9ff532be41138437c9414e3eaad5 --incr --debug typical --relax --mt 2 -L xil_defaultlib -L unisims_ver -L unimacro_ver -L secureip --snapshot MIPSStimulus_behav xil_defaultlib.MIPSStimulus xil_defaultlib.glbl -log elaborate.log"
Vivado Simulator 2020.2
Copyright 1986-1999, 2001-2020 Xilinx, Inc. All Rights Reserved.
Running: E:/SOFTWAREs/XilinxVivado/Vivado/2020.2/bin/unwrapped/win64.o/xelab.exe -wto fdbe9ff532be41138437c9414e3eaad5 --incr --debug typical --relax --mt 2 -L xil_defaultlib -L unisims_ver -L unimacro_ver -L secureip --snapshot MIPSStimulus_behav xil_defaultlib.MIPSStimulus xil_defaultlib.glbl -log elaborate.log 
Using 2 slave threads.
Starting static elaboration
Pass Through NonSizing Optimizer
ERROR: [VRFC 10-3236] concurrent assignment to a non-net 'clk' is not permitted [E:/Projects/VLSI/32BitMIPSArch/MIPS325/MIPS325.srcs/sim_1/new/MIPSStimulus.v:29]
WARNING: [VRFC 10-5021] port 'clk' is not connected on this instance [E:/Projects/VLSI/32BitMIPSArch/MIPS325/MIPS325.srcs/sim_1/new/MIPSStimulus.v:29]
ERROR: [VRFC 10-3525] mixed concurrent and procedural assignment on 'clk' [E:/Projects/VLSI/32BitMIPSArch/MIPS325/MIPS325.srcs/sim_1/new/MIPSStimulus.v:31]
ERROR: [XSIM 43-3322] Static elaboration of top level Verilog design unit(s) in library work failed.
INFO: [USF-XSim-69] 'elaborate' step finished in '4' seconds
INFO: [USF-XSim-99] Step results log file:'E:/Projects/VLSI/32BitMIPSArch/MIPS325/MIPS325.sim/sim_1/behav/xsim/elaborate.log'
ERROR: [USF-XSim-62] 'elaborate' step failed with error(s). Please check the Tcl console output or 'E:/Projects/VLSI/32BitMIPSArch/MIPS325/MIPS325.sim/sim_1/behav/xsim/elaborate.log' file for more information.
ERROR: [Vivado 12-4473] Detected error while running simulation. Please correct the issue and retry this operation.
launch_simulation: Time (s): cpu = 00:00:03 ; elapsed = 00:00:15 . Memory (MB): peak = 2785.293 ; gain = 0.000
ERROR: [Common 17-39] 'launch_simulation' failed due to earlier errors.
WARNING: [filemgmt 56-199] Attempt to get parsing info during refresh. "On-the-fly" syntax checking information may be incorrect. [E:\Projects\VLSI\32BitMIPSArch\MIPS325\MIPS325.srcs\sources_1\new\MIPSpipeline.v:]
WARNING: [filemgmt 56-199] Attempt to get parsing info during refresh. "On-the-fly" syntax checking information may be incorrect. [E:\Projects\VLSI\32BitMIPSArch\MIPS325\MIPS325.srcs\sim_1\new\MIPSStimulus.v:]
ERROR: [Common 17-180] Spawn failed: No error
WARNING: [filemgmt 56-199] Attempt to get parsing info during refresh. "On-the-fly" syntax checking information may be incorrect. [E:\Projects\VLSI\32BitMIPSArch\MIPS325\MIPS325.srcs\sources_1\new\MIPSpipeline.v:]
WARNING: [filemgmt 56-199] Attempt to get parsing info during refresh. "On-the-fly" syntax checking information may be incorrect. [E:\Projects\VLSI\32BitMIPSArch\MIPS325\MIPS325.srcs\sim_1\new\MIPSStimulus.v:]
ERROR: [Common 17-180] Spawn failed: No error
WARNING: [filemgmt 56-199] Attempt to get parsing info during refresh. "On-the-fly" syntax checking information may be incorrect. [E:\Projects\VLSI\32BitMIPSArch\MIPS325\MIPS325.srcs\sources_1\new\MIPSpipeline.v:]
WARNING: [filemgmt 56-199] Attempt to get parsing info during refresh. "On-the-fly" syntax checking information may be incorrect. [E:\Projects\VLSI\32BitMIPSArch\MIPS325\MIPS325.srcs\sim_1\new\MIPSStimulus.v:]
ERROR: [Common 17-180] Spawn failed: No error
WARNING: [filemgmt 56-199] Attempt to get parsing info during refresh. "On-the-fly" syntax checking information may be incorrect. [E:\Projects\VLSI\32BitMIPSArch\MIPS325\MIPS325.srcs\sources_1\new\MIPSpipeline.v:]
WARNING: [filemgmt 56-199] Attempt to get parsing info during refresh. "On-the-fly" syntax checking information may be incorrect. [E:\Projects\VLSI\32BitMIPSArch\MIPS325\MIPS325.srcs\sim_1\new\MIPSStimulus.v:]
ERROR: [Common 17-180] Spawn failed: No error
launch_simulation
Command: launch_simulation 
INFO: [Vivado 12-5682] Launching behavioral simulation in 'E:/Projects/VLSI/32BitMIPSArch/MIPS325/MIPS325.sim/sim_1/behav/xsim'
INFO: [SIM-utils-51] Simulation object is 'sim_1'
INFO: [SIM-utils-54] Inspecting design source files for 'MIPSStimulus' in fileset 'sim_1'...
INFO: [SIM-utils-43] Exported 'E:/Projects/VLSI/32BitMIPSArch/MIPS325/MIPS325.sim/sim_1/behav/xsim/instr.txt'
INFO: [USF-XSim-97] Finding global include files...
INFO: [USF-XSim-100] Fetching design files from 'sources_1'...(this may take a while)...
INFO: [USF-XSim-101] Fetching design files from 'sim_1'...
INFO: [USF-XSim-2] XSim::Compile design
INFO: [USF-XSim-61] Executing 'COMPILE and ANALYZE' step in 'E:/Projects/VLSI/32BitMIPSArch/MIPS325/MIPS325.sim/sim_1/behav/xsim'
"xvlog --incr --relax -prj MIPSStimulus_vlog.prj"
INFO: [VRFC 10-2263] Analyzing Verilog file "E:/Projects/VLSI/32BitMIPSArch/MIPS325/MIPS325.srcs/sources_1/new/ALU.v" into library xil_defaultlib
INFO: [VRFC 10-311] analyzing module ALU
INFO: [VRFC 10-2458] undeclared symbol notcr31, assumed default net type wire [E:/Projects/VLSI/32BitMIPSArch/MIPS325/MIPS325.srcs/sources_1/new/ALU.v:62]
INFO: [VRFC 10-2458] undeclared symbol addsub31Out, assumed default net type wire [E:/Projects/VLSI/32BitMIPSArch/MIPS325/MIPS325.srcs/sources_1/new/ALU.v:67]
INFO: [VRFC 10-2458] undeclared symbol crrout31, assumed default net type wire [E:/Projects/VLSI/32BitMIPSArch/MIPS325/MIPS325.srcs/sources_1/new/ALU.v:67]
INFO: [VRFC 10-2458] undeclared symbol o1, assumed default net type wire [E:/Projects/VLSI/32BitMIPSArch/MIPS325/MIPS325.srcs/sources_1/new/ALU.v:70]
INFO: [VRFC 10-2458] undeclared symbol o2, assumed default net type wire [E:/Projects/VLSI/32BitMIPSArch/MIPS325/MIPS325.srcs/sources_1/new/ALU.v:71]
INFO: [VRFC 10-2458] undeclared symbol o3, assumed default net type wire [E:/Projects/VLSI/32BitMIPSArch/MIPS325/MIPS325.srcs/sources_1/new/ALU.v:72]
INFO: [VRFC 10-2458] undeclared symbol o4, assumed default net type wire [E:/Projects/VLSI/32BitMIPSArch/MIPS325/MIPS325.srcs/sources_1/new/ALU.v:73]
INFO: [VRFC 10-2458] undeclared symbol o5, assumed default net type wire [E:/Projects/VLSI/32BitMIPSArch/MIPS325/MIPS325.srcs/sources_1/new/ALU.v:74]
INFO: [VRFC 10-2458] undeclared symbol o6, assumed default net type wire [E:/Projects/VLSI/32BitMIPSArch/MIPS325/MIPS325.srcs/sources_1/new/ALU.v:75]
INFO: [VRFC 10-2458] undeclared symbol o7, assumed default net type wire [E:/Projects/VLSI/32BitMIPSArch/MIPS325/MIPS325.srcs/sources_1/new/ALU.v:76]
INFO: [VRFC 10-2458] undeclared symbol o8, assumed default net type wire [E:/Projects/VLSI/32BitMIPSArch/MIPS325/MIPS325.srcs/sources_1/new/ALU.v:77]
INFO: [VRFC 10-2458] undeclared symbol o9, assumed default net type wire [E:/Projects/VLSI/32BitMIPSArch/MIPS325/MIPS325.srcs/sources_1/new/ALU.v:78]
INFO: [VRFC 10-2458] undeclared symbol o10, assumed default net type wire [E:/Projects/VLSI/32BitMIPSArch/MIPS325/MIPS325.srcs/sources_1/new/ALU.v:79]
INFO: [VRFC 10-311] analyzing module alu1bit
INFO: [VRFC 10-2458] undeclared symbol addsubOut, assumed default net type wire [E:/Projects/VLSI/32BitMIPSArch/MIPS325/MIPS325.srcs/sources_1/new/ALU.v:87]
INFO: [VRFC 10-2458] undeclared symbol xorOut, assumed default net type wire [E:/Projects/VLSI/32BitMIPSArch/MIPS325/MIPS325.srcs/sources_1/new/ALU.v:88]
INFO: [VRFC 10-2458] undeclared symbol xorlessOut, assumed default net type wire [E:/Projects/VLSI/32BitMIPSArch/MIPS325/MIPS325.srcs/sources_1/new/ALU.v:89]
INFO: [VRFC 10-311] analyzing module addsub
INFO: [VRFC 10-2458] undeclared symbol notb, assumed default net type wire [E:/Projects/VLSI/32BitMIPSArch/MIPS325/MIPS325.srcs/sources_1/new/ALU.v:96]
INFO: [VRFC 10-2458] undeclared symbol b1, assumed default net type wire [E:/Projects/VLSI/32BitMIPSArch/MIPS325/MIPS325.srcs/sources_1/new/ALU.v:97]
INFO: [VRFC 10-311] analyzing module adder
INFO: [VRFC 10-2458] undeclared symbol c1, assumed default net type wire [E:/Projects/VLSI/32BitMIPSArch/MIPS325/MIPS325.srcs/sources_1/new/ALU.v:109]
INFO: [VRFC 10-2458] undeclared symbol c2, assumed default net type wire [E:/Projects/VLSI/32BitMIPSArch/MIPS325/MIPS325.srcs/sources_1/new/ALU.v:110]
INFO: [VRFC 10-2458] undeclared symbol c3, assumed default net type wire [E:/Projects/VLSI/32BitMIPSArch/MIPS325/MIPS325.srcs/sources_1/new/ALU.v:111]
INFO: [VRFC 10-311] analyzing module mux21
INFO: [VRFC 10-2458] undeclared symbol nsel, assumed default net type wire [E:/Projects/VLSI/32BitMIPSArch/MIPS325/MIPS325.srcs/sources_1/new/ALU.v:120]
INFO: [VRFC 10-2458] undeclared symbol O1, assumed default net type wire [E:/Projects/VLSI/32BitMIPSArch/MIPS325/MIPS325.srcs/sources_1/new/ALU.v:121]
INFO: [VRFC 10-2458] undeclared symbol O2, assumed default net type wire [E:/Projects/VLSI/32BitMIPSArch/MIPS325/MIPS325.srcs/sources_1/new/ALU.v:122]
INFO: [VRFC 10-2263] Analyzing Verilog file "E:/Projects/VLSI/32BitMIPSArch/MIPS325/MIPS325.srcs/sources_1/new/ALUControl_Block.v" into library xil_defaultlib
INFO: [VRFC 10-311] analyzing module ALUControl_Block
INFO: [VRFC 10-2263] Analyzing Verilog file "E:/Projects/VLSI/32BitMIPSArch/MIPS325/MIPS325.srcs/sources_1/new/Add.v" into library xil_defaultlib
INFO: [VRFC 10-311] analyzing module Add
INFO: [VRFC 10-311] analyzing module adder1bit
INFO: [VRFC 10-2458] undeclared symbol c1, assumed default net type wire [E:/Projects/VLSI/32BitMIPSArch/MIPS325/MIPS325.srcs/sources_1/new/Add.v:71]
INFO: [VRFC 10-2458] undeclared symbol c2, assumed default net type wire [E:/Projects/VLSI/32BitMIPSArch/MIPS325/MIPS325.srcs/sources_1/new/Add.v:72]
INFO: [VRFC 10-2458] undeclared symbol c3, assumed default net type wire [E:/Projects/VLSI/32BitMIPSArch/MIPS325/MIPS325.srcs/sources_1/new/Add.v:73]
INFO: [VRFC 10-2263] Analyzing Verilog file "E:/Projects/VLSI/32BitMIPSArch/MIPS325/MIPS325.srcs/sources_1/new/Control.v" into library xil_defaultlib
INFO: [VRFC 10-311] analyzing module Control
INFO: [VRFC 10-2263] Analyzing Verilog file "E:/Projects/VLSI/32BitMIPSArch/MIPS325/MIPS325.srcs/sources_1/new/FowardingUnit.v" into library xil_defaultlib
INFO: [VRFC 10-311] analyzing module ForwardingUnit
INFO: [VRFC 10-2458] undeclared symbol a, assumed default net type wire [E:/Projects/VLSI/32BitMIPSArch/MIPS325/MIPS325.srcs/sources_1/new/FowardingUnit.v:34]
INFO: [VRFC 10-2458] undeclared symbol b, assumed default net type wire [E:/Projects/VLSI/32BitMIPSArch/MIPS325/MIPS325.srcs/sources_1/new/FowardingUnit.v:35]
INFO: [VRFC 10-2458] undeclared symbol x, assumed default net type wire [E:/Projects/VLSI/32BitMIPSArch/MIPS325/MIPS325.srcs/sources_1/new/FowardingUnit.v:36]
INFO: [VRFC 10-2458] undeclared symbol c, assumed default net type wire [E:/Projects/VLSI/32BitMIPSArch/MIPS325/MIPS325.srcs/sources_1/new/FowardingUnit.v:40]
INFO: [VRFC 10-2458] undeclared symbol d, assumed default net type wire [E:/Projects/VLSI/32BitMIPSArch/MIPS325/MIPS325.srcs/sources_1/new/FowardingUnit.v:41]
INFO: [VRFC 10-2458] undeclared symbol y, assumed default net type wire [E:/Projects/VLSI/32BitMIPSArch/MIPS325/MIPS325.srcs/sources_1/new/FowardingUnit.v:42]
INFO: [VRFC 10-2458] undeclared symbol notx, assumed default net type wire [E:/Projects/VLSI/32BitMIPSArch/MIPS325/MIPS325.srcs/sources_1/new/FowardingUnit.v:47]
INFO: [VRFC 10-2458] undeclared symbol b1, assumed default net type wire [E:/Projects/VLSI/32BitMIPSArch/MIPS325/MIPS325.srcs/sources_1/new/FowardingUnit.v:51]
INFO: [VRFC 10-2458] undeclared symbol d1, assumed default net type wire [E:/Projects/VLSI/32BitMIPSArch/MIPS325/MIPS325.srcs/sources_1/new/FowardingUnit.v:52]
INFO: [VRFC 10-2458] undeclared symbol x1, assumed default net type wire [E:/Projects/VLSI/32BitMIPSArch/MIPS325/MIPS325.srcs/sources_1/new/FowardingUnit.v:53]
INFO: [VRFC 10-2458] undeclared symbol y1, assumed default net type wire [E:/Projects/VLSI/32BitMIPSArch/MIPS325/MIPS325.srcs/sources_1/new/FowardingUnit.v:54]
INFO: [VRFC 10-2458] undeclared symbol notx1, assumed default net type wire [E:/Projects/VLSI/32BitMIPSArch/MIPS325/MIPS325.srcs/sources_1/new/FowardingUnit.v:57]
INFO: [VRFC 10-2263] Analyzing Verilog file "E:/Projects/VLSI/32BitMIPSArch/MIPS325/MIPS325.srcs/sources_1/new/InstructionMem.v" into library xil_defaultlib
INFO: [VRFC 10-311] analyzing module InstructionMem
INFO: [VRFC 10-311] analyzing module instrmemstimulous
INFO: [VRFC 10-2263] Analyzing Verilog file "E:/Projects/VLSI/32BitMIPSArch/MIPS325/MIPS325.srcs/sources_1/new/JRControl_Block.v" into library xil_defaultlib
INFO: [VRFC 10-311] analyzing module JRControl_Block
INFO: [VRFC 10-2263] Analyzing Verilog file "E:/Projects/VLSI/32BitMIPSArch/MIPS325/MIPS325.srcs/sources_1/new/RegFile.v" into library xil_defaultlib
INFO: [VRFC 10-311] analyzing module RegFile
INFO: [VRFC 10-311] analyzing module D_FF
INFO: [VRFC 10-311] analyzing module RegBit
INFO: [VRFC 10-311] analyzing module register
INFO: [VRFC 10-311] analyzing module decoder
INFO: [VRFC 10-311] analyzing module andmore
INFO: [VRFC 10-2458] undeclared symbol f1, assumed default net type wire [E:/Projects/VLSI/32BitMIPSArch/MIPS325/MIPS325.srcs/sources_1/new/RegFile.v:201]
INFO: [VRFC 10-311] analyzing module dec5to32
INFO: [VRFC 10-2458] undeclared symbol Nota, assumed default net type wire [E:/Projects/VLSI/32BitMIPSArch/MIPS325/MIPS325.srcs/sources_1/new/RegFile.v:208]
INFO: [VRFC 10-2458] undeclared symbol Notb, assumed default net type wire [E:/Projects/VLSI/32BitMIPSArch/MIPS325/MIPS325.srcs/sources_1/new/RegFile.v:209]
INFO: [VRFC 10-2458] undeclared symbol Notc, assumed default net type wire [E:/Projects/VLSI/32BitMIPSArch/MIPS325/MIPS325.srcs/sources_1/new/RegFile.v:210]
INFO: [VRFC 10-2458] undeclared symbol Notd, assumed default net type wire [E:/Projects/VLSI/32BitMIPSArch/MIPS325/MIPS325.srcs/sources_1/new/RegFile.v:211]
INFO: [VRFC 10-2458] undeclared symbol Note, assumed default net type wire [E:/Projects/VLSI/32BitMIPSArch/MIPS325/MIPS325.srcs/sources_1/new/RegFile.v:212]
INFO: [VRFC 10-311] analyzing module mux32to1
INFO: [VRFC 10-2458] undeclared symbol g3, assumed default net type wire [E:/Projects/VLSI/32BitMIPSArch/MIPS325/MIPS325.srcs/sources_1/new/RegFile.v:287]
INFO: [VRFC 10-2458] undeclared symbol g4, assumed default net type wire [E:/Projects/VLSI/32BitMIPSArch/MIPS325/MIPS325.srcs/sources_1/new/RegFile.v:288]
INFO: [VRFC 10-2458] undeclared symbol g5, assumed default net type wire [E:/Projects/VLSI/32BitMIPSArch/MIPS325/MIPS325.srcs/sources_1/new/RegFile.v:289]
INFO: [VRFC 10-2458] undeclared symbol g6, assumed default net type wire [E:/Projects/VLSI/32BitMIPSArch/MIPS325/MIPS325.srcs/sources_1/new/RegFile.v:290]
INFO: [VRFC 10-2458] undeclared symbol g7, assumed default net type wire [E:/Projects/VLSI/32BitMIPSArch/MIPS325/MIPS325.srcs/sources_1/new/RegFile.v:291]
INFO: [VRFC 10-2458] undeclared symbol g8, assumed default net type wire [E:/Projects/VLSI/32BitMIPSArch/MIPS325/MIPS325.srcs/sources_1/new/RegFile.v:292]
INFO: [VRFC 10-2458] undeclared symbol g9, assumed default net type wire [E:/Projects/VLSI/32BitMIPSArch/MIPS325/MIPS325.srcs/sources_1/new/RegFile.v:293]
INFO: [VRFC 10-2458] undeclared symbol g10, assumed default net type wire [E:/Projects/VLSI/32BitMIPSArch/MIPS325/MIPS325.srcs/sources_1/new/RegFile.v:294]
INFO: [VRFC 10-2458] undeclared symbol g11, assumed default net type wire [E:/Projects/VLSI/32BitMIPSArch/MIPS325/MIPS325.srcs/sources_1/new/RegFile.v:295]
INFO: [VRFC 10-2458] undeclared symbol g12, assumed default net type wire [E:/Projects/VLSI/32BitMIPSArch/MIPS325/MIPS325.srcs/sources_1/new/RegFile.v:296]
INFO: [VRFC 10-311] analyzing module mux32x32to32
INFO: [VRFC 10-2263] Analyzing Verilog file "E:/Projects/VLSI/32BitMIPSArch/MIPS325/MIPS325.srcs/sources_1/new/StallControl.v" into library xil_defaultlib
INFO: [VRFC 10-311] analyzing module StallControl
INFO: [VRFC 10-2458] undeclared symbol OrRsRt, assumed default net type wire [E:/Projects/VLSI/32BitMIPSArch/MIPS325/MIPS325.srcs/sources_1/new/StallControl.v:58]
INFO: [VRFC 10-2458] undeclared symbol notOrRsRt, assumed default net type wire [E:/Projects/VLSI/32BitMIPSArch/MIPS325/MIPS325.srcs/sources_1/new/StallControl.v:59]
INFO: [VRFC 10-2458] undeclared symbol OrRtRt, assumed default net type wire [E:/Projects/VLSI/32BitMIPSArch/MIPS325/MIPS325.srcs/sources_1/new/StallControl.v:67]
INFO: [VRFC 10-2458] undeclared symbol notOrRtRt, assumed default net type wire [E:/Projects/VLSI/32BitMIPSArch/MIPS325/MIPS325.srcs/sources_1/new/StallControl.v:68]
INFO: [VRFC 10-2458] undeclared symbol ec1, assumed default net type wire [E:/Projects/VLSI/32BitMIPSArch/MIPS325/MIPS325.srcs/sources_1/new/StallControl.v:76]
INFO: [VRFC 10-2458] undeclared symbol ec2, assumed default net type wire [E:/Projects/VLSI/32BitMIPSArch/MIPS325/MIPS325.srcs/sources_1/new/StallControl.v:84]
INFO: [VRFC 10-2458] undeclared symbol xorop, assumed default net type wire [E:/Projects/VLSI/32BitMIPSArch/MIPS325/MIPS325.srcs/sources_1/new/StallControl.v:87]
INFO: [VRFC 10-2458] undeclared symbol xoroprt, assumed default net type wire [E:/Projects/VLSI/32BitMIPSArch/MIPS325/MIPS325.srcs/sources_1/new/StallControl.v:88]
INFO: [VRFC 10-2458] undeclared symbol OrOut, assumed default net type wire [E:/Projects/VLSI/32BitMIPSArch/MIPS325/MIPS325.srcs/sources_1/new/StallControl.v:89]
INFO: [VRFC 10-2458] undeclared symbol Condition, assumed default net type wire [E:/Projects/VLSI/32BitMIPSArch/MIPS325/MIPS325.srcs/sources_1/new/StallControl.v:90]
INFO: [VRFC 10-2263] Analyzing Verilog file "E:/Projects/VLSI/32BitMIPSArch/MIPS325/MIPS325.srcs/sources_1/new/WB_forward.v" into library xil_defaultlib
INFO: [VRFC 10-311] analyzing module WB_forward
INFO: [VRFC 10-2458] undeclared symbol orOut1, assumed default net type wire [E:/Projects/VLSI/32BitMIPSArch/MIPS325/MIPS325.srcs/sources_1/new/WB_forward.v:51]
INFO: [VRFC 10-311] analyzing module CompareAddress
INFO: [VRFC 10-2458] undeclared symbol OrAddr, assumed default net type wire [E:/Projects/VLSI/32BitMIPSArch/MIPS325/MIPS325.srcs/sources_1/new/WB_forward.v:75]
INFO: [VRFC 10-2263] Analyzing Verilog file "E:/Projects/VLSI/32BitMIPSArch/MIPS325/MIPS325.srcs/sources_1/new/dataMem.v" into library xil_defaultlib
INFO: [VRFC 10-311] analyzing module dataMem
INFO: [VRFC 10-2263] Analyzing Verilog file "E:/Projects/VLSI/32BitMIPSArch/MIPS325/MIPS325.srcs/sources_1/new/flush_block.v" into library xil_defaultlib
INFO: [VRFC 10-311] analyzing module flush_block
INFO: [VRFC 10-2458] undeclared symbol notflush, assumed default net type wire [E:/Projects/VLSI/32BitMIPSArch/MIPS325/MIPS325.srcs/sources_1/new/flush_block.v:33]
INFO: [VRFC 10-311] analyzing module Discard_Instr
INFO: [VRFC 10-2263] Analyzing Verilog file "E:/Projects/VLSI/32BitMIPSArch/MIPS325/MIPS325.srcs/sources_1/new/mux2x32to32.v" into library xil_defaultlib
INFO: [VRFC 10-311] analyzing module mux2x32to32
INFO: [VRFC 10-2263] Analyzing Verilog file "E:/Projects/VLSI/32BitMIPSArch/MIPS325/MIPS325.srcs/sources_1/new/mux2x5to5.v" into library xil_defaultlib
INFO: [VRFC 10-311] analyzing module mux2x5to5
INFO: [VRFC 10-311] analyzing module mux2_1
INFO: [VRFC 10-2458] undeclared symbol nsel, assumed default net type wire [E:/Projects/VLSI/32BitMIPSArch/MIPS325/MIPS325.srcs/sources_1/new/mux2x5to5.v:39]
INFO: [VRFC 10-2458] undeclared symbol O1, assumed default net type wire [E:/Projects/VLSI/32BitMIPSArch/MIPS325/MIPS325.srcs/sources_1/new/mux2x5to5.v:40]
INFO: [VRFC 10-2458] undeclared symbol O2, assumed default net type wire [E:/Projects/VLSI/32BitMIPSArch/MIPS325/MIPS325.srcs/sources_1/new/mux2x5to5.v:41]
INFO: [VRFC 10-2263] Analyzing Verilog file "E:/Projects/VLSI/32BitMIPSArch/MIPS325/MIPS325.srcs/sources_1/new/mux3x32to32.v" into library xil_defaultlib
INFO: [VRFC 10-311] analyzing module mux3x32to32
INFO: [VRFC 10-2263] Analyzing Verilog file "E:/Projects/VLSI/32BitMIPSArch/MIPS325/MIPS325.srcs/sources_1/new/sign_extend.v" into library xil_defaultlib
INFO: [VRFC 10-311] analyzing module sign_extend
INFO: [VRFC 10-311] analyzing module shift_left_2
INFO: [VRFC 10-2263] Analyzing Verilog file "E:/Projects/VLSI/32BitMIPSArch/MIPS325/MIPS325.srcs/sources_1/new/zero_extend.v" into library xil_defaultlib
INFO: [VRFC 10-311] analyzing module zero_extend
INFO: [VRFC 10-2263] Analyzing Verilog file "E:/Projects/VLSI/32BitMIPSArch/MIPS325/MIPS325.srcs/sources_1/new/MIPSpipeline.v" into library xil_defaultlib
INFO: [VRFC 10-311] analyzing module MIPSpipeline
INFO: [VRFC 10-2458] undeclared symbol ID_flush, assumed default net type wire [E:/Projects/VLSI/32BitMIPSArch/MIPS325/MIPS325.srcs/sources_1/new/MIPSpipeline.v:125]
INFO: [VRFC 10-2263] Analyzing Verilog file "E:/Projects/VLSI/32BitMIPSArch/MIPS325/MIPS325.srcs/sim_1/new/MIPSStimulus.v" into library xil_defaultlib
INFO: [VRFC 10-311] analyzing module MIPSStimulus
ERROR: [VRFC 10-4982] syntax error near 'MIPSpipeline' [E:/Projects/VLSI/32BitMIPSArch/MIPS325/MIPS325.srcs/sim_1/new/MIPSStimulus.v:29]
WARNING: [VRFC 10-3248] data object 'reset' is already declared [E:/Projects/VLSI/32BitMIPSArch/MIPS325/MIPS325.srcs/sim_1/new/MIPSStimulus.v:29]
WARNING: [VRFC 10-3703] second declaration of 'reset' ignored [E:/Projects/VLSI/32BitMIPSArch/MIPS325/MIPS325.srcs/sim_1/new/MIPSStimulus.v:29]
ERROR: [VRFC 10-2865] module 'MIPSStimulus' ignored due to previous errors [E:/Projects/VLSI/32BitMIPSArch/MIPS325/MIPS325.srcs/sim_1/new/MIPSStimulus.v:23]
run_program: Time (s): cpu = 00:00:02 ; elapsed = 00:00:09 . Memory (MB): peak = 2785.293 ; gain = 0.000
INFO: [USF-XSim-69] 'compile' step finished in '9' seconds
INFO: [USF-XSim-99] Step results log file:'E:/Projects/VLSI/32BitMIPSArch/MIPS325/MIPS325.sim/sim_1/behav/xsim/xvlog.log'
ERROR: [USF-XSim-62] 'compile' step failed with error(s). Please check the Tcl console output or 'E:/Projects/VLSI/32BitMIPSArch/MIPS325/MIPS325.sim/sim_1/behav/xsim/xvlog.log' file for more information.
ERROR: [Vivado 12-4473] Detected error while running simulation. Please correct the issue and retry this operation.
launch_simulation: Time (s): cpu = 00:00:02 ; elapsed = 00:00:09 . Memory (MB): peak = 2785.293 ; gain = 0.000
ERROR: [Common 17-39] 'launch_simulation' failed due to earlier errors.
WARNING: [filemgmt 56-199] Attempt to get parsing info during refresh. "On-the-fly" syntax checking information may be incorrect. [E:\Projects\VLSI\32BitMIPSArch\MIPS325\MIPS325.srcs\sources_1\new\MIPSpipeline.v:]
WARNING: [filemgmt 56-199] Attempt to get parsing info during refresh. "On-the-fly" syntax checking information may be incorrect. [E:\Projects\VLSI\32BitMIPSArch\MIPS325\MIPS325.srcs\sim_1\new\MIPSStimulus.v:]
ERROR: [Common 17-180] Spawn failed: No error
launch_simulation
Command: launch_simulation 
INFO: [Vivado 12-5682] Launching behavioral simulation in 'E:/Projects/VLSI/32BitMIPSArch/MIPS325/MIPS325.sim/sim_1/behav/xsim'
INFO: [SIM-utils-51] Simulation object is 'sim_1'
INFO: [SIM-utils-54] Inspecting design source files for 'MIPSStimulus' in fileset 'sim_1'...
INFO: [SIM-utils-43] Exported 'E:/Projects/VLSI/32BitMIPSArch/MIPS325/MIPS325.sim/sim_1/behav/xsim/instr.txt'
INFO: [USF-XSim-97] Finding global include files...
INFO: [USF-XSim-100] Fetching design files from 'sources_1'...(this may take a while)...
INFO: [USF-XSim-101] Fetching design files from 'sim_1'...
INFO: [USF-XSim-2] XSim::Compile design
INFO: [USF-XSim-61] Executing 'COMPILE and ANALYZE' step in 'E:/Projects/VLSI/32BitMIPSArch/MIPS325/MIPS325.sim/sim_1/behav/xsim'
"xvlog --incr --relax -prj MIPSStimulus_vlog.prj"
INFO: [VRFC 10-2263] Analyzing Verilog file "E:/Projects/VLSI/32BitMIPSArch/MIPS325/MIPS325.srcs/sources_1/new/ALU.v" into library xil_defaultlib
INFO: [VRFC 10-311] analyzing module ALU
INFO: [VRFC 10-2458] undeclared symbol notcr31, assumed default net type wire [E:/Projects/VLSI/32BitMIPSArch/MIPS325/MIPS325.srcs/sources_1/new/ALU.v:62]
INFO: [VRFC 10-2458] undeclared symbol addsub31Out, assumed default net type wire [E:/Projects/VLSI/32BitMIPSArch/MIPS325/MIPS325.srcs/sources_1/new/ALU.v:67]
INFO: [VRFC 10-2458] undeclared symbol crrout31, assumed default net type wire [E:/Projects/VLSI/32BitMIPSArch/MIPS325/MIPS325.srcs/sources_1/new/ALU.v:67]
INFO: [VRFC 10-2458] undeclared symbol o1, assumed default net type wire [E:/Projects/VLSI/32BitMIPSArch/MIPS325/MIPS325.srcs/sources_1/new/ALU.v:70]
INFO: [VRFC 10-2458] undeclared symbol o2, assumed default net type wire [E:/Projects/VLSI/32BitMIPSArch/MIPS325/MIPS325.srcs/sources_1/new/ALU.v:71]
INFO: [VRFC 10-2458] undeclared symbol o3, assumed default net type wire [E:/Projects/VLSI/32BitMIPSArch/MIPS325/MIPS325.srcs/sources_1/new/ALU.v:72]
INFO: [VRFC 10-2458] undeclared symbol o4, assumed default net type wire [E:/Projects/VLSI/32BitMIPSArch/MIPS325/MIPS325.srcs/sources_1/new/ALU.v:73]
INFO: [VRFC 10-2458] undeclared symbol o5, assumed default net type wire [E:/Projects/VLSI/32BitMIPSArch/MIPS325/MIPS325.srcs/sources_1/new/ALU.v:74]
INFO: [VRFC 10-2458] undeclared symbol o6, assumed default net type wire [E:/Projects/VLSI/32BitMIPSArch/MIPS325/MIPS325.srcs/sources_1/new/ALU.v:75]
INFO: [VRFC 10-2458] undeclared symbol o7, assumed default net type wire [E:/Projects/VLSI/32BitMIPSArch/MIPS325/MIPS325.srcs/sources_1/new/ALU.v:76]
INFO: [VRFC 10-2458] undeclared symbol o8, assumed default net type wire [E:/Projects/VLSI/32BitMIPSArch/MIPS325/MIPS325.srcs/sources_1/new/ALU.v:77]
INFO: [VRFC 10-2458] undeclared symbol o9, assumed default net type wire [E:/Projects/VLSI/32BitMIPSArch/MIPS325/MIPS325.srcs/sources_1/new/ALU.v:78]
INFO: [VRFC 10-2458] undeclared symbol o10, assumed default net type wire [E:/Projects/VLSI/32BitMIPSArch/MIPS325/MIPS325.srcs/sources_1/new/ALU.v:79]
INFO: [VRFC 10-311] analyzing module alu1bit
INFO: [VRFC 10-2458] undeclared symbol addsubOut, assumed default net type wire [E:/Projects/VLSI/32BitMIPSArch/MIPS325/MIPS325.srcs/sources_1/new/ALU.v:87]
INFO: [VRFC 10-2458] undeclared symbol xorOut, assumed default net type wire [E:/Projects/VLSI/32BitMIPSArch/MIPS325/MIPS325.srcs/sources_1/new/ALU.v:88]
INFO: [VRFC 10-2458] undeclared symbol xorlessOut, assumed default net type wire [E:/Projects/VLSI/32BitMIPSArch/MIPS325/MIPS325.srcs/sources_1/new/ALU.v:89]
INFO: [VRFC 10-311] analyzing module addsub
INFO: [VRFC 10-2458] undeclared symbol notb, assumed default net type wire [E:/Projects/VLSI/32BitMIPSArch/MIPS325/MIPS325.srcs/sources_1/new/ALU.v:96]
INFO: [VRFC 10-2458] undeclared symbol b1, assumed default net type wire [E:/Projects/VLSI/32BitMIPSArch/MIPS325/MIPS325.srcs/sources_1/new/ALU.v:97]
INFO: [VRFC 10-311] analyzing module adder
INFO: [VRFC 10-2458] undeclared symbol c1, assumed default net type wire [E:/Projects/VLSI/32BitMIPSArch/MIPS325/MIPS325.srcs/sources_1/new/ALU.v:109]
INFO: [VRFC 10-2458] undeclared symbol c2, assumed default net type wire [E:/Projects/VLSI/32BitMIPSArch/MIPS325/MIPS325.srcs/sources_1/new/ALU.v:110]
INFO: [VRFC 10-2458] undeclared symbol c3, assumed default net type wire [E:/Projects/VLSI/32BitMIPSArch/MIPS325/MIPS325.srcs/sources_1/new/ALU.v:111]
INFO: [VRFC 10-311] analyzing module mux21
INFO: [VRFC 10-2458] undeclared symbol nsel, assumed default net type wire [E:/Projects/VLSI/32BitMIPSArch/MIPS325/MIPS325.srcs/sources_1/new/ALU.v:120]
INFO: [VRFC 10-2458] undeclared symbol O1, assumed default net type wire [E:/Projects/VLSI/32BitMIPSArch/MIPS325/MIPS325.srcs/sources_1/new/ALU.v:121]
INFO: [VRFC 10-2458] undeclared symbol O2, assumed default net type wire [E:/Projects/VLSI/32BitMIPSArch/MIPS325/MIPS325.srcs/sources_1/new/ALU.v:122]
INFO: [VRFC 10-2263] Analyzing Verilog file "E:/Projects/VLSI/32BitMIPSArch/MIPS325/MIPS325.srcs/sources_1/new/ALUControl_Block.v" into library xil_defaultlib
INFO: [VRFC 10-311] analyzing module ALUControl_Block
INFO: [VRFC 10-2263] Analyzing Verilog file "E:/Projects/VLSI/32BitMIPSArch/MIPS325/MIPS325.srcs/sources_1/new/Add.v" into library xil_defaultlib
INFO: [VRFC 10-311] analyzing module Add
INFO: [VRFC 10-311] analyzing module adder1bit
INFO: [VRFC 10-2458] undeclared symbol c1, assumed default net type wire [E:/Projects/VLSI/32BitMIPSArch/MIPS325/MIPS325.srcs/sources_1/new/Add.v:71]
INFO: [VRFC 10-2458] undeclared symbol c2, assumed default net type wire [E:/Projects/VLSI/32BitMIPSArch/MIPS325/MIPS325.srcs/sources_1/new/Add.v:72]
INFO: [VRFC 10-2458] undeclared symbol c3, assumed default net type wire [E:/Projects/VLSI/32BitMIPSArch/MIPS325/MIPS325.srcs/sources_1/new/Add.v:73]
INFO: [VRFC 10-2263] Analyzing Verilog file "E:/Projects/VLSI/32BitMIPSArch/MIPS325/MIPS325.srcs/sources_1/new/Control.v" into library xil_defaultlib
INFO: [VRFC 10-311] analyzing module Control
INFO: [VRFC 10-2263] Analyzing Verilog file "E:/Projects/VLSI/32BitMIPSArch/MIPS325/MIPS325.srcs/sources_1/new/FowardingUnit.v" into library xil_defaultlib
INFO: [VRFC 10-311] analyzing module ForwardingUnit
INFO: [VRFC 10-2458] undeclared symbol a, assumed default net type wire [E:/Projects/VLSI/32BitMIPSArch/MIPS325/MIPS325.srcs/sources_1/new/FowardingUnit.v:34]
INFO: [VRFC 10-2458] undeclared symbol b, assumed default net type wire [E:/Projects/VLSI/32BitMIPSArch/MIPS325/MIPS325.srcs/sources_1/new/FowardingUnit.v:35]
INFO: [VRFC 10-2458] undeclared symbol x, assumed default net type wire [E:/Projects/VLSI/32BitMIPSArch/MIPS325/MIPS325.srcs/sources_1/new/FowardingUnit.v:36]
INFO: [VRFC 10-2458] undeclared symbol c, assumed default net type wire [E:/Projects/VLSI/32BitMIPSArch/MIPS325/MIPS325.srcs/sources_1/new/FowardingUnit.v:40]
INFO: [VRFC 10-2458] undeclared symbol d, assumed default net type wire [E:/Projects/VLSI/32BitMIPSArch/MIPS325/MIPS325.srcs/sources_1/new/FowardingUnit.v:41]
INFO: [VRFC 10-2458] undeclared symbol y, assumed default net type wire [E:/Projects/VLSI/32BitMIPSArch/MIPS325/MIPS325.srcs/sources_1/new/FowardingUnit.v:42]
INFO: [VRFC 10-2458] undeclared symbol notx, assumed default net type wire [E:/Projects/VLSI/32BitMIPSArch/MIPS325/MIPS325.srcs/sources_1/new/FowardingUnit.v:47]
INFO: [VRFC 10-2458] undeclared symbol b1, assumed default net type wire [E:/Projects/VLSI/32BitMIPSArch/MIPS325/MIPS325.srcs/sources_1/new/FowardingUnit.v:51]
INFO: [VRFC 10-2458] undeclared symbol d1, assumed default net type wire [E:/Projects/VLSI/32BitMIPSArch/MIPS325/MIPS325.srcs/sources_1/new/FowardingUnit.v:52]
INFO: [VRFC 10-2458] undeclared symbol x1, assumed default net type wire [E:/Projects/VLSI/32BitMIPSArch/MIPS325/MIPS325.srcs/sources_1/new/FowardingUnit.v:53]
INFO: [VRFC 10-2458] undeclared symbol y1, assumed default net type wire [E:/Projects/VLSI/32BitMIPSArch/MIPS325/MIPS325.srcs/sources_1/new/FowardingUnit.v:54]
INFO: [VRFC 10-2458] undeclared symbol notx1, assumed default net type wire [E:/Projects/VLSI/32BitMIPSArch/MIPS325/MIPS325.srcs/sources_1/new/FowardingUnit.v:57]
INFO: [VRFC 10-2263] Analyzing Verilog file "E:/Projects/VLSI/32BitMIPSArch/MIPS325/MIPS325.srcs/sources_1/new/InstructionMem.v" into library xil_defaultlib
INFO: [VRFC 10-311] analyzing module InstructionMem
INFO: [VRFC 10-311] analyzing module instrmemstimulous
INFO: [VRFC 10-2263] Analyzing Verilog file "E:/Projects/VLSI/32BitMIPSArch/MIPS325/MIPS325.srcs/sources_1/new/JRControl_Block.v" into library xil_defaultlib
INFO: [VRFC 10-311] analyzing module JRControl_Block
INFO: [VRFC 10-2263] Analyzing Verilog file "E:/Projects/VLSI/32BitMIPSArch/MIPS325/MIPS325.srcs/sources_1/new/RegFile.v" into library xil_defaultlib
INFO: [VRFC 10-311] analyzing module RegFile
INFO: [VRFC 10-311] analyzing module D_FF
INFO: [VRFC 10-311] analyzing module RegBit
INFO: [VRFC 10-311] analyzing module register
INFO: [VRFC 10-311] analyzing module decoder
INFO: [VRFC 10-311] analyzing module andmore
INFO: [VRFC 10-2458] undeclared symbol f1, assumed default net type wire [E:/Projects/VLSI/32BitMIPSArch/MIPS325/MIPS325.srcs/sources_1/new/RegFile.v:201]
INFO: [VRFC 10-311] analyzing module dec5to32
INFO: [VRFC 10-2458] undeclared symbol Nota, assumed default net type wire [E:/Projects/VLSI/32BitMIPSArch/MIPS325/MIPS325.srcs/sources_1/new/RegFile.v:208]
INFO: [VRFC 10-2458] undeclared symbol Notb, assumed default net type wire [E:/Projects/VLSI/32BitMIPSArch/MIPS325/MIPS325.srcs/sources_1/new/RegFile.v:209]
INFO: [VRFC 10-2458] undeclared symbol Notc, assumed default net type wire [E:/Projects/VLSI/32BitMIPSArch/MIPS325/MIPS325.srcs/sources_1/new/RegFile.v:210]
INFO: [VRFC 10-2458] undeclared symbol Notd, assumed default net type wire [E:/Projects/VLSI/32BitMIPSArch/MIPS325/MIPS325.srcs/sources_1/new/RegFile.v:211]
INFO: [VRFC 10-2458] undeclared symbol Note, assumed default net type wire [E:/Projects/VLSI/32BitMIPSArch/MIPS325/MIPS325.srcs/sources_1/new/RegFile.v:212]
INFO: [VRFC 10-311] analyzing module mux32to1
INFO: [VRFC 10-2458] undeclared symbol g3, assumed default net type wire [E:/Projects/VLSI/32BitMIPSArch/MIPS325/MIPS325.srcs/sources_1/new/RegFile.v:287]
INFO: [VRFC 10-2458] undeclared symbol g4, assumed default net type wire [E:/Projects/VLSI/32BitMIPSArch/MIPS325/MIPS325.srcs/sources_1/new/RegFile.v:288]
INFO: [VRFC 10-2458] undeclared symbol g5, assumed default net type wire [E:/Projects/VLSI/32BitMIPSArch/MIPS325/MIPS325.srcs/sources_1/new/RegFile.v:289]
INFO: [VRFC 10-2458] undeclared symbol g6, assumed default net type wire [E:/Projects/VLSI/32BitMIPSArch/MIPS325/MIPS325.srcs/sources_1/new/RegFile.v:290]
INFO: [VRFC 10-2458] undeclared symbol g7, assumed default net type wire [E:/Projects/VLSI/32BitMIPSArch/MIPS325/MIPS325.srcs/sources_1/new/RegFile.v:291]
INFO: [VRFC 10-2458] undeclared symbol g8, assumed default net type wire [E:/Projects/VLSI/32BitMIPSArch/MIPS325/MIPS325.srcs/sources_1/new/RegFile.v:292]
INFO: [VRFC 10-2458] undeclared symbol g9, assumed default net type wire [E:/Projects/VLSI/32BitMIPSArch/MIPS325/MIPS325.srcs/sources_1/new/RegFile.v:293]
INFO: [VRFC 10-2458] undeclared symbol g10, assumed default net type wire [E:/Projects/VLSI/32BitMIPSArch/MIPS325/MIPS325.srcs/sources_1/new/RegFile.v:294]
INFO: [VRFC 10-2458] undeclared symbol g11, assumed default net type wire [E:/Projects/VLSI/32BitMIPSArch/MIPS325/MIPS325.srcs/sources_1/new/RegFile.v:295]
INFO: [VRFC 10-2458] undeclared symbol g12, assumed default net type wire [E:/Projects/VLSI/32BitMIPSArch/MIPS325/MIPS325.srcs/sources_1/new/RegFile.v:296]
INFO: [VRFC 10-311] analyzing module mux32x32to32
INFO: [VRFC 10-2263] Analyzing Verilog file "E:/Projects/VLSI/32BitMIPSArch/MIPS325/MIPS325.srcs/sources_1/new/StallControl.v" into library xil_defaultlib
INFO: [VRFC 10-311] analyzing module StallControl
INFO: [VRFC 10-2458] undeclared symbol OrRsRt, assumed default net type wire [E:/Projects/VLSI/32BitMIPSArch/MIPS325/MIPS325.srcs/sources_1/new/StallControl.v:58]
INFO: [VRFC 10-2458] undeclared symbol notOrRsRt, assumed default net type wire [E:/Projects/VLSI/32BitMIPSArch/MIPS325/MIPS325.srcs/sources_1/new/StallControl.v:59]
INFO: [VRFC 10-2458] undeclared symbol OrRtRt, assumed default net type wire [E:/Projects/VLSI/32BitMIPSArch/MIPS325/MIPS325.srcs/sources_1/new/StallControl.v:67]
INFO: [VRFC 10-2458] undeclared symbol notOrRtRt, assumed default net type wire [E:/Projects/VLSI/32BitMIPSArch/MIPS325/MIPS325.srcs/sources_1/new/StallControl.v:68]
INFO: [VRFC 10-2458] undeclared symbol ec1, assumed default net type wire [E:/Projects/VLSI/32BitMIPSArch/MIPS325/MIPS325.srcs/sources_1/new/StallControl.v:76]
INFO: [VRFC 10-2458] undeclared symbol ec2, assumed default net type wire [E:/Projects/VLSI/32BitMIPSArch/MIPS325/MIPS325.srcs/sources_1/new/StallControl.v:84]
INFO: [VRFC 10-2458] undeclared symbol xorop, assumed default net type wire [E:/Projects/VLSI/32BitMIPSArch/MIPS325/MIPS325.srcs/sources_1/new/StallControl.v:87]
INFO: [VRFC 10-2458] undeclared symbol xoroprt, assumed default net type wire [E:/Projects/VLSI/32BitMIPSArch/MIPS325/MIPS325.srcs/sources_1/new/StallControl.v:88]
INFO: [VRFC 10-2458] undeclared symbol OrOut, assumed default net type wire [E:/Projects/VLSI/32BitMIPSArch/MIPS325/MIPS325.srcs/sources_1/new/StallControl.v:89]
INFO: [VRFC 10-2458] undeclared symbol Condition, assumed default net type wire [E:/Projects/VLSI/32BitMIPSArch/MIPS325/MIPS325.srcs/sources_1/new/StallControl.v:90]
INFO: [VRFC 10-2263] Analyzing Verilog file "E:/Projects/VLSI/32BitMIPSArch/MIPS325/MIPS325.srcs/sources_1/new/WB_forward.v" into library xil_defaultlib
INFO: [VRFC 10-311] analyzing module WB_forward
INFO: [VRFC 10-2458] undeclared symbol orOut1, assumed default net type wire [E:/Projects/VLSI/32BitMIPSArch/MIPS325/MIPS325.srcs/sources_1/new/WB_forward.v:51]
INFO: [VRFC 10-311] analyzing module CompareAddress
INFO: [VRFC 10-2458] undeclared symbol OrAddr, assumed default net type wire [E:/Projects/VLSI/32BitMIPSArch/MIPS325/MIPS325.srcs/sources_1/new/WB_forward.v:75]
INFO: [VRFC 10-2263] Analyzing Verilog file "E:/Projects/VLSI/32BitMIPSArch/MIPS325/MIPS325.srcs/sources_1/new/dataMem.v" into library xil_defaultlib
INFO: [VRFC 10-311] analyzing module dataMem
INFO: [VRFC 10-2263] Analyzing Verilog file "E:/Projects/VLSI/32BitMIPSArch/MIPS325/MIPS325.srcs/sources_1/new/flush_block.v" into library xil_defaultlib
INFO: [VRFC 10-311] analyzing module flush_block
INFO: [VRFC 10-2458] undeclared symbol notflush, assumed default net type wire [E:/Projects/VLSI/32BitMIPSArch/MIPS325/MIPS325.srcs/sources_1/new/flush_block.v:33]
INFO: [VRFC 10-311] analyzing module Discard_Instr
INFO: [VRFC 10-2263] Analyzing Verilog file "E:/Projects/VLSI/32BitMIPSArch/MIPS325/MIPS325.srcs/sources_1/new/mux2x32to32.v" into library xil_defaultlib
INFO: [VRFC 10-311] analyzing module mux2x32to32
INFO: [VRFC 10-2263] Analyzing Verilog file "E:/Projects/VLSI/32BitMIPSArch/MIPS325/MIPS325.srcs/sources_1/new/mux2x5to5.v" into library xil_defaultlib
INFO: [VRFC 10-311] analyzing module mux2x5to5
INFO: [VRFC 10-311] analyzing module mux2_1
INFO: [VRFC 10-2458] undeclared symbol nsel, assumed default net type wire [E:/Projects/VLSI/32BitMIPSArch/MIPS325/MIPS325.srcs/sources_1/new/mux2x5to5.v:39]
INFO: [VRFC 10-2458] undeclared symbol O1, assumed default net type wire [E:/Projects/VLSI/32BitMIPSArch/MIPS325/MIPS325.srcs/sources_1/new/mux2x5to5.v:40]
INFO: [VRFC 10-2458] undeclared symbol O2, assumed default net type wire [E:/Projects/VLSI/32BitMIPSArch/MIPS325/MIPS325.srcs/sources_1/new/mux2x5to5.v:41]
INFO: [VRFC 10-2263] Analyzing Verilog file "E:/Projects/VLSI/32BitMIPSArch/MIPS325/MIPS325.srcs/sources_1/new/mux3x32to32.v" into library xil_defaultlib
INFO: [VRFC 10-311] analyzing module mux3x32to32
INFO: [VRFC 10-2263] Analyzing Verilog file "E:/Projects/VLSI/32BitMIPSArch/MIPS325/MIPS325.srcs/sources_1/new/sign_extend.v" into library xil_defaultlib
INFO: [VRFC 10-311] analyzing module sign_extend
INFO: [VRFC 10-311] analyzing module shift_left_2
INFO: [VRFC 10-2263] Analyzing Verilog file "E:/Projects/VLSI/32BitMIPSArch/MIPS325/MIPS325.srcs/sources_1/new/zero_extend.v" into library xil_defaultlib
INFO: [VRFC 10-311] analyzing module zero_extend
INFO: [VRFC 10-2263] Analyzing Verilog file "E:/Projects/VLSI/32BitMIPSArch/MIPS325/MIPS325.srcs/sources_1/new/MIPSpipeline.v" into library xil_defaultlib
INFO: [VRFC 10-311] analyzing module MIPSpipeline
INFO: [VRFC 10-2458] undeclared symbol ID_flush, assumed default net type wire [E:/Projects/VLSI/32BitMIPSArch/MIPS325/MIPS325.srcs/sources_1/new/MIPSpipeline.v:125]
INFO: [VRFC 10-2263] Analyzing Verilog file "E:/Projects/VLSI/32BitMIPSArch/MIPS325/MIPS325.srcs/sim_1/new/MIPSStimulus.v" into library xil_defaultlib
INFO: [VRFC 10-311] analyzing module MIPSStimulus
run_program: Time (s): cpu = 00:00:03 ; elapsed = 00:00:09 . Memory (MB): peak = 2785.293 ; gain = 0.000
INFO: [USF-XSim-69] 'compile' step finished in '9' seconds
INFO: [USF-XSim-3] XSim::Elaborate design
INFO: [USF-XSim-61] Executing 'ELABORATE' step in 'E:/Projects/VLSI/32BitMIPSArch/MIPS325/MIPS325.sim/sim_1/behav/xsim'
"xelab -wto fdbe9ff532be41138437c9414e3eaad5 --incr --debug typical --relax --mt 2 -L xil_defaultlib -L unisims_ver -L unimacro_ver -L secureip --snapshot MIPSStimulus_behav xil_defaultlib.MIPSStimulus xil_defaultlib.glbl -log elaborate.log"
Vivado Simulator 2020.2
Copyright 1986-1999, 2001-2020 Xilinx, Inc. All Rights Reserved.
Running: E:/SOFTWAREs/XilinxVivado/Vivado/2020.2/bin/unwrapped/win64.o/xelab.exe -wto fdbe9ff532be41138437c9414e3eaad5 --incr --debug typical --relax --mt 2 -L xil_defaultlib -L unisims_ver -L unimacro_ver -L secureip --snapshot MIPSStimulus_behav xil_defaultlib.MIPSStimulus xil_defaultlib.glbl -log elaborate.log 
Using 2 slave threads.
Starting static elaboration
Pass Through NonSizing Optimizer
ERROR: [VRFC 10-3236] concurrent assignment to a non-net 'clk' is not permitted [E:/Projects/VLSI/32BitMIPSArch/MIPS325/MIPS325.srcs/sim_1/new/MIPSStimulus.v:29]
ERROR: [VRFC 10-3525] mixed concurrent and procedural assignment on 'clk' [E:/Projects/VLSI/32BitMIPSArch/MIPS325/MIPS325.srcs/sim_1/new/MIPSStimulus.v:31]
ERROR: [XSIM 43-3322] Static elaboration of top level Verilog design unit(s) in library work failed.
INFO: [USF-XSim-69] 'elaborate' step finished in '4' seconds
INFO: [USF-XSim-99] Step results log file:'E:/Projects/VLSI/32BitMIPSArch/MIPS325/MIPS325.sim/sim_1/behav/xsim/elaborate.log'
ERROR: [USF-XSim-62] 'elaborate' step failed with error(s). Please check the Tcl console output or 'E:/Projects/VLSI/32BitMIPSArch/MIPS325/MIPS325.sim/sim_1/behav/xsim/elaborate.log' file for more information.
ERROR: [Vivado 12-4473] Detected error while running simulation. Please correct the issue and retry this operation.
launch_simulation: Time (s): cpu = 00:00:03 ; elapsed = 00:00:13 . Memory (MB): peak = 2785.293 ; gain = 0.000
ERROR: [Common 17-39] 'launch_simulation' failed due to earlier errors.
WARNING: [filemgmt 56-199] Attempt to get parsing info during refresh. "On-the-fly" syntax checking information may be incorrect. [E:\Projects\VLSI\32BitMIPSArch\MIPS325\MIPS325.srcs\sources_1\new\MIPSpipeline.v:]
WARNING: [filemgmt 56-199] Attempt to get parsing info during refresh. "On-the-fly" syntax checking information may be incorrect. [E:\Projects\VLSI\32BitMIPSArch\MIPS325\MIPS325.srcs\sim_1\new\MIPSStimulus.v:]
ERROR: [Common 17-180] Spawn failed: No error
launch_simulation
Command: launch_simulation 
INFO: [Vivado 12-5682] Launching behavioral simulation in 'E:/Projects/VLSI/32BitMIPSArch/MIPS325/MIPS325.sim/sim_1/behav/xsim'
INFO: [SIM-utils-51] Simulation object is 'sim_1'
INFO: [SIM-utils-54] Inspecting design source files for 'MIPSStimulus' in fileset 'sim_1'...
INFO: [SIM-utils-43] Exported 'E:/Projects/VLSI/32BitMIPSArch/MIPS325/MIPS325.sim/sim_1/behav/xsim/instr.txt'
INFO: [USF-XSim-97] Finding global include files...
INFO: [USF-XSim-100] Fetching design files from 'sources_1'...(this may take a while)...
INFO: [USF-XSim-101] Fetching design files from 'sim_1'...
INFO: [USF-XSim-2] XSim::Compile design
INFO: [USF-XSim-61] Executing 'COMPILE and ANALYZE' step in 'E:/Projects/VLSI/32BitMIPSArch/MIPS325/MIPS325.sim/sim_1/behav/xsim'
"xvlog --incr --relax -prj MIPSStimulus_vlog.prj"
INFO: [VRFC 10-2263] Analyzing Verilog file "E:/Projects/VLSI/32BitMIPSArch/MIPS325/MIPS325.srcs/sources_1/new/ALU.v" into library xil_defaultlib
INFO: [VRFC 10-311] analyzing module ALU
INFO: [VRFC 10-2458] undeclared symbol notcr31, assumed default net type wire [E:/Projects/VLSI/32BitMIPSArch/MIPS325/MIPS325.srcs/sources_1/new/ALU.v:62]
INFO: [VRFC 10-2458] undeclared symbol addsub31Out, assumed default net type wire [E:/Projects/VLSI/32BitMIPSArch/MIPS325/MIPS325.srcs/sources_1/new/ALU.v:67]
INFO: [VRFC 10-2458] undeclared symbol crrout31, assumed default net type wire [E:/Projects/VLSI/32BitMIPSArch/MIPS325/MIPS325.srcs/sources_1/new/ALU.v:67]
INFO: [VRFC 10-2458] undeclared symbol o1, assumed default net type wire [E:/Projects/VLSI/32BitMIPSArch/MIPS325/MIPS325.srcs/sources_1/new/ALU.v:70]
INFO: [VRFC 10-2458] undeclared symbol o2, assumed default net type wire [E:/Projects/VLSI/32BitMIPSArch/MIPS325/MIPS325.srcs/sources_1/new/ALU.v:71]
INFO: [VRFC 10-2458] undeclared symbol o3, assumed default net type wire [E:/Projects/VLSI/32BitMIPSArch/MIPS325/MIPS325.srcs/sources_1/new/ALU.v:72]
INFO: [VRFC 10-2458] undeclared symbol o4, assumed default net type wire [E:/Projects/VLSI/32BitMIPSArch/MIPS325/MIPS325.srcs/sources_1/new/ALU.v:73]
INFO: [VRFC 10-2458] undeclared symbol o5, assumed default net type wire [E:/Projects/VLSI/32BitMIPSArch/MIPS325/MIPS325.srcs/sources_1/new/ALU.v:74]
INFO: [VRFC 10-2458] undeclared symbol o6, assumed default net type wire [E:/Projects/VLSI/32BitMIPSArch/MIPS325/MIPS325.srcs/sources_1/new/ALU.v:75]
INFO: [VRFC 10-2458] undeclared symbol o7, assumed default net type wire [E:/Projects/VLSI/32BitMIPSArch/MIPS325/MIPS325.srcs/sources_1/new/ALU.v:76]
INFO: [VRFC 10-2458] undeclared symbol o8, assumed default net type wire [E:/Projects/VLSI/32BitMIPSArch/MIPS325/MIPS325.srcs/sources_1/new/ALU.v:77]
INFO: [VRFC 10-2458] undeclared symbol o9, assumed default net type wire [E:/Projects/VLSI/32BitMIPSArch/MIPS325/MIPS325.srcs/sources_1/new/ALU.v:78]
INFO: [VRFC 10-2458] undeclared symbol o10, assumed default net type wire [E:/Projects/VLSI/32BitMIPSArch/MIPS325/MIPS325.srcs/sources_1/new/ALU.v:79]
INFO: [VRFC 10-311] analyzing module alu1bit
INFO: [VRFC 10-2458] undeclared symbol addsubOut, assumed default net type wire [E:/Projects/VLSI/32BitMIPSArch/MIPS325/MIPS325.srcs/sources_1/new/ALU.v:87]
INFO: [VRFC 10-2458] undeclared symbol xorOut, assumed default net type wire [E:/Projects/VLSI/32BitMIPSArch/MIPS325/MIPS325.srcs/sources_1/new/ALU.v:88]
INFO: [VRFC 10-2458] undeclared symbol xorlessOut, assumed default net type wire [E:/Projects/VLSI/32BitMIPSArch/MIPS325/MIPS325.srcs/sources_1/new/ALU.v:89]
INFO: [VRFC 10-311] analyzing module addsub
INFO: [VRFC 10-2458] undeclared symbol notb, assumed default net type wire [E:/Projects/VLSI/32BitMIPSArch/MIPS325/MIPS325.srcs/sources_1/new/ALU.v:96]
INFO: [VRFC 10-2458] undeclared symbol b1, assumed default net type wire [E:/Projects/VLSI/32BitMIPSArch/MIPS325/MIPS325.srcs/sources_1/new/ALU.v:97]
INFO: [VRFC 10-311] analyzing module adder
INFO: [VRFC 10-2458] undeclared symbol c1, assumed default net type wire [E:/Projects/VLSI/32BitMIPSArch/MIPS325/MIPS325.srcs/sources_1/new/ALU.v:109]
INFO: [VRFC 10-2458] undeclared symbol c2, assumed default net type wire [E:/Projects/VLSI/32BitMIPSArch/MIPS325/MIPS325.srcs/sources_1/new/ALU.v:110]
INFO: [VRFC 10-2458] undeclared symbol c3, assumed default net type wire [E:/Projects/VLSI/32BitMIPSArch/MIPS325/MIPS325.srcs/sources_1/new/ALU.v:111]
INFO: [VRFC 10-311] analyzing module mux21
INFO: [VRFC 10-2458] undeclared symbol nsel, assumed default net type wire [E:/Projects/VLSI/32BitMIPSArch/MIPS325/MIPS325.srcs/sources_1/new/ALU.v:120]
INFO: [VRFC 10-2458] undeclared symbol O1, assumed default net type wire [E:/Projects/VLSI/32BitMIPSArch/MIPS325/MIPS325.srcs/sources_1/new/ALU.v:121]
INFO: [VRFC 10-2458] undeclared symbol O2, assumed default net type wire [E:/Projects/VLSI/32BitMIPSArch/MIPS325/MIPS325.srcs/sources_1/new/ALU.v:122]
INFO: [VRFC 10-2263] Analyzing Verilog file "E:/Projects/VLSI/32BitMIPSArch/MIPS325/MIPS325.srcs/sources_1/new/ALUControl_Block.v" into library xil_defaultlib
INFO: [VRFC 10-311] analyzing module ALUControl_Block
INFO: [VRFC 10-2263] Analyzing Verilog file "E:/Projects/VLSI/32BitMIPSArch/MIPS325/MIPS325.srcs/sources_1/new/Add.v" into library xil_defaultlib
INFO: [VRFC 10-311] analyzing module Add
INFO: [VRFC 10-311] analyzing module adder1bit
INFO: [VRFC 10-2458] undeclared symbol c1, assumed default net type wire [E:/Projects/VLSI/32BitMIPSArch/MIPS325/MIPS325.srcs/sources_1/new/Add.v:71]
INFO: [VRFC 10-2458] undeclared symbol c2, assumed default net type wire [E:/Projects/VLSI/32BitMIPSArch/MIPS325/MIPS325.srcs/sources_1/new/Add.v:72]
INFO: [VRFC 10-2458] undeclared symbol c3, assumed default net type wire [E:/Projects/VLSI/32BitMIPSArch/MIPS325/MIPS325.srcs/sources_1/new/Add.v:73]
INFO: [VRFC 10-2263] Analyzing Verilog file "E:/Projects/VLSI/32BitMIPSArch/MIPS325/MIPS325.srcs/sources_1/new/Control.v" into library xil_defaultlib
INFO: [VRFC 10-311] analyzing module Control
INFO: [VRFC 10-2263] Analyzing Verilog file "E:/Projects/VLSI/32BitMIPSArch/MIPS325/MIPS325.srcs/sources_1/new/FowardingUnit.v" into library xil_defaultlib
INFO: [VRFC 10-311] analyzing module ForwardingUnit
INFO: [VRFC 10-2458] undeclared symbol a, assumed default net type wire [E:/Projects/VLSI/32BitMIPSArch/MIPS325/MIPS325.srcs/sources_1/new/FowardingUnit.v:34]
INFO: [VRFC 10-2458] undeclared symbol b, assumed default net type wire [E:/Projects/VLSI/32BitMIPSArch/MIPS325/MIPS325.srcs/sources_1/new/FowardingUnit.v:35]
INFO: [VRFC 10-2458] undeclared symbol x, assumed default net type wire [E:/Projects/VLSI/32BitMIPSArch/MIPS325/MIPS325.srcs/sources_1/new/FowardingUnit.v:36]
INFO: [VRFC 10-2458] undeclared symbol c, assumed default net type wire [E:/Projects/VLSI/32BitMIPSArch/MIPS325/MIPS325.srcs/sources_1/new/FowardingUnit.v:40]
INFO: [VRFC 10-2458] undeclared symbol d, assumed default net type wire [E:/Projects/VLSI/32BitMIPSArch/MIPS325/MIPS325.srcs/sources_1/new/FowardingUnit.v:41]
INFO: [VRFC 10-2458] undeclared symbol y, assumed default net type wire [E:/Projects/VLSI/32BitMIPSArch/MIPS325/MIPS325.srcs/sources_1/new/FowardingUnit.v:42]
INFO: [VRFC 10-2458] undeclared symbol notx, assumed default net type wire [E:/Projects/VLSI/32BitMIPSArch/MIPS325/MIPS325.srcs/sources_1/new/FowardingUnit.v:47]
INFO: [VRFC 10-2458] undeclared symbol b1, assumed default net type wire [E:/Projects/VLSI/32BitMIPSArch/MIPS325/MIPS325.srcs/sources_1/new/FowardingUnit.v:51]
INFO: [VRFC 10-2458] undeclared symbol d1, assumed default net type wire [E:/Projects/VLSI/32BitMIPSArch/MIPS325/MIPS325.srcs/sources_1/new/FowardingUnit.v:52]
INFO: [VRFC 10-2458] undeclared symbol x1, assumed default net type wire [E:/Projects/VLSI/32BitMIPSArch/MIPS325/MIPS325.srcs/sources_1/new/FowardingUnit.v:53]
INFO: [VRFC 10-2458] undeclared symbol y1, assumed default net type wire [E:/Projects/VLSI/32BitMIPSArch/MIPS325/MIPS325.srcs/sources_1/new/FowardingUnit.v:54]
INFO: [VRFC 10-2458] undeclared symbol notx1, assumed default net type wire [E:/Projects/VLSI/32BitMIPSArch/MIPS325/MIPS325.srcs/sources_1/new/FowardingUnit.v:57]
INFO: [VRFC 10-2263] Analyzing Verilog file "E:/Projects/VLSI/32BitMIPSArch/MIPS325/MIPS325.srcs/sources_1/new/InstructionMem.v" into library xil_defaultlib
INFO: [VRFC 10-311] analyzing module InstructionMem
INFO: [VRFC 10-311] analyzing module instrmemstimulous
INFO: [VRFC 10-2263] Analyzing Verilog file "E:/Projects/VLSI/32BitMIPSArch/MIPS325/MIPS325.srcs/sources_1/new/JRControl_Block.v" into library xil_defaultlib
INFO: [VRFC 10-311] analyzing module JRControl_Block
INFO: [VRFC 10-2263] Analyzing Verilog file "E:/Projects/VLSI/32BitMIPSArch/MIPS325/MIPS325.srcs/sources_1/new/RegFile.v" into library xil_defaultlib
INFO: [VRFC 10-311] analyzing module RegFile
INFO: [VRFC 10-311] analyzing module D_FF
INFO: [VRFC 10-311] analyzing module RegBit
INFO: [VRFC 10-311] analyzing module register
INFO: [VRFC 10-311] analyzing module decoder
INFO: [VRFC 10-311] analyzing module andmore
INFO: [VRFC 10-2458] undeclared symbol f1, assumed default net type wire [E:/Projects/VLSI/32BitMIPSArch/MIPS325/MIPS325.srcs/sources_1/new/RegFile.v:201]
INFO: [VRFC 10-311] analyzing module dec5to32
INFO: [VRFC 10-2458] undeclared symbol Nota, assumed default net type wire [E:/Projects/VLSI/32BitMIPSArch/MIPS325/MIPS325.srcs/sources_1/new/RegFile.v:208]
INFO: [VRFC 10-2458] undeclared symbol Notb, assumed default net type wire [E:/Projects/VLSI/32BitMIPSArch/MIPS325/MIPS325.srcs/sources_1/new/RegFile.v:209]
INFO: [VRFC 10-2458] undeclared symbol Notc, assumed default net type wire [E:/Projects/VLSI/32BitMIPSArch/MIPS325/MIPS325.srcs/sources_1/new/RegFile.v:210]
INFO: [VRFC 10-2458] undeclared symbol Notd, assumed default net type wire [E:/Projects/VLSI/32BitMIPSArch/MIPS325/MIPS325.srcs/sources_1/new/RegFile.v:211]
INFO: [VRFC 10-2458] undeclared symbol Note, assumed default net type wire [E:/Projects/VLSI/32BitMIPSArch/MIPS325/MIPS325.srcs/sources_1/new/RegFile.v:212]
INFO: [VRFC 10-311] analyzing module mux32to1
INFO: [VRFC 10-2458] undeclared symbol g3, assumed default net type wire [E:/Projects/VLSI/32BitMIPSArch/MIPS325/MIPS325.srcs/sources_1/new/RegFile.v:287]
INFO: [VRFC 10-2458] undeclared symbol g4, assumed default net type wire [E:/Projects/VLSI/32BitMIPSArch/MIPS325/MIPS325.srcs/sources_1/new/RegFile.v:288]
INFO: [VRFC 10-2458] undeclared symbol g5, assumed default net type wire [E:/Projects/VLSI/32BitMIPSArch/MIPS325/MIPS325.srcs/sources_1/new/RegFile.v:289]
INFO: [VRFC 10-2458] undeclared symbol g6, assumed default net type wire [E:/Projects/VLSI/32BitMIPSArch/MIPS325/MIPS325.srcs/sources_1/new/RegFile.v:290]
INFO: [VRFC 10-2458] undeclared symbol g7, assumed default net type wire [E:/Projects/VLSI/32BitMIPSArch/MIPS325/MIPS325.srcs/sources_1/new/RegFile.v:291]
INFO: [VRFC 10-2458] undeclared symbol g8, assumed default net type wire [E:/Projects/VLSI/32BitMIPSArch/MIPS325/MIPS325.srcs/sources_1/new/RegFile.v:292]
INFO: [VRFC 10-2458] undeclared symbol g9, assumed default net type wire [E:/Projects/VLSI/32BitMIPSArch/MIPS325/MIPS325.srcs/sources_1/new/RegFile.v:293]
INFO: [VRFC 10-2458] undeclared symbol g10, assumed default net type wire [E:/Projects/VLSI/32BitMIPSArch/MIPS325/MIPS325.srcs/sources_1/new/RegFile.v:294]
INFO: [VRFC 10-2458] undeclared symbol g11, assumed default net type wire [E:/Projects/VLSI/32BitMIPSArch/MIPS325/MIPS325.srcs/sources_1/new/RegFile.v:295]
INFO: [VRFC 10-2458] undeclared symbol g12, assumed default net type wire [E:/Projects/VLSI/32BitMIPSArch/MIPS325/MIPS325.srcs/sources_1/new/RegFile.v:296]
INFO: [VRFC 10-311] analyzing module mux32x32to32
INFO: [VRFC 10-2263] Analyzing Verilog file "E:/Projects/VLSI/32BitMIPSArch/MIPS325/MIPS325.srcs/sources_1/new/StallControl.v" into library xil_defaultlib
INFO: [VRFC 10-311] analyzing module StallControl
INFO: [VRFC 10-2458] undeclared symbol OrRsRt, assumed default net type wire [E:/Projects/VLSI/32BitMIPSArch/MIPS325/MIPS325.srcs/sources_1/new/StallControl.v:58]
INFO: [VRFC 10-2458] undeclared symbol notOrRsRt, assumed default net type wire [E:/Projects/VLSI/32BitMIPSArch/MIPS325/MIPS325.srcs/sources_1/new/StallControl.v:59]
INFO: [VRFC 10-2458] undeclared symbol OrRtRt, assumed default net type wire [E:/Projects/VLSI/32BitMIPSArch/MIPS325/MIPS325.srcs/sources_1/new/StallControl.v:67]
INFO: [VRFC 10-2458] undeclared symbol notOrRtRt, assumed default net type wire [E:/Projects/VLSI/32BitMIPSArch/MIPS325/MIPS325.srcs/sources_1/new/StallControl.v:68]
INFO: [VRFC 10-2458] undeclared symbol ec1, assumed default net type wire [E:/Projects/VLSI/32BitMIPSArch/MIPS325/MIPS325.srcs/sources_1/new/StallControl.v:76]
INFO: [VRFC 10-2458] undeclared symbol ec2, assumed default net type wire [E:/Projects/VLSI/32BitMIPSArch/MIPS325/MIPS325.srcs/sources_1/new/StallControl.v:84]
INFO: [VRFC 10-2458] undeclared symbol xorop, assumed default net type wire [E:/Projects/VLSI/32BitMIPSArch/MIPS325/MIPS325.srcs/sources_1/new/StallControl.v:87]
INFO: [VRFC 10-2458] undeclared symbol xoroprt, assumed default net type wire [E:/Projects/VLSI/32BitMIPSArch/MIPS325/MIPS325.srcs/sources_1/new/StallControl.v:88]
INFO: [VRFC 10-2458] undeclared symbol OrOut, assumed default net type wire [E:/Projects/VLSI/32BitMIPSArch/MIPS325/MIPS325.srcs/sources_1/new/StallControl.v:89]
INFO: [VRFC 10-2458] undeclared symbol Condition, assumed default net type wire [E:/Projects/VLSI/32BitMIPSArch/MIPS325/MIPS325.srcs/sources_1/new/StallControl.v:90]
INFO: [VRFC 10-2263] Analyzing Verilog file "E:/Projects/VLSI/32BitMIPSArch/MIPS325/MIPS325.srcs/sources_1/new/WB_forward.v" into library xil_defaultlib
INFO: [VRFC 10-311] analyzing module WB_forward
INFO: [VRFC 10-2458] undeclared symbol orOut1, assumed default net type wire [E:/Projects/VLSI/32BitMIPSArch/MIPS325/MIPS325.srcs/sources_1/new/WB_forward.v:51]
INFO: [VRFC 10-311] analyzing module CompareAddress
INFO: [VRFC 10-2458] undeclared symbol OrAddr, assumed default net type wire [E:/Projects/VLSI/32BitMIPSArch/MIPS325/MIPS325.srcs/sources_1/new/WB_forward.v:75]
INFO: [VRFC 10-2263] Analyzing Verilog file "E:/Projects/VLSI/32BitMIPSArch/MIPS325/MIPS325.srcs/sources_1/new/dataMem.v" into library xil_defaultlib
INFO: [VRFC 10-311] analyzing module dataMem
INFO: [VRFC 10-2263] Analyzing Verilog file "E:/Projects/VLSI/32BitMIPSArch/MIPS325/MIPS325.srcs/sources_1/new/flush_block.v" into library xil_defaultlib
INFO: [VRFC 10-311] analyzing module flush_block
INFO: [VRFC 10-2458] undeclared symbol notflush, assumed default net type wire [E:/Projects/VLSI/32BitMIPSArch/MIPS325/MIPS325.srcs/sources_1/new/flush_block.v:33]
INFO: [VRFC 10-311] analyzing module Discard_Instr
INFO: [VRFC 10-2263] Analyzing Verilog file "E:/Projects/VLSI/32BitMIPSArch/MIPS325/MIPS325.srcs/sources_1/new/mux2x32to32.v" into library xil_defaultlib
INFO: [VRFC 10-311] analyzing module mux2x32to32
INFO: [VRFC 10-2263] Analyzing Verilog file "E:/Projects/VLSI/32BitMIPSArch/MIPS325/MIPS325.srcs/sources_1/new/mux2x5to5.v" into library xil_defaultlib
INFO: [VRFC 10-311] analyzing module mux2x5to5
INFO: [VRFC 10-311] analyzing module mux2_1
INFO: [VRFC 10-2458] undeclared symbol nsel, assumed default net type wire [E:/Projects/VLSI/32BitMIPSArch/MIPS325/MIPS325.srcs/sources_1/new/mux2x5to5.v:39]
INFO: [VRFC 10-2458] undeclared symbol O1, assumed default net type wire [E:/Projects/VLSI/32BitMIPSArch/MIPS325/MIPS325.srcs/sources_1/new/mux2x5to5.v:40]
INFO: [VRFC 10-2458] undeclared symbol O2, assumed default net type wire [E:/Projects/VLSI/32BitMIPSArch/MIPS325/MIPS325.srcs/sources_1/new/mux2x5to5.v:41]
INFO: [VRFC 10-2263] Analyzing Verilog file "E:/Projects/VLSI/32BitMIPSArch/MIPS325/MIPS325.srcs/sources_1/new/mux3x32to32.v" into library xil_defaultlib
INFO: [VRFC 10-311] analyzing module mux3x32to32
INFO: [VRFC 10-2263] Analyzing Verilog file "E:/Projects/VLSI/32BitMIPSArch/MIPS325/MIPS325.srcs/sources_1/new/sign_extend.v" into library xil_defaultlib
INFO: [VRFC 10-311] analyzing module sign_extend
INFO: [VRFC 10-311] analyzing module shift_left_2
INFO: [VRFC 10-2263] Analyzing Verilog file "E:/Projects/VLSI/32BitMIPSArch/MIPS325/MIPS325.srcs/sources_1/new/zero_extend.v" into library xil_defaultlib
INFO: [VRFC 10-311] analyzing module zero_extend
INFO: [VRFC 10-2263] Analyzing Verilog file "E:/Projects/VLSI/32BitMIPSArch/MIPS325/MIPS325.srcs/sources_1/new/MIPSpipeline.v" into library xil_defaultlib
INFO: [VRFC 10-311] analyzing module MIPSpipeline
INFO: [VRFC 10-2458] undeclared symbol ID_flush, assumed default net type wire [E:/Projects/VLSI/32BitMIPSArch/MIPS325/MIPS325.srcs/sources_1/new/MIPSpipeline.v:125]
INFO: [VRFC 10-2263] Analyzing Verilog file "E:/Projects/VLSI/32BitMIPSArch/MIPS325/MIPS325.srcs/sim_1/new/MIPSStimulus.v" into library xil_defaultlib
INFO: [VRFC 10-311] analyzing module MIPSStimulus
run_program: Time (s): cpu = 00:00:02 ; elapsed = 00:00:09 . Memory (MB): peak = 2785.293 ; gain = 0.000
INFO: [USF-XSim-69] 'compile' step finished in '9' seconds
INFO: [USF-XSim-3] XSim::Elaborate design
INFO: [USF-XSim-61] Executing 'ELABORATE' step in 'E:/Projects/VLSI/32BitMIPSArch/MIPS325/MIPS325.sim/sim_1/behav/xsim'
"xelab -wto fdbe9ff532be41138437c9414e3eaad5 --incr --debug typical --relax --mt 2 -L xil_defaultlib -L unisims_ver -L unimacro_ver -L secureip --snapshot MIPSStimulus_behav xil_defaultlib.MIPSStimulus xil_defaultlib.glbl -log elaborate.log"
Vivado Simulator 2020.2
Copyright 1986-1999, 2001-2020 Xilinx, Inc. All Rights Reserved.
Running: E:/SOFTWAREs/XilinxVivado/Vivado/2020.2/bin/unwrapped/win64.o/xelab.exe -wto fdbe9ff532be41138437c9414e3eaad5 --incr --debug typical --relax --mt 2 -L xil_defaultlib -L unisims_ver -L unimacro_ver -L secureip --snapshot MIPSStimulus_behav xil_defaultlib.MIPSStimulus xil_defaultlib.glbl -log elaborate.log 
Using 2 slave threads.
Starting static elaboration
Pass Through NonSizing Optimizer
ERROR: [VRFC 10-3236] concurrent assignment to a non-net 'clk' is not permitted [E:/Projects/VLSI/32BitMIPSArch/MIPS325/MIPS325.srcs/sim_1/new/MIPSStimulus.v:29]
ERROR: [VRFC 10-3525] mixed concurrent and procedural assignment on 'clk' [E:/Projects/VLSI/32BitMIPSArch/MIPS325/MIPS325.srcs/sim_1/new/MIPSStimulus.v:31]
ERROR: [XSIM 43-3322] Static elaboration of top level Verilog design unit(s) in library work failed.
INFO: [USF-XSim-69] 'elaborate' step finished in '4' seconds
INFO: [USF-XSim-99] Step results log file:'E:/Projects/VLSI/32BitMIPSArch/MIPS325/MIPS325.sim/sim_1/behav/xsim/elaborate.log'
ERROR: [USF-XSim-62] 'elaborate' step failed with error(s). Please check the Tcl console output or 'E:/Projects/VLSI/32BitMIPSArch/MIPS325/MIPS325.sim/sim_1/behav/xsim/elaborate.log' file for more information.
ERROR: [Vivado 12-4473] Detected error while running simulation. Please correct the issue and retry this operation.
launch_simulation: Time (s): cpu = 00:00:03 ; elapsed = 00:00:13 . Memory (MB): peak = 2785.293 ; gain = 0.000
ERROR: [Common 17-39] 'launch_simulation' failed due to earlier errors.
export_ip_user_files -of_objects  [get_files E:/Projects/VLSI/32BitMIPSArch/MIPS325/MIPS325.srcs/sim_1/new/MIPSStimulus.v] -no_script -reset -force -quiet
remove_files  -fileset sim_1 E:/Projects/VLSI/32BitMIPSArch/MIPS325/MIPS325.srcs/sim_1/new/MIPSStimulus.v
file delete -force E:/Projects/VLSI/32BitMIPSArch/MIPS325/MIPS325.srcs/sim_1/new/MIPSStimulus.v
launch_simulation -mode post-implementation -type functional
Command: launch_simulation -mode post-implementation -type functional
INFO: [Vivado 12-5682] Launching post-implementation functional simulation in 'E:/Projects/VLSI/32BitMIPSArch/MIPS325/MIPS325.sim/sim_1/impl/func/xsim'
INFO: [SIM-utils-51] Simulation object is 'sim_1'
INFO: [Common 17-41] Interrupt caught. Command should exit soon.
Netlist sorting complete. Time (s): cpu = 00:00:02 ; elapsed = 00:00:01 . Memory (MB): peak = 2785.293 ; gain = 0.000
INFO: [Netlist 29-17] Analyzing 6528 Unisim elements for replacement
INFO: [Netlist 29-28] Unisim Transformation completed in 0 CPU seconds
INFO: [Project 1-479] Netlist was created with Vivado 2020.2
open_run: Time (s): cpu = 00:00:08 ; elapsed = 00:00:08 . Memory (MB): peak = 2785.293 ; gain = 0.000
INFO: [Common 17-344] 'open_run' was cancelled
INFO: [Vivado 12-5357] 'setup' step aborted
launch_simulation: Time (s): cpu = 00:00:08 ; elapsed = 00:00:09 . Memory (MB): peak = 2785.293 ; gain = 0.000
INFO: [Common 17-344] 'launch_simulation' was cancelled
set_property top MIPSpipeline [get_filesets sim_1]
set_property top_lib xil_defaultlib [get_filesets sim_1]
launch_simulation -mode post-implementation -type timing
Command: launch_simulation -mode post-implementation -type timing
INFO: [Vivado 12-5682] Launching post-implementation timing simulation in 'E:/Projects/VLSI/32BitMIPSArch/MIPS325/MIPS325.sim/sim_1/impl/timing/xsim'
INFO: [SIM-utils-51] Simulation object is 'sim_1'
Netlist sorting complete. Time (s): cpu = 00:00:01 ; elapsed = 00:00:01 . Memory (MB): peak = 2785.293 ; gain = 0.000
INFO: [Netlist 29-17] Analyzing 6528 Unisim elements for replacement
INFO: [Netlist 29-28] Unisim Transformation completed in 0 CPU seconds
INFO: [Project 1-479] Netlist was created with Vivado 2020.2
INFO: [Project 1-570] Preparing netlist for logic optimization
INFO: [Timing 38-478] Restoring timing data from binary archive.
INFO: [Timing 38-479] Binary timing data restore complete.
INFO: [Project 1-856] Restoring constraints from binary archive.
INFO: [Project 1-853] Binary constraint restore complete.
Reading XDEF placement.
Reading placer database...
Reading XDEF routing.
Read XDEF File: Time (s): cpu = 00:00:07 ; elapsed = 00:00:11 . Memory (MB): peak = 2785.293 ; gain = 0.000
Restored from archive | CPU: 8.000000 secs | Memory: 0.000000 MB |
Finished XDEF File Restore: Time (s): cpu = 00:00:07 ; elapsed = 00:00:11 . Memory (MB): peak = 2785.293 ; gain = 0.000
Netlist sorting complete. Time (s): cpu = 00:00:00 ; elapsed = 00:00:00.020 . Memory (MB): peak = 2785.293 ; gain = 0.000
INFO: [Project 1-111] Unisim Transformation Summary:
No Unisim elements were transformed.

open_run: Time (s): cpu = 00:00:40 ; elapsed = 00:00:37 . Memory (MB): peak = 2785.293 ; gain = 0.000
INFO: [SIM-utils-31] Writing simulation netlist file for design 'impl_1'...
INFO: [SIM-utils-32] write_verilog -mode timesim -nolib -sdf_anno true -force -file "E:/Projects/VLSI/32BitMIPSArch/MIPS325/MIPS325.sim/sim_1/impl/timing/xsim/MIPSpipeline_time_impl.v"
write_verilog: Time (s): cpu = 00:00:14 ; elapsed = 00:00:06 . Memory (MB): peak = 2785.293 ; gain = 0.000
INFO: [SIM-utils-34] Writing SDF file...
INFO: [SIM-utils-35] write_sdf -mode timesim -process_corner slow -force -file "E:/Projects/VLSI/32BitMIPSArch/MIPS325/MIPS325.sim/sim_1/impl/timing/xsim/MIPSpipeline_time_impl.sdf"
write_sdf: Time (s): cpu = 00:00:29 ; elapsed = 00:00:25 . Memory (MB): peak = 2785.293 ; gain = 0.000
INFO: [SIM-utils-36] Netlist generated:E:/Projects/VLSI/32BitMIPSArch/MIPS325/MIPS325.sim/sim_1/impl/timing/xsim/MIPSpipeline_time_impl.v
INFO: [SIM-utils-37] SDF generated:E:/Projects/VLSI/32BitMIPSArch/MIPS325/MIPS325.sim/sim_1/impl/timing/xsim/MIPSpipeline_time_impl.sdf
INFO: [SIM-utils-54] Inspecting design source files for 'MIPSpipeline' in fileset 'sim_1'...
INFO: [SIM-utils-43] Exported 'E:/Projects/VLSI/32BitMIPSArch/MIPS325/MIPS325.sim/sim_1/impl/timing/xsim/instr.txt'
INFO: [USF-XSim-2] XSim::Compile design
INFO: [USF-XSim-61] Executing 'COMPILE and ANALYZE' step in 'E:/Projects/VLSI/32BitMIPSArch/MIPS325/MIPS325.sim/sim_1/impl/timing/xsim'
"xvlog --incr --relax -prj MIPSpipeline_vlog.prj"
INFO: [VRFC 10-2263] Analyzing Verilog file "E:/Projects/VLSI/32BitMIPSArch/MIPS325/MIPS325.sim/sim_1/impl/timing/xsim/MIPSpipeline_time_impl.v" into library xil_defaultlib
INFO: [VRFC 10-311] analyzing module D_FF
INFO: [VRFC 10-311] analyzing module D_FF_100
INFO: [VRFC 10-311] analyzing module D_FF_1000
INFO: [VRFC 10-311] analyzing module D_FF_1001
INFO: [VRFC 10-311] analyzing module D_FF_1002
INFO: [VRFC 10-311] analyzing module D_FF_1003
INFO: [VRFC 10-311] analyzing module D_FF_1004
INFO: [VRFC 10-311] analyzing module D_FF_1005
INFO: [VRFC 10-311] analyzing module D_FF_1006
INFO: [VRFC 10-311] analyzing module D_FF_1007
INFO: [VRFC 10-311] analyzing module D_FF_1008
INFO: [VRFC 10-311] analyzing module D_FF_1009
INFO: [VRFC 10-311] analyzing module D_FF_101
INFO: [VRFC 10-311] analyzing module D_FF_1010
INFO: [VRFC 10-311] analyzing module D_FF_102
INFO: [VRFC 10-311] analyzing module D_FF_103
INFO: [VRFC 10-311] analyzing module D_FF_104
INFO: [VRFC 10-311] analyzing module D_FF_105
INFO: [VRFC 10-311] analyzing module D_FF_106
INFO: [VRFC 10-311] analyzing module D_FF_107
INFO: [VRFC 10-311] analyzing module D_FF_1078
INFO: [VRFC 10-311] analyzing module D_FF_1079
INFO: [VRFC 10-311] analyzing module D_FF_108
INFO: [VRFC 10-311] analyzing module D_FF_1080
INFO: [VRFC 10-311] analyzing module D_FF_1081
INFO: [VRFC 10-311] analyzing module D_FF_1082
INFO: [VRFC 10-311] analyzing module D_FF_1083
INFO: [VRFC 10-311] analyzing module D_FF_1084
INFO: [VRFC 10-311] analyzing module D_FF_1085
INFO: [VRFC 10-311] analyzing module D_FF_1086
INFO: [VRFC 10-311] analyzing module D_FF_1087
INFO: [VRFC 10-311] analyzing module D_FF_109
INFO: [VRFC 10-311] analyzing module D_FF_110
INFO: [VRFC 10-311] analyzing module D_FF_111
INFO: [VRFC 10-311] analyzing module D_FF_112
INFO: [VRFC 10-311] analyzing module D_FF_1120
INFO: [VRFC 10-311] analyzing module D_FF_1121
INFO: [VRFC 10-311] analyzing module D_FF_1122
INFO: [VRFC 10-311] analyzing module D_FF_1123
INFO: [VRFC 10-311] analyzing module D_FF_1124
INFO: [VRFC 10-311] analyzing module D_FF_1125
INFO: [VRFC 10-311] analyzing module D_FF_1126
INFO: [VRFC 10-311] analyzing module D_FF_1127
INFO: [VRFC 10-311] analyzing module D_FF_1128
INFO: [VRFC 10-311] analyzing module D_FF_1129
INFO: [VRFC 10-311] analyzing module D_FF_113
INFO: [VRFC 10-311] analyzing module D_FF_1130
INFO: [VRFC 10-311] analyzing module D_FF_1131
INFO: [VRFC 10-311] analyzing module D_FF_1132
INFO: [VRFC 10-311] analyzing module D_FF_1133
INFO: [VRFC 10-311] analyzing module D_FF_1134
INFO: [VRFC 10-311] analyzing module D_FF_1135
INFO: [VRFC 10-311] analyzing module D_FF_1136
INFO: [VRFC 10-311] analyzing module D_FF_1137
INFO: [VRFC 10-311] analyzing module D_FF_1138
INFO: [VRFC 10-311] analyzing module D_FF_1139
INFO: [VRFC 10-311] analyzing module D_FF_114
INFO: [VRFC 10-311] analyzing module D_FF_1140
INFO: [VRFC 10-311] analyzing module D_FF_1141
INFO: [VRFC 10-311] analyzing module D_FF_1142
INFO: [VRFC 10-311] analyzing module D_FF_1143
INFO: [VRFC 10-311] analyzing module D_FF_1144
INFO: [VRFC 10-311] analyzing module D_FF_1145
INFO: [VRFC 10-311] analyzing module D_FF_1146
INFO: [VRFC 10-311] analyzing module D_FF_1147
INFO: [VRFC 10-311] analyzing module D_FF_1148
INFO: [VRFC 10-311] analyzing module D_FF_1149
INFO: [VRFC 10-311] analyzing module D_FF_1150
INFO: [VRFC 10-311] analyzing module D_FF_1151
INFO: [VRFC 10-311] analyzing module D_FF_1152
INFO: [VRFC 10-311] analyzing module D_FF_1185
INFO: [VRFC 10-311] analyzing module D_FF_1186
INFO: [VRFC 10-311] analyzing module D_FF_1187
INFO: [VRFC 10-311] analyzing module D_FF_1188
INFO: [VRFC 10-311] analyzing module D_FF_1189
INFO: [VRFC 10-311] analyzing module D_FF_1190
INFO: [VRFC 10-311] analyzing module D_FF_1191
INFO: [VRFC 10-311] analyzing module D_FF_1192
INFO: [VRFC 10-311] analyzing module D_FF_1193
INFO: [VRFC 10-311] analyzing module D_FF_1194
INFO: [VRFC 10-311] analyzing module D_FF_1195
INFO: [VRFC 10-311] analyzing module D_FF_1196
INFO: [VRFC 10-311] analyzing module D_FF_1197
INFO: [VRFC 10-311] analyzing module D_FF_1198
INFO: [VRFC 10-311] analyzing module D_FF_1199
INFO: [VRFC 10-311] analyzing module D_FF_1200
INFO: [VRFC 10-311] analyzing module D_FF_1201
INFO: [VRFC 10-311] analyzing module D_FF_1202
INFO: [VRFC 10-311] analyzing module D_FF_1203
INFO: [VRFC 10-311] analyzing module D_FF_1204
INFO: [VRFC 10-311] analyzing module D_FF_1205
INFO: [VRFC 10-311] analyzing module D_FF_1206
INFO: [VRFC 10-311] analyzing module D_FF_1207
INFO: [VRFC 10-311] analyzing module D_FF_1208
INFO: [VRFC 10-311] analyzing module D_FF_1209
INFO: [VRFC 10-311] analyzing module D_FF_1210
INFO: [VRFC 10-311] analyzing module D_FF_1211
INFO: [VRFC 10-311] analyzing module D_FF_1212
INFO: [VRFC 10-311] analyzing module D_FF_1213
INFO: [VRFC 10-311] analyzing module D_FF_1214
INFO: [VRFC 10-311] analyzing module D_FF_1215
INFO: [VRFC 10-311] analyzing module D_FF_1216
INFO: [VRFC 10-311] analyzing module D_FF_1217
INFO: [VRFC 10-311] analyzing module D_FF_1222
INFO: [VRFC 10-311] analyzing module D_FF_1223
INFO: [VRFC 10-311] analyzing module D_FF_1224
INFO: [VRFC 10-311] analyzing module D_FF_1225
INFO: [VRFC 10-311] analyzing module D_FF_1248
INFO: [VRFC 10-311] analyzing module D_FF_1249
INFO: [VRFC 10-311] analyzing module D_FF_1250
INFO: [VRFC 10-311] analyzing module D_FF_1251
INFO: [VRFC 10-311] analyzing module D_FF_1252
INFO: [VRFC 10-311] analyzing module D_FF_1253
INFO: [VRFC 10-311] analyzing module D_FF_1254
INFO: [VRFC 10-311] analyzing module D_FF_1255
INFO: [VRFC 10-311] analyzing module D_FF_1256
INFO: [VRFC 10-311] analyzing module D_FF_1257
INFO: [VRFC 10-311] analyzing module D_FF_1258
INFO: [VRFC 10-311] analyzing module D_FF_1259
INFO: [VRFC 10-311] analyzing module D_FF_1260
INFO: [VRFC 10-311] analyzing module D_FF_1261
INFO: [VRFC 10-311] analyzing module D_FF_1262
INFO: [VRFC 10-311] analyzing module D_FF_1263
INFO: [VRFC 10-311] analyzing module D_FF_1264
INFO: [VRFC 10-311] analyzing module D_FF_1265
INFO: [VRFC 10-311] analyzing module D_FF_1266
INFO: [VRFC 10-311] analyzing module D_FF_1267
INFO: [VRFC 10-311] analyzing module D_FF_1268
INFO: [VRFC 10-311] analyzing module D_FF_1269
INFO: [VRFC 10-311] analyzing module D_FF_1278
INFO: [VRFC 10-311] analyzing module D_FF_1279
INFO: [VRFC 10-311] analyzing module D_FF_1280
INFO: [VRFC 10-311] analyzing module D_FF_1281
INFO: [VRFC 10-311] analyzing module D_FF_1282
INFO: [VRFC 10-311] analyzing module D_FF_1283
INFO: [VRFC 10-311] analyzing module D_FF_1284
INFO: [VRFC 10-311] analyzing module D_FF_1285
INFO: [VRFC 10-311] analyzing module D_FF_1286
INFO: [VRFC 10-311] analyzing module D_FF_1287
INFO: [VRFC 10-311] analyzing module D_FF_1320
INFO: [VRFC 10-311] analyzing module D_FF_1321
INFO: [VRFC 10-311] analyzing module D_FF_1322
INFO: [VRFC 10-311] analyzing module D_FF_1323
INFO: [VRFC 10-311] analyzing module D_FF_1324
INFO: [VRFC 10-311] analyzing module D_FF_1325
INFO: [VRFC 10-311] analyzing module D_FF_1326
INFO: [VRFC 10-311] analyzing module D_FF_1327
INFO: [VRFC 10-311] analyzing module D_FF_1328
INFO: [VRFC 10-311] analyzing module D_FF_1329
INFO: [VRFC 10-311] analyzing module D_FF_1330
INFO: [VRFC 10-311] analyzing module D_FF_1331
INFO: [VRFC 10-311] analyzing module D_FF_1332
INFO: [VRFC 10-311] analyzing module D_FF_1333
INFO: [VRFC 10-311] analyzing module D_FF_1334
INFO: [VRFC 10-311] analyzing module D_FF_1335
INFO: [VRFC 10-311] analyzing module D_FF_1336
INFO: [VRFC 10-311] analyzing module D_FF_1337
INFO: [VRFC 10-311] analyzing module D_FF_1338
INFO: [VRFC 10-311] analyzing module D_FF_1339
INFO: [VRFC 10-311] analyzing module D_FF_1340
INFO: [VRFC 10-311] analyzing module D_FF_1341
INFO: [VRFC 10-311] analyzing module D_FF_1342
INFO: [VRFC 10-311] analyzing module D_FF_1343
INFO: [VRFC 10-311] analyzing module D_FF_1344
INFO: [VRFC 10-311] analyzing module D_FF_1345
INFO: [VRFC 10-311] analyzing module D_FF_1346
INFO: [VRFC 10-311] analyzing module D_FF_1347
INFO: [VRFC 10-311] analyzing module D_FF_1348
INFO: [VRFC 10-311] analyzing module D_FF_1349
INFO: [VRFC 10-311] analyzing module D_FF_1350
INFO: [VRFC 10-311] analyzing module D_FF_1351
INFO: [VRFC 10-311] analyzing module D_FF_1384
INFO: [VRFC 10-311] analyzing module D_FF_1385
INFO: [VRFC 10-311] analyzing module D_FF_1386
INFO: [VRFC 10-311] analyzing module D_FF_1387
INFO: [VRFC 10-311] analyzing module D_FF_1388
INFO: [VRFC 10-311] analyzing module D_FF_1389
INFO: [VRFC 10-311] analyzing module D_FF_1390
INFO: [VRFC 10-311] analyzing module D_FF_1391
INFO: [VRFC 10-311] analyzing module D_FF_1392
INFO: [VRFC 10-311] analyzing module D_FF_1393
INFO: [VRFC 10-311] analyzing module D_FF_1394
INFO: [VRFC 10-311] analyzing module D_FF_1395
INFO: [VRFC 10-311] analyzing module D_FF_1396
INFO: [VRFC 10-311] analyzing module D_FF_1397
INFO: [VRFC 10-311] analyzing module D_FF_1398
INFO: [VRFC 10-311] analyzing module D_FF_1399
INFO: [VRFC 10-311] analyzing module D_FF_1400
INFO: [VRFC 10-311] analyzing module D_FF_1401
INFO: [VRFC 10-311] analyzing module D_FF_1402
INFO: [VRFC 10-311] analyzing module D_FF_1403
INFO: [VRFC 10-311] analyzing module D_FF_1404
INFO: [VRFC 10-311] analyzing module D_FF_1405
INFO: [VRFC 10-311] analyzing module D_FF_1406
INFO: [VRFC 10-311] analyzing module D_FF_1407
INFO: [VRFC 10-311] analyzing module D_FF_1408
INFO: [VRFC 10-311] analyzing module D_FF_1409
INFO: [VRFC 10-311] analyzing module D_FF_1410
INFO: [VRFC 10-311] analyzing module D_FF_1411
INFO: [VRFC 10-311] analyzing module D_FF_1412
INFO: [VRFC 10-311] analyzing module D_FF_1413
INFO: [VRFC 10-311] analyzing module D_FF_1414
INFO: [VRFC 10-311] analyzing module D_FF_1415
INFO: [VRFC 10-311] analyzing module D_FF_1420
INFO: [VRFC 10-311] analyzing module D_FF_1421
INFO: [VRFC 10-311] analyzing module D_FF_1422
INFO: [VRFC 10-311] analyzing module D_FF_1423
INFO: [VRFC 10-311] analyzing module D_FF_1424
INFO: [VRFC 10-311] analyzing module D_FF_1425
INFO: [VRFC 10-311] analyzing module D_FF_1426
INFO: [VRFC 10-311] analyzing module D_FF_1427
INFO: [VRFC 10-311] analyzing module D_FF_1439
INFO: [VRFC 10-311] analyzing module D_FF_1440
INFO: [VRFC 10-311] analyzing module D_FF_1441
INFO: [VRFC 10-311] analyzing module D_FF_1442
INFO: [VRFC 10-311] analyzing module D_FF_1443
INFO: [VRFC 10-311] analyzing module D_FF_1444
INFO: [VRFC 10-311] analyzing module D_FF_1445
INFO: [VRFC 10-311] analyzing module D_FF_1446
INFO: [VRFC 10-311] analyzing module D_FF_1447
INFO: [VRFC 10-311] analyzing module D_FF_1448
INFO: [VRFC 10-311] analyzing module D_FF_1449
INFO: [VRFC 10-311] analyzing module D_FF_1450
INFO: [VRFC 10-311] analyzing module D_FF_1451
INFO: [VRFC 10-311] analyzing module D_FF_1452
INFO: [VRFC 10-311] analyzing module D_FF_1453
INFO: [VRFC 10-311] analyzing module D_FF_1454
INFO: [VRFC 10-311] analyzing module D_FF_1455
INFO: [VRFC 10-311] analyzing module D_FF_1456
INFO: [VRFC 10-311] analyzing module D_FF_1457
INFO: [VRFC 10-311] analyzing module D_FF_1458
INFO: [VRFC 10-311] analyzing module D_FF_147
INFO: [VRFC 10-311] analyzing module D_FF_148
INFO: [VRFC 10-311] analyzing module D_FF_149
INFO: [VRFC 10-311] analyzing module D_FF_1491
INFO: [VRFC 10-311] analyzing module D_FF_1492
INFO: [VRFC 10-311] analyzing module D_FF_1493
INFO: [VRFC 10-311] analyzing module D_FF_1494
INFO: [VRFC 10-311] analyzing module D_FF_1495
INFO: [VRFC 10-311] analyzing module D_FF_1496
INFO: [VRFC 10-311] analyzing module D_FF_1497
INFO: [VRFC 10-311] analyzing module D_FF_1498
INFO: [VRFC 10-311] analyzing module D_FF_1499
INFO: [VRFC 10-311] analyzing module D_FF_150
INFO: [VRFC 10-311] analyzing module D_FF_1500
INFO: [VRFC 10-311] analyzing module D_FF_1501
INFO: [VRFC 10-311] analyzing module D_FF_1502
INFO: [VRFC 10-311] analyzing module D_FF_1503
INFO: [VRFC 10-311] analyzing module D_FF_1504
INFO: [VRFC 10-311] analyzing module D_FF_1505
INFO: [VRFC 10-311] analyzing module D_FF_1506
INFO: [VRFC 10-311] analyzing module D_FF_1507
INFO: [VRFC 10-311] analyzing module D_FF_1508
INFO: [VRFC 10-311] analyzing module D_FF_1509
INFO: [VRFC 10-311] analyzing module D_FF_151
INFO: [VRFC 10-311] analyzing module D_FF_1510
INFO: [VRFC 10-311] analyzing module D_FF_1511
INFO: [VRFC 10-311] analyzing module D_FF_1512
INFO: [VRFC 10-311] analyzing module D_FF_1513
INFO: [VRFC 10-311] analyzing module D_FF_1514
INFO: [VRFC 10-311] analyzing module D_FF_1515
INFO: [VRFC 10-311] analyzing module D_FF_1516
INFO: [VRFC 10-311] analyzing module D_FF_1517
INFO: [VRFC 10-311] analyzing module D_FF_1518
INFO: [VRFC 10-311] analyzing module D_FF_1519
INFO: [VRFC 10-311] analyzing module D_FF_152
INFO: [VRFC 10-311] analyzing module D_FF_1520
INFO: [VRFC 10-311] analyzing module D_FF_1521
INFO: [VRFC 10-311] analyzing module D_FF_1522
INFO: [VRFC 10-311] analyzing module D_FF_1523
INFO: [VRFC 10-311] analyzing module D_FF_1524
INFO: [VRFC 10-311] analyzing module D_FF_1525
INFO: [VRFC 10-311] analyzing module D_FF_153
INFO: [VRFC 10-311] analyzing module D_FF_154
INFO: [VRFC 10-311] analyzing module D_FF_155
INFO: [VRFC 10-311] analyzing module D_FF_1558
INFO: [VRFC 10-311] analyzing module D_FF_1559
INFO: [VRFC 10-311] analyzing module D_FF_156
INFO: [VRFC 10-311] analyzing module D_FF_1560
INFO: [VRFC 10-311] analyzing module D_FF_1561
INFO: [VRFC 10-311] analyzing module D_FF_1562
INFO: [VRFC 10-311] analyzing module D_FF_1563
INFO: [VRFC 10-311] analyzing module D_FF_1564
INFO: [VRFC 10-311] analyzing module D_FF_1565
INFO: [VRFC 10-311] analyzing module D_FF_1566
INFO: [VRFC 10-311] analyzing module D_FF_1567
INFO: [VRFC 10-311] analyzing module D_FF_1568
INFO: [VRFC 10-311] analyzing module D_FF_1569
INFO: [VRFC 10-311] analyzing module D_FF_157
INFO: [VRFC 10-311] analyzing module D_FF_1570
INFO: [VRFC 10-311] analyzing module D_FF_1571
INFO: [VRFC 10-311] analyzing module D_FF_1572
INFO: [VRFC 10-311] analyzing module D_FF_1573
INFO: [VRFC 10-311] analyzing module D_FF_1574
INFO: [VRFC 10-311] analyzing module D_FF_1575
INFO: [VRFC 10-311] analyzing module D_FF_1576
INFO: [VRFC 10-311] analyzing module D_FF_1577
INFO: [VRFC 10-311] analyzing module D_FF_1578
INFO: [VRFC 10-311] analyzing module D_FF_1579
INFO: [VRFC 10-311] analyzing module D_FF_158
INFO: [VRFC 10-311] analyzing module D_FF_1580
INFO: [VRFC 10-311] analyzing module D_FF_1581
INFO: [VRFC 10-311] analyzing module D_FF_1582
INFO: [VRFC 10-311] analyzing module D_FF_1583
INFO: [VRFC 10-311] analyzing module D_FF_1584
INFO: [VRFC 10-311] analyzing module D_FF_1585
INFO: [VRFC 10-311] analyzing module D_FF_1586
INFO: [VRFC 10-311] analyzing module D_FF_1587
INFO: [VRFC 10-311] analyzing module D_FF_1588
INFO: [VRFC 10-311] analyzing module D_FF_1589
INFO: [VRFC 10-311] analyzing module D_FF_159
INFO: [VRFC 10-311] analyzing module D_FF_160
INFO: [VRFC 10-311] analyzing module D_FF_161
INFO: [VRFC 10-311] analyzing module D_FF_162
INFO: [VRFC 10-311] analyzing module D_FF_163
INFO: [VRFC 10-311] analyzing module D_FF_164
INFO: [VRFC 10-311] analyzing module D_FF_165
INFO: [VRFC 10-311] analyzing module D_FF_166
INFO: [VRFC 10-311] analyzing module D_FF_167
INFO: [VRFC 10-311] analyzing module D_FF_168
INFO: [VRFC 10-311] analyzing module D_FF_169
INFO: [VRFC 10-311] analyzing module D_FF_170
INFO: [VRFC 10-311] analyzing module D_FF_171
INFO: [VRFC 10-311] analyzing module D_FF_172
INFO: [VRFC 10-311] analyzing module D_FF_173
INFO: [VRFC 10-311] analyzing module D_FF_174
INFO: [VRFC 10-311] analyzing module D_FF_175
INFO: [VRFC 10-311] analyzing module D_FF_176
INFO: [VRFC 10-311] analyzing module D_FF_177
INFO: [VRFC 10-311] analyzing module D_FF_178
INFO: [VRFC 10-311] analyzing module D_FF_211
INFO: [VRFC 10-311] analyzing module D_FF_212
INFO: [VRFC 10-311] analyzing module D_FF_213
INFO: [VRFC 10-311] analyzing module D_FF_214
INFO: [VRFC 10-311] analyzing module D_FF_215
INFO: [VRFC 10-311] analyzing module D_FF_216
INFO: [VRFC 10-311] analyzing module D_FF_217
INFO: [VRFC 10-311] analyzing module D_FF_218
INFO: [VRFC 10-311] analyzing module D_FF_219
INFO: [VRFC 10-311] analyzing module D_FF_220
INFO: [VRFC 10-311] analyzing module D_FF_221
INFO: [VRFC 10-311] analyzing module D_FF_222
INFO: [VRFC 10-311] analyzing module D_FF_223
INFO: [VRFC 10-311] analyzing module D_FF_224
INFO: [VRFC 10-311] analyzing module D_FF_225
INFO: [VRFC 10-311] analyzing module D_FF_226
INFO: [VRFC 10-311] analyzing module D_FF_227
INFO: [VRFC 10-311] analyzing module D_FF_228
INFO: [VRFC 10-311] analyzing module D_FF_229
INFO: [VRFC 10-311] analyzing module D_FF_230
INFO: [VRFC 10-311] analyzing module D_FF_231
INFO: [VRFC 10-311] analyzing module D_FF_232
INFO: [VRFC 10-311] analyzing module D_FF_233
INFO: [VRFC 10-311] analyzing module D_FF_234
INFO: [VRFC 10-311] analyzing module D_FF_235
INFO: [VRFC 10-311] analyzing module D_FF_236
INFO: [VRFC 10-311] analyzing module D_FF_237
INFO: [VRFC 10-311] analyzing module D_FF_238
INFO: [VRFC 10-311] analyzing module D_FF_239
INFO: [VRFC 10-311] analyzing module D_FF_240
INFO: [VRFC 10-311] analyzing module D_FF_241
INFO: [VRFC 10-311] analyzing module D_FF_242
INFO: [VRFC 10-311] analyzing module D_FF_275
INFO: [VRFC 10-311] analyzing module D_FF_276
INFO: [VRFC 10-311] analyzing module D_FF_277
INFO: [VRFC 10-311] analyzing module D_FF_278
INFO: [VRFC 10-311] analyzing module D_FF_279
INFO: [VRFC 10-311] analyzing module D_FF_280
INFO: [VRFC 10-311] analyzing module D_FF_281
INFO: [VRFC 10-311] analyzing module D_FF_282
INFO: [VRFC 10-311] analyzing module D_FF_283
INFO: [VRFC 10-311] analyzing module D_FF_284
INFO: [VRFC 10-311] analyzing module D_FF_285
INFO: [VRFC 10-311] analyzing module D_FF_286
INFO: [VRFC 10-311] analyzing module D_FF_287
INFO: [VRFC 10-311] analyzing module D_FF_288
INFO: [VRFC 10-311] analyzing module D_FF_289
INFO: [VRFC 10-311] analyzing module D_FF_290
INFO: [VRFC 10-311] analyzing module D_FF_291
INFO: [VRFC 10-311] analyzing module D_FF_292
INFO: [VRFC 10-311] analyzing module D_FF_293
INFO: [VRFC 10-311] analyzing module D_FF_294
INFO: [VRFC 10-311] analyzing module D_FF_295
INFO: [VRFC 10-311] analyzing module D_FF_296
INFO: [VRFC 10-311] analyzing module D_FF_297
INFO: [VRFC 10-311] analyzing module D_FF_298
INFO: [VRFC 10-311] analyzing module D_FF_299
INFO: [VRFC 10-311] analyzing module D_FF_300
INFO: [VRFC 10-311] analyzing module D_FF_301
INFO: [VRFC 10-311] analyzing module D_FF_302
INFO: [VRFC 10-311] analyzing module D_FF_303
INFO: [VRFC 10-311] analyzing module D_FF_304
INFO: [VRFC 10-311] analyzing module D_FF_305
INFO: [VRFC 10-311] analyzing module D_FF_306
INFO: [VRFC 10-311] analyzing module D_FF_339
INFO: [VRFC 10-311] analyzing module D_FF_340
INFO: [VRFC 10-311] analyzing module D_FF_341
INFO: [VRFC 10-311] analyzing module D_FF_342
INFO: [VRFC 10-311] analyzing module D_FF_343
INFO: [VRFC 10-311] analyzing module D_FF_344
INFO: [VRFC 10-311] analyzing module D_FF_345
INFO: [VRFC 10-311] analyzing module D_FF_346
INFO: [VRFC 10-311] analyzing module D_FF_347
INFO: [VRFC 10-311] analyzing module D_FF_348
INFO: [VRFC 10-311] analyzing module D_FF_349
INFO: [VRFC 10-311] analyzing module D_FF_350
INFO: [VRFC 10-311] analyzing module D_FF_351
INFO: [VRFC 10-311] analyzing module D_FF_352
INFO: [VRFC 10-311] analyzing module D_FF_353
INFO: [VRFC 10-311] analyzing module D_FF_354
INFO: [VRFC 10-311] analyzing module D_FF_355
INFO: [VRFC 10-311] analyzing module D_FF_356
INFO: [VRFC 10-311] analyzing module D_FF_357
INFO: [VRFC 10-311] analyzing module D_FF_358
INFO: [VRFC 10-311] analyzing module D_FF_359
INFO: [VRFC 10-311] analyzing module D_FF_360
INFO: [VRFC 10-311] analyzing module D_FF_361
INFO: [VRFC 10-311] analyzing module D_FF_362
INFO: [VRFC 10-311] analyzing module D_FF_363
INFO: [VRFC 10-311] analyzing module D_FF_364
INFO: [VRFC 10-311] analyzing module D_FF_365
INFO: [VRFC 10-311] analyzing module D_FF_366
INFO: [VRFC 10-311] analyzing module D_FF_367
INFO: [VRFC 10-311] analyzing module D_FF_368
INFO: [VRFC 10-311] analyzing module D_FF_369
INFO: [VRFC 10-311] analyzing module D_FF_370
INFO: [VRFC 10-311] analyzing module D_FF_403
INFO: [VRFC 10-311] analyzing module D_FF_404
INFO: [VRFC 10-311] analyzing module D_FF_405
INFO: [VRFC 10-311] analyzing module D_FF_406
INFO: [VRFC 10-311] analyzing module D_FF_407
INFO: [VRFC 10-311] analyzing module D_FF_408
INFO: [VRFC 10-311] analyzing module D_FF_409
INFO: [VRFC 10-311] analyzing module D_FF_410
INFO: [VRFC 10-311] analyzing module D_FF_411
INFO: [VRFC 10-311] analyzing module D_FF_412
INFO: [VRFC 10-311] analyzing module D_FF_413
INFO: [VRFC 10-311] analyzing module D_FF_414
INFO: [VRFC 10-311] analyzing module D_FF_415
INFO: [VRFC 10-311] analyzing module D_FF_416
INFO: [VRFC 10-311] analyzing module D_FF_417
INFO: [VRFC 10-311] analyzing module D_FF_418
INFO: [VRFC 10-311] analyzing module D_FF_419
INFO: [VRFC 10-311] analyzing module D_FF_420
INFO: [VRFC 10-311] analyzing module D_FF_421
INFO: [VRFC 10-311] analyzing module D_FF_422
INFO: [VRFC 10-311] analyzing module D_FF_423
INFO: [VRFC 10-311] analyzing module D_FF_424
INFO: [VRFC 10-311] analyzing module D_FF_425
INFO: [VRFC 10-311] analyzing module D_FF_426
INFO: [VRFC 10-311] analyzing module D_FF_427
INFO: [VRFC 10-311] analyzing module D_FF_428
INFO: [VRFC 10-311] analyzing module D_FF_429
INFO: [VRFC 10-311] analyzing module D_FF_430
INFO: [VRFC 10-311] analyzing module D_FF_431
INFO: [VRFC 10-311] analyzing module D_FF_432
INFO: [VRFC 10-311] analyzing module D_FF_433
INFO: [VRFC 10-311] analyzing module D_FF_434
INFO: [VRFC 10-311] analyzing module D_FF_467
INFO: [VRFC 10-311] analyzing module D_FF_468
INFO: [VRFC 10-311] analyzing module D_FF_469
INFO: [VRFC 10-311] analyzing module D_FF_470
INFO: [VRFC 10-311] analyzing module D_FF_471
INFO: [VRFC 10-311] analyzing module D_FF_472
INFO: [VRFC 10-311] analyzing module D_FF_473
INFO: [VRFC 10-311] analyzing module D_FF_474
INFO: [VRFC 10-311] analyzing module D_FF_475
INFO: [VRFC 10-311] analyzing module D_FF_476
INFO: [VRFC 10-311] analyzing module D_FF_477
INFO: [VRFC 10-311] analyzing module D_FF_478
INFO: [VRFC 10-311] analyzing module D_FF_479
INFO: [VRFC 10-311] analyzing module D_FF_480
INFO: [VRFC 10-311] analyzing module D_FF_481
INFO: [VRFC 10-311] analyzing module D_FF_482
INFO: [VRFC 10-311] analyzing module D_FF_483
INFO: [VRFC 10-311] analyzing module D_FF_484
INFO: [VRFC 10-311] analyzing module D_FF_485
INFO: [VRFC 10-311] analyzing module D_FF_486
INFO: [VRFC 10-311] analyzing module D_FF_487
INFO: [VRFC 10-311] analyzing module D_FF_488
INFO: [VRFC 10-311] analyzing module D_FF_489
INFO: [VRFC 10-311] analyzing module D_FF_490
INFO: [VRFC 10-311] analyzing module D_FF_491
INFO: [VRFC 10-311] analyzing module D_FF_492
INFO: [VRFC 10-311] analyzing module D_FF_493
INFO: [VRFC 10-311] analyzing module D_FF_494
INFO: [VRFC 10-311] analyzing module D_FF_495
INFO: [VRFC 10-311] analyzing module D_FF_496
INFO: [VRFC 10-311] analyzing module D_FF_497
INFO: [VRFC 10-311] analyzing module D_FF_498
INFO: [VRFC 10-311] analyzing module D_FF_531
INFO: [VRFC 10-311] analyzing module D_FF_532
INFO: [VRFC 10-311] analyzing module D_FF_533
INFO: [VRFC 10-311] analyzing module D_FF_534
INFO: [VRFC 10-311] analyzing module D_FF_535
INFO: [VRFC 10-311] analyzing module D_FF_536
INFO: [VRFC 10-311] analyzing module D_FF_537
INFO: [VRFC 10-311] analyzing module D_FF_538
INFO: [VRFC 10-311] analyzing module D_FF_539
INFO: [VRFC 10-311] analyzing module D_FF_540
INFO: [VRFC 10-311] analyzing module D_FF_541
INFO: [VRFC 10-311] analyzing module D_FF_542
INFO: [VRFC 10-311] analyzing module D_FF_543
INFO: [VRFC 10-311] analyzing module D_FF_544
INFO: [VRFC 10-311] analyzing module D_FF_545
INFO: [VRFC 10-311] analyzing module D_FF_546
INFO: [VRFC 10-311] analyzing module D_FF_547
INFO: [VRFC 10-311] analyzing module D_FF_548
INFO: [VRFC 10-311] analyzing module D_FF_549
INFO: [VRFC 10-311] analyzing module D_FF_550
INFO: [VRFC 10-311] analyzing module D_FF_551
INFO: [VRFC 10-311] analyzing module D_FF_552
INFO: [VRFC 10-311] analyzing module D_FF_553
INFO: [VRFC 10-311] analyzing module D_FF_554
INFO: [VRFC 10-311] analyzing module D_FF_555
INFO: [VRFC 10-311] analyzing module D_FF_556
INFO: [VRFC 10-311] analyzing module D_FF_557
INFO: [VRFC 10-311] analyzing module D_FF_558
INFO: [VRFC 10-311] analyzing module D_FF_559
INFO: [VRFC 10-311] analyzing module D_FF_560
INFO: [VRFC 10-311] analyzing module D_FF_561
INFO: [VRFC 10-311] analyzing module D_FF_562
INFO: [VRFC 10-311] analyzing module D_FF_595
INFO: [VRFC 10-311] analyzing module D_FF_596
INFO: [VRFC 10-311] analyzing module D_FF_597
INFO: [VRFC 10-311] analyzing module D_FF_598
INFO: [VRFC 10-311] analyzing module D_FF_599
INFO: [VRFC 10-311] analyzing module D_FF_600
INFO: [VRFC 10-311] analyzing module D_FF_601
INFO: [VRFC 10-311] analyzing module D_FF_602
INFO: [VRFC 10-311] analyzing module D_FF_603
INFO: [VRFC 10-311] analyzing module D_FF_604
INFO: [VRFC 10-311] analyzing module D_FF_605
INFO: [VRFC 10-311] analyzing module D_FF_606
INFO: [VRFC 10-311] analyzing module D_FF_607
INFO: [VRFC 10-311] analyzing module D_FF_608
INFO: [VRFC 10-311] analyzing module D_FF_609
INFO: [VRFC 10-311] analyzing module D_FF_610
INFO: [VRFC 10-311] analyzing module D_FF_611
INFO: [VRFC 10-311] analyzing module D_FF_612
INFO: [VRFC 10-311] analyzing module D_FF_613
INFO: [VRFC 10-311] analyzing module D_FF_614
INFO: [VRFC 10-311] analyzing module D_FF_615
INFO: [VRFC 10-311] analyzing module D_FF_616
INFO: [VRFC 10-311] analyzing module D_FF_617
INFO: [VRFC 10-311] analyzing module D_FF_618
INFO: [VRFC 10-311] analyzing module D_FF_619
INFO: [VRFC 10-311] analyzing module D_FF_620
INFO: [VRFC 10-311] analyzing module D_FF_621
INFO: [VRFC 10-311] analyzing module D_FF_622
INFO: [VRFC 10-311] analyzing module D_FF_623
INFO: [VRFC 10-311] analyzing module D_FF_624
INFO: [VRFC 10-311] analyzing module D_FF_625
INFO: [VRFC 10-311] analyzing module D_FF_626
INFO: [VRFC 10-311] analyzing module D_FF_659
INFO: [VRFC 10-311] analyzing module D_FF_660
INFO: [VRFC 10-311] analyzing module D_FF_661
INFO: [VRFC 10-311] analyzing module D_FF_662
INFO: [VRFC 10-311] analyzing module D_FF_663
INFO: [VRFC 10-311] analyzing module D_FF_664
INFO: [VRFC 10-311] analyzing module D_FF_665
INFO: [VRFC 10-311] analyzing module D_FF_666
INFO: [VRFC 10-311] analyzing module D_FF_667
INFO: [VRFC 10-311] analyzing module D_FF_668
INFO: [VRFC 10-311] analyzing module D_FF_669
INFO: [VRFC 10-311] analyzing module D_FF_670
INFO: [VRFC 10-311] analyzing module D_FF_671
INFO: [VRFC 10-311] analyzing module D_FF_672
INFO: [VRFC 10-311] analyzing module D_FF_673
INFO: [VRFC 10-311] analyzing module D_FF_674
INFO: [VRFC 10-311] analyzing module D_FF_675
INFO: [VRFC 10-311] analyzing module D_FF_676
INFO: [VRFC 10-311] analyzing module D_FF_677
INFO: [VRFC 10-311] analyzing module D_FF_678
INFO: [VRFC 10-311] analyzing module D_FF_679
INFO: [VRFC 10-311] analyzing module D_FF_680
INFO: [VRFC 10-311] analyzing module D_FF_681
INFO: [VRFC 10-311] analyzing module D_FF_682
INFO: [VRFC 10-311] analyzing module D_FF_683
INFO: [VRFC 10-311] analyzing module D_FF_684
INFO: [VRFC 10-311] analyzing module D_FF_685
INFO: [VRFC 10-311] analyzing module D_FF_686
INFO: [VRFC 10-311] analyzing module D_FF_687
INFO: [VRFC 10-311] analyzing module D_FF_688
INFO: [VRFC 10-311] analyzing module D_FF_689
INFO: [VRFC 10-311] analyzing module D_FF_690
INFO: [VRFC 10-311] analyzing module D_FF_723
INFO: [VRFC 10-311] analyzing module D_FF_724
INFO: [VRFC 10-311] analyzing module D_FF_725
INFO: [VRFC 10-311] analyzing module D_FF_726
INFO: [VRFC 10-311] analyzing module D_FF_727
INFO: [VRFC 10-311] analyzing module D_FF_728
INFO: [VRFC 10-311] analyzing module D_FF_729
INFO: [VRFC 10-311] analyzing module D_FF_730
INFO: [VRFC 10-311] analyzing module D_FF_731
INFO: [VRFC 10-311] analyzing module D_FF_732
INFO: [VRFC 10-311] analyzing module D_FF_733
INFO: [VRFC 10-311] analyzing module D_FF_734
INFO: [VRFC 10-311] analyzing module D_FF_735
INFO: [VRFC 10-311] analyzing module D_FF_736
INFO: [VRFC 10-311] analyzing module D_FF_737
INFO: [VRFC 10-311] analyzing module D_FF_738
INFO: [VRFC 10-311] analyzing module D_FF_739
INFO: [VRFC 10-311] analyzing module D_FF_740
INFO: [VRFC 10-311] analyzing module D_FF_741
INFO: [VRFC 10-311] analyzing module D_FF_742
INFO: [VRFC 10-311] analyzing module D_FF_743
INFO: [VRFC 10-311] analyzing module D_FF_744
INFO: [VRFC 10-311] analyzing module D_FF_745
INFO: [VRFC 10-311] analyzing module D_FF_746
INFO: [VRFC 10-311] analyzing module D_FF_747
INFO: [VRFC 10-311] analyzing module D_FF_748
INFO: [VRFC 10-311] analyzing module D_FF_749
INFO: [VRFC 10-311] analyzing module D_FF_750
INFO: [VRFC 10-311] analyzing module D_FF_751
INFO: [VRFC 10-311] analyzing module D_FF_752
INFO: [VRFC 10-311] analyzing module D_FF_753
INFO: [VRFC 10-311] analyzing module D_FF_754
INFO: [VRFC 10-311] analyzing module D_FF_787
INFO: [VRFC 10-311] analyzing module D_FF_788
INFO: [VRFC 10-311] analyzing module D_FF_789
INFO: [VRFC 10-311] analyzing module D_FF_790
INFO: [VRFC 10-311] analyzing module D_FF_791
INFO: [VRFC 10-311] analyzing module D_FF_792
INFO: [VRFC 10-311] analyzing module D_FF_793
INFO: [VRFC 10-311] analyzing module D_FF_794
INFO: [VRFC 10-311] analyzing module D_FF_795
INFO: [VRFC 10-311] analyzing module D_FF_796
INFO: [VRFC 10-311] analyzing module D_FF_797
INFO: [VRFC 10-311] analyzing module D_FF_798
INFO: [VRFC 10-311] analyzing module D_FF_799
INFO: [VRFC 10-311] analyzing module D_FF_800
INFO: [VRFC 10-311] analyzing module D_FF_801
INFO: [VRFC 10-311] analyzing module D_FF_802
INFO: [VRFC 10-311] analyzing module D_FF_803
INFO: [VRFC 10-311] analyzing module D_FF_804
INFO: [VRFC 10-311] analyzing module D_FF_805
INFO: [VRFC 10-311] analyzing module D_FF_806
INFO: [VRFC 10-311] analyzing module D_FF_807
INFO: [VRFC 10-311] analyzing module D_FF_808
INFO: [VRFC 10-311] analyzing module D_FF_809
INFO: [VRFC 10-311] analyzing module D_FF_810
INFO: [VRFC 10-311] analyzing module D_FF_811
INFO: [VRFC 10-311] analyzing module D_FF_812
INFO: [VRFC 10-311] analyzing module D_FF_813
INFO: [VRFC 10-311] analyzing module D_FF_814
INFO: [VRFC 10-311] analyzing module D_FF_815
INFO: [VRFC 10-311] analyzing module D_FF_816
INFO: [VRFC 10-311] analyzing module D_FF_817
INFO: [VRFC 10-311] analyzing module D_FF_818
INFO: [VRFC 10-311] analyzing module D_FF_84
INFO: [VRFC 10-311] analyzing module D_FF_85
INFO: [VRFC 10-311] analyzing module D_FF_851
INFO: [VRFC 10-311] analyzing module D_FF_852
INFO: [VRFC 10-311] analyzing module D_FF_853
INFO: [VRFC 10-311] analyzing module D_FF_854
INFO: [VRFC 10-311] analyzing module D_FF_855
INFO: [VRFC 10-311] analyzing module D_FF_856
INFO: [VRFC 10-311] analyzing module D_FF_857
INFO: [VRFC 10-311] analyzing module D_FF_858
INFO: [VRFC 10-311] analyzing module D_FF_859
INFO: [VRFC 10-311] analyzing module D_FF_86
INFO: [VRFC 10-311] analyzing module D_FF_860
INFO: [VRFC 10-311] analyzing module D_FF_861
INFO: [VRFC 10-311] analyzing module D_FF_862
INFO: [VRFC 10-311] analyzing module D_FF_863
INFO: [VRFC 10-311] analyzing module D_FF_864
INFO: [VRFC 10-311] analyzing module D_FF_865
INFO: [VRFC 10-311] analyzing module D_FF_866
INFO: [VRFC 10-311] analyzing module D_FF_867
INFO: [VRFC 10-311] analyzing module D_FF_868
INFO: [VRFC 10-311] analyzing module D_FF_869
INFO: [VRFC 10-311] analyzing module D_FF_87
INFO: [VRFC 10-311] analyzing module D_FF_870
INFO: [VRFC 10-311] analyzing module D_FF_871
INFO: [VRFC 10-311] analyzing module D_FF_872
INFO: [VRFC 10-311] analyzing module D_FF_873
INFO: [VRFC 10-311] analyzing module D_FF_874
INFO: [VRFC 10-311] analyzing module D_FF_875
INFO: [VRFC 10-311] analyzing module D_FF_876
INFO: [VRFC 10-311] analyzing module D_FF_877
INFO: [VRFC 10-311] analyzing module D_FF_878
INFO: [VRFC 10-311] analyzing module D_FF_879
INFO: [VRFC 10-311] analyzing module D_FF_88
INFO: [VRFC 10-311] analyzing module D_FF_880
INFO: [VRFC 10-311] analyzing module D_FF_881
INFO: [VRFC 10-311] analyzing module D_FF_882
INFO: [VRFC 10-311] analyzing module D_FF_89
INFO: [VRFC 10-311] analyzing module D_FF_90
INFO: [VRFC 10-311] analyzing module D_FF_91
INFO: [VRFC 10-311] analyzing module D_FF_915
INFO: [VRFC 10-311] analyzing module D_FF_916
INFO: [VRFC 10-311] analyzing module D_FF_917
INFO: [VRFC 10-311] analyzing module D_FF_918
INFO: [VRFC 10-311] analyzing module D_FF_919
INFO: [VRFC 10-311] analyzing module D_FF_92
INFO: [VRFC 10-311] analyzing module D_FF_920
INFO: [VRFC 10-311] analyzing module D_FF_921
INFO: [VRFC 10-311] analyzing module D_FF_922
INFO: [VRFC 10-311] analyzing module D_FF_923
INFO: [VRFC 10-311] analyzing module D_FF_924
INFO: [VRFC 10-311] analyzing module D_FF_925
INFO: [VRFC 10-311] analyzing module D_FF_926
INFO: [VRFC 10-311] analyzing module D_FF_927
INFO: [VRFC 10-311] analyzing module D_FF_928
INFO: [VRFC 10-311] analyzing module D_FF_929
INFO: [VRFC 10-311] analyzing module D_FF_93
INFO: [VRFC 10-311] analyzing module D_FF_930
INFO: [VRFC 10-311] analyzing module D_FF_931
INFO: [VRFC 10-311] analyzing module D_FF_932
INFO: [VRFC 10-311] analyzing module D_FF_933
INFO: [VRFC 10-311] analyzing module D_FF_934
INFO: [VRFC 10-311] analyzing module D_FF_935
INFO: [VRFC 10-311] analyzing module D_FF_936
INFO: [VRFC 10-311] analyzing module D_FF_937
INFO: [VRFC 10-311] analyzing module D_FF_938
INFO: [VRFC 10-311] analyzing module D_FF_939
INFO: [VRFC 10-311] analyzing module D_FF_94
INFO: [VRFC 10-311] analyzing module D_FF_940
INFO: [VRFC 10-311] analyzing module D_FF_941
INFO: [VRFC 10-311] analyzing module D_FF_942
INFO: [VRFC 10-311] analyzing module D_FF_943
INFO: [VRFC 10-311] analyzing module D_FF_944
INFO: [VRFC 10-311] analyzing module D_FF_945
INFO: [VRFC 10-311] analyzing module D_FF_946
INFO: [VRFC 10-311] analyzing module D_FF_95
INFO: [VRFC 10-311] analyzing module D_FF_96
INFO: [VRFC 10-311] analyzing module D_FF_97
INFO: [VRFC 10-311] analyzing module D_FF_979
INFO: [VRFC 10-311] analyzing module D_FF_98
INFO: [VRFC 10-311] analyzing module D_FF_980
INFO: [VRFC 10-311] analyzing module D_FF_981
INFO: [VRFC 10-311] analyzing module D_FF_982
INFO: [VRFC 10-311] analyzing module D_FF_983
INFO: [VRFC 10-311] analyzing module D_FF_984
INFO: [VRFC 10-311] analyzing module D_FF_985
INFO: [VRFC 10-311] analyzing module D_FF_986
INFO: [VRFC 10-311] analyzing module D_FF_987
INFO: [VRFC 10-311] analyzing module D_FF_988
INFO: [VRFC 10-311] analyzing module D_FF_989
INFO: [VRFC 10-311] analyzing module D_FF_99
INFO: [VRFC 10-311] analyzing module D_FF_990
INFO: [VRFC 10-311] analyzing module D_FF_991
INFO: [VRFC 10-311] analyzing module D_FF_992
INFO: [VRFC 10-311] analyzing module D_FF_993
INFO: [VRFC 10-311] analyzing module D_FF_994
INFO: [VRFC 10-311] analyzing module D_FF_995
INFO: [VRFC 10-311] analyzing module D_FF_996
INFO: [VRFC 10-311] analyzing module D_FF_997
INFO: [VRFC 10-311] analyzing module D_FF_998
INFO: [VRFC 10-311] analyzing module D_FF_999
INFO: [VRFC 10-311] analyzing module MIPSpipeline
INFO: [VRFC 10-311] analyzing module RegBit
INFO: [VRFC 10-311] analyzing module RegBit_0
INFO: [VRFC 10-311] analyzing module RegBit_1
INFO: [VRFC 10-311] analyzing module RegBit_10
INFO: [VRFC 10-311] analyzing module RegBit_1074
INFO: [VRFC 10-311] analyzing module RegBit_1075
INFO: [VRFC 10-311] analyzing module RegBit_1076
INFO: [VRFC 10-311] analyzing module RegBit_1077
INFO: [VRFC 10-311] analyzing module RegBit_1088
INFO: [VRFC 10-311] analyzing module RegBit_1089
INFO: [VRFC 10-311] analyzing module RegBit_1090
INFO: [VRFC 10-311] analyzing module RegBit_1091
INFO: [VRFC 10-311] analyzing module RegBit_1092
INFO: [VRFC 10-311] analyzing module RegBit_1093
INFO: [VRFC 10-311] analyzing module RegBit_1094
INFO: [VRFC 10-311] analyzing module RegBit_1095
INFO: [VRFC 10-311] analyzing module RegBit_1096
INFO: [VRFC 10-311] analyzing module RegBit_1097
INFO: [VRFC 10-311] analyzing module RegBit_1098
INFO: [VRFC 10-311] analyzing module RegBit_1099
INFO: [VRFC 10-311] analyzing module RegBit_11
INFO: [VRFC 10-311] analyzing module RegBit_1100
INFO: [VRFC 10-311] analyzing module RegBit_1101
INFO: [VRFC 10-311] analyzing module RegBit_1102
INFO: [VRFC 10-311] analyzing module RegBit_1103
INFO: [VRFC 10-311] analyzing module RegBit_1104
INFO: [VRFC 10-311] analyzing module RegBit_1105
INFO: [VRFC 10-311] analyzing module RegBit_1106
INFO: [VRFC 10-311] analyzing module RegBit_1107
INFO: [VRFC 10-311] analyzing module RegBit_1108
INFO: [VRFC 10-311] analyzing module RegBit_1109
INFO: [VRFC 10-311] analyzing module RegBit_1110
INFO: [VRFC 10-311] analyzing module RegBit_1111
INFO: [VRFC 10-311] analyzing module RegBit_1112
INFO: [VRFC 10-311] analyzing module RegBit_1113
INFO: [VRFC 10-311] analyzing module RegBit_1114
INFO: [VRFC 10-311] analyzing module RegBit_1115
INFO: [VRFC 10-311] analyzing module RegBit_1116
INFO: [VRFC 10-311] analyzing module RegBit_1117
INFO: [VRFC 10-311] analyzing module RegBit_1118
INFO: [VRFC 10-311] analyzing module RegBit_1119
INFO: [VRFC 10-311] analyzing module RegBit_115
INFO: [VRFC 10-311] analyzing module RegBit_1153
INFO: [VRFC 10-311] analyzing module RegBit_1154
INFO: [VRFC 10-311] analyzing module RegBit_1155
INFO: [VRFC 10-311] analyzing module RegBit_1156
INFO: [VRFC 10-311] analyzing module RegBit_1157
INFO: [VRFC 10-311] analyzing module RegBit_1158
INFO: [VRFC 10-311] analyzing module RegBit_1159
INFO: [VRFC 10-311] analyzing module RegBit_116
INFO: [VRFC 10-311] analyzing module RegBit_1160
INFO: [VRFC 10-311] analyzing module RegBit_1161
INFO: [VRFC 10-311] analyzing module RegBit_1162
INFO: [VRFC 10-311] analyzing module RegBit_1163
INFO: [VRFC 10-311] analyzing module RegBit_1164
INFO: [VRFC 10-311] analyzing module RegBit_1165
INFO: [VRFC 10-311] analyzing module RegBit_1166
INFO: [VRFC 10-311] analyzing module RegBit_1167
INFO: [VRFC 10-311] analyzing module RegBit_1168
INFO: [VRFC 10-311] analyzing module RegBit_1169
INFO: [VRFC 10-311] analyzing module RegBit_117
INFO: [VRFC 10-311] analyzing module RegBit_1170
INFO: [VRFC 10-311] analyzing module RegBit_1171
INFO: [VRFC 10-311] analyzing module RegBit_1172
INFO: [VRFC 10-311] analyzing module RegBit_1173
INFO: [VRFC 10-311] analyzing module RegBit_1174
INFO: [VRFC 10-311] analyzing module RegBit_1175
INFO: [VRFC 10-311] analyzing module RegBit_1176
INFO: [VRFC 10-311] analyzing module RegBit_1177
INFO: [VRFC 10-311] analyzing module RegBit_1178
INFO: [VRFC 10-311] analyzing module RegBit_1179
INFO: [VRFC 10-311] analyzing module RegBit_118
INFO: [VRFC 10-311] analyzing module RegBit_1180
INFO: [VRFC 10-311] analyzing module RegBit_1181
INFO: [VRFC 10-311] analyzing module RegBit_1182
INFO: [VRFC 10-311] analyzing module RegBit_1183
INFO: [VRFC 10-311] analyzing module RegBit_1184
INFO: [VRFC 10-311] analyzing module RegBit_119
INFO: [VRFC 10-311] analyzing module RegBit_120
INFO: [VRFC 10-311] analyzing module RegBit_121
INFO: [VRFC 10-311] analyzing module RegBit_1218
INFO: [VRFC 10-311] analyzing module RegBit_1219
INFO: [VRFC 10-311] analyzing module RegBit_122
INFO: [VRFC 10-311] analyzing module RegBit_1220
INFO: [VRFC 10-311] analyzing module RegBit_1221
INFO: [VRFC 10-311] analyzing module RegBit_1226
INFO: [VRFC 10-311] analyzing module RegBit_1227
INFO: [VRFC 10-311] analyzing module RegBit_1228
INFO: [VRFC 10-311] analyzing module RegBit_1229
INFO: [VRFC 10-311] analyzing module RegBit_123
INFO: [VRFC 10-311] analyzing module RegBit_1230
INFO: [VRFC 10-311] analyzing module RegBit_1231
INFO: [VRFC 10-311] analyzing module RegBit_1232
INFO: [VRFC 10-311] analyzing module RegBit_1233
INFO: [VRFC 10-311] analyzing module RegBit_1234
INFO: [VRFC 10-311] analyzing module RegBit_1235
INFO: [VRFC 10-311] analyzing module RegBit_1236
INFO: [VRFC 10-311] analyzing module RegBit_1237
INFO: [VRFC 10-311] analyzing module RegBit_1238
INFO: [VRFC 10-311] analyzing module RegBit_1239
INFO: [VRFC 10-311] analyzing module RegBit_124
INFO: [VRFC 10-311] analyzing module RegBit_1240
INFO: [VRFC 10-311] analyzing module RegBit_1241
INFO: [VRFC 10-311] analyzing module RegBit_1242
INFO: [VRFC 10-311] analyzing module RegBit_1243
INFO: [VRFC 10-311] analyzing module RegBit_1244
INFO: [VRFC 10-311] analyzing module RegBit_1245
INFO: [VRFC 10-311] analyzing module RegBit_1246
INFO: [VRFC 10-311] analyzing module RegBit_1247
INFO: [VRFC 10-311] analyzing module RegBit_125
INFO: [VRFC 10-311] analyzing module RegBit_126
INFO: [VRFC 10-311] analyzing module RegBit_127
INFO: [VRFC 10-311] analyzing module RegBit_1270
INFO: [VRFC 10-311] analyzing module RegBit_1271
INFO: [VRFC 10-311] analyzing module RegBit_1272
INFO: [VRFC 10-311] analyzing module RegBit_1273
INFO: [VRFC 10-311] analyzing module RegBit_1274
INFO: [VRFC 10-311] analyzing module RegBit_1275
INFO: [VRFC 10-311] analyzing module RegBit_1276
INFO: [VRFC 10-311] analyzing module RegBit_1277
INFO: [VRFC 10-311] analyzing module RegBit_128
INFO: [VRFC 10-311] analyzing module RegBit_1288
INFO: [VRFC 10-311] analyzing module RegBit_1289
INFO: [VRFC 10-311] analyzing module RegBit_129
INFO: [VRFC 10-311] analyzing module RegBit_1290
INFO: [VRFC 10-311] analyzing module RegBit_1291
INFO: [VRFC 10-311] analyzing module RegBit_1292
INFO: [VRFC 10-311] analyzing module RegBit_1293
INFO: [VRFC 10-311] analyzing module RegBit_1294
INFO: [VRFC 10-311] analyzing module RegBit_1295
INFO: [VRFC 10-311] analyzing module RegBit_1296
INFO: [VRFC 10-311] analyzing module RegBit_1297
INFO: [VRFC 10-311] analyzing module RegBit_1298
INFO: [VRFC 10-311] analyzing module RegBit_1299
INFO: [VRFC 10-311] analyzing module RegBit_13
INFO: [VRFC 10-311] analyzing module RegBit_130
INFO: [VRFC 10-311] analyzing module RegBit_1300
INFO: [VRFC 10-311] analyzing module RegBit_1301
INFO: [VRFC 10-311] analyzing module RegBit_1302
INFO: [VRFC 10-311] analyzing module RegBit_1303
INFO: [VRFC 10-311] analyzing module RegBit_1304
INFO: [VRFC 10-311] analyzing module RegBit_1305
INFO: [VRFC 10-311] analyzing module RegBit_1306
INFO: [VRFC 10-311] analyzing module RegBit_1307
INFO: [VRFC 10-311] analyzing module RegBit_1308
INFO: [VRFC 10-311] analyzing module RegBit_1309
INFO: [VRFC 10-311] analyzing module RegBit_131
INFO: [VRFC 10-311] analyzing module RegBit_1310
INFO: [VRFC 10-311] analyzing module RegBit_1311
INFO: [VRFC 10-311] analyzing module RegBit_1312
INFO: [VRFC 10-311] analyzing module RegBit_1313
INFO: [VRFC 10-311] analyzing module RegBit_1314
INFO: [VRFC 10-311] analyzing module RegBit_1315
INFO: [VRFC 10-311] analyzing module RegBit_1316
INFO: [VRFC 10-311] analyzing module RegBit_1317
INFO: [VRFC 10-311] analyzing module RegBit_1318
INFO: [VRFC 10-311] analyzing module RegBit_1319
INFO: [VRFC 10-311] analyzing module RegBit_132
INFO: [VRFC 10-311] analyzing module RegBit_133
INFO: [VRFC 10-311] analyzing module RegBit_134
INFO: [VRFC 10-311] analyzing module RegBit_135
INFO: [VRFC 10-311] analyzing module RegBit_1352
INFO: [VRFC 10-311] analyzing module RegBit_1353
INFO: [VRFC 10-311] analyzing module RegBit_1354
INFO: [VRFC 10-311] analyzing module RegBit_1355
INFO: [VRFC 10-311] analyzing module RegBit_1356
INFO: [VRFC 10-311] analyzing module RegBit_1357
INFO: [VRFC 10-311] analyzing module RegBit_1358
INFO: [VRFC 10-311] analyzing module RegBit_1359
INFO: [VRFC 10-311] analyzing module RegBit_136
INFO: [VRFC 10-311] analyzing module RegBit_1360
INFO: [VRFC 10-311] analyzing module RegBit_1361
INFO: [VRFC 10-311] analyzing module RegBit_1362
INFO: [VRFC 10-311] analyzing module RegBit_1363
INFO: [VRFC 10-311] analyzing module RegBit_1364
INFO: [VRFC 10-311] analyzing module RegBit_1365
INFO: [VRFC 10-311] analyzing module RegBit_1366
INFO: [VRFC 10-311] analyzing module RegBit_1367
INFO: [VRFC 10-311] analyzing module RegBit_1368
INFO: [VRFC 10-311] analyzing module RegBit_1369
INFO: [VRFC 10-311] analyzing module RegBit_137
INFO: [VRFC 10-311] analyzing module RegBit_1370
INFO: [VRFC 10-311] analyzing module RegBit_1371
INFO: [VRFC 10-311] analyzing module RegBit_1372
INFO: [VRFC 10-311] analyzing module RegBit_1373
INFO: [VRFC 10-311] analyzing module RegBit_1374
INFO: [VRFC 10-311] analyzing module RegBit_1375
INFO: [VRFC 10-311] analyzing module RegBit_1376
INFO: [VRFC 10-311] analyzing module RegBit_1377
INFO: [VRFC 10-311] analyzing module RegBit_1378
INFO: [VRFC 10-311] analyzing module RegBit_1379
INFO: [VRFC 10-311] analyzing module RegBit_138
INFO: [VRFC 10-311] analyzing module RegBit_1380
INFO: [VRFC 10-311] analyzing module RegBit_1381
INFO: [VRFC 10-311] analyzing module RegBit_1382
INFO: [VRFC 10-311] analyzing module RegBit_1383
INFO: [VRFC 10-311] analyzing module RegBit_139
INFO: [VRFC 10-311] analyzing module RegBit_14
INFO: [VRFC 10-311] analyzing module RegBit_140
INFO: [VRFC 10-311] analyzing module RegBit_141
INFO: [VRFC 10-311] analyzing module RegBit_1416
INFO: [VRFC 10-311] analyzing module RegBit_1417
INFO: [VRFC 10-311] analyzing module RegBit_1418
INFO: [VRFC 10-311] analyzing module RegBit_1419
INFO: [VRFC 10-311] analyzing module RegBit_142
INFO: [VRFC 10-311] analyzing module RegBit_1428
INFO: [VRFC 10-311] analyzing module RegBit_1429
INFO: [VRFC 10-311] analyzing module RegBit_143
INFO: [VRFC 10-311] analyzing module RegBit_1430
INFO: [VRFC 10-311] analyzing module RegBit_1431
INFO: [VRFC 10-311] analyzing module RegBit_1432
INFO: [VRFC 10-311] analyzing module RegBit_1433
INFO: [VRFC 10-311] analyzing module RegBit_1434
INFO: [VRFC 10-311] analyzing module RegBit_1435
INFO: [VRFC 10-311] analyzing module RegBit_1436
INFO: [VRFC 10-311] analyzing module RegBit_1437
INFO: [VRFC 10-311] analyzing module RegBit_1438
INFO: [VRFC 10-311] analyzing module RegBit_144
INFO: [VRFC 10-311] analyzing module RegBit_145
INFO: [VRFC 10-311] analyzing module RegBit_1459
INFO: [VRFC 10-311] analyzing module RegBit_146
INFO: [VRFC 10-311] analyzing module RegBit_1460
INFO: [VRFC 10-311] analyzing module RegBit_1461
INFO: [VRFC 10-311] analyzing module RegBit_1462
INFO: [VRFC 10-311] analyzing module RegBit_1463
INFO: [VRFC 10-311] analyzing module RegBit_1464
INFO: [VRFC 10-311] analyzing module RegBit_1465
INFO: [VRFC 10-311] analyzing module RegBit_1466
INFO: [VRFC 10-311] analyzing module RegBit_1467
INFO: [VRFC 10-311] analyzing module RegBit_1468
INFO: [VRFC 10-311] analyzing module RegBit_1469
INFO: [VRFC 10-311] analyzing module RegBit_1470
INFO: [VRFC 10-311] analyzing module RegBit_1471
INFO: [VRFC 10-311] analyzing module RegBit_1472
INFO: [VRFC 10-311] analyzing module RegBit_1473
INFO: [VRFC 10-311] analyzing module RegBit_1474
INFO: [VRFC 10-311] analyzing module RegBit_1475
INFO: [VRFC 10-311] analyzing module RegBit_1476
INFO: [VRFC 10-311] analyzing module RegBit_1477
INFO: [VRFC 10-311] analyzing module RegBit_1478
INFO: [VRFC 10-311] analyzing module RegBit_1479
INFO: [VRFC 10-311] analyzing module RegBit_1480
INFO: [VRFC 10-311] analyzing module RegBit_1481
INFO: [VRFC 10-311] analyzing module RegBit_1482
INFO: [VRFC 10-311] analyzing module RegBit_1483
INFO: [VRFC 10-311] analyzing module RegBit_1484
INFO: [VRFC 10-311] analyzing module RegBit_1485
INFO: [VRFC 10-311] analyzing module RegBit_1486
INFO: [VRFC 10-311] analyzing module RegBit_1487
INFO: [VRFC 10-311] analyzing module RegBit_1488
INFO: [VRFC 10-311] analyzing module RegBit_1489
INFO: [VRFC 10-311] analyzing module RegBit_1490
INFO: [VRFC 10-311] analyzing module RegBit_15
INFO: [VRFC 10-311] analyzing module RegBit_1526
INFO: [VRFC 10-311] analyzing module RegBit_1527
INFO: [VRFC 10-311] analyzing module RegBit_1528
INFO: [VRFC 10-311] analyzing module RegBit_1529
INFO: [VRFC 10-311] analyzing module RegBit_1530
INFO: [VRFC 10-311] analyzing module RegBit_1531
INFO: [VRFC 10-311] analyzing module RegBit_1532
INFO: [VRFC 10-311] analyzing module RegBit_1533
INFO: [VRFC 10-311] analyzing module RegBit_1534
INFO: [VRFC 10-311] analyzing module RegBit_1535
INFO: [VRFC 10-311] analyzing module RegBit_1536
INFO: [VRFC 10-311] analyzing module RegBit_1537
INFO: [VRFC 10-311] analyzing module RegBit_1538
INFO: [VRFC 10-311] analyzing module RegBit_1539
INFO: [VRFC 10-311] analyzing module RegBit_1540
INFO: [VRFC 10-311] analyzing module RegBit_1541
INFO: [VRFC 10-311] analyzing module RegBit_1542
INFO: [VRFC 10-311] analyzing module RegBit_1543
INFO: [VRFC 10-311] analyzing module RegBit_1544
INFO: [VRFC 10-311] analyzing module RegBit_1545
INFO: [VRFC 10-311] analyzing module RegBit_1546
INFO: [VRFC 10-311] analyzing module RegBit_1547
INFO: [VRFC 10-311] analyzing module RegBit_1548
INFO: [VRFC 10-311] analyzing module RegBit_1549
INFO: [VRFC 10-311] analyzing module RegBit_1550
INFO: [VRFC 10-311] analyzing module RegBit_1551
INFO: [VRFC 10-311] analyzing module RegBit_1552
INFO: [VRFC 10-311] analyzing module RegBit_1553
INFO: [VRFC 10-311] analyzing module RegBit_1554
INFO: [VRFC 10-311] analyzing module RegBit_1555
INFO: [VRFC 10-311] analyzing module RegBit_1556
INFO: [VRFC 10-311] analyzing module RegBit_1557
INFO: [VRFC 10-311] analyzing module RegBit_16
INFO: [VRFC 10-311] analyzing module RegBit_179
INFO: [VRFC 10-311] analyzing module RegBit_180
INFO: [VRFC 10-311] analyzing module RegBit_181
INFO: [VRFC 10-311] analyzing module RegBit_182
INFO: [VRFC 10-311] analyzing module RegBit_183
INFO: [VRFC 10-311] analyzing module RegBit_184
INFO: [VRFC 10-311] analyzing module RegBit_185
INFO: [VRFC 10-311] analyzing module RegBit_186
INFO: [VRFC 10-311] analyzing module RegBit_187
INFO: [VRFC 10-311] analyzing module RegBit_188
INFO: [VRFC 10-311] analyzing module RegBit_189
INFO: [VRFC 10-311] analyzing module RegBit_190
INFO: [VRFC 10-311] analyzing module RegBit_191
INFO: [VRFC 10-311] analyzing module RegBit_192
INFO: [VRFC 10-311] analyzing module RegBit_193
INFO: [VRFC 10-311] analyzing module RegBit_194
INFO: [VRFC 10-311] analyzing module RegBit_195
INFO: [VRFC 10-311] analyzing module RegBit_196
INFO: [VRFC 10-311] analyzing module RegBit_197
INFO: [VRFC 10-311] analyzing module RegBit_198
INFO: [VRFC 10-311] analyzing module RegBit_199
INFO: [VRFC 10-311] analyzing module RegBit_20
INFO: [VRFC 10-311] analyzing module RegBit_200
INFO: [VRFC 10-311] analyzing module RegBit_201
INFO: [VRFC 10-311] analyzing module RegBit_202
INFO: [VRFC 10-311] analyzing module RegBit_203
INFO: [VRFC 10-311] analyzing module RegBit_204
INFO: [VRFC 10-311] analyzing module RegBit_205
INFO: [VRFC 10-311] analyzing module RegBit_206
INFO: [VRFC 10-311] analyzing module RegBit_207
INFO: [VRFC 10-311] analyzing module RegBit_208
INFO: [VRFC 10-311] analyzing module RegBit_209
INFO: [VRFC 10-311] analyzing module RegBit_21
INFO: [VRFC 10-311] analyzing module RegBit_210
INFO: [VRFC 10-311] analyzing module RegBit_243
INFO: [VRFC 10-311] analyzing module RegBit_244
INFO: [VRFC 10-311] analyzing module RegBit_245
INFO: [VRFC 10-311] analyzing module RegBit_246
INFO: [VRFC 10-311] analyzing module RegBit_247
INFO: [VRFC 10-311] analyzing module RegBit_248
INFO: [VRFC 10-311] analyzing module RegBit_249
INFO: [VRFC 10-311] analyzing module RegBit_25
INFO: [VRFC 10-311] analyzing module RegBit_250
INFO: [VRFC 10-311] analyzing module RegBit_251
INFO: [VRFC 10-311] analyzing module RegBit_252
INFO: [VRFC 10-311] analyzing module RegBit_253
INFO: [VRFC 10-311] analyzing module RegBit_254
INFO: [VRFC 10-311] analyzing module RegBit_255
INFO: [VRFC 10-311] analyzing module RegBit_256
INFO: [VRFC 10-311] analyzing module RegBit_257
INFO: [VRFC 10-311] analyzing module RegBit_258
INFO: [VRFC 10-311] analyzing module RegBit_259
INFO: [VRFC 10-311] analyzing module RegBit_260
INFO: [VRFC 10-311] analyzing module RegBit_261
INFO: [VRFC 10-311] analyzing module RegBit_262
INFO: [VRFC 10-311] analyzing module RegBit_263
INFO: [VRFC 10-311] analyzing module RegBit_264
INFO: [VRFC 10-311] analyzing module RegBit_265
INFO: [VRFC 10-311] analyzing module RegBit_266
INFO: [VRFC 10-311] analyzing module RegBit_267
INFO: [VRFC 10-311] analyzing module RegBit_268
INFO: [VRFC 10-311] analyzing module RegBit_269
INFO: [VRFC 10-311] analyzing module RegBit_27
INFO: [VRFC 10-311] analyzing module RegBit_270
INFO: [VRFC 10-311] analyzing module RegBit_271
INFO: [VRFC 10-311] analyzing module RegBit_272
INFO: [VRFC 10-311] analyzing module RegBit_273
INFO: [VRFC 10-311] analyzing module RegBit_274
INFO: [VRFC 10-311] analyzing module RegBit_29
INFO: [VRFC 10-311] analyzing module RegBit_3
INFO: [VRFC 10-311] analyzing module RegBit_30
INFO: [VRFC 10-311] analyzing module RegBit_307
INFO: [VRFC 10-311] analyzing module RegBit_308
INFO: [VRFC 10-311] analyzing module RegBit_309
INFO: [VRFC 10-311] analyzing module RegBit_31
INFO: [VRFC 10-311] analyzing module RegBit_310
INFO: [VRFC 10-311] analyzing module RegBit_311
INFO: [VRFC 10-311] analyzing module RegBit_312
INFO: [VRFC 10-311] analyzing module RegBit_313
INFO: [VRFC 10-311] analyzing module RegBit_314
INFO: [VRFC 10-311] analyzing module RegBit_315
INFO: [VRFC 10-311] analyzing module RegBit_316
INFO: [VRFC 10-311] analyzing module RegBit_317
INFO: [VRFC 10-311] analyzing module RegBit_318
INFO: [VRFC 10-311] analyzing module RegBit_319
INFO: [VRFC 10-311] analyzing module RegBit_32
INFO: [VRFC 10-311] analyzing module RegBit_320
INFO: [VRFC 10-311] analyzing module RegBit_321
INFO: [VRFC 10-311] analyzing module RegBit_322
INFO: [VRFC 10-311] analyzing module RegBit_323
INFO: [VRFC 10-311] analyzing module RegBit_324
INFO: [VRFC 10-311] analyzing module RegBit_325
INFO: [VRFC 10-311] analyzing module RegBit_326
INFO: [VRFC 10-311] analyzing module RegBit_327
INFO: [VRFC 10-311] analyzing module RegBit_328
INFO: [VRFC 10-311] analyzing module RegBit_329
INFO: [VRFC 10-311] analyzing module RegBit_33
INFO: [VRFC 10-311] analyzing module RegBit_330
INFO: [VRFC 10-311] analyzing module RegBit_331
INFO: [VRFC 10-311] analyzing module RegBit_332
INFO: [VRFC 10-311] analyzing module RegBit_333
INFO: [VRFC 10-311] analyzing module RegBit_334
INFO: [VRFC 10-311] analyzing module RegBit_335
INFO: [VRFC 10-311] analyzing module RegBit_336
INFO: [VRFC 10-311] analyzing module RegBit_337
INFO: [VRFC 10-311] analyzing module RegBit_338
INFO: [VRFC 10-311] analyzing module RegBit_34
INFO: [VRFC 10-311] analyzing module RegBit_371
INFO: [VRFC 10-311] analyzing module RegBit_372
INFO: [VRFC 10-311] analyzing module RegBit_373
INFO: [VRFC 10-311] analyzing module RegBit_374
INFO: [VRFC 10-311] analyzing module RegBit_375
INFO: [VRFC 10-311] analyzing module RegBit_376
INFO: [VRFC 10-311] analyzing module RegBit_377
INFO: [VRFC 10-311] analyzing module RegBit_378
INFO: [VRFC 10-311] analyzing module RegBit_379
INFO: [VRFC 10-311] analyzing module RegBit_380
INFO: [VRFC 10-311] analyzing module RegBit_381
INFO: [VRFC 10-311] analyzing module RegBit_382
INFO: [VRFC 10-311] analyzing module RegBit_383
INFO: [VRFC 10-311] analyzing module RegBit_384
INFO: [VRFC 10-311] analyzing module RegBit_385
INFO: [VRFC 10-311] analyzing module RegBit_386
INFO: [VRFC 10-311] analyzing module RegBit_387
INFO: [VRFC 10-311] analyzing module RegBit_388
INFO: [VRFC 10-311] analyzing module RegBit_389
INFO: [VRFC 10-311] analyzing module RegBit_390
INFO: [VRFC 10-311] analyzing module RegBit_391
INFO: [VRFC 10-311] analyzing module RegBit_392
INFO: [VRFC 10-311] analyzing module RegBit_393
INFO: [VRFC 10-311] analyzing module RegBit_394
INFO: [VRFC 10-311] analyzing module RegBit_395
INFO: [VRFC 10-311] analyzing module RegBit_396
INFO: [VRFC 10-311] analyzing module RegBit_397
INFO: [VRFC 10-311] analyzing module RegBit_398
INFO: [VRFC 10-311] analyzing module RegBit_399
INFO: [VRFC 10-311] analyzing module RegBit_4
INFO: [VRFC 10-311] analyzing module RegBit_400
INFO: [VRFC 10-311] analyzing module RegBit_401
INFO: [VRFC 10-311] analyzing module RegBit_402
INFO: [VRFC 10-311] analyzing module RegBit_435
INFO: [VRFC 10-311] analyzing module RegBit_436
INFO: [VRFC 10-311] analyzing module RegBit_437
INFO: [VRFC 10-311] analyzing module RegBit_438
INFO: [VRFC 10-311] analyzing module RegBit_439
INFO: [VRFC 10-311] analyzing module RegBit_440
INFO: [VRFC 10-311] analyzing module RegBit_441
INFO: [VRFC 10-311] analyzing module RegBit_442
INFO: [VRFC 10-311] analyzing module RegBit_443
INFO: [VRFC 10-311] analyzing module RegBit_444
INFO: [VRFC 10-311] analyzing module RegBit_445
INFO: [VRFC 10-311] analyzing module RegBit_446
INFO: [VRFC 10-311] analyzing module RegBit_447
INFO: [VRFC 10-311] analyzing module RegBit_448
INFO: [VRFC 10-311] analyzing module RegBit_449
INFO: [VRFC 10-311] analyzing module RegBit_450
INFO: [VRFC 10-311] analyzing module RegBit_451
INFO: [VRFC 10-311] analyzing module RegBit_452
INFO: [VRFC 10-311] analyzing module RegBit_453
INFO: [VRFC 10-311] analyzing module RegBit_454
INFO: [VRFC 10-311] analyzing module RegBit_455
INFO: [VRFC 10-311] analyzing module RegBit_456
INFO: [VRFC 10-311] analyzing module RegBit_457
INFO: [VRFC 10-311] analyzing module RegBit_458
INFO: [VRFC 10-311] analyzing module RegBit_459
INFO: [VRFC 10-311] analyzing module RegBit_460
INFO: [VRFC 10-311] analyzing module RegBit_461
INFO: [VRFC 10-311] analyzing module RegBit_462
INFO: [VRFC 10-311] analyzing module RegBit_463
INFO: [VRFC 10-311] analyzing module RegBit_464
INFO: [VRFC 10-311] analyzing module RegBit_465
INFO: [VRFC 10-311] analyzing module RegBit_466
INFO: [VRFC 10-311] analyzing module RegBit_499
INFO: [VRFC 10-311] analyzing module RegBit_5
INFO: [VRFC 10-311] analyzing module RegBit_500
INFO: [VRFC 10-311] analyzing module RegBit_501
INFO: [VRFC 10-311] analyzing module RegBit_502
INFO: [VRFC 10-311] analyzing module RegBit_503
INFO: [VRFC 10-311] analyzing module RegBit_504
INFO: [VRFC 10-311] analyzing module RegBit_505
INFO: [VRFC 10-311] analyzing module RegBit_506
INFO: [VRFC 10-311] analyzing module RegBit_507
INFO: [VRFC 10-311] analyzing module RegBit_508
INFO: [VRFC 10-311] analyzing module RegBit_509
INFO: [VRFC 10-311] analyzing module RegBit_510
INFO: [VRFC 10-311] analyzing module RegBit_511
INFO: [VRFC 10-311] analyzing module RegBit_512
INFO: [VRFC 10-311] analyzing module RegBit_513
INFO: [VRFC 10-311] analyzing module RegBit_514
INFO: [VRFC 10-311] analyzing module RegBit_515
INFO: [VRFC 10-311] analyzing module RegBit_516
INFO: [VRFC 10-311] analyzing module RegBit_517
INFO: [VRFC 10-311] analyzing module RegBit_518
INFO: [VRFC 10-311] analyzing module RegBit_519
INFO: [VRFC 10-311] analyzing module RegBit_52
INFO: [VRFC 10-311] analyzing module RegBit_520
INFO: [VRFC 10-311] analyzing module RegBit_521
INFO: [VRFC 10-311] analyzing module RegBit_522
INFO: [VRFC 10-311] analyzing module RegBit_523
INFO: [VRFC 10-311] analyzing module RegBit_524
INFO: [VRFC 10-311] analyzing module RegBit_525
INFO: [VRFC 10-311] analyzing module RegBit_526
INFO: [VRFC 10-311] analyzing module RegBit_527
INFO: [VRFC 10-311] analyzing module RegBit_528
INFO: [VRFC 10-311] analyzing module RegBit_529
INFO: [VRFC 10-311] analyzing module RegBit_53
INFO: [VRFC 10-311] analyzing module RegBit_530
INFO: [VRFC 10-311] analyzing module RegBit_54
INFO: [VRFC 10-311] analyzing module RegBit_55
INFO: [VRFC 10-311] analyzing module RegBit_56
INFO: [VRFC 10-311] analyzing module RegBit_563
INFO: [VRFC 10-311] analyzing module RegBit_564
INFO: [VRFC 10-311] analyzing module RegBit_565
INFO: [VRFC 10-311] analyzing module RegBit_566
INFO: [VRFC 10-311] analyzing module RegBit_567
INFO: [VRFC 10-311] analyzing module RegBit_568
INFO: [VRFC 10-311] analyzing module RegBit_569
INFO: [VRFC 10-311] analyzing module RegBit_57
INFO: [VRFC 10-311] analyzing module RegBit_570
INFO: [VRFC 10-311] analyzing module RegBit_571
INFO: [VRFC 10-311] analyzing module RegBit_572
INFO: [VRFC 10-311] analyzing module RegBit_573
INFO: [VRFC 10-311] analyzing module RegBit_574
INFO: [VRFC 10-311] analyzing module RegBit_575
INFO: [VRFC 10-311] analyzing module RegBit_576
INFO: [VRFC 10-311] analyzing module RegBit_577
INFO: [VRFC 10-311] analyzing module RegBit_578
INFO: [VRFC 10-311] analyzing module RegBit_579
INFO: [VRFC 10-311] analyzing module RegBit_58
INFO: [VRFC 10-311] analyzing module RegBit_580
INFO: [VRFC 10-311] analyzing module RegBit_581
INFO: [VRFC 10-311] analyzing module RegBit_582
INFO: [VRFC 10-311] analyzing module RegBit_583
INFO: [VRFC 10-311] analyzing module RegBit_584
INFO: [VRFC 10-311] analyzing module RegBit_585
INFO: [VRFC 10-311] analyzing module RegBit_586
INFO: [VRFC 10-311] analyzing module RegBit_587
INFO: [VRFC 10-311] analyzing module RegBit_588
INFO: [VRFC 10-311] analyzing module RegBit_589
INFO: [VRFC 10-311] analyzing module RegBit_59
INFO: [VRFC 10-311] analyzing module RegBit_590
INFO: [VRFC 10-311] analyzing module RegBit_591
INFO: [VRFC 10-311] analyzing module RegBit_592
INFO: [VRFC 10-311] analyzing module RegBit_593
INFO: [VRFC 10-311] analyzing module RegBit_594
INFO: [VRFC 10-311] analyzing module RegBit_6
INFO: [VRFC 10-311] analyzing module RegBit_60
INFO: [VRFC 10-311] analyzing module RegBit_61
INFO: [VRFC 10-311] analyzing module RegBit_62
INFO: [VRFC 10-311] analyzing module RegBit_627
INFO: [VRFC 10-311] analyzing module RegBit_628
INFO: [VRFC 10-311] analyzing module RegBit_629
INFO: [VRFC 10-311] analyzing module RegBit_63
INFO: [VRFC 10-311] analyzing module RegBit_630
INFO: [VRFC 10-311] analyzing module RegBit_631
INFO: [VRFC 10-311] analyzing module RegBit_632
INFO: [VRFC 10-311] analyzing module RegBit_633
INFO: [VRFC 10-311] analyzing module RegBit_634
INFO: [VRFC 10-311] analyzing module RegBit_635
INFO: [VRFC 10-311] analyzing module RegBit_636
INFO: [VRFC 10-311] analyzing module RegBit_637
INFO: [VRFC 10-311] analyzing module RegBit_638
INFO: [VRFC 10-311] analyzing module RegBit_639
INFO: [VRFC 10-311] analyzing module RegBit_64
INFO: [VRFC 10-311] analyzing module RegBit_640
INFO: [VRFC 10-311] analyzing module RegBit_641
INFO: [VRFC 10-311] analyzing module RegBit_642
INFO: [VRFC 10-311] analyzing module RegBit_643
INFO: [VRFC 10-311] analyzing module RegBit_644
INFO: [VRFC 10-311] analyzing module RegBit_645
INFO: [VRFC 10-311] analyzing module RegBit_646
INFO: [VRFC 10-311] analyzing module RegBit_647
INFO: [VRFC 10-311] analyzing module RegBit_648
INFO: [VRFC 10-311] analyzing module RegBit_649
INFO: [VRFC 10-311] analyzing module RegBit_65
INFO: [VRFC 10-311] analyzing module RegBit_650
INFO: [VRFC 10-311] analyzing module RegBit_651
INFO: [VRFC 10-311] analyzing module RegBit_652
INFO: [VRFC 10-311] analyzing module RegBit_653
INFO: [VRFC 10-311] analyzing module RegBit_654
INFO: [VRFC 10-311] analyzing module RegBit_655
INFO: [VRFC 10-311] analyzing module RegBit_656
INFO: [VRFC 10-311] analyzing module RegBit_657
INFO: [VRFC 10-311] analyzing module RegBit_658
INFO: [VRFC 10-311] analyzing module RegBit_66
INFO: [VRFC 10-311] analyzing module RegBit_67
INFO: [VRFC 10-311] analyzing module RegBit_68
INFO: [VRFC 10-311] analyzing module RegBit_69
INFO: [VRFC 10-311] analyzing module RegBit_691
INFO: [VRFC 10-311] analyzing module RegBit_692
INFO: [VRFC 10-311] analyzing module RegBit_693
INFO: [VRFC 10-311] analyzing module RegBit_694
INFO: [VRFC 10-311] analyzing module RegBit_695
INFO: [VRFC 10-311] analyzing module RegBit_696
INFO: [VRFC 10-311] analyzing module RegBit_697
INFO: [VRFC 10-311] analyzing module RegBit_698
INFO: [VRFC 10-311] analyzing module RegBit_699
INFO: [VRFC 10-311] analyzing module RegBit_7
INFO: [VRFC 10-311] analyzing module RegBit_70
INFO: [VRFC 10-311] analyzing module RegBit_700
INFO: [VRFC 10-311] analyzing module RegBit_701
INFO: [VRFC 10-311] analyzing module RegBit_702
INFO: [VRFC 10-311] analyzing module RegBit_703
INFO: [VRFC 10-311] analyzing module RegBit_704
INFO: [VRFC 10-311] analyzing module RegBit_705
INFO: [VRFC 10-311] analyzing module RegBit_706
INFO: [VRFC 10-311] analyzing module RegBit_707
INFO: [VRFC 10-311] analyzing module RegBit_708
INFO: [VRFC 10-311] analyzing module RegBit_709
INFO: [VRFC 10-311] analyzing module RegBit_71
INFO: [VRFC 10-311] analyzing module RegBit_710
INFO: [VRFC 10-311] analyzing module RegBit_711
INFO: [VRFC 10-311] analyzing module RegBit_712
INFO: [VRFC 10-311] analyzing module RegBit_713
INFO: [VRFC 10-311] analyzing module RegBit_714
INFO: [VRFC 10-311] analyzing module RegBit_715
INFO: [VRFC 10-311] analyzing module RegBit_716
INFO: [VRFC 10-311] analyzing module RegBit_717
INFO: [VRFC 10-311] analyzing module RegBit_718
INFO: [VRFC 10-311] analyzing module RegBit_719
INFO: [VRFC 10-311] analyzing module RegBit_72
INFO: [VRFC 10-311] analyzing module RegBit_720
INFO: [VRFC 10-311] analyzing module RegBit_721
INFO: [VRFC 10-311] analyzing module RegBit_722
INFO: [VRFC 10-311] analyzing module RegBit_73
INFO: [VRFC 10-311] analyzing module RegBit_74
INFO: [VRFC 10-311] analyzing module RegBit_75
INFO: [VRFC 10-311] analyzing module RegBit_755
INFO: [VRFC 10-311] analyzing module RegBit_756
INFO: [VRFC 10-311] analyzing module RegBit_757
INFO: [VRFC 10-311] analyzing module RegBit_758
INFO: [VRFC 10-311] analyzing module RegBit_759
INFO: [VRFC 10-311] analyzing module RegBit_76
INFO: [VRFC 10-311] analyzing module RegBit_760
INFO: [VRFC 10-311] analyzing module RegBit_761
INFO: [VRFC 10-311] analyzing module RegBit_762
INFO: [VRFC 10-311] analyzing module RegBit_763
INFO: [VRFC 10-311] analyzing module RegBit_764
INFO: [VRFC 10-311] analyzing module RegBit_765
INFO: [VRFC 10-311] analyzing module RegBit_766
INFO: [VRFC 10-311] analyzing module RegBit_767
INFO: [VRFC 10-311] analyzing module RegBit_768
INFO: [VRFC 10-311] analyzing module RegBit_769
INFO: [VRFC 10-311] analyzing module RegBit_77
INFO: [VRFC 10-311] analyzing module RegBit_770
INFO: [VRFC 10-311] analyzing module RegBit_771
INFO: [VRFC 10-311] analyzing module RegBit_772
INFO: [VRFC 10-311] analyzing module RegBit_773
INFO: [VRFC 10-311] analyzing module RegBit_774
INFO: [VRFC 10-311] analyzing module RegBit_775
INFO: [VRFC 10-311] analyzing module RegBit_776
INFO: [VRFC 10-311] analyzing module RegBit_777
INFO: [VRFC 10-311] analyzing module RegBit_778
INFO: [VRFC 10-311] analyzing module RegBit_779
INFO: [VRFC 10-311] analyzing module RegBit_78
INFO: [VRFC 10-311] analyzing module RegBit_780
INFO: [VRFC 10-311] analyzing module RegBit_781
INFO: [VRFC 10-311] analyzing module RegBit_782
INFO: [VRFC 10-311] analyzing module RegBit_783
INFO: [VRFC 10-311] analyzing module RegBit_784
INFO: [VRFC 10-311] analyzing module RegBit_785
INFO: [VRFC 10-311] analyzing module RegBit_786
INFO: [VRFC 10-311] analyzing module RegBit_79
INFO: [VRFC 10-311] analyzing module RegBit_8
INFO: [VRFC 10-311] analyzing module RegBit_80
INFO: [VRFC 10-311] analyzing module RegBit_81
INFO: [VRFC 10-311] analyzing module RegBit_819
INFO: [VRFC 10-311] analyzing module RegBit_82
INFO: [VRFC 10-311] analyzing module RegBit_820
INFO: [VRFC 10-311] analyzing module RegBit_821
INFO: [VRFC 10-311] analyzing module RegBit_822
INFO: [VRFC 10-311] analyzing module RegBit_823
INFO: [VRFC 10-311] analyzing module RegBit_824
INFO: [VRFC 10-311] analyzing module RegBit_825
INFO: [VRFC 10-311] analyzing module RegBit_826
INFO: [VRFC 10-311] analyzing module RegBit_827
INFO: [VRFC 10-311] analyzing module RegBit_828
INFO: [VRFC 10-311] analyzing module RegBit_829
INFO: [VRFC 10-311] analyzing module RegBit_83
INFO: [VRFC 10-311] analyzing module RegBit_830
INFO: [VRFC 10-311] analyzing module RegBit_831
INFO: [VRFC 10-311] analyzing module RegBit_832
INFO: [VRFC 10-311] analyzing module RegBit_833
INFO: [VRFC 10-311] analyzing module RegBit_834
INFO: [VRFC 10-311] analyzing module RegBit_835
INFO: [VRFC 10-311] analyzing module RegBit_836
INFO: [VRFC 10-311] analyzing module RegBit_837
INFO: [VRFC 10-311] analyzing module RegBit_838
INFO: [VRFC 10-311] analyzing module RegBit_839
INFO: [VRFC 10-311] analyzing module RegBit_840
INFO: [VRFC 10-311] analyzing module RegBit_841
INFO: [VRFC 10-311] analyzing module RegBit_842
INFO: [VRFC 10-311] analyzing module RegBit_843
INFO: [VRFC 10-311] analyzing module RegBit_844
INFO: [VRFC 10-311] analyzing module RegBit_845
INFO: [VRFC 10-311] analyzing module RegBit_846
INFO: [VRFC 10-311] analyzing module RegBit_847
INFO: [VRFC 10-311] analyzing module RegBit_848
INFO: [VRFC 10-311] analyzing module RegBit_849
INFO: [VRFC 10-311] analyzing module RegBit_850
INFO: [VRFC 10-311] analyzing module RegBit_883
INFO: [VRFC 10-311] analyzing module RegBit_884
INFO: [VRFC 10-311] analyzing module RegBit_885
INFO: [VRFC 10-311] analyzing module RegBit_886
INFO: [VRFC 10-311] analyzing module RegBit_887
INFO: [VRFC 10-311] analyzing module RegBit_888
INFO: [VRFC 10-311] analyzing module RegBit_889
INFO: [VRFC 10-311] analyzing module RegBit_890
INFO: [VRFC 10-311] analyzing module RegBit_891
INFO: [VRFC 10-311] analyzing module RegBit_892
INFO: [VRFC 10-311] analyzing module RegBit_893
INFO: [VRFC 10-311] analyzing module RegBit_894
INFO: [VRFC 10-311] analyzing module RegBit_895
INFO: [VRFC 10-311] analyzing module RegBit_896
INFO: [VRFC 10-311] analyzing module RegBit_897
INFO: [VRFC 10-311] analyzing module RegBit_898
INFO: [VRFC 10-311] analyzing module RegBit_899
INFO: [VRFC 10-311] analyzing module RegBit_9
INFO: [VRFC 10-311] analyzing module RegBit_900
INFO: [VRFC 10-311] analyzing module RegBit_901
INFO: [VRFC 10-311] analyzing module RegBit_902
INFO: [VRFC 10-311] analyzing module RegBit_903
INFO: [VRFC 10-311] analyzing module RegBit_904
INFO: [VRFC 10-311] analyzing module RegBit_905
INFO: [VRFC 10-311] analyzing module RegBit_906
INFO: [VRFC 10-311] analyzing module RegBit_907
INFO: [VRFC 10-311] analyzing module RegBit_908
INFO: [VRFC 10-311] analyzing module RegBit_909
INFO: [VRFC 10-311] analyzing module RegBit_910
INFO: [VRFC 10-311] analyzing module RegBit_911
INFO: [VRFC 10-311] analyzing module RegBit_912
INFO: [VRFC 10-311] analyzing module RegBit_913
INFO: [VRFC 10-311] analyzing module RegBit_914
INFO: [VRFC 10-311] analyzing module RegBit_947
INFO: [VRFC 10-311] analyzing module RegBit_948
INFO: [VRFC 10-311] analyzing module RegBit_949
INFO: [VRFC 10-311] analyzing module RegBit_950
INFO: [VRFC 10-311] analyzing module RegBit_951
INFO: [VRFC 10-311] analyzing module RegBit_952
INFO: [VRFC 10-311] analyzing module RegBit_953
INFO: [VRFC 10-311] analyzing module RegBit_954
INFO: [VRFC 10-311] analyzing module RegBit_955
INFO: [VRFC 10-311] analyzing module RegBit_956
INFO: [VRFC 10-311] analyzing module RegBit_957
INFO: [VRFC 10-311] analyzing module RegBit_958
INFO: [VRFC 10-311] analyzing module RegBit_959
INFO: [VRFC 10-311] analyzing module RegBit_960
INFO: [VRFC 10-311] analyzing module RegBit_961
INFO: [VRFC 10-311] analyzing module RegBit_962
INFO: [VRFC 10-311] analyzing module RegBit_963
INFO: [VRFC 10-311] analyzing module RegBit_964
INFO: [VRFC 10-311] analyzing module RegBit_965
INFO: [VRFC 10-311] analyzing module RegBit_966
INFO: [VRFC 10-311] analyzing module RegBit_967
INFO: [VRFC 10-311] analyzing module RegBit_968
INFO: [VRFC 10-311] analyzing module RegBit_969
INFO: [VRFC 10-311] analyzing module RegBit_970
INFO: [VRFC 10-311] analyzing module RegBit_971
INFO: [VRFC 10-311] analyzing module RegBit_972
INFO: [VRFC 10-311] analyzing module RegBit_973
INFO: [VRFC 10-311] analyzing module RegBit_974
INFO: [VRFC 10-311] analyzing module RegBit_975
INFO: [VRFC 10-311] analyzing module RegBit_976
INFO: [VRFC 10-311] analyzing module RegBit_977
INFO: [VRFC 10-311] analyzing module RegBit_978
INFO: [VRFC 10-311] analyzing module RegFile
INFO: [VRFC 10-311] analyzing module dataMem
INFO: [VRFC 10-311] analyzing module mux32to1
INFO: [VRFC 10-311] analyzing module mux32to1_1011
INFO: [VRFC 10-311] analyzing module mux32to1_1012
INFO: [VRFC 10-311] analyzing module mux32to1_1013
INFO: [VRFC 10-311] analyzing module mux32to1_1014
INFO: [VRFC 10-311] analyzing module mux32to1_1015
INFO: [VRFC 10-311] analyzing module mux32to1_1016
INFO: [VRFC 10-311] analyzing module mux32to1_1017
INFO: [VRFC 10-311] analyzing module mux32to1_1018
INFO: [VRFC 10-311] analyzing module mux32to1_1019
INFO: [VRFC 10-311] analyzing module mux32to1_1020
INFO: [VRFC 10-311] analyzing module mux32to1_1021
INFO: [VRFC 10-311] analyzing module mux32to1_1022
INFO: [VRFC 10-311] analyzing module mux32to1_1023
INFO: [VRFC 10-311] analyzing module mux32to1_1024
INFO: [VRFC 10-311] analyzing module mux32to1_1025
INFO: [VRFC 10-311] analyzing module mux32to1_1026
INFO: [VRFC 10-311] analyzing module mux32to1_1027
INFO: [VRFC 10-311] analyzing module mux32to1_1028
INFO: [VRFC 10-311] analyzing module mux32to1_1029
INFO: [VRFC 10-311] analyzing module mux32to1_1030
INFO: [VRFC 10-311] analyzing module mux32to1_1031
INFO: [VRFC 10-311] analyzing module mux32to1_1032
INFO: [VRFC 10-311] analyzing module mux32to1_1033
INFO: [VRFC 10-311] analyzing module mux32to1_1034
INFO: [VRFC 10-311] analyzing module mux32to1_1035
INFO: [VRFC 10-311] analyzing module mux32to1_1036
INFO: [VRFC 10-311] analyzing module mux32to1_1037
INFO: [VRFC 10-311] analyzing module mux32to1_1038
INFO: [VRFC 10-311] analyzing module mux32to1_1039
INFO: [VRFC 10-311] analyzing module mux32to1_1040
INFO: [VRFC 10-311] analyzing module mux32to1_1041
INFO: [VRFC 10-311] analyzing module mux32to1_1042
INFO: [VRFC 10-311] analyzing module mux32to1_1043
INFO: [VRFC 10-311] analyzing module mux32to1_1044
INFO: [VRFC 10-311] analyzing module mux32to1_1045
INFO: [VRFC 10-311] analyzing module mux32to1_1046
INFO: [VRFC 10-311] analyzing module mux32to1_1047
INFO: [VRFC 10-311] analyzing module mux32to1_1048
INFO: [VRFC 10-311] analyzing module mux32to1_1049
INFO: [VRFC 10-311] analyzing module mux32to1_1050
INFO: [VRFC 10-311] analyzing module mux32to1_1051
INFO: [VRFC 10-311] analyzing module mux32to1_1052
INFO: [VRFC 10-311] analyzing module mux32to1_1053
INFO: [VRFC 10-311] analyzing module mux32to1_1054
INFO: [VRFC 10-311] analyzing module mux32to1_1055
INFO: [VRFC 10-311] analyzing module mux32to1_1056
INFO: [VRFC 10-311] analyzing module mux32to1_1057
INFO: [VRFC 10-311] analyzing module mux32to1_1058
INFO: [VRFC 10-311] analyzing module mux32to1_1059
INFO: [VRFC 10-311] analyzing module mux32to1_1060
INFO: [VRFC 10-311] analyzing module mux32to1_1061
INFO: [VRFC 10-311] analyzing module mux32to1_1062
INFO: [VRFC 10-311] analyzing module mux32to1_1063
INFO: [VRFC 10-311] analyzing module mux32to1_1064
INFO: [VRFC 10-311] analyzing module mux32to1_1065
INFO: [VRFC 10-311] analyzing module mux32to1_1066
INFO: [VRFC 10-311] analyzing module mux32to1_1067
INFO: [VRFC 10-311] analyzing module mux32to1_1068
INFO: [VRFC 10-311] analyzing module mux32to1_1069
INFO: [VRFC 10-311] analyzing module mux32to1_1070
INFO: [VRFC 10-311] analyzing module mux32to1_1071
INFO: [VRFC 10-311] analyzing module mux32to1_1072
INFO: [VRFC 10-311] analyzing module mux32to1_1073
INFO: [VRFC 10-311] analyzing module mux32x32to32
INFO: [VRFC 10-311] analyzing module mux32x32to32_36
INFO: [VRFC 10-311] analyzing module register
INFO: [VRFC 10-311] analyzing module register_12
INFO: [VRFC 10-311] analyzing module register_17
INFO: [VRFC 10-311] analyzing module register_18
INFO: [VRFC 10-311] analyzing module register_19
INFO: [VRFC 10-311] analyzing module register_2
INFO: [VRFC 10-311] analyzing module register_22
INFO: [VRFC 10-311] analyzing module register_23
INFO: [VRFC 10-311] analyzing module register_24
INFO: [VRFC 10-311] analyzing module register_26
INFO: [VRFC 10-311] analyzing module register_28
INFO: [VRFC 10-311] analyzing module register_35
INFO: [VRFC 10-311] analyzing module register_37
INFO: [VRFC 10-311] analyzing module register_38
INFO: [VRFC 10-311] analyzing module register_39
INFO: [VRFC 10-311] analyzing module register_40
INFO: [VRFC 10-311] analyzing module register_41
INFO: [VRFC 10-311] analyzing module register_42
INFO: [VRFC 10-311] analyzing module register_43
INFO: [VRFC 10-311] analyzing module register_44
INFO: [VRFC 10-311] analyzing module register_45
INFO: [VRFC 10-311] analyzing module register_46
INFO: [VRFC 10-311] analyzing module register_47
INFO: [VRFC 10-311] analyzing module register_48
INFO: [VRFC 10-311] analyzing module register_49
INFO: [VRFC 10-311] analyzing module register_50
INFO: [VRFC 10-311] analyzing module register_51
INFO: [VRFC 10-311] analyzing module glbl
run_program: Time (s): cpu = 00:00:11 ; elapsed = 00:00:30 . Memory (MB): peak = 2785.293 ; gain = 0.000
INFO: [USF-XSim-69] 'compile' step finished in '30' seconds
INFO: [USF-XSim-3] XSim::Elaborate design
INFO: [USF-XSim-61] Executing 'ELABORATE' step in 'E:/Projects/VLSI/32BitMIPSArch/MIPS325/MIPS325.sim/sim_1/impl/timing/xsim'
"xelab -wto fdbe9ff532be41138437c9414e3eaad5 --incr --debug typical --relax --mt 2 --maxdelay -L xil_defaultlib -L simprims_ver -L secureip --snapshot MIPSpipeline_time_impl -transport_int_delays -pulse_r 0 -pulse_int_r 0 -pulse_e 0 -pulse_int_e 0 xil_defaultlib.MIPSpipeline xil_defaultlib.glbl -log elaborate.log"
Vivado Simulator 2020.2
Copyright 1986-1999, 2001-2020 Xilinx, Inc. All Rights Reserved.
Running: E:/SOFTWAREs/XilinxVivado/Vivado/2020.2/bin/unwrapped/win64.o/xelab.exe -wto fdbe9ff532be41138437c9414e3eaad5 --incr --debug typical --relax --mt 2 --maxdelay -L xil_defaultlib -L simprims_ver -L secureip --snapshot MIPSpipeline_time_impl -transport_int_delays -pulse_r 0 -pulse_int_r 0 -pulse_e 0 -pulse_int_e 0 xil_defaultlib.MIPSpipeline xil_defaultlib.glbl -log elaborate.log 
Using 2 slave threads.
Starting static elaboration
Pass Through NonSizing Optimizer
Completed static elaboration
INFO: [Common 17-41] Interrupt caught. Command should exit soon.
run_program: Time (s): cpu = 00:02:07 ; elapsed = 00:20:14 . Memory (MB): peak = 2785.293 ; gain = 0.000
INFO: [Common 17-344] 'run_program' was cancelled
INFO: [Vivado 12-5357] 'elaborate' step aborted
launch_simulation: Time (s): cpu = 00:03:46 ; elapsed = 00:21:55 . Memory (MB): peak = 2785.293 ; gain = 0.000
INFO: [Common 17-344] 'launch_simulation' was cancelled
close_design
launch_simulation -mode post-implementation -type timing
Command: launch_simulation -mode post-implementation -type timing
INFO: [Vivado 12-5682] Launching post-implementation timing simulation in 'E:/Projects/VLSI/32BitMIPSArch/MIPS325/MIPS325.sim/sim_1/impl/timing/xsim'
INFO: [SIM-utils-51] Simulation object is 'sim_1'
Netlist sorting complete. Time (s): cpu = 00:00:01 ; elapsed = 00:00:01 . Memory (MB): peak = 2785.293 ; gain = 0.000
INFO: [Netlist 29-17] Analyzing 6528 Unisim elements for replacement
INFO: [Netlist 29-28] Unisim Transformation completed in 0 CPU seconds
INFO: [Project 1-479] Netlist was created with Vivado 2020.2
INFO: [Project 1-570] Preparing netlist for logic optimization
INFO: [Timing 38-478] Restoring timing data from binary archive.
INFO: [Timing 38-479] Binary timing data restore complete.
INFO: [Project 1-856] Restoring constraints from binary archive.
INFO: [Project 1-853] Binary constraint restore complete.
Reading XDEF placement.
Reading placer database...
Reading XDEF routing.
Read XDEF File: Time (s): cpu = 00:00:06 ; elapsed = 00:00:05 . Memory (MB): peak = 2785.293 ; gain = 0.000
Restored from archive | CPU: 6.000000 secs | Memory: 0.000000 MB |
Finished XDEF File Restore: Time (s): cpu = 00:00:06 ; elapsed = 00:00:05 . Memory (MB): peak = 2785.293 ; gain = 0.000
Netlist sorting complete. Time (s): cpu = 00:00:00 ; elapsed = 00:00:00.020 . Memory (MB): peak = 2785.293 ; gain = 0.000
INFO: [Project 1-111] Unisim Transformation Summary:
No Unisim elements were transformed.

open_run: Time (s): cpu = 00:00:34 ; elapsed = 00:00:25 . Memory (MB): peak = 2785.293 ; gain = 0.000
INFO: [SIM-utils-31] Writing simulation netlist file for design 'impl_1'...
INFO: [SIM-utils-32] write_verilog -mode timesim -nolib -sdf_anno true -force -file "E:/Projects/VLSI/32BitMIPSArch/MIPS325/MIPS325.sim/sim_1/impl/timing/xsim/MIPSpipeline_time_impl.v"
write_verilog: Time (s): cpu = 00:00:15 ; elapsed = 00:00:06 . Memory (MB): peak = 2785.293 ; gain = 0.000
INFO: [SIM-utils-34] Writing SDF file...
INFO: [SIM-utils-35] write_sdf -mode timesim -process_corner slow -force -file "E:/Projects/VLSI/32BitMIPSArch/MIPS325/MIPS325.sim/sim_1/impl/timing/xsim/MIPSpipeline_time_impl.sdf"
write_sdf: Time (s): cpu = 00:00:28 ; elapsed = 00:00:24 . Memory (MB): peak = 2785.293 ; gain = 0.000
INFO: [SIM-utils-36] Netlist generated:E:/Projects/VLSI/32BitMIPSArch/MIPS325/MIPS325.sim/sim_1/impl/timing/xsim/MIPSpipeline_time_impl.v
INFO: [SIM-utils-37] SDF generated:E:/Projects/VLSI/32BitMIPSArch/MIPS325/MIPS325.sim/sim_1/impl/timing/xsim/MIPSpipeline_time_impl.sdf
INFO: [SIM-utils-54] Inspecting design source files for 'MIPSpipeline' in fileset 'sim_1'...
INFO: [SIM-utils-43] Exported 'E:/Projects/VLSI/32BitMIPSArch/MIPS325/MIPS325.sim/sim_1/impl/timing/xsim/instr.txt'
INFO: [USF-XSim-2] XSim::Compile design
INFO: [USF-XSim-61] Executing 'COMPILE and ANALYZE' step in 'E:/Projects/VLSI/32BitMIPSArch/MIPS325/MIPS325.sim/sim_1/impl/timing/xsim'
"xvlog --incr --relax -prj MIPSpipeline_vlog.prj"
INFO: [VRFC 10-2263] Analyzing Verilog file "E:/Projects/VLSI/32BitMIPSArch/MIPS325/MIPS325.sim/sim_1/impl/timing/xsim/MIPSpipeline_time_impl.v" into library xil_defaultlib
INFO: [VRFC 10-311] analyzing module D_FF
INFO: [VRFC 10-311] analyzing module D_FF_100
INFO: [VRFC 10-311] analyzing module D_FF_1000
INFO: [VRFC 10-311] analyzing module D_FF_1001
INFO: [VRFC 10-311] analyzing module D_FF_1002
INFO: [VRFC 10-311] analyzing module D_FF_1003
INFO: [VRFC 10-311] analyzing module D_FF_1004
INFO: [VRFC 10-311] analyzing module D_FF_1005
INFO: [VRFC 10-311] analyzing module D_FF_1006
INFO: [VRFC 10-311] analyzing module D_FF_1007
INFO: [VRFC 10-311] analyzing module D_FF_1008
INFO: [VRFC 10-311] analyzing module D_FF_1009
INFO: [VRFC 10-311] analyzing module D_FF_101
INFO: [VRFC 10-311] analyzing module D_FF_1010
INFO: [VRFC 10-311] analyzing module D_FF_102
INFO: [VRFC 10-311] analyzing module D_FF_103
INFO: [VRFC 10-311] analyzing module D_FF_104
INFO: [VRFC 10-311] analyzing module D_FF_105
INFO: [VRFC 10-311] analyzing module D_FF_106
INFO: [VRFC 10-311] analyzing module D_FF_107
INFO: [VRFC 10-311] analyzing module D_FF_1078
INFO: [VRFC 10-311] analyzing module D_FF_1079
INFO: [VRFC 10-311] analyzing module D_FF_108
INFO: [VRFC 10-311] analyzing module D_FF_1080
INFO: [VRFC 10-311] analyzing module D_FF_1081
INFO: [VRFC 10-311] analyzing module D_FF_1082
INFO: [VRFC 10-311] analyzing module D_FF_1083
INFO: [VRFC 10-311] analyzing module D_FF_1084
INFO: [VRFC 10-311] analyzing module D_FF_1085
INFO: [VRFC 10-311] analyzing module D_FF_1086
INFO: [VRFC 10-311] analyzing module D_FF_1087
INFO: [VRFC 10-311] analyzing module D_FF_109
INFO: [VRFC 10-311] analyzing module D_FF_110
INFO: [VRFC 10-311] analyzing module D_FF_111
INFO: [VRFC 10-311] analyzing module D_FF_112
INFO: [VRFC 10-311] analyzing module D_FF_1120
INFO: [VRFC 10-311] analyzing module D_FF_1121
INFO: [VRFC 10-311] analyzing module D_FF_1122
INFO: [VRFC 10-311] analyzing module D_FF_1123
INFO: [VRFC 10-311] analyzing module D_FF_1124
INFO: [VRFC 10-311] analyzing module D_FF_1125
INFO: [VRFC 10-311] analyzing module D_FF_1126
INFO: [VRFC 10-311] analyzing module D_FF_1127
INFO: [VRFC 10-311] analyzing module D_FF_1128
INFO: [VRFC 10-311] analyzing module D_FF_1129
INFO: [VRFC 10-311] analyzing module D_FF_113
INFO: [VRFC 10-311] analyzing module D_FF_1130
INFO: [VRFC 10-311] analyzing module D_FF_1131
INFO: [VRFC 10-311] analyzing module D_FF_1132
INFO: [VRFC 10-311] analyzing module D_FF_1133
INFO: [VRFC 10-311] analyzing module D_FF_1134
INFO: [VRFC 10-311] analyzing module D_FF_1135
INFO: [VRFC 10-311] analyzing module D_FF_1136
INFO: [VRFC 10-311] analyzing module D_FF_1137
INFO: [VRFC 10-311] analyzing module D_FF_1138
INFO: [VRFC 10-311] analyzing module D_FF_1139
INFO: [VRFC 10-311] analyzing module D_FF_114
INFO: [VRFC 10-311] analyzing module D_FF_1140
INFO: [VRFC 10-311] analyzing module D_FF_1141
INFO: [VRFC 10-311] analyzing module D_FF_1142
INFO: [VRFC 10-311] analyzing module D_FF_1143
INFO: [VRFC 10-311] analyzing module D_FF_1144
INFO: [VRFC 10-311] analyzing module D_FF_1145
INFO: [VRFC 10-311] analyzing module D_FF_1146
INFO: [VRFC 10-311] analyzing module D_FF_1147
INFO: [VRFC 10-311] analyzing module D_FF_1148
INFO: [VRFC 10-311] analyzing module D_FF_1149
INFO: [VRFC 10-311] analyzing module D_FF_1150
INFO: [VRFC 10-311] analyzing module D_FF_1151
INFO: [VRFC 10-311] analyzing module D_FF_1152
INFO: [VRFC 10-311] analyzing module D_FF_1185
INFO: [VRFC 10-311] analyzing module D_FF_1186
INFO: [VRFC 10-311] analyzing module D_FF_1187
INFO: [VRFC 10-311] analyzing module D_FF_1188
INFO: [VRFC 10-311] analyzing module D_FF_1189
INFO: [VRFC 10-311] analyzing module D_FF_1190
INFO: [VRFC 10-311] analyzing module D_FF_1191
INFO: [VRFC 10-311] analyzing module D_FF_1192
INFO: [VRFC 10-311] analyzing module D_FF_1193
INFO: [VRFC 10-311] analyzing module D_FF_1194
INFO: [VRFC 10-311] analyzing module D_FF_1195
INFO: [VRFC 10-311] analyzing module D_FF_1196
INFO: [VRFC 10-311] analyzing module D_FF_1197
INFO: [VRFC 10-311] analyzing module D_FF_1198
INFO: [VRFC 10-311] analyzing module D_FF_1199
INFO: [VRFC 10-311] analyzing module D_FF_1200
INFO: [VRFC 10-311] analyzing module D_FF_1201
INFO: [VRFC 10-311] analyzing module D_FF_1202
INFO: [VRFC 10-311] analyzing module D_FF_1203
INFO: [VRFC 10-311] analyzing module D_FF_1204
INFO: [VRFC 10-311] analyzing module D_FF_1205
INFO: [VRFC 10-311] analyzing module D_FF_1206
INFO: [VRFC 10-311] analyzing module D_FF_1207
INFO: [VRFC 10-311] analyzing module D_FF_1208
INFO: [VRFC 10-311] analyzing module D_FF_1209
INFO: [VRFC 10-311] analyzing module D_FF_1210
INFO: [VRFC 10-311] analyzing module D_FF_1211
INFO: [VRFC 10-311] analyzing module D_FF_1212
INFO: [VRFC 10-311] analyzing module D_FF_1213
INFO: [VRFC 10-311] analyzing module D_FF_1214
INFO: [VRFC 10-311] analyzing module D_FF_1215
INFO: [VRFC 10-311] analyzing module D_FF_1216
INFO: [VRFC 10-311] analyzing module D_FF_1217
INFO: [VRFC 10-311] analyzing module D_FF_1222
INFO: [VRFC 10-311] analyzing module D_FF_1223
INFO: [VRFC 10-311] analyzing module D_FF_1224
INFO: [VRFC 10-311] analyzing module D_FF_1225
INFO: [VRFC 10-311] analyzing module D_FF_1248
INFO: [VRFC 10-311] analyzing module D_FF_1249
INFO: [VRFC 10-311] analyzing module D_FF_1250
INFO: [VRFC 10-311] analyzing module D_FF_1251
INFO: [VRFC 10-311] analyzing module D_FF_1252
INFO: [VRFC 10-311] analyzing module D_FF_1253
INFO: [VRFC 10-311] analyzing module D_FF_1254
INFO: [VRFC 10-311] analyzing module D_FF_1255
INFO: [VRFC 10-311] analyzing module D_FF_1256
INFO: [VRFC 10-311] analyzing module D_FF_1257
INFO: [VRFC 10-311] analyzing module D_FF_1258
INFO: [VRFC 10-311] analyzing module D_FF_1259
INFO: [VRFC 10-311] analyzing module D_FF_1260
INFO: [VRFC 10-311] analyzing module D_FF_1261
INFO: [VRFC 10-311] analyzing module D_FF_1262
INFO: [VRFC 10-311] analyzing module D_FF_1263
INFO: [VRFC 10-311] analyzing module D_FF_1264
INFO: [VRFC 10-311] analyzing module D_FF_1265
INFO: [VRFC 10-311] analyzing module D_FF_1266
INFO: [VRFC 10-311] analyzing module D_FF_1267
INFO: [VRFC 10-311] analyzing module D_FF_1268
INFO: [VRFC 10-311] analyzing module D_FF_1269
INFO: [VRFC 10-311] analyzing module D_FF_1278
INFO: [VRFC 10-311] analyzing module D_FF_1279
INFO: [VRFC 10-311] analyzing module D_FF_1280
INFO: [VRFC 10-311] analyzing module D_FF_1281
INFO: [VRFC 10-311] analyzing module D_FF_1282
INFO: [VRFC 10-311] analyzing module D_FF_1283
INFO: [VRFC 10-311] analyzing module D_FF_1284
INFO: [VRFC 10-311] analyzing module D_FF_1285
INFO: [VRFC 10-311] analyzing module D_FF_1286
INFO: [VRFC 10-311] analyzing module D_FF_1287
INFO: [VRFC 10-311] analyzing module D_FF_1320
INFO: [VRFC 10-311] analyzing module D_FF_1321
INFO: [VRFC 10-311] analyzing module D_FF_1322
INFO: [VRFC 10-311] analyzing module D_FF_1323
INFO: [VRFC 10-311] analyzing module D_FF_1324
INFO: [VRFC 10-311] analyzing module D_FF_1325
INFO: [VRFC 10-311] analyzing module D_FF_1326
INFO: [VRFC 10-311] analyzing module D_FF_1327
INFO: [VRFC 10-311] analyzing module D_FF_1328
INFO: [VRFC 10-311] analyzing module D_FF_1329
INFO: [VRFC 10-311] analyzing module D_FF_1330
INFO: [VRFC 10-311] analyzing module D_FF_1331
INFO: [VRFC 10-311] analyzing module D_FF_1332
INFO: [VRFC 10-311] analyzing module D_FF_1333
INFO: [VRFC 10-311] analyzing module D_FF_1334
INFO: [VRFC 10-311] analyzing module D_FF_1335
INFO: [VRFC 10-311] analyzing module D_FF_1336
INFO: [VRFC 10-311] analyzing module D_FF_1337
INFO: [VRFC 10-311] analyzing module D_FF_1338
INFO: [VRFC 10-311] analyzing module D_FF_1339
INFO: [VRFC 10-311] analyzing module D_FF_1340
INFO: [VRFC 10-311] analyzing module D_FF_1341
INFO: [VRFC 10-311] analyzing module D_FF_1342
INFO: [VRFC 10-311] analyzing module D_FF_1343
INFO: [VRFC 10-311] analyzing module D_FF_1344
INFO: [VRFC 10-311] analyzing module D_FF_1345
INFO: [VRFC 10-311] analyzing module D_FF_1346
INFO: [VRFC 10-311] analyzing module D_FF_1347
INFO: [VRFC 10-311] analyzing module D_FF_1348
INFO: [VRFC 10-311] analyzing module D_FF_1349
INFO: [VRFC 10-311] analyzing module D_FF_1350
INFO: [VRFC 10-311] analyzing module D_FF_1351
INFO: [VRFC 10-311] analyzing module D_FF_1384
INFO: [VRFC 10-311] analyzing module D_FF_1385
INFO: [VRFC 10-311] analyzing module D_FF_1386
INFO: [VRFC 10-311] analyzing module D_FF_1387
INFO: [VRFC 10-311] analyzing module D_FF_1388
INFO: [VRFC 10-311] analyzing module D_FF_1389
INFO: [VRFC 10-311] analyzing module D_FF_1390
INFO: [VRFC 10-311] analyzing module D_FF_1391
INFO: [VRFC 10-311] analyzing module D_FF_1392
INFO: [VRFC 10-311] analyzing module D_FF_1393
INFO: [VRFC 10-311] analyzing module D_FF_1394
INFO: [VRFC 10-311] analyzing module D_FF_1395
INFO: [VRFC 10-311] analyzing module D_FF_1396
INFO: [VRFC 10-311] analyzing module D_FF_1397
INFO: [VRFC 10-311] analyzing module D_FF_1398
INFO: [VRFC 10-311] analyzing module D_FF_1399
INFO: [VRFC 10-311] analyzing module D_FF_1400
INFO: [VRFC 10-311] analyzing module D_FF_1401
INFO: [VRFC 10-311] analyzing module D_FF_1402
INFO: [VRFC 10-311] analyzing module D_FF_1403
INFO: [VRFC 10-311] analyzing module D_FF_1404
INFO: [VRFC 10-311] analyzing module D_FF_1405
INFO: [VRFC 10-311] analyzing module D_FF_1406
INFO: [VRFC 10-311] analyzing module D_FF_1407
INFO: [VRFC 10-311] analyzing module D_FF_1408
INFO: [VRFC 10-311] analyzing module D_FF_1409
INFO: [VRFC 10-311] analyzing module D_FF_1410
INFO: [VRFC 10-311] analyzing module D_FF_1411
INFO: [VRFC 10-311] analyzing module D_FF_1412
INFO: [VRFC 10-311] analyzing module D_FF_1413
INFO: [VRFC 10-311] analyzing module D_FF_1414
INFO: [VRFC 10-311] analyzing module D_FF_1415
INFO: [VRFC 10-311] analyzing module D_FF_1420
INFO: [VRFC 10-311] analyzing module D_FF_1421
INFO: [VRFC 10-311] analyzing module D_FF_1422
INFO: [VRFC 10-311] analyzing module D_FF_1423
INFO: [VRFC 10-311] analyzing module D_FF_1424
INFO: [VRFC 10-311] analyzing module D_FF_1425
INFO: [VRFC 10-311] analyzing module D_FF_1426
INFO: [VRFC 10-311] analyzing module D_FF_1427
INFO: [VRFC 10-311] analyzing module D_FF_1439
INFO: [VRFC 10-311] analyzing module D_FF_1440
INFO: [VRFC 10-311] analyzing module D_FF_1441
INFO: [VRFC 10-311] analyzing module D_FF_1442
INFO: [VRFC 10-311] analyzing module D_FF_1443
INFO: [VRFC 10-311] analyzing module D_FF_1444
INFO: [VRFC 10-311] analyzing module D_FF_1445
INFO: [VRFC 10-311] analyzing module D_FF_1446
INFO: [VRFC 10-311] analyzing module D_FF_1447
INFO: [VRFC 10-311] analyzing module D_FF_1448
INFO: [VRFC 10-311] analyzing module D_FF_1449
INFO: [VRFC 10-311] analyzing module D_FF_1450
INFO: [VRFC 10-311] analyzing module D_FF_1451
INFO: [VRFC 10-311] analyzing module D_FF_1452
INFO: [VRFC 10-311] analyzing module D_FF_1453
INFO: [VRFC 10-311] analyzing module D_FF_1454
INFO: [VRFC 10-311] analyzing module D_FF_1455
INFO: [VRFC 10-311] analyzing module D_FF_1456
INFO: [VRFC 10-311] analyzing module D_FF_1457
INFO: [VRFC 10-311] analyzing module D_FF_1458
INFO: [VRFC 10-311] analyzing module D_FF_147
INFO: [VRFC 10-311] analyzing module D_FF_148
INFO: [VRFC 10-311] analyzing module D_FF_149
INFO: [VRFC 10-311] analyzing module D_FF_1491
INFO: [VRFC 10-311] analyzing module D_FF_1492
INFO: [VRFC 10-311] analyzing module D_FF_1493
INFO: [VRFC 10-311] analyzing module D_FF_1494
INFO: [VRFC 10-311] analyzing module D_FF_1495
INFO: [VRFC 10-311] analyzing module D_FF_1496
INFO: [VRFC 10-311] analyzing module D_FF_1497
INFO: [VRFC 10-311] analyzing module D_FF_1498
INFO: [VRFC 10-311] analyzing module D_FF_1499
INFO: [VRFC 10-311] analyzing module D_FF_150
INFO: [VRFC 10-311] analyzing module D_FF_1500
INFO: [VRFC 10-311] analyzing module D_FF_1501
INFO: [VRFC 10-311] analyzing module D_FF_1502
INFO: [VRFC 10-311] analyzing module D_FF_1503
INFO: [VRFC 10-311] analyzing module D_FF_1504
INFO: [VRFC 10-311] analyzing module D_FF_1505
INFO: [VRFC 10-311] analyzing module D_FF_1506
INFO: [VRFC 10-311] analyzing module D_FF_1507
INFO: [VRFC 10-311] analyzing module D_FF_1508
INFO: [VRFC 10-311] analyzing module D_FF_1509
INFO: [VRFC 10-311] analyzing module D_FF_151
INFO: [VRFC 10-311] analyzing module D_FF_1510
INFO: [VRFC 10-311] analyzing module D_FF_1511
INFO: [VRFC 10-311] analyzing module D_FF_1512
INFO: [VRFC 10-311] analyzing module D_FF_1513
INFO: [VRFC 10-311] analyzing module D_FF_1514
INFO: [VRFC 10-311] analyzing module D_FF_1515
INFO: [VRFC 10-311] analyzing module D_FF_1516
INFO: [VRFC 10-311] analyzing module D_FF_1517
INFO: [VRFC 10-311] analyzing module D_FF_1518
INFO: [VRFC 10-311] analyzing module D_FF_1519
INFO: [VRFC 10-311] analyzing module D_FF_152
INFO: [VRFC 10-311] analyzing module D_FF_1520
INFO: [VRFC 10-311] analyzing module D_FF_1521
INFO: [VRFC 10-311] analyzing module D_FF_1522
INFO: [VRFC 10-311] analyzing module D_FF_1523
INFO: [VRFC 10-311] analyzing module D_FF_1524
INFO: [VRFC 10-311] analyzing module D_FF_1525
INFO: [VRFC 10-311] analyzing module D_FF_153
INFO: [VRFC 10-311] analyzing module D_FF_154
INFO: [VRFC 10-311] analyzing module D_FF_155
INFO: [VRFC 10-311] analyzing module D_FF_1558
INFO: [VRFC 10-311] analyzing module D_FF_1559
INFO: [VRFC 10-311] analyzing module D_FF_156
INFO: [VRFC 10-311] analyzing module D_FF_1560
INFO: [VRFC 10-311] analyzing module D_FF_1561
INFO: [VRFC 10-311] analyzing module D_FF_1562
INFO: [VRFC 10-311] analyzing module D_FF_1563
INFO: [VRFC 10-311] analyzing module D_FF_1564
INFO: [VRFC 10-311] analyzing module D_FF_1565
INFO: [VRFC 10-311] analyzing module D_FF_1566
INFO: [VRFC 10-311] analyzing module D_FF_1567
INFO: [VRFC 10-311] analyzing module D_FF_1568
INFO: [VRFC 10-311] analyzing module D_FF_1569
INFO: [VRFC 10-311] analyzing module D_FF_157
INFO: [VRFC 10-311] analyzing module D_FF_1570
INFO: [VRFC 10-311] analyzing module D_FF_1571
INFO: [VRFC 10-311] analyzing module D_FF_1572
INFO: [VRFC 10-311] analyzing module D_FF_1573
INFO: [VRFC 10-311] analyzing module D_FF_1574
INFO: [VRFC 10-311] analyzing module D_FF_1575
INFO: [VRFC 10-311] analyzing module D_FF_1576
INFO: [VRFC 10-311] analyzing module D_FF_1577
INFO: [VRFC 10-311] analyzing module D_FF_1578
INFO: [VRFC 10-311] analyzing module D_FF_1579
INFO: [VRFC 10-311] analyzing module D_FF_158
INFO: [VRFC 10-311] analyzing module D_FF_1580
INFO: [VRFC 10-311] analyzing module D_FF_1581
INFO: [VRFC 10-311] analyzing module D_FF_1582
INFO: [VRFC 10-311] analyzing module D_FF_1583
INFO: [VRFC 10-311] analyzing module D_FF_1584
INFO: [VRFC 10-311] analyzing module D_FF_1585
INFO: [VRFC 10-311] analyzing module D_FF_1586
INFO: [VRFC 10-311] analyzing module D_FF_1587
INFO: [VRFC 10-311] analyzing module D_FF_1588
INFO: [VRFC 10-311] analyzing module D_FF_1589
INFO: [VRFC 10-311] analyzing module D_FF_159
INFO: [VRFC 10-311] analyzing module D_FF_160
INFO: [VRFC 10-311] analyzing module D_FF_161
INFO: [VRFC 10-311] analyzing module D_FF_162
INFO: [VRFC 10-311] analyzing module D_FF_163
INFO: [VRFC 10-311] analyzing module D_FF_164
INFO: [VRFC 10-311] analyzing module D_FF_165
INFO: [VRFC 10-311] analyzing module D_FF_166
INFO: [VRFC 10-311] analyzing module D_FF_167
INFO: [VRFC 10-311] analyzing module D_FF_168
INFO: [VRFC 10-311] analyzing module D_FF_169
INFO: [VRFC 10-311] analyzing module D_FF_170
INFO: [VRFC 10-311] analyzing module D_FF_171
INFO: [VRFC 10-311] analyzing module D_FF_172
INFO: [VRFC 10-311] analyzing module D_FF_173
INFO: [VRFC 10-311] analyzing module D_FF_174
INFO: [VRFC 10-311] analyzing module D_FF_175
INFO: [VRFC 10-311] analyzing module D_FF_176
INFO: [VRFC 10-311] analyzing module D_FF_177
INFO: [VRFC 10-311] analyzing module D_FF_178
INFO: [VRFC 10-311] analyzing module D_FF_211
INFO: [VRFC 10-311] analyzing module D_FF_212
INFO: [VRFC 10-311] analyzing module D_FF_213
INFO: [VRFC 10-311] analyzing module D_FF_214
INFO: [VRFC 10-311] analyzing module D_FF_215
INFO: [VRFC 10-311] analyzing module D_FF_216
INFO: [VRFC 10-311] analyzing module D_FF_217
INFO: [VRFC 10-311] analyzing module D_FF_218
INFO: [VRFC 10-311] analyzing module D_FF_219
INFO: [VRFC 10-311] analyzing module D_FF_220
INFO: [VRFC 10-311] analyzing module D_FF_221
INFO: [VRFC 10-311] analyzing module D_FF_222
INFO: [VRFC 10-311] analyzing module D_FF_223
INFO: [VRFC 10-311] analyzing module D_FF_224
INFO: [VRFC 10-311] analyzing module D_FF_225
INFO: [VRFC 10-311] analyzing module D_FF_226
INFO: [VRFC 10-311] analyzing module D_FF_227
INFO: [VRFC 10-311] analyzing module D_FF_228
INFO: [VRFC 10-311] analyzing module D_FF_229
INFO: [VRFC 10-311] analyzing module D_FF_230
INFO: [VRFC 10-311] analyzing module D_FF_231
INFO: [VRFC 10-311] analyzing module D_FF_232
INFO: [VRFC 10-311] analyzing module D_FF_233
INFO: [VRFC 10-311] analyzing module D_FF_234
INFO: [VRFC 10-311] analyzing module D_FF_235
INFO: [VRFC 10-311] analyzing module D_FF_236
INFO: [VRFC 10-311] analyzing module D_FF_237
INFO: [VRFC 10-311] analyzing module D_FF_238
INFO: [VRFC 10-311] analyzing module D_FF_239
INFO: [VRFC 10-311] analyzing module D_FF_240
INFO: [VRFC 10-311] analyzing module D_FF_241
INFO: [VRFC 10-311] analyzing module D_FF_242
INFO: [VRFC 10-311] analyzing module D_FF_275
INFO: [VRFC 10-311] analyzing module D_FF_276
INFO: [VRFC 10-311] analyzing module D_FF_277
INFO: [VRFC 10-311] analyzing module D_FF_278
INFO: [VRFC 10-311] analyzing module D_FF_279
INFO: [VRFC 10-311] analyzing module D_FF_280
INFO: [VRFC 10-311] analyzing module D_FF_281
INFO: [VRFC 10-311] analyzing module D_FF_282
INFO: [VRFC 10-311] analyzing module D_FF_283
INFO: [VRFC 10-311] analyzing module D_FF_284
INFO: [VRFC 10-311] analyzing module D_FF_285
INFO: [VRFC 10-311] analyzing module D_FF_286
INFO: [VRFC 10-311] analyzing module D_FF_287
INFO: [VRFC 10-311] analyzing module D_FF_288
INFO: [VRFC 10-311] analyzing module D_FF_289
INFO: [VRFC 10-311] analyzing module D_FF_290
INFO: [VRFC 10-311] analyzing module D_FF_291
INFO: [VRFC 10-311] analyzing module D_FF_292
INFO: [VRFC 10-311] analyzing module D_FF_293
INFO: [VRFC 10-311] analyzing module D_FF_294
INFO: [VRFC 10-311] analyzing module D_FF_295
INFO: [VRFC 10-311] analyzing module D_FF_296
INFO: [VRFC 10-311] analyzing module D_FF_297
INFO: [VRFC 10-311] analyzing module D_FF_298
INFO: [VRFC 10-311] analyzing module D_FF_299
INFO: [VRFC 10-311] analyzing module D_FF_300
INFO: [VRFC 10-311] analyzing module D_FF_301
INFO: [VRFC 10-311] analyzing module D_FF_302
INFO: [VRFC 10-311] analyzing module D_FF_303
INFO: [VRFC 10-311] analyzing module D_FF_304
INFO: [VRFC 10-311] analyzing module D_FF_305
INFO: [VRFC 10-311] analyzing module D_FF_306
INFO: [VRFC 10-311] analyzing module D_FF_339
INFO: [VRFC 10-311] analyzing module D_FF_340
INFO: [VRFC 10-311] analyzing module D_FF_341
INFO: [VRFC 10-311] analyzing module D_FF_342
INFO: [VRFC 10-311] analyzing module D_FF_343
INFO: [VRFC 10-311] analyzing module D_FF_344
INFO: [VRFC 10-311] analyzing module D_FF_345
INFO: [VRFC 10-311] analyzing module D_FF_346
INFO: [VRFC 10-311] analyzing module D_FF_347
INFO: [VRFC 10-311] analyzing module D_FF_348
INFO: [VRFC 10-311] analyzing module D_FF_349
INFO: [VRFC 10-311] analyzing module D_FF_350
INFO: [VRFC 10-311] analyzing module D_FF_351
INFO: [VRFC 10-311] analyzing module D_FF_352
INFO: [VRFC 10-311] analyzing module D_FF_353
INFO: [VRFC 10-311] analyzing module D_FF_354
INFO: [VRFC 10-311] analyzing module D_FF_355
INFO: [VRFC 10-311] analyzing module D_FF_356
INFO: [VRFC 10-311] analyzing module D_FF_357
INFO: [VRFC 10-311] analyzing module D_FF_358
INFO: [VRFC 10-311] analyzing module D_FF_359
INFO: [VRFC 10-311] analyzing module D_FF_360
INFO: [VRFC 10-311] analyzing module D_FF_361
INFO: [VRFC 10-311] analyzing module D_FF_362
INFO: [VRFC 10-311] analyzing module D_FF_363
INFO: [VRFC 10-311] analyzing module D_FF_364
INFO: [VRFC 10-311] analyzing module D_FF_365
INFO: [VRFC 10-311] analyzing module D_FF_366
INFO: [VRFC 10-311] analyzing module D_FF_367
INFO: [VRFC 10-311] analyzing module D_FF_368
INFO: [VRFC 10-311] analyzing module D_FF_369
INFO: [VRFC 10-311] analyzing module D_FF_370
INFO: [VRFC 10-311] analyzing module D_FF_403
INFO: [VRFC 10-311] analyzing module D_FF_404
INFO: [VRFC 10-311] analyzing module D_FF_405
INFO: [VRFC 10-311] analyzing module D_FF_406
INFO: [VRFC 10-311] analyzing module D_FF_407
INFO: [VRFC 10-311] analyzing module D_FF_408
INFO: [VRFC 10-311] analyzing module D_FF_409
INFO: [VRFC 10-311] analyzing module D_FF_410
INFO: [VRFC 10-311] analyzing module D_FF_411
INFO: [VRFC 10-311] analyzing module D_FF_412
INFO: [VRFC 10-311] analyzing module D_FF_413
INFO: [VRFC 10-311] analyzing module D_FF_414
INFO: [VRFC 10-311] analyzing module D_FF_415
INFO: [VRFC 10-311] analyzing module D_FF_416
INFO: [VRFC 10-311] analyzing module D_FF_417
INFO: [VRFC 10-311] analyzing module D_FF_418
INFO: [VRFC 10-311] analyzing module D_FF_419
INFO: [VRFC 10-311] analyzing module D_FF_420
INFO: [VRFC 10-311] analyzing module D_FF_421
INFO: [VRFC 10-311] analyzing module D_FF_422
INFO: [VRFC 10-311] analyzing module D_FF_423
INFO: [VRFC 10-311] analyzing module D_FF_424
INFO: [VRFC 10-311] analyzing module D_FF_425
INFO: [VRFC 10-311] analyzing module D_FF_426
INFO: [VRFC 10-311] analyzing module D_FF_427
INFO: [VRFC 10-311] analyzing module D_FF_428
INFO: [VRFC 10-311] analyzing module D_FF_429
INFO: [VRFC 10-311] analyzing module D_FF_430
INFO: [VRFC 10-311] analyzing module D_FF_431
INFO: [VRFC 10-311] analyzing module D_FF_432
INFO: [VRFC 10-311] analyzing module D_FF_433
INFO: [VRFC 10-311] analyzing module D_FF_434
INFO: [VRFC 10-311] analyzing module D_FF_467
INFO: [VRFC 10-311] analyzing module D_FF_468
INFO: [VRFC 10-311] analyzing module D_FF_469
INFO: [VRFC 10-311] analyzing module D_FF_470
INFO: [VRFC 10-311] analyzing module D_FF_471
INFO: [VRFC 10-311] analyzing module D_FF_472
INFO: [VRFC 10-311] analyzing module D_FF_473
INFO: [VRFC 10-311] analyzing module D_FF_474
INFO: [VRFC 10-311] analyzing module D_FF_475
INFO: [VRFC 10-311] analyzing module D_FF_476
INFO: [VRFC 10-311] analyzing module D_FF_477
INFO: [VRFC 10-311] analyzing module D_FF_478
INFO: [VRFC 10-311] analyzing module D_FF_479
INFO: [VRFC 10-311] analyzing module D_FF_480
INFO: [VRFC 10-311] analyzing module D_FF_481
INFO: [VRFC 10-311] analyzing module D_FF_482
INFO: [VRFC 10-311] analyzing module D_FF_483
INFO: [VRFC 10-311] analyzing module D_FF_484
INFO: [VRFC 10-311] analyzing module D_FF_485
INFO: [VRFC 10-311] analyzing module D_FF_486
INFO: [VRFC 10-311] analyzing module D_FF_487
INFO: [VRFC 10-311] analyzing module D_FF_488
INFO: [VRFC 10-311] analyzing module D_FF_489
INFO: [VRFC 10-311] analyzing module D_FF_490
INFO: [VRFC 10-311] analyzing module D_FF_491
INFO: [VRFC 10-311] analyzing module D_FF_492
INFO: [VRFC 10-311] analyzing module D_FF_493
INFO: [VRFC 10-311] analyzing module D_FF_494
INFO: [VRFC 10-311] analyzing module D_FF_495
INFO: [VRFC 10-311] analyzing module D_FF_496
INFO: [VRFC 10-311] analyzing module D_FF_497
INFO: [VRFC 10-311] analyzing module D_FF_498
INFO: [VRFC 10-311] analyzing module D_FF_531
INFO: [VRFC 10-311] analyzing module D_FF_532
INFO: [VRFC 10-311] analyzing module D_FF_533
INFO: [VRFC 10-311] analyzing module D_FF_534
INFO: [VRFC 10-311] analyzing module D_FF_535
INFO: [VRFC 10-311] analyzing module D_FF_536
INFO: [VRFC 10-311] analyzing module D_FF_537
INFO: [VRFC 10-311] analyzing module D_FF_538
INFO: [VRFC 10-311] analyzing module D_FF_539
INFO: [VRFC 10-311] analyzing module D_FF_540
INFO: [VRFC 10-311] analyzing module D_FF_541
INFO: [VRFC 10-311] analyzing module D_FF_542
INFO: [VRFC 10-311] analyzing module D_FF_543
INFO: [VRFC 10-311] analyzing module D_FF_544
INFO: [VRFC 10-311] analyzing module D_FF_545
INFO: [VRFC 10-311] analyzing module D_FF_546
INFO: [VRFC 10-311] analyzing module D_FF_547
INFO: [VRFC 10-311] analyzing module D_FF_548
INFO: [VRFC 10-311] analyzing module D_FF_549
INFO: [VRFC 10-311] analyzing module D_FF_550
INFO: [VRFC 10-311] analyzing module D_FF_551
INFO: [VRFC 10-311] analyzing module D_FF_552
INFO: [VRFC 10-311] analyzing module D_FF_553
INFO: [VRFC 10-311] analyzing module D_FF_554
INFO: [VRFC 10-311] analyzing module D_FF_555
INFO: [VRFC 10-311] analyzing module D_FF_556
INFO: [VRFC 10-311] analyzing module D_FF_557
INFO: [VRFC 10-311] analyzing module D_FF_558
INFO: [VRFC 10-311] analyzing module D_FF_559
INFO: [VRFC 10-311] analyzing module D_FF_560
INFO: [VRFC 10-311] analyzing module D_FF_561
INFO: [VRFC 10-311] analyzing module D_FF_562
INFO: [VRFC 10-311] analyzing module D_FF_595
INFO: [VRFC 10-311] analyzing module D_FF_596
INFO: [VRFC 10-311] analyzing module D_FF_597
INFO: [VRFC 10-311] analyzing module D_FF_598
INFO: [VRFC 10-311] analyzing module D_FF_599
INFO: [VRFC 10-311] analyzing module D_FF_600
INFO: [VRFC 10-311] analyzing module D_FF_601
INFO: [VRFC 10-311] analyzing module D_FF_602
INFO: [VRFC 10-311] analyzing module D_FF_603
INFO: [VRFC 10-311] analyzing module D_FF_604
INFO: [VRFC 10-311] analyzing module D_FF_605
INFO: [VRFC 10-311] analyzing module D_FF_606
INFO: [VRFC 10-311] analyzing module D_FF_607
INFO: [VRFC 10-311] analyzing module D_FF_608
INFO: [VRFC 10-311] analyzing module D_FF_609
INFO: [VRFC 10-311] analyzing module D_FF_610
INFO: [VRFC 10-311] analyzing module D_FF_611
INFO: [VRFC 10-311] analyzing module D_FF_612
INFO: [VRFC 10-311] analyzing module D_FF_613
INFO: [VRFC 10-311] analyzing module D_FF_614
INFO: [VRFC 10-311] analyzing module D_FF_615
INFO: [VRFC 10-311] analyzing module D_FF_616
INFO: [VRFC 10-311] analyzing module D_FF_617
INFO: [VRFC 10-311] analyzing module D_FF_618
INFO: [VRFC 10-311] analyzing module D_FF_619
INFO: [VRFC 10-311] analyzing module D_FF_620
INFO: [VRFC 10-311] analyzing module D_FF_621
INFO: [VRFC 10-311] analyzing module D_FF_622
INFO: [VRFC 10-311] analyzing module D_FF_623
INFO: [VRFC 10-311] analyzing module D_FF_624
INFO: [VRFC 10-311] analyzing module D_FF_625
INFO: [VRFC 10-311] analyzing module D_FF_626
INFO: [VRFC 10-311] analyzing module D_FF_659
INFO: [VRFC 10-311] analyzing module D_FF_660
INFO: [VRFC 10-311] analyzing module D_FF_661
INFO: [VRFC 10-311] analyzing module D_FF_662
INFO: [VRFC 10-311] analyzing module D_FF_663
INFO: [VRFC 10-311] analyzing module D_FF_664
INFO: [VRFC 10-311] analyzing module D_FF_665
INFO: [VRFC 10-311] analyzing module D_FF_666
INFO: [VRFC 10-311] analyzing module D_FF_667
INFO: [VRFC 10-311] analyzing module D_FF_668
INFO: [VRFC 10-311] analyzing module D_FF_669
INFO: [VRFC 10-311] analyzing module D_FF_670
INFO: [VRFC 10-311] analyzing module D_FF_671
INFO: [VRFC 10-311] analyzing module D_FF_672
INFO: [VRFC 10-311] analyzing module D_FF_673
INFO: [VRFC 10-311] analyzing module D_FF_674
INFO: [VRFC 10-311] analyzing module D_FF_675
INFO: [VRFC 10-311] analyzing module D_FF_676
INFO: [VRFC 10-311] analyzing module D_FF_677
INFO: [VRFC 10-311] analyzing module D_FF_678
INFO: [VRFC 10-311] analyzing module D_FF_679
INFO: [VRFC 10-311] analyzing module D_FF_680
INFO: [VRFC 10-311] analyzing module D_FF_681
INFO: [VRFC 10-311] analyzing module D_FF_682
INFO: [VRFC 10-311] analyzing module D_FF_683
INFO: [VRFC 10-311] analyzing module D_FF_684
INFO: [VRFC 10-311] analyzing module D_FF_685
INFO: [VRFC 10-311] analyzing module D_FF_686
INFO: [VRFC 10-311] analyzing module D_FF_687
INFO: [VRFC 10-311] analyzing module D_FF_688
INFO: [VRFC 10-311] analyzing module D_FF_689
INFO: [VRFC 10-311] analyzing module D_FF_690
INFO: [VRFC 10-311] analyzing module D_FF_723
INFO: [VRFC 10-311] analyzing module D_FF_724
INFO: [VRFC 10-311] analyzing module D_FF_725
INFO: [VRFC 10-311] analyzing module D_FF_726
INFO: [VRFC 10-311] analyzing module D_FF_727
INFO: [VRFC 10-311] analyzing module D_FF_728
INFO: [VRFC 10-311] analyzing module D_FF_729
INFO: [VRFC 10-311] analyzing module D_FF_730
INFO: [VRFC 10-311] analyzing module D_FF_731
INFO: [VRFC 10-311] analyzing module D_FF_732
INFO: [VRFC 10-311] analyzing module D_FF_733
INFO: [VRFC 10-311] analyzing module D_FF_734
INFO: [VRFC 10-311] analyzing module D_FF_735
INFO: [VRFC 10-311] analyzing module D_FF_736
INFO: [VRFC 10-311] analyzing module D_FF_737
INFO: [VRFC 10-311] analyzing module D_FF_738
INFO: [VRFC 10-311] analyzing module D_FF_739
INFO: [VRFC 10-311] analyzing module D_FF_740
INFO: [VRFC 10-311] analyzing module D_FF_741
INFO: [VRFC 10-311] analyzing module D_FF_742
INFO: [VRFC 10-311] analyzing module D_FF_743
INFO: [VRFC 10-311] analyzing module D_FF_744
INFO: [VRFC 10-311] analyzing module D_FF_745
INFO: [VRFC 10-311] analyzing module D_FF_746
INFO: [VRFC 10-311] analyzing module D_FF_747
INFO: [VRFC 10-311] analyzing module D_FF_748
INFO: [VRFC 10-311] analyzing module D_FF_749
INFO: [VRFC 10-311] analyzing module D_FF_750
INFO: [VRFC 10-311] analyzing module D_FF_751
INFO: [VRFC 10-311] analyzing module D_FF_752
INFO: [VRFC 10-311] analyzing module D_FF_753
INFO: [VRFC 10-311] analyzing module D_FF_754
INFO: [VRFC 10-311] analyzing module D_FF_787
INFO: [VRFC 10-311] analyzing module D_FF_788
INFO: [VRFC 10-311] analyzing module D_FF_789
INFO: [VRFC 10-311] analyzing module D_FF_790
INFO: [VRFC 10-311] analyzing module D_FF_791
INFO: [VRFC 10-311] analyzing module D_FF_792
INFO: [VRFC 10-311] analyzing module D_FF_793
INFO: [VRFC 10-311] analyzing module D_FF_794
INFO: [VRFC 10-311] analyzing module D_FF_795
INFO: [VRFC 10-311] analyzing module D_FF_796
INFO: [VRFC 10-311] analyzing module D_FF_797
INFO: [VRFC 10-311] analyzing module D_FF_798
INFO: [VRFC 10-311] analyzing module D_FF_799
INFO: [VRFC 10-311] analyzing module D_FF_800
INFO: [VRFC 10-311] analyzing module D_FF_801
INFO: [VRFC 10-311] analyzing module D_FF_802
INFO: [VRFC 10-311] analyzing module D_FF_803
INFO: [VRFC 10-311] analyzing module D_FF_804
INFO: [VRFC 10-311] analyzing module D_FF_805
INFO: [VRFC 10-311] analyzing module D_FF_806
INFO: [VRFC 10-311] analyzing module D_FF_807
INFO: [VRFC 10-311] analyzing module D_FF_808
INFO: [VRFC 10-311] analyzing module D_FF_809
INFO: [VRFC 10-311] analyzing module D_FF_810
INFO: [VRFC 10-311] analyzing module D_FF_811
INFO: [VRFC 10-311] analyzing module D_FF_812
INFO: [VRFC 10-311] analyzing module D_FF_813
INFO: [VRFC 10-311] analyzing module D_FF_814
INFO: [VRFC 10-311] analyzing module D_FF_815
INFO: [VRFC 10-311] analyzing module D_FF_816
INFO: [VRFC 10-311] analyzing module D_FF_817
INFO: [VRFC 10-311] analyzing module D_FF_818
INFO: [VRFC 10-311] analyzing module D_FF_84
INFO: [VRFC 10-311] analyzing module D_FF_85
INFO: [VRFC 10-311] analyzing module D_FF_851
INFO: [VRFC 10-311] analyzing module D_FF_852
INFO: [VRFC 10-311] analyzing module D_FF_853
INFO: [VRFC 10-311] analyzing module D_FF_854
INFO: [VRFC 10-311] analyzing module D_FF_855
INFO: [VRFC 10-311] analyzing module D_FF_856
INFO: [VRFC 10-311] analyzing module D_FF_857
INFO: [VRFC 10-311] analyzing module D_FF_858
INFO: [VRFC 10-311] analyzing module D_FF_859
INFO: [VRFC 10-311] analyzing module D_FF_86
INFO: [VRFC 10-311] analyzing module D_FF_860
INFO: [VRFC 10-311] analyzing module D_FF_861
INFO: [VRFC 10-311] analyzing module D_FF_862
INFO: [VRFC 10-311] analyzing module D_FF_863
INFO: [VRFC 10-311] analyzing module D_FF_864
INFO: [VRFC 10-311] analyzing module D_FF_865
INFO: [VRFC 10-311] analyzing module D_FF_866
INFO: [VRFC 10-311] analyzing module D_FF_867
INFO: [VRFC 10-311] analyzing module D_FF_868
INFO: [VRFC 10-311] analyzing module D_FF_869
INFO: [VRFC 10-311] analyzing module D_FF_87
INFO: [VRFC 10-311] analyzing module D_FF_870
INFO: [VRFC 10-311] analyzing module D_FF_871
INFO: [VRFC 10-311] analyzing module D_FF_872
INFO: [VRFC 10-311] analyzing module D_FF_873
INFO: [VRFC 10-311] analyzing module D_FF_874
INFO: [VRFC 10-311] analyzing module D_FF_875
INFO: [VRFC 10-311] analyzing module D_FF_876
INFO: [VRFC 10-311] analyzing module D_FF_877
INFO: [VRFC 10-311] analyzing module D_FF_878
INFO: [VRFC 10-311] analyzing module D_FF_879
INFO: [VRFC 10-311] analyzing module D_FF_88
INFO: [VRFC 10-311] analyzing module D_FF_880
INFO: [VRFC 10-311] analyzing module D_FF_881
INFO: [VRFC 10-311] analyzing module D_FF_882
INFO: [VRFC 10-311] analyzing module D_FF_89
INFO: [VRFC 10-311] analyzing module D_FF_90
INFO: [VRFC 10-311] analyzing module D_FF_91
INFO: [VRFC 10-311] analyzing module D_FF_915
INFO: [VRFC 10-311] analyzing module D_FF_916
INFO: [VRFC 10-311] analyzing module D_FF_917
INFO: [VRFC 10-311] analyzing module D_FF_918
INFO: [VRFC 10-311] analyzing module D_FF_919
INFO: [VRFC 10-311] analyzing module D_FF_92
INFO: [VRFC 10-311] analyzing module D_FF_920
INFO: [VRFC 10-311] analyzing module D_FF_921
INFO: [VRFC 10-311] analyzing module D_FF_922
INFO: [VRFC 10-311] analyzing module D_FF_923
INFO: [VRFC 10-311] analyzing module D_FF_924
INFO: [VRFC 10-311] analyzing module D_FF_925
INFO: [VRFC 10-311] analyzing module D_FF_926
INFO: [VRFC 10-311] analyzing module D_FF_927
INFO: [VRFC 10-311] analyzing module D_FF_928
INFO: [VRFC 10-311] analyzing module D_FF_929
INFO: [VRFC 10-311] analyzing module D_FF_93
INFO: [VRFC 10-311] analyzing module D_FF_930
INFO: [VRFC 10-311] analyzing module D_FF_931
INFO: [VRFC 10-311] analyzing module D_FF_932
INFO: [VRFC 10-311] analyzing module D_FF_933
INFO: [VRFC 10-311] analyzing module D_FF_934
INFO: [VRFC 10-311] analyzing module D_FF_935
INFO: [VRFC 10-311] analyzing module D_FF_936
INFO: [VRFC 10-311] analyzing module D_FF_937
INFO: [VRFC 10-311] analyzing module D_FF_938
INFO: [VRFC 10-311] analyzing module D_FF_939
INFO: [VRFC 10-311] analyzing module D_FF_94
INFO: [VRFC 10-311] analyzing module D_FF_940
INFO: [VRFC 10-311] analyzing module D_FF_941
INFO: [VRFC 10-311] analyzing module D_FF_942
INFO: [VRFC 10-311] analyzing module D_FF_943
INFO: [VRFC 10-311] analyzing module D_FF_944
INFO: [VRFC 10-311] analyzing module D_FF_945
INFO: [VRFC 10-311] analyzing module D_FF_946
INFO: [VRFC 10-311] analyzing module D_FF_95
INFO: [VRFC 10-311] analyzing module D_FF_96
INFO: [VRFC 10-311] analyzing module D_FF_97
INFO: [VRFC 10-311] analyzing module D_FF_979
INFO: [VRFC 10-311] analyzing module D_FF_98
INFO: [VRFC 10-311] analyzing module D_FF_980
INFO: [VRFC 10-311] analyzing module D_FF_981
INFO: [VRFC 10-311] analyzing module D_FF_982
INFO: [VRFC 10-311] analyzing module D_FF_983
INFO: [VRFC 10-311] analyzing module D_FF_984
INFO: [VRFC 10-311] analyzing module D_FF_985
INFO: [VRFC 10-311] analyzing module D_FF_986
INFO: [VRFC 10-311] analyzing module D_FF_987
INFO: [VRFC 10-311] analyzing module D_FF_988
INFO: [VRFC 10-311] analyzing module D_FF_989
INFO: [VRFC 10-311] analyzing module D_FF_99
INFO: [VRFC 10-311] analyzing module D_FF_990
INFO: [VRFC 10-311] analyzing module D_FF_991
INFO: [VRFC 10-311] analyzing module D_FF_992
INFO: [VRFC 10-311] analyzing module D_FF_993
INFO: [VRFC 10-311] analyzing module D_FF_994
INFO: [VRFC 10-311] analyzing module D_FF_995
INFO: [VRFC 10-311] analyzing module D_FF_996
INFO: [VRFC 10-311] analyzing module D_FF_997
INFO: [VRFC 10-311] analyzing module D_FF_998
INFO: [VRFC 10-311] analyzing module D_FF_999
INFO: [VRFC 10-311] analyzing module MIPSpipeline
INFO: [VRFC 10-311] analyzing module RegBit
INFO: [VRFC 10-311] analyzing module RegBit_0
INFO: [VRFC 10-311] analyzing module RegBit_1
INFO: [VRFC 10-311] analyzing module RegBit_10
INFO: [VRFC 10-311] analyzing module RegBit_1074
INFO: [VRFC 10-311] analyzing module RegBit_1075
INFO: [VRFC 10-311] analyzing module RegBit_1076
INFO: [VRFC 10-311] analyzing module RegBit_1077
INFO: [VRFC 10-311] analyzing module RegBit_1088
INFO: [VRFC 10-311] analyzing module RegBit_1089
INFO: [VRFC 10-311] analyzing module RegBit_1090
INFO: [VRFC 10-311] analyzing module RegBit_1091
INFO: [VRFC 10-311] analyzing module RegBit_1092
INFO: [VRFC 10-311] analyzing module RegBit_1093
INFO: [VRFC 10-311] analyzing module RegBit_1094
INFO: [VRFC 10-311] analyzing module RegBit_1095
INFO: [VRFC 10-311] analyzing module RegBit_1096
INFO: [VRFC 10-311] analyzing module RegBit_1097
INFO: [VRFC 10-311] analyzing module RegBit_1098
INFO: [VRFC 10-311] analyzing module RegBit_1099
INFO: [VRFC 10-311] analyzing module RegBit_11
INFO: [VRFC 10-311] analyzing module RegBit_1100
INFO: [VRFC 10-311] analyzing module RegBit_1101
INFO: [VRFC 10-311] analyzing module RegBit_1102
INFO: [VRFC 10-311] analyzing module RegBit_1103
INFO: [VRFC 10-311] analyzing module RegBit_1104
INFO: [VRFC 10-311] analyzing module RegBit_1105
INFO: [VRFC 10-311] analyzing module RegBit_1106
INFO: [VRFC 10-311] analyzing module RegBit_1107
INFO: [VRFC 10-311] analyzing module RegBit_1108
INFO: [VRFC 10-311] analyzing module RegBit_1109
INFO: [VRFC 10-311] analyzing module RegBit_1110
INFO: [VRFC 10-311] analyzing module RegBit_1111
INFO: [VRFC 10-311] analyzing module RegBit_1112
INFO: [VRFC 10-311] analyzing module RegBit_1113
INFO: [VRFC 10-311] analyzing module RegBit_1114
INFO: [VRFC 10-311] analyzing module RegBit_1115
INFO: [VRFC 10-311] analyzing module RegBit_1116
INFO: [VRFC 10-311] analyzing module RegBit_1117
INFO: [VRFC 10-311] analyzing module RegBit_1118
INFO: [VRFC 10-311] analyzing module RegBit_1119
INFO: [VRFC 10-311] analyzing module RegBit_115
INFO: [VRFC 10-311] analyzing module RegBit_1153
INFO: [VRFC 10-311] analyzing module RegBit_1154
INFO: [VRFC 10-311] analyzing module RegBit_1155
INFO: [VRFC 10-311] analyzing module RegBit_1156
INFO: [VRFC 10-311] analyzing module RegBit_1157
INFO: [VRFC 10-311] analyzing module RegBit_1158
INFO: [VRFC 10-311] analyzing module RegBit_1159
INFO: [VRFC 10-311] analyzing module RegBit_116
INFO: [VRFC 10-311] analyzing module RegBit_1160
INFO: [VRFC 10-311] analyzing module RegBit_1161
INFO: [VRFC 10-311] analyzing module RegBit_1162
INFO: [VRFC 10-311] analyzing module RegBit_1163
INFO: [VRFC 10-311] analyzing module RegBit_1164
INFO: [VRFC 10-311] analyzing module RegBit_1165
INFO: [VRFC 10-311] analyzing module RegBit_1166
INFO: [VRFC 10-311] analyzing module RegBit_1167
INFO: [VRFC 10-311] analyzing module RegBit_1168
INFO: [VRFC 10-311] analyzing module RegBit_1169
INFO: [VRFC 10-311] analyzing module RegBit_117
INFO: [VRFC 10-311] analyzing module RegBit_1170
INFO: [VRFC 10-311] analyzing module RegBit_1171
INFO: [VRFC 10-311] analyzing module RegBit_1172
INFO: [VRFC 10-311] analyzing module RegBit_1173
INFO: [VRFC 10-311] analyzing module RegBit_1174
INFO: [VRFC 10-311] analyzing module RegBit_1175
INFO: [VRFC 10-311] analyzing module RegBit_1176
INFO: [VRFC 10-311] analyzing module RegBit_1177
INFO: [VRFC 10-311] analyzing module RegBit_1178
INFO: [VRFC 10-311] analyzing module RegBit_1179
INFO: [VRFC 10-311] analyzing module RegBit_118
INFO: [VRFC 10-311] analyzing module RegBit_1180
INFO: [VRFC 10-311] analyzing module RegBit_1181
INFO: [VRFC 10-311] analyzing module RegBit_1182
INFO: [VRFC 10-311] analyzing module RegBit_1183
INFO: [VRFC 10-311] analyzing module RegBit_1184
INFO: [VRFC 10-311] analyzing module RegBit_119
INFO: [VRFC 10-311] analyzing module RegBit_120
INFO: [VRFC 10-311] analyzing module RegBit_121
INFO: [VRFC 10-311] analyzing module RegBit_1218
INFO: [VRFC 10-311] analyzing module RegBit_1219
INFO: [VRFC 10-311] analyzing module RegBit_122
INFO: [VRFC 10-311] analyzing module RegBit_1220
INFO: [VRFC 10-311] analyzing module RegBit_1221
INFO: [VRFC 10-311] analyzing module RegBit_1226
INFO: [VRFC 10-311] analyzing module RegBit_1227
INFO: [VRFC 10-311] analyzing module RegBit_1228
INFO: [VRFC 10-311] analyzing module RegBit_1229
INFO: [VRFC 10-311] analyzing module RegBit_123
INFO: [VRFC 10-311] analyzing module RegBit_1230
INFO: [VRFC 10-311] analyzing module RegBit_1231
INFO: [VRFC 10-311] analyzing module RegBit_1232
INFO: [VRFC 10-311] analyzing module RegBit_1233
INFO: [VRFC 10-311] analyzing module RegBit_1234
INFO: [VRFC 10-311] analyzing module RegBit_1235
INFO: [VRFC 10-311] analyzing module RegBit_1236
INFO: [VRFC 10-311] analyzing module RegBit_1237
INFO: [VRFC 10-311] analyzing module RegBit_1238
INFO: [VRFC 10-311] analyzing module RegBit_1239
INFO: [VRFC 10-311] analyzing module RegBit_124
INFO: [VRFC 10-311] analyzing module RegBit_1240
INFO: [VRFC 10-311] analyzing module RegBit_1241
INFO: [VRFC 10-311] analyzing module RegBit_1242
INFO: [VRFC 10-311] analyzing module RegBit_1243
INFO: [VRFC 10-311] analyzing module RegBit_1244
INFO: [VRFC 10-311] analyzing module RegBit_1245
INFO: [VRFC 10-311] analyzing module RegBit_1246
INFO: [VRFC 10-311] analyzing module RegBit_1247
INFO: [VRFC 10-311] analyzing module RegBit_125
INFO: [VRFC 10-311] analyzing module RegBit_126
INFO: [VRFC 10-311] analyzing module RegBit_127
INFO: [VRFC 10-311] analyzing module RegBit_1270
INFO: [VRFC 10-311] analyzing module RegBit_1271
INFO: [VRFC 10-311] analyzing module RegBit_1272
INFO: [VRFC 10-311] analyzing module RegBit_1273
INFO: [VRFC 10-311] analyzing module RegBit_1274
INFO: [VRFC 10-311] analyzing module RegBit_1275
INFO: [VRFC 10-311] analyzing module RegBit_1276
INFO: [VRFC 10-311] analyzing module RegBit_1277
INFO: [VRFC 10-311] analyzing module RegBit_128
INFO: [VRFC 10-311] analyzing module RegBit_1288
INFO: [VRFC 10-311] analyzing module RegBit_1289
INFO: [VRFC 10-311] analyzing module RegBit_129
INFO: [VRFC 10-311] analyzing module RegBit_1290
INFO: [VRFC 10-311] analyzing module RegBit_1291
INFO: [VRFC 10-311] analyzing module RegBit_1292
INFO: [VRFC 10-311] analyzing module RegBit_1293
INFO: [VRFC 10-311] analyzing module RegBit_1294
INFO: [VRFC 10-311] analyzing module RegBit_1295
INFO: [VRFC 10-311] analyzing module RegBit_1296
INFO: [VRFC 10-311] analyzing module RegBit_1297
INFO: [VRFC 10-311] analyzing module RegBit_1298
INFO: [VRFC 10-311] analyzing module RegBit_1299
INFO: [VRFC 10-311] analyzing module RegBit_13
INFO: [VRFC 10-311] analyzing module RegBit_130
INFO: [VRFC 10-311] analyzing module RegBit_1300
INFO: [VRFC 10-311] analyzing module RegBit_1301
INFO: [VRFC 10-311] analyzing module RegBit_1302
INFO: [VRFC 10-311] analyzing module RegBit_1303
INFO: [VRFC 10-311] analyzing module RegBit_1304
INFO: [VRFC 10-311] analyzing module RegBit_1305
INFO: [VRFC 10-311] analyzing module RegBit_1306
INFO: [VRFC 10-311] analyzing module RegBit_1307
INFO: [VRFC 10-311] analyzing module RegBit_1308
INFO: [VRFC 10-311] analyzing module RegBit_1309
INFO: [VRFC 10-311] analyzing module RegBit_131
INFO: [VRFC 10-311] analyzing module RegBit_1310
INFO: [VRFC 10-311] analyzing module RegBit_1311
INFO: [VRFC 10-311] analyzing module RegBit_1312
INFO: [VRFC 10-311] analyzing module RegBit_1313
INFO: [VRFC 10-311] analyzing module RegBit_1314
INFO: [VRFC 10-311] analyzing module RegBit_1315
INFO: [VRFC 10-311] analyzing module RegBit_1316
INFO: [VRFC 10-311] analyzing module RegBit_1317
INFO: [VRFC 10-311] analyzing module RegBit_1318
INFO: [VRFC 10-311] analyzing module RegBit_1319
INFO: [VRFC 10-311] analyzing module RegBit_132
INFO: [VRFC 10-311] analyzing module RegBit_133
INFO: [VRFC 10-311] analyzing module RegBit_134
INFO: [VRFC 10-311] analyzing module RegBit_135
INFO: [VRFC 10-311] analyzing module RegBit_1352
INFO: [VRFC 10-311] analyzing module RegBit_1353
INFO: [VRFC 10-311] analyzing module RegBit_1354
INFO: [VRFC 10-311] analyzing module RegBit_1355
INFO: [VRFC 10-311] analyzing module RegBit_1356
INFO: [VRFC 10-311] analyzing module RegBit_1357
INFO: [VRFC 10-311] analyzing module RegBit_1358
INFO: [VRFC 10-311] analyzing module RegBit_1359
INFO: [VRFC 10-311] analyzing module RegBit_136
INFO: [VRFC 10-311] analyzing module RegBit_1360
INFO: [VRFC 10-311] analyzing module RegBit_1361
INFO: [VRFC 10-311] analyzing module RegBit_1362
INFO: [VRFC 10-311] analyzing module RegBit_1363
INFO: [VRFC 10-311] analyzing module RegBit_1364
INFO: [VRFC 10-311] analyzing module RegBit_1365
INFO: [VRFC 10-311] analyzing module RegBit_1366
INFO: [VRFC 10-311] analyzing module RegBit_1367
INFO: [VRFC 10-311] analyzing module RegBit_1368
INFO: [VRFC 10-311] analyzing module RegBit_1369
INFO: [VRFC 10-311] analyzing module RegBit_137
INFO: [VRFC 10-311] analyzing module RegBit_1370
INFO: [VRFC 10-311] analyzing module RegBit_1371
INFO: [VRFC 10-311] analyzing module RegBit_1372
INFO: [VRFC 10-311] analyzing module RegBit_1373
INFO: [VRFC 10-311] analyzing module RegBit_1374
INFO: [VRFC 10-311] analyzing module RegBit_1375
INFO: [VRFC 10-311] analyzing module RegBit_1376
INFO: [VRFC 10-311] analyzing module RegBit_1377
INFO: [VRFC 10-311] analyzing module RegBit_1378
INFO: [VRFC 10-311] analyzing module RegBit_1379
INFO: [VRFC 10-311] analyzing module RegBit_138
INFO: [VRFC 10-311] analyzing module RegBit_1380
INFO: [VRFC 10-311] analyzing module RegBit_1381
INFO: [VRFC 10-311] analyzing module RegBit_1382
INFO: [VRFC 10-311] analyzing module RegBit_1383
INFO: [VRFC 10-311] analyzing module RegBit_139
INFO: [VRFC 10-311] analyzing module RegBit_14
INFO: [VRFC 10-311] analyzing module RegBit_140
INFO: [VRFC 10-311] analyzing module RegBit_141
INFO: [VRFC 10-311] analyzing module RegBit_1416
INFO: [VRFC 10-311] analyzing module RegBit_1417
INFO: [VRFC 10-311] analyzing module RegBit_1418
INFO: [VRFC 10-311] analyzing module RegBit_1419
INFO: [VRFC 10-311] analyzing module RegBit_142
INFO: [VRFC 10-311] analyzing module RegBit_1428
INFO: [VRFC 10-311] analyzing module RegBit_1429
INFO: [VRFC 10-311] analyzing module RegBit_143
INFO: [VRFC 10-311] analyzing module RegBit_1430
INFO: [VRFC 10-311] analyzing module RegBit_1431
INFO: [VRFC 10-311] analyzing module RegBit_1432
INFO: [VRFC 10-311] analyzing module RegBit_1433
INFO: [VRFC 10-311] analyzing module RegBit_1434
INFO: [VRFC 10-311] analyzing module RegBit_1435
INFO: [VRFC 10-311] analyzing module RegBit_1436
INFO: [VRFC 10-311] analyzing module RegBit_1437
INFO: [VRFC 10-311] analyzing module RegBit_1438
INFO: [VRFC 10-311] analyzing module RegBit_144
INFO: [VRFC 10-311] analyzing module RegBit_145
INFO: [VRFC 10-311] analyzing module RegBit_1459
INFO: [VRFC 10-311] analyzing module RegBit_146
INFO: [VRFC 10-311] analyzing module RegBit_1460
INFO: [VRFC 10-311] analyzing module RegBit_1461
INFO: [VRFC 10-311] analyzing module RegBit_1462
INFO: [VRFC 10-311] analyzing module RegBit_1463
INFO: [VRFC 10-311] analyzing module RegBit_1464
INFO: [VRFC 10-311] analyzing module RegBit_1465
INFO: [VRFC 10-311] analyzing module RegBit_1466
INFO: [VRFC 10-311] analyzing module RegBit_1467
INFO: [VRFC 10-311] analyzing module RegBit_1468
INFO: [VRFC 10-311] analyzing module RegBit_1469
INFO: [VRFC 10-311] analyzing module RegBit_1470
INFO: [VRFC 10-311] analyzing module RegBit_1471
INFO: [VRFC 10-311] analyzing module RegBit_1472
INFO: [VRFC 10-311] analyzing module RegBit_1473
INFO: [VRFC 10-311] analyzing module RegBit_1474
INFO: [VRFC 10-311] analyzing module RegBit_1475
INFO: [VRFC 10-311] analyzing module RegBit_1476
INFO: [VRFC 10-311] analyzing module RegBit_1477
INFO: [VRFC 10-311] analyzing module RegBit_1478
INFO: [VRFC 10-311] analyzing module RegBit_1479
INFO: [VRFC 10-311] analyzing module RegBit_1480
INFO: [VRFC 10-311] analyzing module RegBit_1481
INFO: [VRFC 10-311] analyzing module RegBit_1482
INFO: [VRFC 10-311] analyzing module RegBit_1483
INFO: [VRFC 10-311] analyzing module RegBit_1484
INFO: [VRFC 10-311] analyzing module RegBit_1485
INFO: [VRFC 10-311] analyzing module RegBit_1486
INFO: [VRFC 10-311] analyzing module RegBit_1487
INFO: [VRFC 10-311] analyzing module RegBit_1488
INFO: [VRFC 10-311] analyzing module RegBit_1489
INFO: [VRFC 10-311] analyzing module RegBit_1490
INFO: [VRFC 10-311] analyzing module RegBit_15
INFO: [VRFC 10-311] analyzing module RegBit_1526
INFO: [VRFC 10-311] analyzing module RegBit_1527
INFO: [VRFC 10-311] analyzing module RegBit_1528
INFO: [VRFC 10-311] analyzing module RegBit_1529
INFO: [VRFC 10-311] analyzing module RegBit_1530
INFO: [VRFC 10-311] analyzing module RegBit_1531
INFO: [VRFC 10-311] analyzing module RegBit_1532
INFO: [VRFC 10-311] analyzing module RegBit_1533
INFO: [VRFC 10-311] analyzing module RegBit_1534
INFO: [VRFC 10-311] analyzing module RegBit_1535
INFO: [VRFC 10-311] analyzing module RegBit_1536
INFO: [VRFC 10-311] analyzing module RegBit_1537
INFO: [VRFC 10-311] analyzing module RegBit_1538
INFO: [VRFC 10-311] analyzing module RegBit_1539
INFO: [VRFC 10-311] analyzing module RegBit_1540
INFO: [VRFC 10-311] analyzing module RegBit_1541
INFO: [VRFC 10-311] analyzing module RegBit_1542
INFO: [VRFC 10-311] analyzing module RegBit_1543
INFO: [VRFC 10-311] analyzing module RegBit_1544
INFO: [VRFC 10-311] analyzing module RegBit_1545
INFO: [VRFC 10-311] analyzing module RegBit_1546
INFO: [VRFC 10-311] analyzing module RegBit_1547
INFO: [VRFC 10-311] analyzing module RegBit_1548
INFO: [VRFC 10-311] analyzing module RegBit_1549
INFO: [VRFC 10-311] analyzing module RegBit_1550
INFO: [VRFC 10-311] analyzing module RegBit_1551
INFO: [VRFC 10-311] analyzing module RegBit_1552
INFO: [VRFC 10-311] analyzing module RegBit_1553
INFO: [VRFC 10-311] analyzing module RegBit_1554
INFO: [VRFC 10-311] analyzing module RegBit_1555
INFO: [VRFC 10-311] analyzing module RegBit_1556
INFO: [VRFC 10-311] analyzing module RegBit_1557
INFO: [VRFC 10-311] analyzing module RegBit_16
INFO: [VRFC 10-311] analyzing module RegBit_179
INFO: [VRFC 10-311] analyzing module RegBit_180
INFO: [VRFC 10-311] analyzing module RegBit_181
INFO: [VRFC 10-311] analyzing module RegBit_182
INFO: [VRFC 10-311] analyzing module RegBit_183
INFO: [VRFC 10-311] analyzing module RegBit_184
INFO: [VRFC 10-311] analyzing module RegBit_185
INFO: [VRFC 10-311] analyzing module RegBit_186
INFO: [VRFC 10-311] analyzing module RegBit_187
INFO: [VRFC 10-311] analyzing module RegBit_188
INFO: [VRFC 10-311] analyzing module RegBit_189
INFO: [VRFC 10-311] analyzing module RegBit_190
INFO: [VRFC 10-311] analyzing module RegBit_191
INFO: [VRFC 10-311] analyzing module RegBit_192
INFO: [VRFC 10-311] analyzing module RegBit_193
INFO: [VRFC 10-311] analyzing module RegBit_194
INFO: [VRFC 10-311] analyzing module RegBit_195
INFO: [VRFC 10-311] analyzing module RegBit_196
INFO: [VRFC 10-311] analyzing module RegBit_197
INFO: [VRFC 10-311] analyzing module RegBit_198
INFO: [VRFC 10-311] analyzing module RegBit_199
INFO: [VRFC 10-311] analyzing module RegBit_20
INFO: [VRFC 10-311] analyzing module RegBit_200
INFO: [VRFC 10-311] analyzing module RegBit_201
INFO: [VRFC 10-311] analyzing module RegBit_202
INFO: [VRFC 10-311] analyzing module RegBit_203
INFO: [VRFC 10-311] analyzing module RegBit_204
INFO: [VRFC 10-311] analyzing module RegBit_205
INFO: [VRFC 10-311] analyzing module RegBit_206
INFO: [VRFC 10-311] analyzing module RegBit_207
INFO: [VRFC 10-311] analyzing module RegBit_208
INFO: [VRFC 10-311] analyzing module RegBit_209
INFO: [VRFC 10-311] analyzing module RegBit_21
INFO: [VRFC 10-311] analyzing module RegBit_210
INFO: [VRFC 10-311] analyzing module RegBit_243
INFO: [VRFC 10-311] analyzing module RegBit_244
INFO: [VRFC 10-311] analyzing module RegBit_245
INFO: [VRFC 10-311] analyzing module RegBit_246
INFO: [VRFC 10-311] analyzing module RegBit_247
INFO: [VRFC 10-311] analyzing module RegBit_248
INFO: [VRFC 10-311] analyzing module RegBit_249
INFO: [VRFC 10-311] analyzing module RegBit_25
INFO: [VRFC 10-311] analyzing module RegBit_250
INFO: [VRFC 10-311] analyzing module RegBit_251
INFO: [VRFC 10-311] analyzing module RegBit_252
INFO: [VRFC 10-311] analyzing module RegBit_253
INFO: [VRFC 10-311] analyzing module RegBit_254
INFO: [VRFC 10-311] analyzing module RegBit_255
INFO: [VRFC 10-311] analyzing module RegBit_256
INFO: [VRFC 10-311] analyzing module RegBit_257
INFO: [VRFC 10-311] analyzing module RegBit_258
INFO: [VRFC 10-311] analyzing module RegBit_259
INFO: [VRFC 10-311] analyzing module RegBit_260
INFO: [VRFC 10-311] analyzing module RegBit_261
INFO: [VRFC 10-311] analyzing module RegBit_262
INFO: [VRFC 10-311] analyzing module RegBit_263
INFO: [VRFC 10-311] analyzing module RegBit_264
INFO: [VRFC 10-311] analyzing module RegBit_265
INFO: [VRFC 10-311] analyzing module RegBit_266
INFO: [VRFC 10-311] analyzing module RegBit_267
INFO: [VRFC 10-311] analyzing module RegBit_268
INFO: [VRFC 10-311] analyzing module RegBit_269
INFO: [VRFC 10-311] analyzing module RegBit_27
INFO: [VRFC 10-311] analyzing module RegBit_270
INFO: [VRFC 10-311] analyzing module RegBit_271
INFO: [VRFC 10-311] analyzing module RegBit_272
INFO: [VRFC 10-311] analyzing module RegBit_273
INFO: [VRFC 10-311] analyzing module RegBit_274
INFO: [VRFC 10-311] analyzing module RegBit_29
INFO: [VRFC 10-311] analyzing module RegBit_3
INFO: [VRFC 10-311] analyzing module RegBit_30
INFO: [VRFC 10-311] analyzing module RegBit_307
INFO: [VRFC 10-311] analyzing module RegBit_308
INFO: [VRFC 10-311] analyzing module RegBit_309
INFO: [VRFC 10-311] analyzing module RegBit_31
INFO: [VRFC 10-311] analyzing module RegBit_310
INFO: [VRFC 10-311] analyzing module RegBit_311
INFO: [VRFC 10-311] analyzing module RegBit_312
INFO: [VRFC 10-311] analyzing module RegBit_313
INFO: [VRFC 10-311] analyzing module RegBit_314
INFO: [VRFC 10-311] analyzing module RegBit_315
INFO: [VRFC 10-311] analyzing module RegBit_316
INFO: [VRFC 10-311] analyzing module RegBit_317
INFO: [VRFC 10-311] analyzing module RegBit_318
INFO: [VRFC 10-311] analyzing module RegBit_319
INFO: [VRFC 10-311] analyzing module RegBit_32
INFO: [VRFC 10-311] analyzing module RegBit_320
INFO: [VRFC 10-311] analyzing module RegBit_321
INFO: [VRFC 10-311] analyzing module RegBit_322
INFO: [VRFC 10-311] analyzing module RegBit_323
INFO: [VRFC 10-311] analyzing module RegBit_324
INFO: [VRFC 10-311] analyzing module RegBit_325
INFO: [VRFC 10-311] analyzing module RegBit_326
INFO: [VRFC 10-311] analyzing module RegBit_327
INFO: [VRFC 10-311] analyzing module RegBit_328
INFO: [VRFC 10-311] analyzing module RegBit_329
INFO: [VRFC 10-311] analyzing module RegBit_33
INFO: [VRFC 10-311] analyzing module RegBit_330
INFO: [VRFC 10-311] analyzing module RegBit_331
INFO: [VRFC 10-311] analyzing module RegBit_332
INFO: [VRFC 10-311] analyzing module RegBit_333
INFO: [VRFC 10-311] analyzing module RegBit_334
INFO: [VRFC 10-311] analyzing module RegBit_335
INFO: [VRFC 10-311] analyzing module RegBit_336
INFO: [VRFC 10-311] analyzing module RegBit_337
INFO: [VRFC 10-311] analyzing module RegBit_338
INFO: [VRFC 10-311] analyzing module RegBit_34
INFO: [VRFC 10-311] analyzing module RegBit_371
INFO: [VRFC 10-311] analyzing module RegBit_372
INFO: [VRFC 10-311] analyzing module RegBit_373
INFO: [VRFC 10-311] analyzing module RegBit_374
INFO: [VRFC 10-311] analyzing module RegBit_375
INFO: [VRFC 10-311] analyzing module RegBit_376
INFO: [VRFC 10-311] analyzing module RegBit_377
INFO: [VRFC 10-311] analyzing module RegBit_378
INFO: [VRFC 10-311] analyzing module RegBit_379
INFO: [VRFC 10-311] analyzing module RegBit_380
INFO: [VRFC 10-311] analyzing module RegBit_381
INFO: [VRFC 10-311] analyzing module RegBit_382
INFO: [VRFC 10-311] analyzing module RegBit_383
INFO: [VRFC 10-311] analyzing module RegBit_384
INFO: [VRFC 10-311] analyzing module RegBit_385
INFO: [VRFC 10-311] analyzing module RegBit_386
INFO: [VRFC 10-311] analyzing module RegBit_387
INFO: [VRFC 10-311] analyzing module RegBit_388
INFO: [VRFC 10-311] analyzing module RegBit_389
INFO: [VRFC 10-311] analyzing module RegBit_390
INFO: [VRFC 10-311] analyzing module RegBit_391
INFO: [VRFC 10-311] analyzing module RegBit_392
INFO: [VRFC 10-311] analyzing module RegBit_393
INFO: [VRFC 10-311] analyzing module RegBit_394
INFO: [VRFC 10-311] analyzing module RegBit_395
INFO: [VRFC 10-311] analyzing module RegBit_396
INFO: [VRFC 10-311] analyzing module RegBit_397
INFO: [VRFC 10-311] analyzing module RegBit_398
INFO: [VRFC 10-311] analyzing module RegBit_399
INFO: [VRFC 10-311] analyzing module RegBit_4
INFO: [VRFC 10-311] analyzing module RegBit_400
INFO: [VRFC 10-311] analyzing module RegBit_401
INFO: [VRFC 10-311] analyzing module RegBit_402
INFO: [VRFC 10-311] analyzing module RegBit_435
INFO: [VRFC 10-311] analyzing module RegBit_436
INFO: [VRFC 10-311] analyzing module RegBit_437
INFO: [VRFC 10-311] analyzing module RegBit_438
INFO: [VRFC 10-311] analyzing module RegBit_439
INFO: [VRFC 10-311] analyzing module RegBit_440
INFO: [VRFC 10-311] analyzing module RegBit_441
INFO: [VRFC 10-311] analyzing module RegBit_442
INFO: [VRFC 10-311] analyzing module RegBit_443
INFO: [VRFC 10-311] analyzing module RegBit_444
INFO: [VRFC 10-311] analyzing module RegBit_445
INFO: [VRFC 10-311] analyzing module RegBit_446
INFO: [VRFC 10-311] analyzing module RegBit_447
INFO: [VRFC 10-311] analyzing module RegBit_448
INFO: [VRFC 10-311] analyzing module RegBit_449
INFO: [VRFC 10-311] analyzing module RegBit_450
INFO: [VRFC 10-311] analyzing module RegBit_451
INFO: [VRFC 10-311] analyzing module RegBit_452
INFO: [VRFC 10-311] analyzing module RegBit_453
INFO: [VRFC 10-311] analyzing module RegBit_454
INFO: [VRFC 10-311] analyzing module RegBit_455
INFO: [VRFC 10-311] analyzing module RegBit_456
INFO: [VRFC 10-311] analyzing module RegBit_457
INFO: [VRFC 10-311] analyzing module RegBit_458
INFO: [VRFC 10-311] analyzing module RegBit_459
INFO: [VRFC 10-311] analyzing module RegBit_460
INFO: [VRFC 10-311] analyzing module RegBit_461
INFO: [VRFC 10-311] analyzing module RegBit_462
INFO: [VRFC 10-311] analyzing module RegBit_463
INFO: [VRFC 10-311] analyzing module RegBit_464
INFO: [VRFC 10-311] analyzing module RegBit_465
INFO: [VRFC 10-311] analyzing module RegBit_466
INFO: [VRFC 10-311] analyzing module RegBit_499
INFO: [VRFC 10-311] analyzing module RegBit_5
INFO: [VRFC 10-311] analyzing module RegBit_500
INFO: [VRFC 10-311] analyzing module RegBit_501
INFO: [VRFC 10-311] analyzing module RegBit_502
INFO: [VRFC 10-311] analyzing module RegBit_503
INFO: [VRFC 10-311] analyzing module RegBit_504
INFO: [VRFC 10-311] analyzing module RegBit_505
INFO: [VRFC 10-311] analyzing module RegBit_506
INFO: [VRFC 10-311] analyzing module RegBit_507
INFO: [VRFC 10-311] analyzing module RegBit_508
INFO: [VRFC 10-311] analyzing module RegBit_509
INFO: [VRFC 10-311] analyzing module RegBit_510
INFO: [VRFC 10-311] analyzing module RegBit_511
INFO: [VRFC 10-311] analyzing module RegBit_512
INFO: [VRFC 10-311] analyzing module RegBit_513
INFO: [VRFC 10-311] analyzing module RegBit_514
INFO: [VRFC 10-311] analyzing module RegBit_515
INFO: [VRFC 10-311] analyzing module RegBit_516
INFO: [VRFC 10-311] analyzing module RegBit_517
INFO: [VRFC 10-311] analyzing module RegBit_518
INFO: [VRFC 10-311] analyzing module RegBit_519
INFO: [VRFC 10-311] analyzing module RegBit_52
INFO: [VRFC 10-311] analyzing module RegBit_520
INFO: [VRFC 10-311] analyzing module RegBit_521
INFO: [VRFC 10-311] analyzing module RegBit_522
INFO: [VRFC 10-311] analyzing module RegBit_523
INFO: [VRFC 10-311] analyzing module RegBit_524
INFO: [VRFC 10-311] analyzing module RegBit_525
INFO: [VRFC 10-311] analyzing module RegBit_526
INFO: [VRFC 10-311] analyzing module RegBit_527
INFO: [VRFC 10-311] analyzing module RegBit_528
INFO: [VRFC 10-311] analyzing module RegBit_529
INFO: [VRFC 10-311] analyzing module RegBit_53
INFO: [VRFC 10-311] analyzing module RegBit_530
INFO: [VRFC 10-311] analyzing module RegBit_54
INFO: [VRFC 10-311] analyzing module RegBit_55
INFO: [VRFC 10-311] analyzing module RegBit_56
INFO: [VRFC 10-311] analyzing module RegBit_563
INFO: [VRFC 10-311] analyzing module RegBit_564
INFO: [VRFC 10-311] analyzing module RegBit_565
INFO: [VRFC 10-311] analyzing module RegBit_566
INFO: [VRFC 10-311] analyzing module RegBit_567
INFO: [VRFC 10-311] analyzing module RegBit_568
INFO: [VRFC 10-311] analyzing module RegBit_569
INFO: [VRFC 10-311] analyzing module RegBit_57
INFO: [VRFC 10-311] analyzing module RegBit_570
INFO: [VRFC 10-311] analyzing module RegBit_571
INFO: [VRFC 10-311] analyzing module RegBit_572
INFO: [VRFC 10-311] analyzing module RegBit_573
INFO: [VRFC 10-311] analyzing module RegBit_574
INFO: [VRFC 10-311] analyzing module RegBit_575
INFO: [VRFC 10-311] analyzing module RegBit_576
INFO: [VRFC 10-311] analyzing module RegBit_577
INFO: [VRFC 10-311] analyzing module RegBit_578
INFO: [VRFC 10-311] analyzing module RegBit_579
INFO: [VRFC 10-311] analyzing module RegBit_58
INFO: [VRFC 10-311] analyzing module RegBit_580
INFO: [VRFC 10-311] analyzing module RegBit_581
INFO: [VRFC 10-311] analyzing module RegBit_582
INFO: [VRFC 10-311] analyzing module RegBit_583
INFO: [VRFC 10-311] analyzing module RegBit_584
INFO: [VRFC 10-311] analyzing module RegBit_585
INFO: [VRFC 10-311] analyzing module RegBit_586
INFO: [VRFC 10-311] analyzing module RegBit_587
INFO: [VRFC 10-311] analyzing module RegBit_588
INFO: [VRFC 10-311] analyzing module RegBit_589
INFO: [VRFC 10-311] analyzing module RegBit_59
INFO: [VRFC 10-311] analyzing module RegBit_590
INFO: [VRFC 10-311] analyzing module RegBit_591
INFO: [VRFC 10-311] analyzing module RegBit_592
INFO: [VRFC 10-311] analyzing module RegBit_593
INFO: [VRFC 10-311] analyzing module RegBit_594
INFO: [VRFC 10-311] analyzing module RegBit_6
INFO: [VRFC 10-311] analyzing module RegBit_60
INFO: [VRFC 10-311] analyzing module RegBit_61
INFO: [VRFC 10-311] analyzing module RegBit_62
INFO: [VRFC 10-311] analyzing module RegBit_627
INFO: [VRFC 10-311] analyzing module RegBit_628
INFO: [VRFC 10-311] analyzing module RegBit_629
INFO: [VRFC 10-311] analyzing module RegBit_63
INFO: [VRFC 10-311] analyzing module RegBit_630
INFO: [VRFC 10-311] analyzing module RegBit_631
INFO: [VRFC 10-311] analyzing module RegBit_632
INFO: [VRFC 10-311] analyzing module RegBit_633
INFO: [VRFC 10-311] analyzing module RegBit_634
INFO: [VRFC 10-311] analyzing module RegBit_635
INFO: [VRFC 10-311] analyzing module RegBit_636
INFO: [VRFC 10-311] analyzing module RegBit_637
INFO: [VRFC 10-311] analyzing module RegBit_638
INFO: [VRFC 10-311] analyzing module RegBit_639
INFO: [VRFC 10-311] analyzing module RegBit_64
INFO: [VRFC 10-311] analyzing module RegBit_640
INFO: [VRFC 10-311] analyzing module RegBit_641
INFO: [VRFC 10-311] analyzing module RegBit_642
INFO: [VRFC 10-311] analyzing module RegBit_643
INFO: [VRFC 10-311] analyzing module RegBit_644
INFO: [VRFC 10-311] analyzing module RegBit_645
INFO: [VRFC 10-311] analyzing module RegBit_646
INFO: [VRFC 10-311] analyzing module RegBit_647
INFO: [VRFC 10-311] analyzing module RegBit_648
INFO: [VRFC 10-311] analyzing module RegBit_649
INFO: [VRFC 10-311] analyzing module RegBit_65
INFO: [VRFC 10-311] analyzing module RegBit_650
INFO: [VRFC 10-311] analyzing module RegBit_651
INFO: [VRFC 10-311] analyzing module RegBit_652
INFO: [VRFC 10-311] analyzing module RegBit_653
INFO: [VRFC 10-311] analyzing module RegBit_654
INFO: [VRFC 10-311] analyzing module RegBit_655
INFO: [VRFC 10-311] analyzing module RegBit_656
INFO: [VRFC 10-311] analyzing module RegBit_657
INFO: [VRFC 10-311] analyzing module RegBit_658
INFO: [VRFC 10-311] analyzing module RegBit_66
INFO: [VRFC 10-311] analyzing module RegBit_67
INFO: [VRFC 10-311] analyzing module RegBit_68
INFO: [VRFC 10-311] analyzing module RegBit_69
INFO: [VRFC 10-311] analyzing module RegBit_691
INFO: [VRFC 10-311] analyzing module RegBit_692
INFO: [VRFC 10-311] analyzing module RegBit_693
INFO: [VRFC 10-311] analyzing module RegBit_694
INFO: [VRFC 10-311] analyzing module RegBit_695
INFO: [VRFC 10-311] analyzing module RegBit_696
INFO: [VRFC 10-311] analyzing module RegBit_697
INFO: [VRFC 10-311] analyzing module RegBit_698
INFO: [VRFC 10-311] analyzing module RegBit_699
INFO: [VRFC 10-311] analyzing module RegBit_7
INFO: [VRFC 10-311] analyzing module RegBit_70
INFO: [VRFC 10-311] analyzing module RegBit_700
INFO: [VRFC 10-311] analyzing module RegBit_701
INFO: [VRFC 10-311] analyzing module RegBit_702
INFO: [VRFC 10-311] analyzing module RegBit_703
INFO: [VRFC 10-311] analyzing module RegBit_704
INFO: [VRFC 10-311] analyzing module RegBit_705
INFO: [VRFC 10-311] analyzing module RegBit_706
INFO: [VRFC 10-311] analyzing module RegBit_707
INFO: [VRFC 10-311] analyzing module RegBit_708
INFO: [VRFC 10-311] analyzing module RegBit_709
INFO: [VRFC 10-311] analyzing module RegBit_71
INFO: [VRFC 10-311] analyzing module RegBit_710
INFO: [VRFC 10-311] analyzing module RegBit_711
INFO: [VRFC 10-311] analyzing module RegBit_712
INFO: [VRFC 10-311] analyzing module RegBit_713
INFO: [VRFC 10-311] analyzing module RegBit_714
INFO: [VRFC 10-311] analyzing module RegBit_715
INFO: [VRFC 10-311] analyzing module RegBit_716
INFO: [VRFC 10-311] analyzing module RegBit_717
INFO: [VRFC 10-311] analyzing module RegBit_718
INFO: [VRFC 10-311] analyzing module RegBit_719
INFO: [VRFC 10-311] analyzing module RegBit_72
INFO: [VRFC 10-311] analyzing module RegBit_720
INFO: [VRFC 10-311] analyzing module RegBit_721
INFO: [VRFC 10-311] analyzing module RegBit_722
INFO: [VRFC 10-311] analyzing module RegBit_73
INFO: [VRFC 10-311] analyzing module RegBit_74
INFO: [VRFC 10-311] analyzing module RegBit_75
INFO: [VRFC 10-311] analyzing module RegBit_755
INFO: [VRFC 10-311] analyzing module RegBit_756
INFO: [VRFC 10-311] analyzing module RegBit_757
INFO: [VRFC 10-311] analyzing module RegBit_758
INFO: [VRFC 10-311] analyzing module RegBit_759
INFO: [VRFC 10-311] analyzing module RegBit_76
INFO: [VRFC 10-311] analyzing module RegBit_760
INFO: [VRFC 10-311] analyzing module RegBit_761
INFO: [VRFC 10-311] analyzing module RegBit_762
INFO: [VRFC 10-311] analyzing module RegBit_763
INFO: [VRFC 10-311] analyzing module RegBit_764
INFO: [VRFC 10-311] analyzing module RegBit_765
INFO: [VRFC 10-311] analyzing module RegBit_766
INFO: [VRFC 10-311] analyzing module RegBit_767
INFO: [VRFC 10-311] analyzing module RegBit_768
INFO: [VRFC 10-311] analyzing module RegBit_769
INFO: [VRFC 10-311] analyzing module RegBit_77
INFO: [VRFC 10-311] analyzing module RegBit_770
INFO: [VRFC 10-311] analyzing module RegBit_771
INFO: [VRFC 10-311] analyzing module RegBit_772
INFO: [VRFC 10-311] analyzing module RegBit_773
INFO: [VRFC 10-311] analyzing module RegBit_774
INFO: [VRFC 10-311] analyzing module RegBit_775
INFO: [VRFC 10-311] analyzing module RegBit_776
INFO: [VRFC 10-311] analyzing module RegBit_777
INFO: [VRFC 10-311] analyzing module RegBit_778
INFO: [VRFC 10-311] analyzing module RegBit_779
INFO: [VRFC 10-311] analyzing module RegBit_78
INFO: [VRFC 10-311] analyzing module RegBit_780
INFO: [VRFC 10-311] analyzing module RegBit_781
INFO: [VRFC 10-311] analyzing module RegBit_782
INFO: [VRFC 10-311] analyzing module RegBit_783
INFO: [VRFC 10-311] analyzing module RegBit_784
INFO: [VRFC 10-311] analyzing module RegBit_785
INFO: [VRFC 10-311] analyzing module RegBit_786
INFO: [VRFC 10-311] analyzing module RegBit_79
INFO: [VRFC 10-311] analyzing module RegBit_8
INFO: [VRFC 10-311] analyzing module RegBit_80
INFO: [VRFC 10-311] analyzing module RegBit_81
INFO: [VRFC 10-311] analyzing module RegBit_819
INFO: [VRFC 10-311] analyzing module RegBit_82
INFO: [VRFC 10-311] analyzing module RegBit_820
INFO: [VRFC 10-311] analyzing module RegBit_821
INFO: [VRFC 10-311] analyzing module RegBit_822
INFO: [VRFC 10-311] analyzing module RegBit_823
INFO: [VRFC 10-311] analyzing module RegBit_824
INFO: [VRFC 10-311] analyzing module RegBit_825
INFO: [VRFC 10-311] analyzing module RegBit_826
INFO: [VRFC 10-311] analyzing module RegBit_827
INFO: [VRFC 10-311] analyzing module RegBit_828
INFO: [VRFC 10-311] analyzing module RegBit_829
INFO: [VRFC 10-311] analyzing module RegBit_83
INFO: [VRFC 10-311] analyzing module RegBit_830
INFO: [VRFC 10-311] analyzing module RegBit_831
INFO: [VRFC 10-311] analyzing module RegBit_832
INFO: [VRFC 10-311] analyzing module RegBit_833
INFO: [VRFC 10-311] analyzing module RegBit_834
INFO: [VRFC 10-311] analyzing module RegBit_835
INFO: [VRFC 10-311] analyzing module RegBit_836
INFO: [VRFC 10-311] analyzing module RegBit_837
INFO: [VRFC 10-311] analyzing module RegBit_838
INFO: [VRFC 10-311] analyzing module RegBit_839
INFO: [VRFC 10-311] analyzing module RegBit_840
INFO: [VRFC 10-311] analyzing module RegBit_841
INFO: [VRFC 10-311] analyzing module RegBit_842
INFO: [VRFC 10-311] analyzing module RegBit_843
INFO: [VRFC 10-311] analyzing module RegBit_844
INFO: [VRFC 10-311] analyzing module RegBit_845
INFO: [VRFC 10-311] analyzing module RegBit_846
INFO: [VRFC 10-311] analyzing module RegBit_847
INFO: [VRFC 10-311] analyzing module RegBit_848
INFO: [VRFC 10-311] analyzing module RegBit_849
INFO: [VRFC 10-311] analyzing module RegBit_850
INFO: [VRFC 10-311] analyzing module RegBit_883
INFO: [VRFC 10-311] analyzing module RegBit_884
INFO: [VRFC 10-311] analyzing module RegBit_885
INFO: [VRFC 10-311] analyzing module RegBit_886
INFO: [VRFC 10-311] analyzing module RegBit_887
INFO: [VRFC 10-311] analyzing module RegBit_888
INFO: [VRFC 10-311] analyzing module RegBit_889
INFO: [VRFC 10-311] analyzing module RegBit_890
INFO: [VRFC 10-311] analyzing module RegBit_891
INFO: [VRFC 10-311] analyzing module RegBit_892
INFO: [VRFC 10-311] analyzing module RegBit_893
INFO: [VRFC 10-311] analyzing module RegBit_894
INFO: [VRFC 10-311] analyzing module RegBit_895
INFO: [VRFC 10-311] analyzing module RegBit_896
INFO: [VRFC 10-311] analyzing module RegBit_897
INFO: [VRFC 10-311] analyzing module RegBit_898
INFO: [VRFC 10-311] analyzing module RegBit_899
INFO: [VRFC 10-311] analyzing module RegBit_9
INFO: [VRFC 10-311] analyzing module RegBit_900
INFO: [VRFC 10-311] analyzing module RegBit_901
INFO: [VRFC 10-311] analyzing module RegBit_902
INFO: [VRFC 10-311] analyzing module RegBit_903
INFO: [VRFC 10-311] analyzing module RegBit_904
INFO: [VRFC 10-311] analyzing module RegBit_905
INFO: [VRFC 10-311] analyzing module RegBit_906
INFO: [VRFC 10-311] analyzing module RegBit_907
INFO: [VRFC 10-311] analyzing module RegBit_908
INFO: [VRFC 10-311] analyzing module RegBit_909
INFO: [VRFC 10-311] analyzing module RegBit_910
INFO: [VRFC 10-311] analyzing module RegBit_911
INFO: [VRFC 10-311] analyzing module RegBit_912
INFO: [VRFC 10-311] analyzing module RegBit_913
INFO: [VRFC 10-311] analyzing module RegBit_914
INFO: [VRFC 10-311] analyzing module RegBit_947
INFO: [VRFC 10-311] analyzing module RegBit_948
INFO: [VRFC 10-311] analyzing module RegBit_949
INFO: [VRFC 10-311] analyzing module RegBit_950
INFO: [VRFC 10-311] analyzing module RegBit_951
INFO: [VRFC 10-311] analyzing module RegBit_952
INFO: [VRFC 10-311] analyzing module RegBit_953
INFO: [VRFC 10-311] analyzing module RegBit_954
INFO: [VRFC 10-311] analyzing module RegBit_955
INFO: [VRFC 10-311] analyzing module RegBit_956
INFO: [VRFC 10-311] analyzing module RegBit_957
INFO: [VRFC 10-311] analyzing module RegBit_958
INFO: [VRFC 10-311] analyzing module RegBit_959
INFO: [VRFC 10-311] analyzing module RegBit_960
INFO: [VRFC 10-311] analyzing module RegBit_961
INFO: [VRFC 10-311] analyzing module RegBit_962
INFO: [VRFC 10-311] analyzing module RegBit_963
INFO: [VRFC 10-311] analyzing module RegBit_964
INFO: [VRFC 10-311] analyzing module RegBit_965
INFO: [VRFC 10-311] analyzing module RegBit_966
INFO: [VRFC 10-311] analyzing module RegBit_967
INFO: [VRFC 10-311] analyzing module RegBit_968
INFO: [VRFC 10-311] analyzing module RegBit_969
INFO: [VRFC 10-311] analyzing module RegBit_970
INFO: [VRFC 10-311] analyzing module RegBit_971
INFO: [VRFC 10-311] analyzing module RegBit_972
INFO: [VRFC 10-311] analyzing module RegBit_973
INFO: [VRFC 10-311] analyzing module RegBit_974
INFO: [VRFC 10-311] analyzing module RegBit_975
INFO: [VRFC 10-311] analyzing module RegBit_976
INFO: [VRFC 10-311] analyzing module RegBit_977
INFO: [VRFC 10-311] analyzing module RegBit_978
INFO: [VRFC 10-311] analyzing module RegFile
INFO: [VRFC 10-311] analyzing module dataMem
INFO: [VRFC 10-311] analyzing module mux32to1
INFO: [VRFC 10-311] analyzing module mux32to1_1011
INFO: [VRFC 10-311] analyzing module mux32to1_1012
INFO: [VRFC 10-311] analyzing module mux32to1_1013
INFO: [VRFC 10-311] analyzing module mux32to1_1014
INFO: [VRFC 10-311] analyzing module mux32to1_1015
INFO: [VRFC 10-311] analyzing module mux32to1_1016
INFO: [VRFC 10-311] analyzing module mux32to1_1017
INFO: [VRFC 10-311] analyzing module mux32to1_1018
INFO: [VRFC 10-311] analyzing module mux32to1_1019
INFO: [VRFC 10-311] analyzing module mux32to1_1020
INFO: [VRFC 10-311] analyzing module mux32to1_1021
INFO: [VRFC 10-311] analyzing module mux32to1_1022
INFO: [VRFC 10-311] analyzing module mux32to1_1023
INFO: [VRFC 10-311] analyzing module mux32to1_1024
INFO: [VRFC 10-311] analyzing module mux32to1_1025
INFO: [VRFC 10-311] analyzing module mux32to1_1026
INFO: [VRFC 10-311] analyzing module mux32to1_1027
INFO: [VRFC 10-311] analyzing module mux32to1_1028
INFO: [VRFC 10-311] analyzing module mux32to1_1029
INFO: [VRFC 10-311] analyzing module mux32to1_1030
INFO: [VRFC 10-311] analyzing module mux32to1_1031
INFO: [VRFC 10-311] analyzing module mux32to1_1032
INFO: [VRFC 10-311] analyzing module mux32to1_1033
INFO: [VRFC 10-311] analyzing module mux32to1_1034
INFO: [VRFC 10-311] analyzing module mux32to1_1035
INFO: [VRFC 10-311] analyzing module mux32to1_1036
INFO: [VRFC 10-311] analyzing module mux32to1_1037
INFO: [VRFC 10-311] analyzing module mux32to1_1038
INFO: [VRFC 10-311] analyzing module mux32to1_1039
INFO: [VRFC 10-311] analyzing module mux32to1_1040
INFO: [VRFC 10-311] analyzing module mux32to1_1041
INFO: [VRFC 10-311] analyzing module mux32to1_1042
INFO: [VRFC 10-311] analyzing module mux32to1_1043
INFO: [VRFC 10-311] analyzing module mux32to1_1044
INFO: [VRFC 10-311] analyzing module mux32to1_1045
INFO: [VRFC 10-311] analyzing module mux32to1_1046
INFO: [VRFC 10-311] analyzing module mux32to1_1047
INFO: [VRFC 10-311] analyzing module mux32to1_1048
INFO: [VRFC 10-311] analyzing module mux32to1_1049
INFO: [VRFC 10-311] analyzing module mux32to1_1050
INFO: [VRFC 10-311] analyzing module mux32to1_1051
INFO: [VRFC 10-311] analyzing module mux32to1_1052
INFO: [VRFC 10-311] analyzing module mux32to1_1053
INFO: [VRFC 10-311] analyzing module mux32to1_1054
INFO: [VRFC 10-311] analyzing module mux32to1_1055
INFO: [VRFC 10-311] analyzing module mux32to1_1056
INFO: [VRFC 10-311] analyzing module mux32to1_1057
INFO: [VRFC 10-311] analyzing module mux32to1_1058
INFO: [VRFC 10-311] analyzing module mux32to1_1059
INFO: [VRFC 10-311] analyzing module mux32to1_1060
INFO: [VRFC 10-311] analyzing module mux32to1_1061
INFO: [VRFC 10-311] analyzing module mux32to1_1062
INFO: [VRFC 10-311] analyzing module mux32to1_1063
INFO: [VRFC 10-311] analyzing module mux32to1_1064
INFO: [VRFC 10-311] analyzing module mux32to1_1065
INFO: [VRFC 10-311] analyzing module mux32to1_1066
INFO: [VRFC 10-311] analyzing module mux32to1_1067
INFO: [VRFC 10-311] analyzing module mux32to1_1068
INFO: [VRFC 10-311] analyzing module mux32to1_1069
INFO: [VRFC 10-311] analyzing module mux32to1_1070
INFO: [VRFC 10-311] analyzing module mux32to1_1071
INFO: [VRFC 10-311] analyzing module mux32to1_1072
INFO: [VRFC 10-311] analyzing module mux32to1_1073
INFO: [VRFC 10-311] analyzing module mux32x32to32
INFO: [VRFC 10-311] analyzing module mux32x32to32_36
INFO: [VRFC 10-311] analyzing module register
INFO: [VRFC 10-311] analyzing module register_12
INFO: [VRFC 10-311] analyzing module register_17
INFO: [VRFC 10-311] analyzing module register_18
INFO: [VRFC 10-311] analyzing module register_19
INFO: [VRFC 10-311] analyzing module register_2
INFO: [VRFC 10-311] analyzing module register_22
INFO: [VRFC 10-311] analyzing module register_23
INFO: [VRFC 10-311] analyzing module register_24
INFO: [VRFC 10-311] analyzing module register_26
INFO: [VRFC 10-311] analyzing module register_28
INFO: [VRFC 10-311] analyzing module register_35
INFO: [VRFC 10-311] analyzing module register_37
INFO: [VRFC 10-311] analyzing module register_38
INFO: [VRFC 10-311] analyzing module register_39
INFO: [VRFC 10-311] analyzing module register_40
INFO: [VRFC 10-311] analyzing module register_41
INFO: [VRFC 10-311] analyzing module register_42
INFO: [VRFC 10-311] analyzing module register_43
INFO: [VRFC 10-311] analyzing module register_44
INFO: [VRFC 10-311] analyzing module register_45
INFO: [VRFC 10-311] analyzing module register_46
INFO: [VRFC 10-311] analyzing module register_47
INFO: [VRFC 10-311] analyzing module register_48
INFO: [VRFC 10-311] analyzing module register_49
INFO: [VRFC 10-311] analyzing module register_50
INFO: [VRFC 10-311] analyzing module register_51
INFO: [VRFC 10-311] analyzing module glbl
run_program: Time (s): cpu = 00:00:14 ; elapsed = 00:00:34 . Memory (MB): peak = 2785.293 ; gain = 0.000
INFO: [USF-XSim-69] 'compile' step finished in '33' seconds
INFO: [USF-XSim-3] XSim::Elaborate design
INFO: [USF-XSim-61] Executing 'ELABORATE' step in 'E:/Projects/VLSI/32BitMIPSArch/MIPS325/MIPS325.sim/sim_1/impl/timing/xsim'
"xelab -wto fdbe9ff532be41138437c9414e3eaad5 --incr --debug typical --relax --mt 2 --maxdelay -L xil_defaultlib -L simprims_ver -L secureip --snapshot MIPSpipeline_time_impl -transport_int_delays -pulse_r 0 -pulse_int_r 0 -pulse_e 0 -pulse_int_e 0 xil_defaultlib.MIPSpipeline xil_defaultlib.glbl -log elaborate.log"
Vivado Simulator 2020.2
Copyright 1986-1999, 2001-2020 Xilinx, Inc. All Rights Reserved.
Running: E:/SOFTWAREs/XilinxVivado/Vivado/2020.2/bin/unwrapped/win64.o/xelab.exe -wto fdbe9ff532be41138437c9414e3eaad5 --incr --debug typical --relax --mt 2 --maxdelay -L xil_defaultlib -L simprims_ver -L secureip --snapshot MIPSpipeline_time_impl -transport_int_delays -pulse_r 0 -pulse_int_r 0 -pulse_e 0 -pulse_int_e 0 xil_defaultlib.MIPSpipeline xil_defaultlib.glbl -log elaborate.log 
Using 2 slave threads.
Starting static elaboration
Pass Through NonSizing Optimizer
Completed static elaboration
Starting simulation data flow analysis
Completed simulation data flow analysis
INFO: [XSIM 43-3451] SDF backannotation process started with SDF file "MIPSpipeline_time_impl.sdf", for root module "MIPSpipeline".
INFO: [XSIM 43-3452] SDF backannotation was successful for SDF file "MIPSpipeline_time_impl.sdf", for root module "MIPSpipeline".
Time Resolution for simulation is 1ps
Compiling module simprims_ver.OBUF
Compiling module simprims_ver.LUT6
Compiling module simprims_ver.LUT4
Compiling module simprims_ver.LUT5
Compiling module simprims_ver.x_lut2_mux4
Compiling module simprims_ver.LUT2
Compiling module simprims_ver.x_lut3_mux8
Compiling module simprims_ver.LUT3
Compiling module simprims_ver.FDCE_default
Compiling module xil_defaultlib.D_FF_1589
Compiling module xil_defaultlib.RegBit_1526
Compiling module xil_defaultlib.D_FF_1588
Compiling module xil_defaultlib.RegBit_1527
Compiling module xil_defaultlib.D_FF_1587
Compiling module xil_defaultlib.RegBit_1528
Compiling module xil_defaultlib.D_FF_1586
Compiling module xil_defaultlib.RegBit_1529
Compiling module xil_defaultlib.D_FF_1585
Compiling module xil_defaultlib.RegBit_1530
Compiling module xil_defaultlib.D_FF_1584
Compiling module xil_defaultlib.RegBit_1531
Compiling module xil_defaultlib.D_FF_1583
Compiling module xil_defaultlib.RegBit_1532
Compiling module xil_defaultlib.D_FF_1582
Compiling module xil_defaultlib.RegBit_1533
Compiling module xil_defaultlib.D_FF_1581
Compiling module xil_defaultlib.RegBit_1534
Compiling module xil_defaultlib.D_FF_1580
Compiling module xil_defaultlib.RegBit_1535
Compiling module xil_defaultlib.D_FF_1579
Compiling module xil_defaultlib.RegBit_1536
Compiling module xil_defaultlib.D_FF_1578
Compiling module xil_defaultlib.RegBit_1537
Compiling module xil_defaultlib.D_FF_1577
Compiling module xil_defaultlib.RegBit_1538
Compiling module xil_defaultlib.D_FF_1576
Compiling module xil_defaultlib.RegBit_1539
Compiling module xil_defaultlib.D_FF_1575
Compiling module xil_defaultlib.RegBit_1540
Compiling module xil_defaultlib.D_FF_1574
Compiling module xil_defaultlib.RegBit_1541
Compiling module xil_defaultlib.D_FF_1573
Compiling module xil_defaultlib.RegBit_1542
Compiling module xil_defaultlib.D_FF_1572
Compiling module xil_defaultlib.RegBit_1543
Compiling module xil_defaultlib.D_FF_1571
Compiling module xil_defaultlib.RegBit_1544
Compiling module xil_defaultlib.D_FF_1570
Compiling module xil_defaultlib.RegBit_1545
Compiling module xil_defaultlib.D_FF_1569
Compiling module xil_defaultlib.RegBit_1546
Compiling module xil_defaultlib.D_FF_1568
Compiling module xil_defaultlib.RegBit_1547
Compiling module xil_defaultlib.D_FF_1567
Compiling module xil_defaultlib.RegBit_1548
Compiling module xil_defaultlib.D_FF_1566
Compiling module xil_defaultlib.RegBit_1549
Compiling module xil_defaultlib.D_FF_1565
Compiling module xil_defaultlib.RegBit_1550
Compiling module xil_defaultlib.D_FF_1564
Compiling module xil_defaultlib.RegBit_1551
Compiling module xil_defaultlib.D_FF_1563
Compiling module xil_defaultlib.RegBit_1552
Compiling module xil_defaultlib.D_FF_1562
Compiling module xil_defaultlib.RegBit_1553
Compiling module xil_defaultlib.D_FF_1561
Compiling module xil_defaultlib.RegBit_1554
Compiling module xil_defaultlib.D_FF_1560
Compiling module xil_defaultlib.RegBit_1555
Compiling module xil_defaultlib.D_FF_1559
Compiling module xil_defaultlib.RegBit_1556
Compiling module xil_defaultlib.D_FF_1558
Compiling module xil_defaultlib.RegBit_1557
Compiling module xil_defaultlib.register
Compiling module xil_defaultlib.D_FF_1525
Compiling module xil_defaultlib.RegBit
Compiling module xil_defaultlib.D_FF_1524
Compiling module xil_defaultlib.RegBit_0
Compiling module xil_defaultlib.D_FF_1523
Compiling module xil_defaultlib.RegBit_1
Compiling module xil_defaultlib.D_FF_1522
Compiling module xil_defaultlib.RegBit_1459
Compiling module xil_defaultlib.D_FF_1521
Compiling module xil_defaultlib.RegBit_1460
Compiling module xil_defaultlib.D_FF_1520
Compiling module xil_defaultlib.RegBit_1461
Compiling module xil_defaultlib.D_FF_1519
Compiling module xil_defaultlib.RegBit_1462
Compiling module xil_defaultlib.D_FF_1518
Compiling module xil_defaultlib.RegBit_1463
Compiling module xil_defaultlib.D_FF_1517
Compiling module xil_defaultlib.RegBit_1464
Compiling module xil_defaultlib.D_FF_1516
Compiling module xil_defaultlib.RegBit_1465
Compiling module xil_defaultlib.D_FF_1515
Compiling module xil_defaultlib.RegBit_1466
Compiling module xil_defaultlib.D_FF_1514
Compiling module xil_defaultlib.RegBit_1467
Compiling module xil_defaultlib.D_FF_1513
Compiling module xil_defaultlib.RegBit_1468
Compiling module xil_defaultlib.D_FF_1512
Compiling module xil_defaultlib.RegBit_1469
Compiling module xil_defaultlib.D_FF_1511
Compiling module xil_defaultlib.RegBit_1470
Compiling module xil_defaultlib.D_FF_1510
Compiling module xil_defaultlib.RegBit_1471
Compiling module xil_defaultlib.D_FF_1509
Compiling module xil_defaultlib.RegBit_1472
Compiling module xil_defaultlib.D_FF_1508
Compiling module xil_defaultlib.RegBit_1473
Compiling module xil_defaultlib.D_FF_1507
Compiling module xil_defaultlib.RegBit_1474
Compiling module xil_defaultlib.D_FF_1506
Compiling module xil_defaultlib.RegBit_1475
Compiling module xil_defaultlib.D_FF_1505
Compiling module xil_defaultlib.RegBit_1476
Compiling module xil_defaultlib.D_FF_1504
Compiling module xil_defaultlib.RegBit_1477
Compiling module xil_defaultlib.D_FF_1503
Compiling module xil_defaultlib.RegBit_1478
Compiling module xil_defaultlib.D_FF_1502
Compiling module xil_defaultlib.RegBit_1479
Compiling module xil_defaultlib.D_FF_1501
Compiling module xil_defaultlib.RegBit_1480
Compiling module xil_defaultlib.D_FF_1500
Compiling module xil_defaultlib.RegBit_1481
Compiling module xil_defaultlib.D_FF_1499
Compiling module xil_defaultlib.RegBit_1482
Compiling module xil_defaultlib.D_FF_1498
Compiling module xil_defaultlib.RegBit_1483
Compiling module xil_defaultlib.D_FF_1497
Compiling module xil_defaultlib.RegBit_1484
Compiling module xil_defaultlib.D_FF_1496
Compiling module xil_defaultlib.RegBit_1485
Compiling module xil_defaultlib.D_FF_1495
Compiling module xil_defaultlib.RegBit_1486
Compiling module xil_defaultlib.D_FF_1494
Compiling module xil_defaultlib.RegBit_1487
Compiling module xil_defaultlib.D_FF_1493
Compiling module xil_defaultlib.RegBit_1488
Compiling module xil_defaultlib.D_FF_1492
Compiling module xil_defaultlib.RegBit_1489
Compiling module xil_defaultlib.D_FF_1491
Compiling module xil_defaultlib.RegBit_1490
Compiling module xil_defaultlib.register_2
Compiling module xil_defaultlib.D_FF_1458
Compiling module xil_defaultlib.RegBit_3
Compiling module xil_defaultlib.D_FF_1457
Compiling module xil_defaultlib.RegBit_4
Compiling module xil_defaultlib.D_FF_1456
Compiling module xil_defaultlib.RegBit_5
Compiling module xil_defaultlib.D_FF_1455
Compiling module xil_defaultlib.RegBit_6
Compiling module xil_defaultlib.D_FF_1454
Compiling module xil_defaultlib.RegBit_7
Compiling module xil_defaultlib.D_FF_1453
Compiling module xil_defaultlib.RegBit_8
Compiling module xil_defaultlib.D_FF_1452
Compiling module xil_defaultlib.RegBit_9
Compiling module xil_defaultlib.D_FF_1451
Compiling module xil_defaultlib.RegBit_10
Compiling module xil_defaultlib.D_FF_1450
Compiling module xil_defaultlib.RegBit_11
Compiling module xil_defaultlib.D_FF_1449
Compiling module xil_defaultlib.RegBit_1428
Compiling module xil_defaultlib.D_FF_1448
Compiling module xil_defaultlib.RegBit_1429
Compiling module xil_defaultlib.D_FF_1447
Compiling module xil_defaultlib.RegBit_1430
Compiling module xil_defaultlib.D_FF_1446
Compiling module xil_defaultlib.RegBit_1431
Compiling module xil_defaultlib.D_FF_1445
Compiling module xil_defaultlib.RegBit_1432
Compiling module xil_defaultlib.D_FF_1444
Compiling module xil_defaultlib.RegBit_1433
Compiling module xil_defaultlib.D_FF_1443
Compiling module xil_defaultlib.RegBit_1434
Compiling module xil_defaultlib.D_FF_1442
Compiling module xil_defaultlib.RegBit_1435
Compiling module xil_defaultlib.D_FF_1441
Compiling module xil_defaultlib.RegBit_1436
Compiling module xil_defaultlib.D_FF_1440
Compiling module xil_defaultlib.RegBit_1437
Compiling module xil_defaultlib.D_FF_1439
Compiling module xil_defaultlib.RegBit_1438
Compiling module xil_defaultlib.register_12
Compiling module xil_defaultlib.D_FF_1427
Compiling module xil_defaultlib.RegBit_13
Compiling module xil_defaultlib.D_FF_1426
Compiling module xil_defaultlib.RegBit_14
Compiling module xil_defaultlib.D_FF_1425
Compiling module xil_defaultlib.RegBit_15
Compiling module xil_defaultlib.D_FF_1424
Compiling module xil_defaultlib.RegBit_16
Compiling module xil_defaultlib.D_FF_1423
Compiling module xil_defaultlib.RegBit_1416
Compiling module xil_defaultlib.D_FF_1422
Compiling module xil_defaultlib.RegBit_1417
Compiling module xil_defaultlib.D_FF_1421
Compiling module xil_defaultlib.RegBit_1418
Compiling module xil_defaultlib.D_FF_1420
Compiling module xil_defaultlib.RegBit_1419
Compiling module xil_defaultlib.register_17
Compiling module xil_defaultlib.D_FF_1415
Compiling module xil_defaultlib.RegBit_1352
Compiling module xil_defaultlib.D_FF_1414
Compiling module xil_defaultlib.RegBit_1353
Compiling module xil_defaultlib.D_FF_1413
Compiling module xil_defaultlib.RegBit_1354
Compiling module xil_defaultlib.D_FF_1412
Compiling module xil_defaultlib.RegBit_1355
Compiling module xil_defaultlib.D_FF_1411
Compiling module xil_defaultlib.RegBit_1356
Compiling module xil_defaultlib.D_FF_1410
Compiling module xil_defaultlib.RegBit_1357
Compiling module xil_defaultlib.D_FF_1409
Compiling module xil_defaultlib.RegBit_1358
Compiling module xil_defaultlib.D_FF_1408
Compiling module xil_defaultlib.RegBit_1359
Compiling module xil_defaultlib.D_FF_1407
Compiling module xil_defaultlib.RegBit_1360
Compiling module xil_defaultlib.D_FF_1406
Compiling module xil_defaultlib.RegBit_1361
Compiling module xil_defaultlib.D_FF_1405
Compiling module xil_defaultlib.RegBit_1362
Compiling module xil_defaultlib.D_FF_1404
Compiling module xil_defaultlib.RegBit_1363
Compiling module xil_defaultlib.D_FF_1403
Compiling module xil_defaultlib.RegBit_1364
Compiling module xil_defaultlib.D_FF_1402
Compiling module xil_defaultlib.RegBit_1365
Compiling module xil_defaultlib.D_FF_1401
Compiling module xil_defaultlib.RegBit_1366
Compiling module xil_defaultlib.D_FF_1400
Compiling module xil_defaultlib.RegBit_1367
Compiling module xil_defaultlib.D_FF_1399
Compiling module xil_defaultlib.RegBit_1368
Compiling module xil_defaultlib.D_FF_1398
Compiling module xil_defaultlib.RegBit_1369
Compiling module xil_defaultlib.D_FF_1397
Compiling module xil_defaultlib.RegBit_1370
Compiling module xil_defaultlib.D_FF_1396
Compiling module xil_defaultlib.RegBit_1371
Compiling module xil_defaultlib.D_FF_1395
Compiling module xil_defaultlib.RegBit_1372
Compiling module xil_defaultlib.D_FF_1394
Compiling module xil_defaultlib.RegBit_1373
Compiling module xil_defaultlib.D_FF_1393
Compiling module xil_defaultlib.RegBit_1374
Compiling module xil_defaultlib.D_FF_1392
Compiling module xil_defaultlib.RegBit_1375
Compiling module xil_defaultlib.D_FF_1391
Compiling module xil_defaultlib.RegBit_1376
Compiling module xil_defaultlib.D_FF_1390
Compiling module xil_defaultlib.RegBit_1377
Compiling module xil_defaultlib.D_FF_1389
Compiling module xil_defaultlib.RegBit_1378
Compiling module xil_defaultlib.D_FF_1388
Compiling module xil_defaultlib.RegBit_1379
Compiling module xil_defaultlib.D_FF_1387
Compiling module xil_defaultlib.RegBit_1380
Compiling module xil_defaultlib.D_FF_1386
Compiling module xil_defaultlib.RegBit_1381
Compiling module xil_defaultlib.D_FF_1385
Compiling module xil_defaultlib.RegBit_1382
Compiling module xil_defaultlib.D_FF_1384
Compiling module xil_defaultlib.RegBit_1383
Compiling module xil_defaultlib.register_18
Compiling module xil_defaultlib.D_FF_1351
Compiling module xil_defaultlib.RegBit_1288
Compiling module xil_defaultlib.D_FF_1350
Compiling module xil_defaultlib.RegBit_1289
Compiling module xil_defaultlib.D_FF_1349
Compiling module xil_defaultlib.RegBit_1290
Compiling module xil_defaultlib.D_FF_1348
Compiling module xil_defaultlib.RegBit_1291
Compiling module xil_defaultlib.D_FF_1347
Compiling module xil_defaultlib.RegBit_1292
Compiling module xil_defaultlib.D_FF_1346
Compiling module xil_defaultlib.RegBit_1293
Compiling module xil_defaultlib.D_FF_1345
Compiling module xil_defaultlib.RegBit_1294
Compiling module xil_defaultlib.D_FF_1344
Compiling module xil_defaultlib.RegBit_1295
Compiling module xil_defaultlib.D_FF_1343
Compiling module xil_defaultlib.RegBit_1296
Compiling module xil_defaultlib.D_FF_1342
Compiling module xil_defaultlib.RegBit_1297
Compiling module xil_defaultlib.D_FF_1341
Compiling module xil_defaultlib.RegBit_1298
Compiling module xil_defaultlib.D_FF_1340
Compiling module xil_defaultlib.RegBit_1299
Compiling module xil_defaultlib.D_FF_1339
Compiling module xil_defaultlib.RegBit_1300
Compiling module xil_defaultlib.D_FF_1338
Compiling module xil_defaultlib.RegBit_1301
Compiling module xil_defaultlib.D_FF_1337
Compiling module xil_defaultlib.RegBit_1302
Compiling module xil_defaultlib.D_FF_1336
Compiling module xil_defaultlib.RegBit_1303
Compiling module xil_defaultlib.D_FF_1335
Compiling module xil_defaultlib.RegBit_1304
Compiling module xil_defaultlib.D_FF_1334
Compiling module xil_defaultlib.RegBit_1305
Compiling module xil_defaultlib.D_FF_1333
Compiling module xil_defaultlib.RegBit_1306
Compiling module xil_defaultlib.D_FF_1332
Compiling module xil_defaultlib.RegBit_1307
Compiling module xil_defaultlib.D_FF_1331
Compiling module xil_defaultlib.RegBit_1308
Compiling module xil_defaultlib.D_FF_1330
Compiling module xil_defaultlib.RegBit_1309
Compiling module xil_defaultlib.D_FF_1329
Compiling module xil_defaultlib.RegBit_1310
Compiling module xil_defaultlib.D_FF_1328
Compiling module xil_defaultlib.RegBit_1311
Compiling module xil_defaultlib.D_FF_1327
Compiling module xil_defaultlib.RegBit_1312
Compiling module xil_defaultlib.D_FF_1326
Compiling module xil_defaultlib.RegBit_1313
Compiling module xil_defaultlib.D_FF_1325
Compiling module xil_defaultlib.RegBit_1314
Compiling module xil_defaultlib.D_FF_1324
Compiling module xil_defaultlib.RegBit_1315
Compiling module xil_defaultlib.D_FF_1323
Compiling module xil_defaultlib.RegBit_1316
Compiling module xil_defaultlib.D_FF_1322
Compiling module xil_defaultlib.RegBit_1317
Compiling module xil_defaultlib.D_FF_1321
Compiling module xil_defaultlib.RegBit_1318
Compiling module xil_defaultlib.D_FF_1320
Compiling module xil_defaultlib.RegBit_1319
Compiling module xil_defaultlib.register_19
Compiling module xil_defaultlib.D_FF_1287
Compiling module xil_defaultlib.RegBit_20
Compiling module xil_defaultlib.D_FF_1286
Compiling module xil_defaultlib.RegBit_21
Compiling module xil_defaultlib.D_FF_1285
Compiling module xil_defaultlib.RegBit_1270
Compiling module xil_defaultlib.D_FF_1284
Compiling module xil_defaultlib.RegBit_1271
Compiling module xil_defaultlib.D_FF_1283
Compiling module xil_defaultlib.RegBit_1272
Compiling module xil_defaultlib.D_FF_1282
Compiling module xil_defaultlib.RegBit_1273
Compiling module xil_defaultlib.D_FF_1281
Compiling module xil_defaultlib.RegBit_1274
Compiling module xil_defaultlib.D_FF_1280
Compiling module xil_defaultlib.RegBit_1275
Compiling module xil_defaultlib.D_FF_1279
Compiling module xil_defaultlib.RegBit_1276
Compiling module xil_defaultlib.D_FF_1278
Compiling module xil_defaultlib.RegBit_1277
Compiling module xil_defaultlib.register_22
Compiling module xil_defaultlib.D_FF_1269
Compiling module xil_defaultlib.RegBit_1226
Compiling module xil_defaultlib.D_FF_1268
Compiling module xil_defaultlib.RegBit_1227
Compiling module xil_defaultlib.D_FF_1267
Compiling module xil_defaultlib.RegBit_1228
Compiling module xil_defaultlib.D_FF_1266
Compiling module xil_defaultlib.RegBit_1229
Compiling module xil_defaultlib.D_FF_1265
Compiling module xil_defaultlib.RegBit_1230
Compiling module xil_defaultlib.D_FF_1264
Compiling module xil_defaultlib.RegBit_1231
Compiling module xil_defaultlib.D_FF_1263
Compiling module xil_defaultlib.RegBit_1232
Compiling module xil_defaultlib.D_FF_1262
Compiling module xil_defaultlib.RegBit_1233
Compiling module xil_defaultlib.D_FF_1261
Compiling module xil_defaultlib.RegBit_1234
Compiling module xil_defaultlib.D_FF_1260
Compiling module xil_defaultlib.RegBit_1235
Compiling module xil_defaultlib.D_FF_1259
Compiling module xil_defaultlib.RegBit_1236
Compiling module xil_defaultlib.D_FF_1258
Compiling module xil_defaultlib.RegBit_1237
Compiling module xil_defaultlib.D_FF_1257
Compiling module xil_defaultlib.RegBit_1238
Compiling module xil_defaultlib.D_FF_1256
Compiling module xil_defaultlib.RegBit_1239
Compiling module xil_defaultlib.D_FF_1255
Compiling module xil_defaultlib.RegBit_1240
Compiling module xil_defaultlib.D_FF_1254
Compiling module xil_defaultlib.RegBit_1241
Compiling module xil_defaultlib.D_FF_1253
Compiling module xil_defaultlib.RegBit_1242
Compiling module xil_defaultlib.D_FF_1252
Compiling module xil_defaultlib.RegBit_1243
Compiling module xil_defaultlib.D_FF_1251
Compiling module xil_defaultlib.RegBit_1244
Compiling module xil_defaultlib.D_FF_1250
Compiling module xil_defaultlib.RegBit_1245
Compiling module xil_defaultlib.D_FF_1249
Compiling module xil_defaultlib.RegBit_1246
Compiling module xil_defaultlib.D_FF_1248
Compiling module xil_defaultlib.RegBit_1247
Compiling module xil_defaultlib.register_23
Compiling module xil_defaultlib.D_FF_1225
Compiling module xil_defaultlib.RegBit_1218
Compiling module xil_defaultlib.D_FF_1224
Compiling module xil_defaultlib.RegBit_1219
Compiling module xil_defaultlib.D_FF_1223
Compiling module xil_defaultlib.RegBit_1220
Compiling module xil_defaultlib.D_FF_1222
Compiling module xil_defaultlib.RegBit_1221
Compiling module xil_defaultlib.register_24
Compiling module xil_defaultlib.D_FF_1217
Compiling module xil_defaultlib.RegBit_25
Compiling module xil_defaultlib.D_FF_1216
Compiling module xil_defaultlib.RegBit_1153
Compiling module xil_defaultlib.D_FF_1215
Compiling module xil_defaultlib.RegBit_1154
Compiling module xil_defaultlib.D_FF_1214
Compiling module xil_defaultlib.RegBit_1155
Compiling module xil_defaultlib.D_FF_1213
Compiling module xil_defaultlib.RegBit_1156
Compiling module xil_defaultlib.D_FF_1212
Compiling module xil_defaultlib.RegBit_1157
Compiling module xil_defaultlib.D_FF_1211
Compiling module xil_defaultlib.RegBit_1158
Compiling module xil_defaultlib.D_FF_1210
Compiling module xil_defaultlib.RegBit_1159
Compiling module xil_defaultlib.D_FF_1209
Compiling module xil_defaultlib.RegBit_1160
Compiling module xil_defaultlib.D_FF_1208
Compiling module xil_defaultlib.RegBit_1161
Compiling module xil_defaultlib.D_FF_1207
Compiling module xil_defaultlib.RegBit_1162
Compiling module xil_defaultlib.D_FF_1206
Compiling module xil_defaultlib.RegBit_1163
Compiling module xil_defaultlib.D_FF_1205
Compiling module xil_defaultlib.RegBit_1164
Compiling module xil_defaultlib.D_FF_1204
Compiling module xil_defaultlib.RegBit_1165
Compiling module xil_defaultlib.D_FF_1203
Compiling module xil_defaultlib.RegBit_1166
Compiling module xil_defaultlib.D_FF_1202
Compiling module xil_defaultlib.RegBit_1167
Compiling module xil_defaultlib.D_FF_1201
Compiling module xil_defaultlib.RegBit_1168
Compiling module xil_defaultlib.D_FF_1200
Compiling module xil_defaultlib.RegBit_1169
Compiling module xil_defaultlib.D_FF_1199
Compiling module xil_defaultlib.RegBit_1170
Compiling module xil_defaultlib.D_FF_1198
Compiling module xil_defaultlib.RegBit_1171
Compiling module xil_defaultlib.D_FF_1197
Compiling module xil_defaultlib.RegBit_1172
Compiling module xil_defaultlib.D_FF_1196
Compiling module xil_defaultlib.RegBit_1173
Compiling module xil_defaultlib.D_FF_1195
Compiling module xil_defaultlib.RegBit_1174
Compiling module xil_defaultlib.D_FF_1194
Compiling module xil_defaultlib.RegBit_1175
Compiling module xil_defaultlib.D_FF_1193
Compiling module xil_defaultlib.RegBit_1176
Compiling module xil_defaultlib.D_FF_1192
Compiling module xil_defaultlib.RegBit_1177
Compiling module xil_defaultlib.D_FF_1191
Compiling module xil_defaultlib.RegBit_1178
Compiling module xil_defaultlib.D_FF_1190
Compiling module xil_defaultlib.RegBit_1179
Compiling module xil_defaultlib.D_FF_1189
Compiling module xil_defaultlib.RegBit_1180
Compiling module xil_defaultlib.D_FF_1188
Compiling module xil_defaultlib.RegBit_1181
Compiling module xil_defaultlib.D_FF_1187
Compiling module xil_defaultlib.RegBit_1182
Compiling module xil_defaultlib.D_FF_1186
Compiling module xil_defaultlib.RegBit_1183
Compiling module xil_defaultlib.D_FF_1185
Compiling module xil_defaultlib.RegBit_1184
Compiling module xil_defaultlib.register_26
Compiling module xil_defaultlib.D_FF_1152
Compiling module xil_defaultlib.RegBit_27
Compiling module xil_defaultlib.D_FF_1151
Compiling module xil_defaultlib.RegBit_1088
Compiling module xil_defaultlib.D_FF_1150
Compiling module xil_defaultlib.RegBit_1089
Compiling module xil_defaultlib.D_FF_1149
Compiling module xil_defaultlib.RegBit_1090
Compiling module xil_defaultlib.D_FF_1148
Compiling module xil_defaultlib.RegBit_1091
Compiling module xil_defaultlib.D_FF_1147
Compiling module xil_defaultlib.RegBit_1092
Compiling module xil_defaultlib.D_FF_1146
Compiling module xil_defaultlib.RegBit_1093
Compiling module xil_defaultlib.D_FF_1145
Compiling module xil_defaultlib.RegBit_1094
Compiling module xil_defaultlib.D_FF_1144
Compiling module xil_defaultlib.RegBit_1095
Compiling module xil_defaultlib.D_FF_1143
Compiling module xil_defaultlib.RegBit_1096
Compiling module xil_defaultlib.D_FF_1142
Compiling module xil_defaultlib.RegBit_1097
Compiling module xil_defaultlib.D_FF_1141
Compiling module xil_defaultlib.RegBit_1098
Compiling module xil_defaultlib.D_FF_1140
Compiling module xil_defaultlib.RegBit_1099
Compiling module xil_defaultlib.D_FF_1139
Compiling module xil_defaultlib.RegBit_1100
Compiling module xil_defaultlib.D_FF_1138
Compiling module xil_defaultlib.RegBit_1101
Compiling module xil_defaultlib.D_FF_1137
Compiling module xil_defaultlib.RegBit_1102
Compiling module xil_defaultlib.D_FF_1136
Compiling module xil_defaultlib.RegBit_1103
Compiling module xil_defaultlib.D_FF_1135
Compiling module xil_defaultlib.RegBit_1104
Compiling module xil_defaultlib.D_FF_1134
Compiling module xil_defaultlib.RegBit_1105
Compiling module xil_defaultlib.D_FF_1133
Compiling module xil_defaultlib.RegBit_1106
Compiling module xil_defaultlib.D_FF_1132
Compiling module xil_defaultlib.RegBit_1107
Compiling module xil_defaultlib.D_FF_1131
Compiling module xil_defaultlib.RegBit_1108
Compiling module xil_defaultlib.D_FF_1130
Compiling module xil_defaultlib.RegBit_1109
Compiling module xil_defaultlib.D_FF_1129
Compiling module xil_defaultlib.RegBit_1110
Compiling module xil_defaultlib.D_FF_1128
Compiling module xil_defaultlib.RegBit_1111
Compiling module xil_defaultlib.D_FF_1127
Compiling module xil_defaultlib.RegBit_1112
Compiling module xil_defaultlib.D_FF_1126
Compiling module xil_defaultlib.RegBit_1113
Compiling module xil_defaultlib.D_FF_1125
Compiling module xil_defaultlib.RegBit_1114
Compiling module xil_defaultlib.D_FF_1124
Compiling module xil_defaultlib.RegBit_1115
Compiling module xil_defaultlib.D_FF_1123
Compiling module xil_defaultlib.RegBit_1116
Compiling module xil_defaultlib.D_FF_1122
Compiling module xil_defaultlib.RegBit_1117
Compiling module xil_defaultlib.D_FF_1121
Compiling module xil_defaultlib.RegBit_1118
Compiling module xil_defaultlib.D_FF_1120
Compiling module xil_defaultlib.RegBit_1119
Compiling module xil_defaultlib.register_28
Compiling module xil_defaultlib.D_FF_1087
Compiling module xil_defaultlib.RegBit_29
Compiling module xil_defaultlib.D_FF_1086
Compiling module xil_defaultlib.RegBit_30
Compiling module xil_defaultlib.D_FF_1085
Compiling module xil_defaultlib.RegBit_31
Compiling module xil_defaultlib.D_FF_1084
Compiling module xil_defaultlib.RegBit_32
Compiling module xil_defaultlib.D_FF_1083
Compiling module xil_defaultlib.RegBit_33
Compiling module xil_defaultlib.D_FF_1082
Compiling module xil_defaultlib.RegBit_34
Compiling module simprims_ver.x_lut1_mux2
Compiling module simprims_ver.LUT1(INIT=2'b01)
Compiling module xil_defaultlib.D_FF_1081
Compiling module xil_defaultlib.RegBit_1074
Compiling module xil_defaultlib.D_FF_1080
Compiling module xil_defaultlib.RegBit_1075
Compiling module xil_defaultlib.D_FF_1079
Compiling module xil_defaultlib.RegBit_1076
Compiling module xil_defaultlib.D_FF_1078
Compiling module xil_defaultlib.RegBit_1077
Compiling module xil_defaultlib.register_35
Compiling module xil_defaultlib.mux32to1_1042
Compiling module xil_defaultlib.mux32to1_1043
Compiling module xil_defaultlib.mux32to1_1044
Compiling module xil_defaultlib.mux32to1_1045
Compiling module xil_defaultlib.mux32to1_1046
Compiling module xil_defaultlib.mux32to1_1047
Compiling module xil_defaultlib.mux32to1_1048
Compiling module xil_defaultlib.mux32to1_1049
Compiling module xil_defaultlib.mux32to1_1050
Compiling module xil_defaultlib.mux32to1_1051
Compiling module xil_defaultlib.mux32to1_1052
Compiling module xil_defaultlib.mux32to1_1053
Compiling module xil_defaultlib.mux32to1_1054
Compiling module xil_defaultlib.mux32to1_1055
Compiling module xil_defaultlib.mux32to1_1056
Compiling module xil_defaultlib.mux32to1_1057
Compiling module xil_defaultlib.mux32to1_1058
Compiling module xil_defaultlib.mux32to1_1059
Compiling module xil_defaultlib.mux32to1_1060
Compiling module xil_defaultlib.mux32to1_1061
Compiling module xil_defaultlib.mux32to1_1062
Compiling module xil_defaultlib.mux32to1_1063
Compiling module xil_defaultlib.mux32to1_1064
Compiling module xil_defaultlib.mux32to1_1065
Compiling module xil_defaultlib.mux32to1_1066
Compiling module xil_defaultlib.mux32to1_1067
Compiling module xil_defaultlib.mux32to1_1068
Compiling module xil_defaultlib.mux32to1_1069
Compiling module xil_defaultlib.mux32to1_1070
Compiling module xil_defaultlib.mux32to1_1071
Compiling module xil_defaultlib.mux32to1_1072
Compiling module xil_defaultlib.mux32to1_1073
Compiling module xil_defaultlib.mux32x32to32
Compiling module xil_defaultlib.mux32to1
Compiling module xil_defaultlib.mux32to1_1011
Compiling module xil_defaultlib.mux32to1_1012
Compiling module xil_defaultlib.mux32to1_1013
Compiling module xil_defaultlib.mux32to1_1014
Compiling module xil_defaultlib.mux32to1_1015
Compiling module xil_defaultlib.mux32to1_1016
Compiling module xil_defaultlib.mux32to1_1017
Compiling module xil_defaultlib.mux32to1_1018
Compiling module xil_defaultlib.mux32to1_1019
Compiling module xil_defaultlib.mux32to1_1020
Compiling module xil_defaultlib.mux32to1_1021
Compiling module xil_defaultlib.mux32to1_1022
Compiling module xil_defaultlib.mux32to1_1023
Compiling module xil_defaultlib.mux32to1_1024
Compiling module xil_defaultlib.mux32to1_1025
Compiling module xil_defaultlib.mux32to1_1026
Compiling module xil_defaultlib.mux32to1_1027
Compiling module xil_defaultlib.mux32to1_1028
Compiling module xil_defaultlib.mux32to1_1029
Compiling module xil_defaultlib.mux32to1_1030
Compiling module xil_defaultlib.mux32to1_1031
Compiling module xil_defaultlib.mux32to1_1032
Compiling module xil_defaultlib.mux32to1_1033
Compiling module xil_defaultlib.mux32to1_1034
Compiling module xil_defaultlib.mux32to1_1035
Compiling module xil_defaultlib.mux32to1_1036
Compiling module xil_defaultlib.mux32to1_1037
Compiling module xil_defaultlib.mux32to1_1038
Compiling module xil_defaultlib.mux32to1_1039
Compiling module xil_defaultlib.mux32to1_1040
Compiling module xil_defaultlib.mux32to1_1041
Compiling module xil_defaultlib.mux32x32to32_36
Compiling module xil_defaultlib.D_FF_1010
Compiling module xil_defaultlib.RegBit_947
Compiling module xil_defaultlib.D_FF_1009
Compiling module xil_defaultlib.RegBit_948
Compiling module xil_defaultlib.D_FF_1008
Compiling module xil_defaultlib.RegBit_949
Compiling module xil_defaultlib.D_FF_1007
Compiling module xil_defaultlib.RegBit_950
Compiling module xil_defaultlib.D_FF_1006
Compiling module xil_defaultlib.RegBit_951
Compiling module xil_defaultlib.D_FF_1005
Compiling module xil_defaultlib.RegBit_952
Compiling module xil_defaultlib.D_FF_1004
Compiling module xil_defaultlib.RegBit_953
Compiling module xil_defaultlib.D_FF_1003
Compiling module xil_defaultlib.RegBit_954
Compiling module xil_defaultlib.D_FF_1002
Compiling module xil_defaultlib.RegBit_955
Compiling module xil_defaultlib.D_FF_1001
Compiling module xil_defaultlib.RegBit_956
Compiling module xil_defaultlib.D_FF_1000
Compiling module xil_defaultlib.RegBit_957
Compiling module xil_defaultlib.D_FF_999
Compiling module xil_defaultlib.RegBit_958
Compiling module xil_defaultlib.D_FF_998
Compiling module xil_defaultlib.RegBit_959
Compiling module xil_defaultlib.D_FF_997
Compiling module xil_defaultlib.RegBit_960
Compiling module xil_defaultlib.D_FF_996
Compiling module xil_defaultlib.RegBit_961
Compiling module xil_defaultlib.D_FF_995
Compiling module xil_defaultlib.RegBit_962
Compiling module xil_defaultlib.D_FF_994
Compiling module xil_defaultlib.RegBit_963
Compiling module xil_defaultlib.D_FF_993
Compiling module xil_defaultlib.RegBit_964
Compiling module xil_defaultlib.D_FF_992
Compiling module xil_defaultlib.RegBit_965
Compiling module xil_defaultlib.D_FF_991
Compiling module xil_defaultlib.RegBit_966
Compiling module xil_defaultlib.D_FF_990
Compiling module xil_defaultlib.RegBit_967
Compiling module xil_defaultlib.D_FF_989
Compiling module xil_defaultlib.RegBit_968
Compiling module xil_defaultlib.D_FF_988
Compiling module xil_defaultlib.RegBit_969
Compiling module xil_defaultlib.D_FF_987
Compiling module xil_defaultlib.RegBit_970
Compiling module xil_defaultlib.D_FF_986
Compiling module xil_defaultlib.RegBit_971
Compiling module xil_defaultlib.D_FF_985
Compiling module xil_defaultlib.RegBit_972
Compiling module xil_defaultlib.D_FF_984
Compiling module xil_defaultlib.RegBit_973
Compiling module xil_defaultlib.D_FF_983
Compiling module xil_defaultlib.RegBit_974
Compiling module xil_defaultlib.D_FF_982
Compiling module xil_defaultlib.RegBit_975
Compiling module xil_defaultlib.D_FF_981
Compiling module xil_defaultlib.RegBit_976
Compiling module xil_defaultlib.D_FF_980
Compiling module xil_defaultlib.RegBit_977
Compiling module xil_defaultlib.D_FF_979
Compiling module xil_defaultlib.RegBit_978
Compiling module xil_defaultlib.register_37
Compiling module xil_defaultlib.D_FF_946
Compiling module xil_defaultlib.RegBit_883
Compiling module xil_defaultlib.D_FF_945
Compiling module xil_defaultlib.RegBit_884
Compiling module xil_defaultlib.D_FF_944
Compiling module xil_defaultlib.RegBit_885
Compiling module xil_defaultlib.D_FF_943
Compiling module xil_defaultlib.RegBit_886
Compiling module xil_defaultlib.D_FF_942
Compiling module xil_defaultlib.RegBit_887
Compiling module xil_defaultlib.D_FF_941
Compiling module xil_defaultlib.RegBit_888
Compiling module xil_defaultlib.D_FF_940
Compiling module xil_defaultlib.RegBit_889
Compiling module xil_defaultlib.D_FF_939
Compiling module xil_defaultlib.RegBit_890
Compiling module xil_defaultlib.D_FF_938
Compiling module xil_defaultlib.RegBit_891
Compiling module xil_defaultlib.D_FF_937
Compiling module xil_defaultlib.RegBit_892
Compiling module xil_defaultlib.D_FF_936
Compiling module xil_defaultlib.RegBit_893
Compiling module xil_defaultlib.D_FF_935
Compiling module xil_defaultlib.RegBit_894
Compiling module xil_defaultlib.D_FF_934
Compiling module xil_defaultlib.RegBit_895
Compiling module xil_defaultlib.D_FF_933
Compiling module xil_defaultlib.RegBit_896
Compiling module xil_defaultlib.D_FF_932
Compiling module xil_defaultlib.RegBit_897
Compiling module xil_defaultlib.D_FF_931
Compiling module xil_defaultlib.RegBit_898
Compiling module xil_defaultlib.D_FF_930
Compiling module xil_defaultlib.RegBit_899
Compiling module xil_defaultlib.D_FF_929
Compiling module xil_defaultlib.RegBit_900
Compiling module xil_defaultlib.D_FF_928
Compiling module xil_defaultlib.RegBit_901
Compiling module xil_defaultlib.D_FF_927
Compiling module xil_defaultlib.RegBit_902
Compiling module xil_defaultlib.D_FF_926
Compiling module xil_defaultlib.RegBit_903
Compiling module xil_defaultlib.D_FF_925
Compiling module xil_defaultlib.RegBit_904
Compiling module xil_defaultlib.D_FF_924
Compiling module xil_defaultlib.RegBit_905
Compiling module xil_defaultlib.D_FF_923
Compiling module xil_defaultlib.RegBit_906
Compiling module xil_defaultlib.D_FF_922
Compiling module xil_defaultlib.RegBit_907
Compiling module xil_defaultlib.D_FF_921
Compiling module xil_defaultlib.RegBit_908
Compiling module xil_defaultlib.D_FF_920
Compiling module xil_defaultlib.RegBit_909
Compiling module xil_defaultlib.D_FF_919
Compiling module xil_defaultlib.RegBit_910
Compiling module xil_defaultlib.D_FF_918
Compiling module xil_defaultlib.RegBit_911
Compiling module xil_defaultlib.D_FF_917
Compiling module xil_defaultlib.RegBit_912
Compiling module xil_defaultlib.D_FF_916
Compiling module xil_defaultlib.RegBit_913
Compiling module xil_defaultlib.D_FF_915
Compiling module xil_defaultlib.RegBit_914
Compiling module xil_defaultlib.register_38
Compiling module xil_defaultlib.D_FF_882
Compiling module xil_defaultlib.RegBit_819
Compiling module xil_defaultlib.D_FF_881
Compiling module xil_defaultlib.RegBit_820
Compiling module xil_defaultlib.D_FF_880
Compiling module xil_defaultlib.RegBit_821
Compiling module xil_defaultlib.D_FF_879
Compiling module xil_defaultlib.RegBit_822
Compiling module xil_defaultlib.D_FF_878
Compiling module xil_defaultlib.RegBit_823
Compiling module xil_defaultlib.D_FF_877
Compiling module xil_defaultlib.RegBit_824
Compiling module xil_defaultlib.D_FF_876
Compiling module xil_defaultlib.RegBit_825
Compiling module xil_defaultlib.D_FF_875
Compiling module xil_defaultlib.RegBit_826
Compiling module xil_defaultlib.D_FF_874
Compiling module xil_defaultlib.RegBit_827
Compiling module xil_defaultlib.D_FF_873
Compiling module xil_defaultlib.RegBit_828
Compiling module xil_defaultlib.D_FF_872
Compiling module xil_defaultlib.RegBit_829
Compiling module xil_defaultlib.D_FF_871
Compiling module xil_defaultlib.RegBit_830
Compiling module xil_defaultlib.D_FF_870
Compiling module xil_defaultlib.RegBit_831
Compiling module xil_defaultlib.D_FF_869
Compiling module xil_defaultlib.RegBit_832
Compiling module xil_defaultlib.D_FF_868
Compiling module xil_defaultlib.RegBit_833
Compiling module xil_defaultlib.D_FF_867
Compiling module xil_defaultlib.RegBit_834
Compiling module xil_defaultlib.D_FF_866
Compiling module xil_defaultlib.RegBit_835
Compiling module xil_defaultlib.D_FF_865
Compiling module xil_defaultlib.RegBit_836
Compiling module xil_defaultlib.D_FF_864
Compiling module xil_defaultlib.RegBit_837
Compiling module xil_defaultlib.D_FF_863
Compiling module xil_defaultlib.RegBit_838
Compiling module xil_defaultlib.D_FF_862
Compiling module xil_defaultlib.RegBit_839
Compiling module xil_defaultlib.D_FF_861
Compiling module xil_defaultlib.RegBit_840
Compiling module xil_defaultlib.D_FF_860
Compiling module xil_defaultlib.RegBit_841
Compiling module xil_defaultlib.D_FF_859
Compiling module xil_defaultlib.RegBit_842
Compiling module xil_defaultlib.D_FF_858
Compiling module xil_defaultlib.RegBit_843
Compiling module xil_defaultlib.D_FF_857
Compiling module xil_defaultlib.RegBit_844
Compiling module xil_defaultlib.D_FF_856
Compiling module xil_defaultlib.RegBit_845
Compiling module xil_defaultlib.D_FF_855
Compiling module xil_defaultlib.RegBit_846
Compiling module xil_defaultlib.D_FF_854
Compiling module xil_defaultlib.RegBit_847
Compiling module xil_defaultlib.D_FF_853
Compiling module xil_defaultlib.RegBit_848
Compiling module xil_defaultlib.D_FF_852
Compiling module xil_defaultlib.RegBit_849
Compiling module xil_defaultlib.D_FF_851
Compiling module xil_defaultlib.RegBit_850
Compiling module xil_defaultlib.register_39
Compiling module xil_defaultlib.D_FF_818
Compiling module xil_defaultlib.RegBit_755
Compiling module xil_defaultlib.D_FF_817
Compiling module xil_defaultlib.RegBit_756
Compiling module xil_defaultlib.D_FF_816
Compiling module xil_defaultlib.RegBit_757
Compiling module xil_defaultlib.D_FF_815
Compiling module xil_defaultlib.RegBit_758
Compiling module xil_defaultlib.D_FF_814
Compiling module xil_defaultlib.RegBit_759
Compiling module xil_defaultlib.D_FF_813
Compiling module xil_defaultlib.RegBit_760
Compiling module xil_defaultlib.D_FF_812
Compiling module xil_defaultlib.RegBit_761
Compiling module xil_defaultlib.D_FF_811
Compiling module xil_defaultlib.RegBit_762
Compiling module xil_defaultlib.D_FF_810
Compiling module xil_defaultlib.RegBit_763
Compiling module xil_defaultlib.D_FF_809
Compiling module xil_defaultlib.RegBit_764
Compiling module xil_defaultlib.D_FF_808
Compiling module xil_defaultlib.RegBit_765
Compiling module xil_defaultlib.D_FF_807
Compiling module xil_defaultlib.RegBit_766
Compiling module xil_defaultlib.D_FF_806
Compiling module xil_defaultlib.RegBit_767
Compiling module xil_defaultlib.D_FF_805
Compiling module xil_defaultlib.RegBit_768
Compiling module xil_defaultlib.D_FF_804
Compiling module xil_defaultlib.RegBit_769
Compiling module xil_defaultlib.D_FF_803
Compiling module xil_defaultlib.RegBit_770
Compiling module xil_defaultlib.D_FF_802
Compiling module xil_defaultlib.RegBit_771
Compiling module xil_defaultlib.D_FF_801
Compiling module xil_defaultlib.RegBit_772
Compiling module xil_defaultlib.D_FF_800
Compiling module xil_defaultlib.RegBit_773
Compiling module xil_defaultlib.D_FF_799
Compiling module xil_defaultlib.RegBit_774
Compiling module xil_defaultlib.D_FF_798
Compiling module xil_defaultlib.RegBit_775
Compiling module xil_defaultlib.D_FF_797
Compiling module xil_defaultlib.RegBit_776
Compiling module xil_defaultlib.D_FF_796
Compiling module xil_defaultlib.RegBit_777
Compiling module xil_defaultlib.D_FF_795
Compiling module xil_defaultlib.RegBit_778
Compiling module xil_defaultlib.D_FF_794
Compiling module xil_defaultlib.RegBit_779
Compiling module xil_defaultlib.D_FF_793
Compiling module xil_defaultlib.RegBit_780
Compiling module xil_defaultlib.D_FF_792
Compiling module xil_defaultlib.RegBit_781
Compiling module xil_defaultlib.D_FF_791
Compiling module xil_defaultlib.RegBit_782
Compiling module xil_defaultlib.D_FF_790
Compiling module xil_defaultlib.RegBit_783
Compiling module xil_defaultlib.D_FF_789
Compiling module xil_defaultlib.RegBit_784
Compiling module xil_defaultlib.D_FF_788
Compiling module xil_defaultlib.RegBit_785
Compiling module xil_defaultlib.D_FF_787
Compiling module xil_defaultlib.RegBit_786
Compiling module xil_defaultlib.register_40
Compiling module xil_defaultlib.D_FF_754
Compiling module xil_defaultlib.RegBit_691
Compiling module xil_defaultlib.D_FF_753
Compiling module xil_defaultlib.RegBit_692
Compiling module xil_defaultlib.D_FF_752
Compiling module xil_defaultlib.RegBit_693
Compiling module xil_defaultlib.D_FF_751
Compiling module xil_defaultlib.RegBit_694
Compiling module xil_defaultlib.D_FF_750
Compiling module xil_defaultlib.RegBit_695
Compiling module xil_defaultlib.D_FF_749
Compiling module xil_defaultlib.RegBit_696
Compiling module xil_defaultlib.D_FF_748
Compiling module xil_defaultlib.RegBit_697
Compiling module xil_defaultlib.D_FF_747
Compiling module xil_defaultlib.RegBit_698
Compiling module xil_defaultlib.D_FF_746
Compiling module xil_defaultlib.RegBit_699
Compiling module xil_defaultlib.D_FF_745
Compiling module xil_defaultlib.RegBit_700
Compiling module xil_defaultlib.D_FF_744
Compiling module xil_defaultlib.RegBit_701
Compiling module xil_defaultlib.D_FF_743
Compiling module xil_defaultlib.RegBit_702
Compiling module xil_defaultlib.D_FF_742
Compiling module xil_defaultlib.RegBit_703
Compiling module xil_defaultlib.D_FF_741
Compiling module xil_defaultlib.RegBit_704
Compiling module xil_defaultlib.D_FF_740
Compiling module xil_defaultlib.RegBit_705
Compiling module xil_defaultlib.D_FF_739
Compiling module xil_defaultlib.RegBit_706
Compiling module xil_defaultlib.D_FF_738
Compiling module xil_defaultlib.RegBit_707
Compiling module xil_defaultlib.D_FF_737
Compiling module xil_defaultlib.RegBit_708
Compiling module xil_defaultlib.D_FF_736
Compiling module xil_defaultlib.RegBit_709
Compiling module xil_defaultlib.D_FF_735
Compiling module xil_defaultlib.RegBit_710
Compiling module xil_defaultlib.D_FF_734
Compiling module xil_defaultlib.RegBit_711
Compiling module xil_defaultlib.D_FF_733
Compiling module xil_defaultlib.RegBit_712
Compiling module xil_defaultlib.D_FF_732
Compiling module xil_defaultlib.RegBit_713
Compiling module xil_defaultlib.D_FF_731
Compiling module xil_defaultlib.RegBit_714
Compiling module xil_defaultlib.D_FF_730
Compiling module xil_defaultlib.RegBit_715
Compiling module xil_defaultlib.D_FF_729
Compiling module xil_defaultlib.RegBit_716
Compiling module xil_defaultlib.D_FF_728
Compiling module xil_defaultlib.RegBit_717
Compiling module xil_defaultlib.D_FF_727
Compiling module xil_defaultlib.RegBit_718
Compiling module xil_defaultlib.D_FF_726
Compiling module xil_defaultlib.RegBit_719
Compiling module xil_defaultlib.D_FF_725
Compiling module xil_defaultlib.RegBit_720
Compiling module xil_defaultlib.D_FF_724
Compiling module xil_defaultlib.RegBit_721
Compiling module xil_defaultlib.D_FF_723
Compiling module xil_defaultlib.RegBit_722
Compiling module xil_defaultlib.register_41
Compiling module xil_defaultlib.D_FF_690
Compiling module xil_defaultlib.RegBit_627
Compiling module xil_defaultlib.D_FF_689
Compiling module xil_defaultlib.RegBit_628
Compiling module xil_defaultlib.D_FF_688
Compiling module xil_defaultlib.RegBit_629
Compiling module xil_defaultlib.D_FF_687
Compiling module xil_defaultlib.RegBit_630
Compiling module xil_defaultlib.D_FF_686
Compiling module xil_defaultlib.RegBit_631
Compiling module xil_defaultlib.D_FF_685
Compiling module xil_defaultlib.RegBit_632
Compiling module xil_defaultlib.D_FF_684
Compiling module xil_defaultlib.RegBit_633
Compiling module xil_defaultlib.D_FF_683
Compiling module xil_defaultlib.RegBit_634
Compiling module xil_defaultlib.D_FF_682
Compiling module xil_defaultlib.RegBit_635
Compiling module xil_defaultlib.D_FF_681
Compiling module xil_defaultlib.RegBit_636
Compiling module xil_defaultlib.D_FF_680
Compiling module xil_defaultlib.RegBit_637
Compiling module xil_defaultlib.D_FF_679
Compiling module xil_defaultlib.RegBit_638
Compiling module xil_defaultlib.D_FF_678
Compiling module xil_defaultlib.RegBit_639
Compiling module xil_defaultlib.D_FF_677
Compiling module xil_defaultlib.RegBit_640
Compiling module xil_defaultlib.D_FF_676
Compiling module xil_defaultlib.RegBit_641
Compiling module xil_defaultlib.D_FF_675
Compiling module xil_defaultlib.RegBit_642
Compiling module xil_defaultlib.D_FF_674
Compiling module xil_defaultlib.RegBit_643
Compiling module xil_defaultlib.D_FF_673
Compiling module xil_defaultlib.RegBit_644
Compiling module xil_defaultlib.D_FF_672
Compiling module xil_defaultlib.RegBit_645
Compiling module xil_defaultlib.D_FF_671
Compiling module xil_defaultlib.RegBit_646
Compiling module xil_defaultlib.D_FF_670
Compiling module xil_defaultlib.RegBit_647
Compiling module xil_defaultlib.D_FF_669
Compiling module xil_defaultlib.RegBit_648
Compiling module xil_defaultlib.D_FF_668
Compiling module xil_defaultlib.RegBit_649
Compiling module xil_defaultlib.D_FF_667
Compiling module xil_defaultlib.RegBit_650
Compiling module xil_defaultlib.D_FF_666
Compiling module xil_defaultlib.RegBit_651
Compiling module xil_defaultlib.D_FF_665
Compiling module xil_defaultlib.RegBit_652
Compiling module xil_defaultlib.D_FF_664
Compiling module xil_defaultlib.RegBit_653
Compiling module xil_defaultlib.D_FF_663
Compiling module xil_defaultlib.RegBit_654
Compiling module xil_defaultlib.D_FF_662
Compiling module xil_defaultlib.RegBit_655
Compiling module xil_defaultlib.D_FF_661
Compiling module xil_defaultlib.RegBit_656
Compiling module xil_defaultlib.D_FF_660
Compiling module xil_defaultlib.RegBit_657
Compiling module xil_defaultlib.D_FF_659
Compiling module xil_defaultlib.RegBit_658
Compiling module xil_defaultlib.register_42
Compiling module xil_defaultlib.D_FF_626
Compiling module xil_defaultlib.RegBit_563
Compiling module xil_defaultlib.D_FF_625
Compiling module xil_defaultlib.RegBit_564
Compiling module xil_defaultlib.D_FF_624
Compiling module xil_defaultlib.RegBit_565
Compiling module xil_defaultlib.D_FF_623
Compiling module xil_defaultlib.RegBit_566
Compiling module xil_defaultlib.D_FF_622
Compiling module xil_defaultlib.RegBit_567
Compiling module xil_defaultlib.D_FF_621
Compiling module xil_defaultlib.RegBit_568
Compiling module xil_defaultlib.D_FF_620
Compiling module xil_defaultlib.RegBit_569
Compiling module xil_defaultlib.D_FF_619
Compiling module xil_defaultlib.RegBit_570
Compiling module xil_defaultlib.D_FF_618
Compiling module xil_defaultlib.RegBit_571
Compiling module xil_defaultlib.D_FF_617
Compiling module xil_defaultlib.RegBit_572
Compiling module xil_defaultlib.D_FF_616
Compiling module xil_defaultlib.RegBit_573
Compiling module xil_defaultlib.D_FF_615
Compiling module xil_defaultlib.RegBit_574
Compiling module xil_defaultlib.D_FF_614
Compiling module xil_defaultlib.RegBit_575
Compiling module xil_defaultlib.D_FF_613
Compiling module xil_defaultlib.RegBit_576
Compiling module xil_defaultlib.D_FF_612
Compiling module xil_defaultlib.RegBit_577
Compiling module xil_defaultlib.D_FF_611
Compiling module xil_defaultlib.RegBit_578
Compiling module xil_defaultlib.D_FF_610
Compiling module xil_defaultlib.RegBit_579
Compiling module xil_defaultlib.D_FF_609
Compiling module xil_defaultlib.RegBit_580
Compiling module xil_defaultlib.D_FF_608
Compiling module xil_defaultlib.RegBit_581
Compiling module xil_defaultlib.D_FF_607
Compiling module xil_defaultlib.RegBit_582
Compiling module xil_defaultlib.D_FF_606
Compiling module xil_defaultlib.RegBit_583
Compiling module xil_defaultlib.D_FF_605
Compiling module xil_defaultlib.RegBit_584
Compiling module xil_defaultlib.D_FF_604
Compiling module xil_defaultlib.RegBit_585
Compiling module xil_defaultlib.D_FF_603
Compiling module xil_defaultlib.RegBit_586
Compiling module xil_defaultlib.D_FF_602
Compiling module xil_defaultlib.RegBit_587
Compiling module xil_defaultlib.D_FF_601
Compiling module xil_defaultlib.RegBit_588
Compiling module xil_defaultlib.D_FF_600
Compiling module xil_defaultlib.RegBit_589
Compiling module xil_defaultlib.D_FF_599
Compiling module xil_defaultlib.RegBit_590
Compiling module xil_defaultlib.D_FF_598
Compiling module xil_defaultlib.RegBit_591
Compiling module xil_defaultlib.D_FF_597
Compiling module xil_defaultlib.RegBit_592
Compiling module xil_defaultlib.D_FF_596
Compiling module xil_defaultlib.RegBit_593
Compiling module xil_defaultlib.D_FF_595
Compiling module xil_defaultlib.RegBit_594
Compiling module xil_defaultlib.register_43
Compiling module xil_defaultlib.D_FF_562
Compiling module xil_defaultlib.RegBit_499
Compiling module xil_defaultlib.D_FF_561
Compiling module xil_defaultlib.RegBit_500
Compiling module xil_defaultlib.D_FF_560
Compiling module xil_defaultlib.RegBit_501
Compiling module xil_defaultlib.D_FF_559
Compiling module xil_defaultlib.RegBit_502
Compiling module xil_defaultlib.D_FF_558
Compiling module xil_defaultlib.RegBit_503
Compiling module xil_defaultlib.D_FF_557
Compiling module xil_defaultlib.RegBit_504
Compiling module xil_defaultlib.D_FF_556
Compiling module xil_defaultlib.RegBit_505
Compiling module xil_defaultlib.D_FF_555
Compiling module xil_defaultlib.RegBit_506
Compiling module xil_defaultlib.D_FF_554
Compiling module xil_defaultlib.RegBit_507
Compiling module xil_defaultlib.D_FF_553
Compiling module xil_defaultlib.RegBit_508
Compiling module xil_defaultlib.D_FF_552
Compiling module xil_defaultlib.RegBit_509
Compiling module xil_defaultlib.D_FF_551
Compiling module xil_defaultlib.RegBit_510
Compiling module xil_defaultlib.D_FF_550
Compiling module xil_defaultlib.RegBit_511
Compiling module xil_defaultlib.D_FF_549
Compiling module xil_defaultlib.RegBit_512
Compiling module xil_defaultlib.D_FF_548
Compiling module xil_defaultlib.RegBit_513
Compiling module xil_defaultlib.D_FF_547
Compiling module xil_defaultlib.RegBit_514
Compiling module xil_defaultlib.D_FF_546
Compiling module xil_defaultlib.RegBit_515
Compiling module xil_defaultlib.D_FF_545
Compiling module xil_defaultlib.RegBit_516
Compiling module xil_defaultlib.D_FF_544
Compiling module xil_defaultlib.RegBit_517
Compiling module xil_defaultlib.D_FF_543
Compiling module xil_defaultlib.RegBit_518
Compiling module xil_defaultlib.D_FF_542
Compiling module xil_defaultlib.RegBit_519
Compiling module xil_defaultlib.D_FF_541
Compiling module xil_defaultlib.RegBit_520
Compiling module xil_defaultlib.D_FF_540
Compiling module xil_defaultlib.RegBit_521
Compiling module xil_defaultlib.D_FF_539
Compiling module xil_defaultlib.RegBit_522
Compiling module xil_defaultlib.D_FF_538
Compiling module xil_defaultlib.RegBit_523
Compiling module xil_defaultlib.D_FF_537
Compiling module xil_defaultlib.RegBit_524
Compiling module xil_defaultlib.D_FF_536
Compiling module xil_defaultlib.RegBit_525
Compiling module xil_defaultlib.D_FF_535
Compiling module xil_defaultlib.RegBit_526
Compiling module xil_defaultlib.D_FF_534
Compiling module xil_defaultlib.RegBit_527
Compiling module xil_defaultlib.D_FF_533
Compiling module xil_defaultlib.RegBit_528
Compiling module xil_defaultlib.D_FF_532
Compiling module xil_defaultlib.RegBit_529
Compiling module xil_defaultlib.D_FF_531
Compiling module xil_defaultlib.RegBit_530
Compiling module xil_defaultlib.register_44
Compiling module xil_defaultlib.D_FF_498
Compiling module xil_defaultlib.RegBit_435
Compiling module xil_defaultlib.D_FF_497
Compiling module xil_defaultlib.RegBit_436
Compiling module xil_defaultlib.D_FF_496
Compiling module xil_defaultlib.RegBit_437
Compiling module xil_defaultlib.D_FF_495
Compiling module xil_defaultlib.RegBit_438
Compiling module xil_defaultlib.D_FF_494
Compiling module xil_defaultlib.RegBit_439
Compiling module xil_defaultlib.D_FF_493
Compiling module xil_defaultlib.RegBit_440
Compiling module xil_defaultlib.D_FF_492
Compiling module xil_defaultlib.RegBit_441
Compiling module xil_defaultlib.D_FF_491
Compiling module xil_defaultlib.RegBit_442
Compiling module xil_defaultlib.D_FF_490
Compiling module xil_defaultlib.RegBit_443
Compiling module xil_defaultlib.D_FF_489
Compiling module xil_defaultlib.RegBit_444
Compiling module xil_defaultlib.D_FF_488
Compiling module xil_defaultlib.RegBit_445
Compiling module xil_defaultlib.D_FF_487
Compiling module xil_defaultlib.RegBit_446
Compiling module xil_defaultlib.D_FF_486
Compiling module xil_defaultlib.RegBit_447
Compiling module xil_defaultlib.D_FF_485
Compiling module xil_defaultlib.RegBit_448
Compiling module xil_defaultlib.D_FF_484
Compiling module xil_defaultlib.RegBit_449
Compiling module xil_defaultlib.D_FF_483
Compiling module xil_defaultlib.RegBit_450
Compiling module xil_defaultlib.D_FF_482
Compiling module xil_defaultlib.RegBit_451
Compiling module xil_defaultlib.D_FF_481
Compiling module xil_defaultlib.RegBit_452
Compiling module xil_defaultlib.D_FF_480
Compiling module xil_defaultlib.RegBit_453
Compiling module xil_defaultlib.D_FF_479
Compiling module xil_defaultlib.RegBit_454
Compiling module xil_defaultlib.D_FF_478
Compiling module xil_defaultlib.RegBit_455
Compiling module xil_defaultlib.D_FF_477
Compiling module xil_defaultlib.RegBit_456
Compiling module xil_defaultlib.D_FF_476
Compiling module xil_defaultlib.RegBit_457
Compiling module xil_defaultlib.D_FF_475
Compiling module xil_defaultlib.RegBit_458
Compiling module xil_defaultlib.D_FF_474
Compiling module xil_defaultlib.RegBit_459
Compiling module xil_defaultlib.D_FF_473
Compiling module xil_defaultlib.RegBit_460
Compiling module xil_defaultlib.D_FF_472
Compiling module xil_defaultlib.RegBit_461
Compiling module xil_defaultlib.D_FF_471
Compiling module xil_defaultlib.RegBit_462
Compiling module xil_defaultlib.D_FF_470
Compiling module xil_defaultlib.RegBit_463
Compiling module xil_defaultlib.D_FF_469
Compiling module xil_defaultlib.RegBit_464
Compiling module xil_defaultlib.D_FF_468
Compiling module xil_defaultlib.RegBit_465
Compiling module xil_defaultlib.D_FF_467
Compiling module xil_defaultlib.RegBit_466
Compiling module xil_defaultlib.register_45
Compiling module xil_defaultlib.D_FF_434
Compiling module xil_defaultlib.RegBit_371
Compiling module xil_defaultlib.D_FF_433
Compiling module xil_defaultlib.RegBit_372
Compiling module xil_defaultlib.D_FF_432
Compiling module xil_defaultlib.RegBit_373
Compiling module xil_defaultlib.D_FF_431
Compiling module xil_defaultlib.RegBit_374
Compiling module xil_defaultlib.D_FF_430
Compiling module xil_defaultlib.RegBit_375
Compiling module xil_defaultlib.D_FF_429
Compiling module xil_defaultlib.RegBit_376
Compiling module xil_defaultlib.D_FF_428
Compiling module xil_defaultlib.RegBit_377
Compiling module xil_defaultlib.D_FF_427
Compiling module xil_defaultlib.RegBit_378
Compiling module xil_defaultlib.D_FF_426
Compiling module xil_defaultlib.RegBit_379
Compiling module xil_defaultlib.D_FF_425
Compiling module xil_defaultlib.RegBit_380
Compiling module xil_defaultlib.D_FF_424
Compiling module xil_defaultlib.RegBit_381
Compiling module xil_defaultlib.D_FF_423
Compiling module xil_defaultlib.RegBit_382
Compiling module xil_defaultlib.D_FF_422
Compiling module xil_defaultlib.RegBit_383
Compiling module xil_defaultlib.D_FF_421
Compiling module xil_defaultlib.RegBit_384
Compiling module xil_defaultlib.D_FF_420
Compiling module xil_defaultlib.RegBit_385
Compiling module xil_defaultlib.D_FF_419
Compiling module xil_defaultlib.RegBit_386
Compiling module xil_defaultlib.D_FF_418
Compiling module xil_defaultlib.RegBit_387
Compiling module xil_defaultlib.D_FF_417
Compiling module xil_defaultlib.RegBit_388
Compiling module xil_defaultlib.D_FF_416
Compiling module xil_defaultlib.RegBit_389
Compiling module xil_defaultlib.D_FF_415
Compiling module xil_defaultlib.RegBit_390
Compiling module xil_defaultlib.D_FF_414
Compiling module xil_defaultlib.RegBit_391
Compiling module xil_defaultlib.D_FF_413
Compiling module xil_defaultlib.RegBit_392
Compiling module xil_defaultlib.D_FF_412
Compiling module xil_defaultlib.RegBit_393
Compiling module xil_defaultlib.D_FF_411
Compiling module xil_defaultlib.RegBit_394
Compiling module xil_defaultlib.D_FF_410
Compiling module xil_defaultlib.RegBit_395
Compiling module xil_defaultlib.D_FF_409
Compiling module xil_defaultlib.RegBit_396
Compiling module xil_defaultlib.D_FF_408
Compiling module xil_defaultlib.RegBit_397
Compiling module xil_defaultlib.D_FF_407
Compiling module xil_defaultlib.RegBit_398
Compiling module xil_defaultlib.D_FF_406
Compiling module xil_defaultlib.RegBit_399
Compiling module xil_defaultlib.D_FF_405
Compiling module xil_defaultlib.RegBit_400
Compiling module xil_defaultlib.D_FF_404
Compiling module xil_defaultlib.RegBit_401
Compiling module xil_defaultlib.D_FF_403
Compiling module xil_defaultlib.RegBit_402
Compiling module xil_defaultlib.register_46
Compiling module xil_defaultlib.D_FF_370
Compiling module xil_defaultlib.RegBit_307
Compiling module xil_defaultlib.D_FF_369
Compiling module xil_defaultlib.RegBit_308
Compiling module xil_defaultlib.D_FF_368
Compiling module xil_defaultlib.RegBit_309
Compiling module xil_defaultlib.D_FF_367
Compiling module xil_defaultlib.RegBit_310
Compiling module xil_defaultlib.D_FF_366
Compiling module xil_defaultlib.RegBit_311
Compiling module xil_defaultlib.D_FF_365
Compiling module xil_defaultlib.RegBit_312
Compiling module xil_defaultlib.D_FF_364
Compiling module xil_defaultlib.RegBit_313
Compiling module xil_defaultlib.D_FF_363
Compiling module xil_defaultlib.RegBit_314
Compiling module xil_defaultlib.D_FF_362
Compiling module xil_defaultlib.RegBit_315
Compiling module xil_defaultlib.D_FF_361
Compiling module xil_defaultlib.RegBit_316
Compiling module xil_defaultlib.D_FF_360
Compiling module xil_defaultlib.RegBit_317
Compiling module xil_defaultlib.D_FF_359
Compiling module xil_defaultlib.RegBit_318
Compiling module xil_defaultlib.D_FF_358
Compiling module xil_defaultlib.RegBit_319
Compiling module xil_defaultlib.D_FF_357
Compiling module xil_defaultlib.RegBit_320
Compiling module xil_defaultlib.D_FF_356
Compiling module xil_defaultlib.RegBit_321
Compiling module xil_defaultlib.D_FF_355
Compiling module xil_defaultlib.RegBit_322
Compiling module xil_defaultlib.D_FF_354
Compiling module xil_defaultlib.RegBit_323
Compiling module xil_defaultlib.D_FF_353
Compiling module xil_defaultlib.RegBit_324
Compiling module xil_defaultlib.D_FF_352
Compiling module xil_defaultlib.RegBit_325
Compiling module xil_defaultlib.D_FF_351
Compiling module xil_defaultlib.RegBit_326
Compiling module xil_defaultlib.D_FF_350
Compiling module xil_defaultlib.RegBit_327
Compiling module xil_defaultlib.D_FF_349
Compiling module xil_defaultlib.RegBit_328
Compiling module xil_defaultlib.D_FF_348
Compiling module xil_defaultlib.RegBit_329
Compiling module xil_defaultlib.D_FF_347
Compiling module xil_defaultlib.RegBit_330
Compiling module xil_defaultlib.D_FF_346
Compiling module xil_defaultlib.RegBit_331
Compiling module xil_defaultlib.D_FF_345
Compiling module xil_defaultlib.RegBit_332
Compiling module xil_defaultlib.D_FF_344
Compiling module xil_defaultlib.RegBit_333
Compiling module xil_defaultlib.D_FF_343
Compiling module xil_defaultlib.RegBit_334
Compiling module xil_defaultlib.D_FF_342
Compiling module xil_defaultlib.RegBit_335
Compiling module xil_defaultlib.D_FF_341
Compiling module xil_defaultlib.RegBit_336
Compiling module xil_defaultlib.D_FF_340
Compiling module xil_defaultlib.RegBit_337
Compiling module xil_defaultlib.D_FF_339
Compiling module xil_defaultlib.RegBit_338
Compiling module xil_defaultlib.register_47
Compiling module xil_defaultlib.D_FF_306
Compiling module xil_defaultlib.RegBit_243
Compiling module xil_defaultlib.D_FF_305
Compiling module xil_defaultlib.RegBit_244
Compiling module xil_defaultlib.D_FF_304
Compiling module xil_defaultlib.RegBit_245
Compiling module xil_defaultlib.D_FF_303
Compiling module xil_defaultlib.RegBit_246
Compiling module xil_defaultlib.D_FF_302
Compiling module xil_defaultlib.RegBit_247
Compiling module xil_defaultlib.D_FF_301
Compiling module xil_defaultlib.RegBit_248
Compiling module xil_defaultlib.D_FF_300
Compiling module xil_defaultlib.RegBit_249
Compiling module xil_defaultlib.D_FF_299
Compiling module xil_defaultlib.RegBit_250
Compiling module xil_defaultlib.D_FF_298
Compiling module xil_defaultlib.RegBit_251
Compiling module xil_defaultlib.D_FF_297
Compiling module xil_defaultlib.RegBit_252
Compiling module xil_defaultlib.D_FF_296
Compiling module xil_defaultlib.RegBit_253
Compiling module xil_defaultlib.D_FF_295
Compiling module xil_defaultlib.RegBit_254
Compiling module xil_defaultlib.D_FF_294
Compiling module xil_defaultlib.RegBit_255
Compiling module xil_defaultlib.D_FF_293
Compiling module xil_defaultlib.RegBit_256
Compiling module xil_defaultlib.D_FF_292
Compiling module xil_defaultlib.RegBit_257
Compiling module xil_defaultlib.D_FF_291
Compiling module xil_defaultlib.RegBit_258
Compiling module xil_defaultlib.D_FF_290
Compiling module xil_defaultlib.RegBit_259
Compiling module xil_defaultlib.D_FF_289
Compiling module xil_defaultlib.RegBit_260
Compiling module xil_defaultlib.D_FF_288
Compiling module xil_defaultlib.RegBit_261
Compiling module xil_defaultlib.D_FF_287
Compiling module xil_defaultlib.RegBit_262
Compiling module xil_defaultlib.D_FF_286
Compiling module xil_defaultlib.RegBit_263
Compiling module xil_defaultlib.D_FF_285
Compiling module xil_defaultlib.RegBit_264
Compiling module xil_defaultlib.D_FF_284
Compiling module xil_defaultlib.RegBit_265
Compiling module xil_defaultlib.D_FF_283
Compiling module xil_defaultlib.RegBit_266
Compiling module xil_defaultlib.D_FF_282
Compiling module xil_defaultlib.RegBit_267
Compiling module xil_defaultlib.D_FF_281
Compiling module xil_defaultlib.RegBit_268
Compiling module xil_defaultlib.D_FF_280
Compiling module xil_defaultlib.RegBit_269
Compiling module xil_defaultlib.D_FF_279
Compiling module xil_defaultlib.RegBit_270
Compiling module xil_defaultlib.D_FF_278
Compiling module xil_defaultlib.RegBit_271
Compiling module xil_defaultlib.D_FF_277
Compiling module xil_defaultlib.RegBit_272
Compiling module xil_defaultlib.D_FF_276
Compiling module xil_defaultlib.RegBit_273
Compiling module xil_defaultlib.D_FF_275
Compiling module xil_defaultlib.RegBit_274
Compiling module xil_defaultlib.register_48
Compiling module xil_defaultlib.D_FF_242
Compiling module xil_defaultlib.RegBit_179
Compiling module xil_defaultlib.D_FF_241
Compiling module xil_defaultlib.RegBit_180
Compiling module xil_defaultlib.D_FF_240
Compiling module xil_defaultlib.RegBit_181
Compiling module xil_defaultlib.D_FF_239
Compiling module xil_defaultlib.RegBit_182
Compiling module xil_defaultlib.D_FF_238
Compiling module xil_defaultlib.RegBit_183
Compiling module xil_defaultlib.D_FF_237
Compiling module xil_defaultlib.RegBit_184
Compiling module xil_defaultlib.D_FF_236
Compiling module xil_defaultlib.RegBit_185
Compiling module xil_defaultlib.D_FF_235
Compiling module xil_defaultlib.RegBit_186
Compiling module xil_defaultlib.D_FF_234
Compiling module xil_defaultlib.RegBit_187
Compiling module xil_defaultlib.D_FF_233
Compiling module xil_defaultlib.RegBit_188
Compiling module xil_defaultlib.D_FF_232
Compiling module xil_defaultlib.RegBit_189
Compiling module xil_defaultlib.D_FF_231
Compiling module xil_defaultlib.RegBit_190
Compiling module xil_defaultlib.D_FF_230
Compiling module xil_defaultlib.RegBit_191
Compiling module xil_defaultlib.D_FF_229
Compiling module xil_defaultlib.RegBit_192
Compiling module xil_defaultlib.D_FF_228
Compiling module xil_defaultlib.RegBit_193
Compiling module xil_defaultlib.D_FF_227
Compiling module xil_defaultlib.RegBit_194
Compiling module xil_defaultlib.D_FF_226
Compiling module xil_defaultlib.RegBit_195
Compiling module xil_defaultlib.D_FF_225
Compiling module xil_defaultlib.RegBit_196
Compiling module xil_defaultlib.D_FF_224
Compiling module xil_defaultlib.RegBit_197
Compiling module xil_defaultlib.D_FF_223
Compiling module xil_defaultlib.RegBit_198
Compiling module xil_defaultlib.D_FF_222
Compiling module xil_defaultlib.RegBit_199
Compiling module xil_defaultlib.D_FF_221
Compiling module xil_defaultlib.RegBit_200
Compiling module xil_defaultlib.D_FF_220
Compiling module xil_defaultlib.RegBit_201
Compiling module xil_defaultlib.D_FF_219
Compiling module xil_defaultlib.RegBit_202
Compiling module xil_defaultlib.D_FF_218
Compiling module xil_defaultlib.RegBit_203
Compiling module xil_defaultlib.D_FF_217
Compiling module xil_defaultlib.RegBit_204
Compiling module xil_defaultlib.D_FF_216
Compiling module xil_defaultlib.RegBit_205
Compiling module xil_defaultlib.D_FF_215
Compiling module xil_defaultlib.RegBit_206
Compiling module xil_defaultlib.D_FF_214
Compiling module xil_defaultlib.RegBit_207
Compiling module xil_defaultlib.D_FF_213
Compiling module xil_defaultlib.RegBit_208
Compiling module xil_defaultlib.D_FF_212
Compiling module xil_defaultlib.RegBit_209
Compiling module xil_defaultlib.D_FF_211
Compiling module xil_defaultlib.RegBit_210
Compiling module xil_defaultlib.register_49
Compiling module xil_defaultlib.D_FF_178
Compiling module xil_defaultlib.RegBit_115
Compiling module xil_defaultlib.D_FF_177
Compiling module xil_defaultlib.RegBit_116
Compiling module xil_defaultlib.D_FF_176
Compiling module xil_defaultlib.RegBit_117
Compiling module xil_defaultlib.D_FF_175
Compiling module xil_defaultlib.RegBit_118
Compiling module xil_defaultlib.D_FF_174
Compiling module xil_defaultlib.RegBit_119
Compiling module xil_defaultlib.D_FF_173
Compiling module xil_defaultlib.RegBit_120
Compiling module xil_defaultlib.D_FF_172
Compiling module xil_defaultlib.RegBit_121
Compiling module xil_defaultlib.D_FF_171
Compiling module xil_defaultlib.RegBit_122
Compiling module xil_defaultlib.D_FF_170
Compiling module xil_defaultlib.RegBit_123
Compiling module xil_defaultlib.D_FF_169
Compiling module xil_defaultlib.RegBit_124
Compiling module xil_defaultlib.D_FF_168
Compiling module xil_defaultlib.RegBit_125
Compiling module xil_defaultlib.D_FF_167
Compiling module xil_defaultlib.RegBit_126
Compiling module xil_defaultlib.D_FF_166
Compiling module xil_defaultlib.RegBit_127
Compiling module xil_defaultlib.D_FF_165
Compiling module xil_defaultlib.RegBit_128
Compiling module xil_defaultlib.D_FF_164
Compiling module xil_defaultlib.RegBit_129
Compiling module xil_defaultlib.D_FF_163
Compiling module xil_defaultlib.RegBit_130
Compiling module xil_defaultlib.D_FF_162
Compiling module xil_defaultlib.RegBit_131
Compiling module xil_defaultlib.D_FF_161
Compiling module xil_defaultlib.RegBit_132
Compiling module xil_defaultlib.D_FF_160
Compiling module xil_defaultlib.RegBit_133
Compiling module xil_defaultlib.D_FF_159
Compiling module xil_defaultlib.RegBit_134
Compiling module xil_defaultlib.D_FF_158
Compiling module xil_defaultlib.RegBit_135
Compiling module xil_defaultlib.D_FF_157
Compiling module xil_defaultlib.RegBit_136
Compiling module xil_defaultlib.D_FF_156
Compiling module xil_defaultlib.RegBit_137
Compiling module xil_defaultlib.D_FF_155
Compiling module xil_defaultlib.RegBit_138
Compiling module xil_defaultlib.D_FF_154
Compiling module xil_defaultlib.RegBit_139
Compiling module xil_defaultlib.D_FF_153
Compiling module xil_defaultlib.RegBit_140
Compiling module xil_defaultlib.D_FF_152
Compiling module xil_defaultlib.RegBit_141
Compiling module xil_defaultlib.D_FF_151
Compiling module xil_defaultlib.RegBit_142
Compiling module xil_defaultlib.D_FF_150
Compiling module xil_defaultlib.RegBit_143
Compiling module xil_defaultlib.D_FF_149
Compiling module xil_defaultlib.RegBit_144
Compiling module xil_defaultlib.D_FF_148
Compiling module xil_defaultlib.RegBit_145
Compiling module xil_defaultlib.D_FF_147
Compiling module xil_defaultlib.RegBit_146
Compiling module xil_defaultlib.register_50
Compiling module xil_defaultlib.D_FF_114
Compiling module xil_defaultlib.RegBit_52
Compiling module xil_defaultlib.D_FF_113
Compiling module xil_defaultlib.RegBit_53
Compiling module xil_defaultlib.D_FF_112
Compiling module xil_defaultlib.RegBit_54
Compiling module xil_defaultlib.D_FF_111
Compiling module xil_defaultlib.RegBit_55
Compiling module xil_defaultlib.D_FF_110
Compiling module xil_defaultlib.RegBit_56
Compiling module xil_defaultlib.D_FF_109
Compiling module xil_defaultlib.RegBit_57
Compiling module xil_defaultlib.D_FF_108
Compiling module xil_defaultlib.RegBit_58
Compiling module xil_defaultlib.D_FF_107
Compiling module xil_defaultlib.RegBit_59
Compiling module xil_defaultlib.D_FF_106
Compiling module xil_defaultlib.RegBit_60
Compiling module xil_defaultlib.D_FF_105
Compiling module xil_defaultlib.RegBit_61
Compiling module xil_defaultlib.D_FF_104
Compiling module xil_defaultlib.RegBit_62
Compiling module xil_defaultlib.D_FF_103
Compiling module xil_defaultlib.RegBit_63
Compiling module xil_defaultlib.D_FF_102
Compiling module xil_defaultlib.RegBit_64
Compiling module xil_defaultlib.D_FF_101
Compiling module xil_defaultlib.RegBit_65
Compiling module xil_defaultlib.D_FF_100
Compiling module xil_defaultlib.RegBit_66
Compiling module xil_defaultlib.D_FF_99
Compiling module xil_defaultlib.RegBit_67
Compiling module xil_defaultlib.D_FF_98
Compiling module xil_defaultlib.RegBit_68
Compiling module xil_defaultlib.D_FF_97
Compiling module xil_defaultlib.RegBit_69
Compiling module xil_defaultlib.D_FF_96
Compiling module xil_defaultlib.RegBit_70
Compiling module xil_defaultlib.D_FF_95
Compiling module xil_defaultlib.RegBit_71
Compiling module xil_defaultlib.D_FF_94
Compiling module xil_defaultlib.RegBit_72
Compiling module xil_defaultlib.D_FF_93
Compiling module xil_defaultlib.RegBit_73
Compiling module xil_defaultlib.D_FF_92
Compiling module xil_defaultlib.RegBit_74
Compiling module xil_defaultlib.D_FF_91
Compiling module xil_defaultlib.RegBit_75
Compiling module xil_defaultlib.D_FF_90
Compiling module xil_defaultlib.RegBit_76
Compiling module xil_defaultlib.D_FF_89
Compiling module xil_defaultlib.RegBit_77
Compiling module xil_defaultlib.D_FF_88
Compiling module xil_defaultlib.RegBit_78
Compiling module xil_defaultlib.D_FF_87
Compiling module xil_defaultlib.RegBit_79
Compiling module xil_defaultlib.D_FF_86
Compiling module xil_defaultlib.RegBit_80
Compiling module xil_defaultlib.D_FF_85
Compiling module xil_defaultlib.RegBit_81
Compiling module xil_defaultlib.D_FF_84
Compiling module xil_defaultlib.RegBit_82
Compiling module xil_defaultlib.D_FF
Compiling module xil_defaultlib.RegBit_83
Compiling module xil_defaultlib.register_51
Compiling module xil_defaultlib.RegFile
Compiling module simprims_ver.BUFG
Compiling module simprims_ver.IBUF
Compiling module simprims_ver.FDRE_default
Compiling module simprims_ver.MUXF7
Compiling module simprims_ver.MUXF8
Compiling module xil_defaultlib.dataMem
Compiling module xil_defaultlib.MIPSpipeline
Compiling module xil_defaultlib.glbl
Built simulation snapshot MIPSpipeline_time_impl

****** Webtalk v2020.2 (64-bit)
  **** SW Build 3064766 on Wed Nov 18 09:12:45 MST 2020
  **** IP Build 3064653 on Wed Nov 18 14:17:31 MST 2020
    ** Copyright 1986-2020 Xilinx, Inc. All Rights Reserved.

source E:/Projects/VLSI/32BitMIPSArch/MIPS325/MIPS325.sim/sim_1/impl/timing/xsim/xsim.dir/MIPSpipeline_time_impl/webtalk/xsim_webtalk.tcl -notrace
webtalk_transmit: Time (s): cpu = 00:00:00 ; elapsed = 00:00:49 . Memory (MB): peak = 98.820 ; gain = 0.000
INFO: [Common 17-206] Exiting Webtalk at Tue Jan 18 21:39:58 2022...
run_program: Time (s): cpu = 00:09:12 ; elapsed = 01:40:01 . Memory (MB): peak = 2785.293 ; gain = 0.000
INFO: [USF-XSim-69] 'elaborate' step finished in '6002' seconds
INFO: [USF-XSim-4] XSim::Simulate design
INFO: [USF-XSim-61] Executing 'SIMULATE' step in 'E:/Projects/VLSI/32BitMIPSArch/MIPS325/MIPS325.sim/sim_1/impl/timing/xsim'
INFO: [USF-XSim-98] *** Running xsim
   with args "MIPSpipeline_time_impl -key {Post-Implementation:sim_1:Timing:MIPSpipeline} -tclbatch {MIPSpipeline.tcl} -log {simulate.log}"
INFO: [USF-XSim-8] Loading simulator feature
Vivado Simulator 2020.2
Time resolution is 1 ps
source MIPSpipeline.tcl
# set curr_wave [current_wave_config]
# if { [string length $curr_wave] == 0 } {
#   if { [llength [get_objects]] > 0} {
#     add_wave /
#     set_property needs_save false [current_wave_config]
#   } else {
#      send_msg_id Add_Wave-1 WARNING "No top level signals found. Simulator will start without a wave window. If you want to open a wave window go to 'File->New Waveform Configuration' or type 'create_wave_config' in the TCL console."
#   }
# }
add_wave: Time (s): cpu = 00:00:46 ; elapsed = 00:00:47 . Memory (MB): peak = 2785.293 ; gain = 0.000
# run 1000ns
xsim: Time (s): cpu = 00:00:54 ; elapsed = 00:01:30 . Memory (MB): peak = 2889.164 ; gain = 103.871
INFO: [USF-XSim-96] XSim completed. Design snapshot 'MIPSpipeline_time_impl' loaded.
INFO: [USF-XSim-97] XSim simulation ran for 1000ns
launch_simulation: Time (s): cpu = 00:11:45 ; elapsed = 01:43:22 . Memory (MB): peak = 2889.164 ; gain = 103.871
restart
INFO: [Simtcl 6-17] Simulation restarted
restart: Time (s): cpu = 00:00:06 ; elapsed = 00:00:08 . Memory (MB): peak = 2933.020 ; gain = 0.000
run 100 ns
restart
INFO: [Simtcl 6-17] Simulation restarted
restart: Time (s): cpu = 00:00:08 ; elapsed = 00:00:09 . Memory (MB): peak = 2933.020 ; gain = 0.000
run 100 ns
restart
INFO: [Simtcl 6-17] Simulation restarted
restart: Time (s): cpu = 00:00:07 ; elapsed = 00:00:09 . Memory (MB): peak = 2933.020 ; gain = 0.000
add_force {/MIPSpipeline/clk} -radix hex {1 0.2ns} {0 8700ps} -repeat_every 17000ps
run 100 ns
add_force {/MIPSpipeline/clk} -radix hex {0 0ns} {1 7500ps} -repeat_every 15000ps
restart
INFO: [Simtcl 6-17] Simulation restarted
restart: Time (s): cpu = 00:00:06 ; elapsed = 00:00:08 . Memory (MB): peak = 2933.020 ; gain = 0.000
run 100 ns
restart
INFO: [Simtcl 6-17] Simulation restarted
restart: Time (s): cpu = 00:00:06 ; elapsed = 00:00:08 . Memory (MB): peak = 2933.020 ; gain = 0.000
add_force {/MIPSpipeline/clk} -radix bin {0 0ns} {1 7500ps} -repeat_every 15000ps
run 100 ns
run 100 ns
run 100 ns
run 100 ns
run 100 ns
run 100 ns
restart
INFO: [Simtcl 6-17] Simulation restarted
restart: Time (s): cpu = 00:00:08 ; elapsed = 00:00:09 . Memory (MB): peak = 2933.020 ; gain = 0.000
add_force {/MIPSpipeline/clk} -radix bin {0 0ns} {1 7500ps} -repeat_every 15000ps
run 10 ns
restart
INFO: [Simtcl 6-17] Simulation restarted
restart: Time (s): cpu = 00:00:07 ; elapsed = 00:00:09 . Memory (MB): peak = 2933.020 ; gain = 0.000
add_force {/MIPSpipeline/clk} -radix bin {0 0ns} {1 7500ps} -repeat_every 15000ps
run 15 ns
run 15 ns
add_force {/MIPSpipeline/reset} -radix bin {1 0ns}
run 15 ns
add_force {/MIPSpipeline/reset} -radix bin {0 0ns}
run 15 ns
run 15 ns
run 15 ns
run 15 ns
run 15 ns
run 15 ns
run 15 ns
run 15 ns
run 15 ns
run 15 ns
run 15 ns
run 15 ns
run 15 ns
run 15 ns
run 15 ns
run 15 ns
run 15 ns
run 15 ns
run 15 ns
run 15 ns
run 15 ns
run 15 ns
run 15 ns
run 15 ns
save_wave_config {E:/Projects/VLSI/32BitMIPSArch/MIPS325/MIPSpipeline_time_impl.wcfg}
add_files -fileset sim_1 -norecurse E:/Projects/VLSI/32BitMIPSArch/MIPS325/MIPSpipeline_time_impl.wcfg
set_property xsim.view E:/Projects/VLSI/32BitMIPSArch/MIPS325/MIPSpipeline_time_impl.wcfg [get_filesets sim_1]
run 15 ns
run 15 ns
run 15 ns
run 15 ns
run 15 ns
run 15 ns
run 15 ns
run 15 ns
report_timing_summary -delay_type min_max -report_unconstrained -check_timing_verbose -max_paths 10 -input_pins -routable_nets -name timing_1
INFO: [Timing 38-91] UpdateTimingParams: Speed grade: -2, Delay Type: min_max.
INFO: [Timing 38-191] Multithreading enabled for timing update using a maximum of 2 CPUs
report_timing_summary: Time (s): cpu = 00:00:47 ; elapsed = 00:00:44 . Memory (MB): peak = 3146.723 ; gain = 184.852
restart
INFO: [Simtcl 6-17] Simulation restarted
restart: Time (s): cpu = 00:00:09 ; elapsed = 00:00:11 . Memory (MB): peak = 3146.723 ; gain = 0.000
add_force {/MIPSpipeline/clk} -radix hex {0 0ns} {1 9500ps} -repeat_every 19000ps
add_force {/MIPSpipeline/reset} -radix hex {1 0ns}
run 19 ns
add_force {/MIPSpipeline/reset} -radix hex {0 0ns}
run 19 ns
run 19 ns
run 19 ns
run 19 ns
run 19 ns
run 19 ns
run 19 ns
run 19 ns
run 19 ns
run 19 ns
run 19 ns
run 19 ns
run 19 ns
run 19 ns
run 19 ns
run 19 ns
run 19 ns
run 19 ns
run 19 ns
run 19 ns
run 19 ns
run 19 ns
run 19 ns
run 19 ns
run 19 ns
run 19 ns
run 19 ns
run 19 ns
run 19 ns
run 500 ns
restart
INFO: [Simtcl 6-17] Simulation restarted
restart: Time (s): cpu = 00:00:08 ; elapsed = 00:00:11 . Memory (MB): peak = 3146.723 ; gain = 0.000
add_force {/MIPSpipeline/clk} -radix hex {0 0ns} {1 9500ps} -repeat_every 19000ps
add_force {/MIPSpipeline/reset} -radix bin {0 0ns}
run 1000 ns
run: Time (s): cpu = 00:00:04 ; elapsed = 00:00:06 . Memory (MB): peak = 3146.723 ; gain = 0.000
run 1000 ns
save_wave_config {E:/Projects/VLSI/32BitMIPSArch/MIPS325/MIPSpipeline_time_impl.wcfg}
save_wave_config {E:/Projects/VLSI/32BitMIPSArch/MIPS325/MIPSpipeline_time_impl.wcfg}
save_wave_config {E:/Projects/VLSI/32BitMIPSArch/MIPS325/MIPSpipeline_time_impl.wcfg}
undo
INFO: [Common 17-17] undo 'set_property xsim.view E:/Projects/VLSI/32BitMIPSArch/MIPS325/MIPSpipeline_time_impl.wcfg [get_filesets sim_1]'
close_sim
INFO: [Simtcl 6-16] Simulation closed
close_sim: Time (s): cpu = 00:00:10 ; elapsed = 00:00:24 . Memory (MB): peak = 3146.723 ; gain = 0.000
close_design
close_design: Time (s): cpu = 00:00:06 ; elapsed = 00:00:23 . Memory (MB): peak = 3146.723 ; gain = 0.000
close_project
close_project: Time (s): cpu = 00:00:02 ; elapsed = 00:00:07 . Memory (MB): peak = 3146.723 ; gain = 0.000
exit
INFO: [Common 17-206] Exiting Vivado at Tue Jan 18 23:21:10 2022...
