Copyright 1986-2020 Xilinx, Inc. All Rights Reserved.
-----------------------------------------------------------------------------------------
| Tool Version : Vivado v.2020.2 (win64) Build 3064766 Wed Nov 18 09:12:45 MST 2020
| Date         : Tue Jan 18 12:12:41 2022
| Host         : Samuels running 64-bit major release  (build 9200)
| Command      : report_control_sets -verbose -file MIPSpipeline_control_sets_placed.rpt
| Design       : MIPSpipeline
| Device       : xc7s100
-----------------------------------------------------------------------------------------

Control Set Information

Table of Contents
-----------------
1. Summary
2. Histogram
3. Flip-Flop Distribution
4. Detailed Control Set Information

1. Summary
----------

+----------------------------------------------------------+-------+
|                          Status                          | Count |
+----------------------------------------------------------+-------+
| Total control sets                                       |  1041 |
|    Minimum number of control sets                        |  1041 |
|    Addition due to synthesis replication                 |     0 |
|    Addition due to physical synthesis replication        |     0 |
| Unused register locations in slices containing registers |     9 |
+----------------------------------------------------------+-------+
* Control sets can be merged at opt_design using control_set_merge or merge_equivalent_drivers
** Run report_qor_suggestions for automated merging and remapping suggestions


2. Histogram
------------

+--------------------+-------+
|       Fanout       | Count |
+--------------------+-------+
| Total control sets |  1041 |
| >= 0 to < 4        |     0 |
| >= 4 to < 6        |     0 |
| >= 6 to < 8        |     0 |
| >= 8 to < 10       |  1024 |
| >= 10 to < 12      |     0 |
| >= 12 to < 14      |     0 |
| >= 14 to < 16      |     0 |
| >= 16              |    17 |
+--------------------+-------+
* Control sets can be remapped at either synth_design or opt_design


3. Flip-Flop Distribution
-------------------------

+--------------+-----------------------+------------------------+-----------------+--------------+
| Clock Enable | Synchronous Set/Reset | Asynchronous Set/Reset | Total Registers | Total Slices |
+--------------+-----------------------+------------------------+-----------------+--------------+
| No           | No                    | No                     |               0 |            0 |
| No           | No                    | Yes                    |             380 |          125 |
| No           | Yes                   | No                     |               0 |            0 |
| Yes          | No                    | No                     |            8192 |         4171 |
| Yes          | No                    | Yes                    |             507 |          290 |
| Yes          | Yes                   | No                     |               0 |            0 |
+--------------+-----------------------+------------------------+-----------------+--------------+


4. Detailed Control Set Information
-----------------------------------

+----------------+----------------------------------------------+------------------+------------------+----------------+--------------+
|  Clock Signal  |                 Enable Signal                | Set/Reset Signal | Slice Load Count | Bel Load Count | Bels / Slice |
+----------------+----------------------------------------------+------------------+------------------+----------------+--------------+
|  clk_IBUF_BUFG | EXMEM_ALUResult/bit4/DFF0/q_reg_rep__3_17[0] |                  |                3 |              8 |         2.67 |
|  clk_IBUF_BUFG | EXMEM_MemWrite/DFF0/E[0]                     |                  |                7 |              8 |         1.14 |
|  clk_IBUF_BUFG | EXMEM_ALUResult/bit9/DFF0/q_reg_64[0]        |                  |                4 |              8 |         2.00 |
|  clk_IBUF_BUFG | EXMEM_ALUResult/bit9/DFF0/q_reg_60[0]        |                  |                2 |              8 |         4.00 |
|  clk_IBUF_BUFG | EXMEM_ALUResult/bit9/DFF0/q_reg_59[0]        |                  |                4 |              8 |         2.00 |
|  clk_IBUF_BUFG | EXMEM_ALUResult/bit9/DFF0/q_reg_56[0]        |                  |                3 |              8 |         2.67 |
|  clk_IBUF_BUFG | EXMEM_ALUResult/bit9/DFF0/q_reg_62[0]        |                  |                4 |              8 |         2.00 |
|  clk_IBUF_BUFG | EXMEM_ALUResult/bit9/DFF0/q_reg_63[0]        |                  |                3 |              8 |         2.67 |
|  clk_IBUF_BUFG | EXMEM_ALUResult/bit9/DFF0/q_reg_rep_4[0]     |                  |                2 |              8 |         4.00 |
|  clk_IBUF_BUFG | EXMEM_ALUResult/bit9/DFF0/q_reg_rep_8[0]     |                  |                1 |              8 |         8.00 |
|  clk_IBUF_BUFG | EXMEM_ALUResult/bit9/DFF0/q_reg_rep_2[0]     |                  |                3 |              8 |         2.67 |
|  clk_IBUF_BUFG | EXMEM_ALUResult/bit9/DFF0/q_reg_rep__1_2[0]  |                  |                2 |              8 |         4.00 |
|  clk_IBUF_BUFG | EXMEM_ALUResult/bit9/DFF0/q_reg_rep__13_0[0] |                  |                3 |              8 |         2.67 |
|  clk_IBUF_BUFG | EXMEM_ALUResult/bit9/DFF0/q_reg_rep__1_15[0] |                  |                5 |              8 |         1.60 |
|  clk_IBUF_BUFG | EXMEM_ALUResult/bit9/DFF0/q_reg_rep__13[0]   |                  |                3 |              8 |         2.67 |
|  clk_IBUF_BUFG | EXMEM_ALUResult/bit9/DFF0/q_reg_rep__1_4[0]  |                  |                3 |              8 |         2.67 |
|  clk_IBUF_BUFG | EXMEM_ALUResult/bit9/DFF0/q_reg_rep__1_5[0]  |                  |                3 |              8 |         2.67 |
|  clk_IBUF_BUFG | EXMEM_ALUResult/bit2/DFF0/q_reg_166[0]       |                  |                8 |              8 |         1.00 |
|  clk_IBUF_BUFG | EXMEM_ALUResult/bit2/DFF0/q_reg_165[0]       |                  |                8 |              8 |         1.00 |
|  clk_IBUF_BUFG | EXMEM_ALUResult/bit2/DFF0/q_reg_170[0]       |                  |                8 |              8 |         1.00 |
|  clk_IBUF_BUFG | EXMEM_ALUResult/bit2/DFF0/q_reg_167[0]       |                  |                1 |              8 |         8.00 |
|  clk_IBUF_BUFG | EXMEM_ALUResult/bit2/DFF0/q_reg_176[0]       |                  |                2 |              8 |         4.00 |
|  clk_IBUF_BUFG | EXMEM_ALUResult/bit2/DFF0/q_reg_159[0]       |                  |                4 |              8 |         2.00 |
|  clk_IBUF_BUFG | EXMEM_ALUResult/bit2/DFF0/q_reg_171[0]       |                  |                3 |              8 |         2.67 |
|  clk_IBUF_BUFG | EXMEM_ALUResult/bit2/DFF0/q_reg_163[0]       |                  |                7 |              8 |         1.14 |
|  clk_IBUF_BUFG | EXMEM_ALUResult/bit2/DFF0/q_reg_156[0]       |                  |                8 |              8 |         1.00 |
|  clk_IBUF_BUFG | EXMEM_ALUResult/bit2/DFF0/q_reg_160[0]       |                  |                4 |              8 |         2.00 |
|  clk_IBUF_BUFG | EXMEM_ALUResult/bit2/DFF0/q_reg_158[0]       |                  |                4 |              8 |         2.00 |
|  clk_IBUF_BUFG | EXMEM_ALUResult/bit2/DFF0/q_reg_164[0]       |                  |                2 |              8 |         4.00 |
|  clk_IBUF_BUFG | EXMEM_ALUResult/bit2/DFF0/q_reg_169[0]       |                  |                8 |              8 |         1.00 |
|  clk_IBUF_BUFG | EXMEM_ALUResult/bit2/DFF0/q_reg_175[0]       |                  |                5 |              8 |         1.60 |
|  clk_IBUF_BUFG | EXMEM_ALUResult/bit2/DFF0/q_reg_177[0]       |                  |                4 |              8 |         2.00 |
|  clk_IBUF_BUFG | EXMEM_ALUResult/bit2/DFF0/q_reg_178[0]       |                  |                3 |              8 |         2.67 |
|  clk_IBUF_BUFG | EXMEM_ALUResult/bit2/DFF0/q_reg_161[0]       |                  |                6 |              8 |         1.33 |
|  clk_IBUF_BUFG | EXMEM_ALUResult/bit2/DFF0/q_reg_179[0]       |                  |                6 |              8 |         1.33 |
|  clk_IBUF_BUFG | EXMEM_ALUResult/bit2/DFF0/q_reg_101[0]       |                  |                8 |              8 |         1.00 |
|  clk_IBUF_BUFG | EXMEM_ALUResult/bit2/DFF0/q_reg_100[0]       |                  |                4 |              8 |         2.00 |
|  clk_IBUF_BUFG | EXMEM_ALUResult/bit2/DFF0/q_reg_109[0]       |                  |                3 |              8 |         2.67 |
|  clk_IBUF_BUFG | EXMEM_ALUResult/bit2/DFF0/q_reg_113[0]       |                  |                5 |              8 |         1.60 |
|  clk_IBUF_BUFG | EXMEM_ALUResult/bit2/DFF0/q_reg_104[0]       |                  |                3 |              8 |         2.67 |
|  clk_IBUF_BUFG | EXMEM_ALUResult/bit2/DFF0/q_reg_108[0]       |                  |                4 |              8 |         2.00 |
|  clk_IBUF_BUFG | EXMEM_ALUResult/bit2/DFF0/q_reg_119[0]       |                  |                4 |              8 |         2.00 |
|  clk_IBUF_BUFG | EXMEM_ALUResult/bit2/DFF0/q_reg_111[0]       |                  |                5 |              8 |         1.60 |
|  clk_IBUF_BUFG | EXMEM_ALUResult/bit2/DFF0/q_reg_112[0]       |                  |                4 |              8 |         2.00 |
|  clk_IBUF_BUFG | EXMEM_ALUResult/bit2/DFF0/q_reg_116[0]       |                  |                6 |              8 |         1.33 |
|  clk_IBUF_BUFG | EXMEM_ALUResult/bit2/DFF0/q_reg_118[0]       |                  |                7 |              8 |         1.14 |
|  clk_IBUF_BUFG | EXMEM_ALUResult/bit2/DFF0/q_reg_110[0]       |                  |                8 |              8 |         1.00 |
|  clk_IBUF_BUFG | EXMEM_ALUResult/bit2/DFF0/q_reg_115[0]       |                  |                8 |              8 |         1.00 |
|  clk_IBUF_BUFG | EXMEM_ALUResult/bit2/DFF0/q_reg_128[0]       |                  |                7 |              8 |         1.14 |
|  clk_IBUF_BUFG | EXMEM_ALUResult/bit2/DFF0/q_reg_133[0]       |                  |                3 |              8 |         2.67 |
|  clk_IBUF_BUFG | EXMEM_ALUResult/bit2/DFF0/q_reg_127[0]       |                  |                4 |              8 |         2.00 |
|  clk_IBUF_BUFG | EXMEM_ALUResult/bit2/DFF0/q_reg_121[0]       |                  |                4 |              8 |         2.00 |
|  clk_IBUF_BUFG | EXMEM_ALUResult/bit2/DFF0/q_reg_130[0]       |                  |                3 |              8 |         2.67 |
|  clk_IBUF_BUFG | EXMEM_ALUResult/bit2/DFF0/q_reg_134[0]       |                  |                3 |              8 |         2.67 |
|  clk_IBUF_BUFG | EXMEM_ALUResult/bit2/DFF0/q_reg_129[0]       |                  |                4 |              8 |         2.00 |
|  clk_IBUF_BUFG | EXMEM_ALUResult/bit2/DFF0/q_reg_122[0]       |                  |                7 |              8 |         1.14 |
|  clk_IBUF_BUFG | EXMEM_ALUResult/bit2/DFF0/q_reg_142[0]       |                  |                3 |              8 |         2.67 |
|  clk_IBUF_BUFG | EXMEM_ALUResult/bit2/DFF0/q_reg_144[0]       |                  |                2 |              8 |         4.00 |
|  clk_IBUF_BUFG | EXMEM_ALUResult/bit2/DFF0/q_reg_15[0]        |                  |                5 |              8 |         1.60 |
|  clk_IBUF_BUFG | EXMEM_ALUResult/bit2/DFF0/q_reg_150[0]       |                  |                3 |              8 |         2.67 |
|  clk_IBUF_BUFG | EXMEM_ALUResult/bit2/DFF0/q_reg_149[0]       |                  |                4 |              8 |         2.00 |
|  clk_IBUF_BUFG | EXMEM_ALUResult/bit2/DFF0/q_reg_143[0]       |                  |                2 |              8 |         4.00 |
|  clk_IBUF_BUFG | EXMEM_ALUResult/bit2/DFF0/q_reg_145[0]       |                  |                8 |              8 |         1.00 |
|  clk_IBUF_BUFG | EXMEM_ALUResult/bit2/DFF0/q_reg_146[0]       |                  |                8 |              8 |         1.00 |
|  clk_IBUF_BUFG | EXMEM_ALUResult/bit2/DFF0/q_reg_137[0]       |                  |                4 |              8 |         2.00 |
|  clk_IBUF_BUFG | EXMEM_ALUResult/bit2/DFF0/q_reg_148[0]       |                  |                5 |              8 |         1.60 |
|  clk_IBUF_BUFG | EXMEM_ALUResult/bit2/DFF0/q_reg_141[0]       |                  |                4 |              8 |         2.00 |
|  clk_IBUF_BUFG | EXMEM_ALUResult/bit2/DFF0/q_reg_154[0]       |                  |                5 |              8 |         1.60 |
|  clk_IBUF_BUFG | EXMEM_ALUResult/bit4/DFF0/q_reg_1[0]         |                  |                3 |              8 |         2.67 |
|  clk_IBUF_BUFG | EXMEM_ALUResult/bit4/DFF0/q_reg_17[0]        |                  |                4 |              8 |         2.00 |
|  clk_IBUF_BUFG | EXMEM_ALUResult/bit4/DFF0/q_reg_0[0]         |                  |                2 |              8 |         4.00 |
|  clk_IBUF_BUFG | EXMEM_ALUResult/bit4/DFF0/q_reg_14[0]        |                  |                3 |              8 |         2.67 |
|  clk_IBUF_BUFG | EXMEM_ALUResult/bit4/DFF0/q_reg_18[0]        |                  |                3 |              8 |         2.67 |
|  clk_IBUF_BUFG | EXMEM_ALUResult/bit4/DFF0/q_reg_19[0]        |                  |                8 |              8 |         1.00 |
|  clk_IBUF_BUFG | EXMEM_ALUResult/bit4/DFF0/q_reg_2[0]         |                  |                4 |              8 |         2.00 |
|  clk_IBUF_BUFG | EXMEM_ALUResult/bit4/DFF0/q_reg_20[0]        |                  |                3 |              8 |         2.67 |
|  clk_IBUF_BUFG | EXMEM_ALUResult/bit4/DFF0/q_reg_48[0]        |                  |                4 |              8 |         2.00 |
|  clk_IBUF_BUFG | EXMEM_ALUResult/bit4/DFF0/q_reg_28[0]        |                  |                3 |              8 |         2.67 |
|  clk_IBUF_BUFG | EXMEM_ALUResult/bit4/DFF0/q_reg_38[0]        |                  |                2 |              8 |         4.00 |
|  clk_IBUF_BUFG | EXMEM_ALUResult/bit4/DFF0/q_reg_32[0]        |                  |                2 |              8 |         4.00 |
|  clk_IBUF_BUFG | EXMEM_ALUResult/bit4/DFF0/q_reg_35[0]        |                  |                4 |              8 |         2.00 |
|  clk_IBUF_BUFG | EXMEM_ALUResult/bit4/DFF0/q_reg_25[0]        |                  |                6 |              8 |         1.33 |
|  clk_IBUF_BUFG | EXMEM_ALUResult/bit4/DFF0/q_reg_33[0]        |                  |                5 |              8 |         1.60 |
|  clk_IBUF_BUFG | EXMEM_ALUResult/bit4/DFF0/q_reg_30[0]        |                  |                3 |              8 |         2.67 |
|  clk_IBUF_BUFG | EXMEM_ALUResult/bit4/DFF0/q_reg_39[0]        |                  |                5 |              8 |         1.60 |
|  clk_IBUF_BUFG | EXMEM_ALUResult/bit4/DFF0/q_reg_42[0]        |                  |                5 |              8 |         1.60 |
|  clk_IBUF_BUFG | EXMEM_ALUResult/bit4/DFF0/q_reg_43[0]        |                  |                4 |              8 |         2.00 |
|  clk_IBUF_BUFG | EXMEM_ALUResult/bit4/DFF0/q_reg_45[0]        |                  |                4 |              8 |         2.00 |
|  clk_IBUF_BUFG | EXMEM_ALUResult/bit4/DFF0/q_reg_22[0]        |                  |                3 |              8 |         2.67 |
|  clk_IBUF_BUFG | EXMEM_ALUResult/bit4/DFF0/q_reg_23[0]        |                  |                4 |              8 |         2.00 |
|  clk_IBUF_BUFG | EXMEM_ALUResult/bit4/DFF0/q_reg_3[0]         |                  |                5 |              8 |         1.60 |
|  clk_IBUF_BUFG | EXMEM_ALUResult/bit4/DFF0/q_reg_41[0]        |                  |                3 |              8 |         2.67 |
|  clk_IBUF_BUFG | EXMEM_ALUResult/bit4/DFF0/q_reg_47[0]        |                  |                3 |              8 |         2.67 |
|  clk_IBUF_BUFG | EXMEM_ALUResult/bit4/DFF0/q_reg_46[0]        |                  |                6 |              8 |         1.33 |
|  clk_IBUF_BUFG | EXMEM_ALUResult/bit4/DFF0/q_reg_24[0]        |                  |                3 |              8 |         2.67 |
|  clk_IBUF_BUFG | EXMEM_ALUResult/bit4/DFF0/q_reg_26[0]        |                  |                3 |              8 |         2.67 |
|  clk_IBUF_BUFG | EXMEM_ALUResult/bit4/DFF0/q_reg_31[0]        |                  |                2 |              8 |         4.00 |
|  clk_IBUF_BUFG | EXMEM_ALUResult/bit4/DFF0/q_reg_34[0]        |                  |                3 |              8 |         2.67 |
|  clk_IBUF_BUFG | EXMEM_ALUResult/bit4/DFF0/q_reg_36[0]        |                  |                4 |              8 |         2.00 |
|  clk_IBUF_BUFG | EXMEM_ALUResult/bit4/DFF0/q_reg_4[0]         |                  |                3 |              8 |         2.67 |
|  clk_IBUF_BUFG | EXMEM_ALUResult/bit4/DFF0/q_reg_27[0]        |                  |                5 |              8 |         1.60 |
|  clk_IBUF_BUFG | EXMEM_ALUResult/bit4/DFF0/q_reg_37[0]        |                  |                3 |              8 |         2.67 |
|  clk_IBUF_BUFG | EXMEM_ALUResult/bit4/DFF0/q_reg_5[0]         |                  |                3 |              8 |         2.67 |
|  clk_IBUF_BUFG | EXMEM_ALUResult/bit4/DFF0/q_reg_40[0]        |                  |                1 |              8 |         8.00 |
|  clk_IBUF_BUFG | EXMEM_ALUResult/bit4/DFF0/q_reg_44[0]        |                  |                3 |              8 |         2.67 |
|  clk_IBUF_BUFG | EXMEM_ALUResult/bit4/DFF0/q_reg_29[0]        |                  |                4 |              8 |         2.00 |
|  clk_IBUF_BUFG | EXMEM_ALUResult/bit4/DFF0/q_reg_8[0]         |                  |                5 |              8 |         1.60 |
|  clk_IBUF_BUFG | EXMEM_ALUResult/bit4/DFF0/q_reg_rep_6[0]     |                  |                6 |              8 |         1.33 |
|  clk_IBUF_BUFG | EXMEM_ALUResult/bit4/DFF0/q_reg_rep_7[0]     |                  |                5 |              8 |         1.60 |
|  clk_IBUF_BUFG | EXMEM_ALUResult/bit4/DFF0/q_reg_rep_8[0]     |                  |                5 |              8 |         1.60 |
|  clk_IBUF_BUFG | EXMEM_ALUResult/bit4/DFF0/q_reg_rep__2_16[0] |                  |                3 |              8 |         2.67 |
|  clk_IBUF_BUFG | EXMEM_ALUResult/bit4/DFF0/q_reg_rep__13_1[0] |                  |                2 |              8 |         4.00 |
|  clk_IBUF_BUFG | EXMEM_ALUResult/bit4/DFF0/q_reg_rep__2_11[0] |                  |                4 |              8 |         2.00 |
|  clk_IBUF_BUFG | EXMEM_ALUResult/bit4/DFF0/q_reg_rep__2_17[0] |                  |                4 |              8 |         2.00 |
|  clk_IBUF_BUFG | EXMEM_ALUResult/bit4/DFF0/q_reg_rep__13[0]   |                  |                3 |              8 |         2.67 |
|  clk_IBUF_BUFG | EXMEM_ALUResult/bit4/DFF0/q_reg_rep__2_12[0] |                  |                8 |              8 |         1.00 |
|  clk_IBUF_BUFG | EXMEM_ALUResult/bit4/DFF0/q_reg_rep__13_2[0] |                  |                6 |              8 |         1.33 |
|  clk_IBUF_BUFG | EXMEM_ALUResult/bit4/DFF0/q_reg_rep__2_13[0] |                  |                5 |              8 |         1.60 |
|  clk_IBUF_BUFG | EXMEM_ALUResult/bit4/DFF0/q_reg_rep__2_10[0] |                  |                4 |              8 |         2.00 |
|  clk_IBUF_BUFG | EXMEM_ALUResult/bit4/DFF0/q_reg_rep__2_14[0] |                  |                5 |              8 |         1.60 |
|  clk_IBUF_BUFG | EXMEM_ALUResult/bit4/DFF0/q_reg_rep__2_15[0] |                  |                4 |              8 |         2.00 |
|  clk_IBUF_BUFG | EXMEM_ALUResult/bit4/DFF0/q_reg_rep__2_9[0]  |                  |                8 |              8 |         1.00 |
|  clk_IBUF_BUFG | EXMEM_ALUResult/bit4/DFF0/q_reg_rep__3_11[0] |                  |                8 |              8 |         1.00 |
|  clk_IBUF_BUFG | EXMEM_ALUResult/bit4/DFF0/q_reg_rep__3_12[0] |                  |                8 |              8 |         1.00 |
|  clk_IBUF_BUFG | EXMEM_ALUResult/bit4/DFF0/q_reg_rep__2_8[0]  |                  |                5 |              8 |         1.60 |
|  clk_IBUF_BUFG | EXMEM_ALUResult/bit4/DFF0/q_reg_rep__2_7[0]  |                  |                4 |              8 |         2.00 |
|  clk_IBUF_BUFG | EXMEM_ALUResult/bit4/DFF0/q_reg_rep__3_13[0] |                  |                4 |              8 |         2.00 |
|  clk_IBUF_BUFG | EXMEM_ALUResult/bit4/DFF0/q_reg_rep__3_14[0] |                  |                7 |              8 |         1.14 |
|  clk_IBUF_BUFG | EXMEM_ALUResult/bit4/DFF0/q_reg_rep__3_15[0] |                  |                4 |              8 |         2.00 |
|  clk_IBUF_BUFG | EXMEM_ALUResult/bit4/DFF0/q_reg_rep__3_16[0] |                  |                6 |              8 |         1.33 |
|  clk_IBUF_BUFG | EXMEM_ALUResult/bit1/DFF0/q_reg_21[0]        |                  |                1 |              8 |         8.00 |
|  clk_IBUF_BUFG | EXMEM_ALUResult/bit4/DFF0/q_reg_rep__3_18[0] |                  |                5 |              8 |         1.60 |
|  clk_IBUF_BUFG | EXMEM_ALUResult/bit4/DFF0/q_reg_rep__3_19[0] |                  |                3 |              8 |         2.67 |
|  clk_IBUF_BUFG | EXMEM_ALUResult/bit4/DFF0/q_reg_rep__3_9[0]  |                  |                2 |              8 |         4.00 |
|  clk_IBUF_BUFG | EXMEM_ALUResult/bit4/DFF0/q_reg_rep__4_10[0] |                  |                3 |              8 |         2.67 |
|  clk_IBUF_BUFG | EXMEM_ALUResult/bit4/DFF0/q_reg_rep__4_11[0] |                  |                3 |              8 |         2.67 |
|  clk_IBUF_BUFG | EXMEM_ALUResult/bit4/DFF0/q_reg_rep__4_12[0] |                  |                3 |              8 |         2.67 |
|  clk_IBUF_BUFG | EXMEM_ALUResult/bit2/DFF0/q_reg_rep__1_9[0]  |                  |                3 |              8 |         2.67 |
|  clk_IBUF_BUFG | EXMEM_ALUResult/bit2/DFF0/q_reg_rep__2_0[0]  |                  |                2 |              8 |         4.00 |
|  clk_IBUF_BUFG | EXMEM_ALUResult/bit2/DFF0/q_reg_rep__2_1[0]  |                  |                2 |              8 |         4.00 |
|  clk_IBUF_BUFG | EXMEM_ALUResult/bit2/DFF0/q_reg_rep__1_3[0]  |                  |                1 |              8 |         8.00 |
|  clk_IBUF_BUFG | EXMEM_ALUResult/bit2/DFF0/q_reg_rep__1_6[0]  |                  |                2 |              8 |         4.00 |
|  clk_IBUF_BUFG | EXMEM_ALUResult/bit2/DFF0/q_reg_rep__1_7[0]  |                  |                5 |              8 |         1.60 |
|  clk_IBUF_BUFG | EXMEM_ALUResult/bit2/DFF0/q_reg_rep__3[0]    |                  |                3 |              8 |         2.67 |
|  clk_IBUF_BUFG | EXMEM_ALUResult/bit2/DFF0/q_reg_rep__5_0[0]  |                  |                3 |              8 |         2.67 |
|  clk_IBUF_BUFG | EXMEM_ALUResult/bit2/DFF0/q_reg_rep__3_0[0]  |                  |                3 |              8 |         2.67 |
|  clk_IBUF_BUFG | EXMEM_ALUResult/bit2/DFF0/q_reg_rep__4_1[0]  |                  |                3 |              8 |         2.67 |
|  clk_IBUF_BUFG | EXMEM_ALUResult/bit2/DFF0/q_reg_rep__8_3[0]  |                  |                3 |              8 |         2.67 |
|  clk_IBUF_BUFG | EXMEM_ALUResult/bit2/DFF0/q_reg_rep__9_0[0]  |                  |                6 |              8 |         1.33 |
|  clk_IBUF_BUFG | EXMEM_ALUResult/bit2/DFF0/q_reg_rep__3_2[0]  |                  |                4 |              8 |         2.00 |
|  clk_IBUF_BUFG | EXMEM_ALUResult/bit2/DFF0/q_reg_rep__4_0[0]  |                  |                3 |              8 |         2.67 |
|  clk_IBUF_BUFG | EXMEM_ALUResult/bit2/DFF0/q_reg_rep__3_1[0]  |                  |                3 |              8 |         2.67 |
|  clk_IBUF_BUFG | EXMEM_ALUResult/bit2/DFF0/q_reg_rep__6[0]    |                  |                4 |              8 |         2.00 |
|  clk_IBUF_BUFG | EXMEM_ALUResult/bit2/DFF0/q_reg_rep__8_2[0]  |                  |                3 |              8 |         2.67 |
|  clk_IBUF_BUFG | EXMEM_ALUResult/bit2/DFF0/q_reg_rep__9[0]    |                  |                1 |              8 |         8.00 |
|  clk_IBUF_BUFG | EXMEM_ALUResult/bit2/DFF0/q_reg_rep__8_1[0]  |                  |                2 |              8 |         4.00 |
|  clk_IBUF_BUFG | EXMEM_ALUResult/bit2/DFF0/q_reg_rep__8_0[0]  |                  |                2 |              8 |         4.00 |
|  clk_IBUF_BUFG | EXMEM_ALUResult/bit2/DFF0/q_reg_rep__7[0]    |                  |                3 |              8 |         2.67 |
|  clk_IBUF_BUFG | EXMEM_ALUResult/bit2/DFF0/q_reg_rep__14_0[0] |                  |                5 |              8 |         1.60 |
|  clk_IBUF_BUFG | EXMEM_ALUResult/bit2/DFF0/q_reg_rep__14_1[0] |                  |                3 |              8 |         2.67 |
|  clk_IBUF_BUFG | EXMEM_ALUResult/bit2/DFF0/q_reg_rep__17[0]   |                  |                2 |              8 |         4.00 |
|  clk_IBUF_BUFG | EXMEM_ALUResult/bit2/DFF0/q_reg_rep__13_0[0] |                  |                3 |              8 |         2.67 |
|  clk_IBUF_BUFG | EXMEM_ALUResult/bit2/DFF0/q_reg_rep__13_1[0] |                  |                6 |              8 |         1.33 |
|  clk_IBUF_BUFG | EXMEM_ALUResult/bit2/DFF0/q_reg_193[0]       |                  |                4 |              8 |         2.00 |
|  clk_IBUF_BUFG | EXMEM_ALUResult/bit2/DFF0/q_reg_181[0]       |                  |                3 |              8 |         2.67 |
|  clk_IBUF_BUFG | EXMEM_ALUResult/bit2/DFF0/q_reg_192[0]       |                  |                3 |              8 |         2.67 |
|  clk_IBUF_BUFG | EXMEM_ALUResult/bit2/DFF0/q_reg_190[0]       |                  |                4 |              8 |         2.00 |
|  clk_IBUF_BUFG | EXMEM_ALUResult/bit2/DFF0/q_reg_195[0]       |                  |                3 |              8 |         2.67 |
|  clk_IBUF_BUFG | EXMEM_ALUResult/bit2/DFF0/q_reg_188[0]       |                  |                5 |              8 |         1.60 |
|  clk_IBUF_BUFG | EXMEM_ALUResult/bit2/DFF0/q_reg_182[0]       |                  |                6 |              8 |         1.33 |
|  clk_IBUF_BUFG | EXMEM_ALUResult/bit2/DFF0/q_reg_187[0]       |                  |                3 |              8 |         2.67 |
|  clk_IBUF_BUFG | EXMEM_ALUResult/bit2/DFF0/q_reg_189[0]       |                  |                5 |              8 |         1.60 |
|  clk_IBUF_BUFG | EXMEM_ALUResult/bit2/DFF0/q_reg_184[0]       |                  |                4 |              8 |         2.00 |
|  clk_IBUF_BUFG | EXMEM_ALUResult/bit2/DFF0/q_reg_191[0]       |                  |                7 |              8 |         1.14 |
|  clk_IBUF_BUFG | EXMEM_ALUResult/bit2/DFF0/q_reg_194[0]       |                  |                3 |              8 |         2.67 |
|  clk_IBUF_BUFG | EXMEM_ALUResult/bit2/DFF0/q_reg_183[0]       |                  |                3 |              8 |         2.67 |
|  clk_IBUF_BUFG | EXMEM_ALUResult/bit2/DFF0/q_reg_180[0]       |                  |                3 |              8 |         2.67 |
|  clk_IBUF_BUFG | EXMEM_ALUResult/bit2/DFF0/q_reg_186[0]       |                  |                3 |              8 |         2.67 |
|  clk_IBUF_BUFG | EXMEM_ALUResult/bit2/DFF0/q_reg_185[0]       |                  |                4 |              8 |         2.00 |
|  clk_IBUF_BUFG | EXMEM_ALUResult/bit2/DFF0/q_reg_20[0]        |                  |                5 |              8 |         1.60 |
|  clk_IBUF_BUFG | EXMEM_ALUResult/bit2/DFF0/q_reg_22[0]        |                  |                3 |              8 |         2.67 |
|  clk_IBUF_BUFG | EXMEM_ALUResult/bit2/DFF0/q_reg_227[0]       |                  |                8 |              8 |         1.00 |
|  clk_IBUF_BUFG | EXMEM_ALUResult/bit2/DFF0/q_reg_25[0]        |                  |                5 |              8 |         1.60 |
|  clk_IBUF_BUFG | EXMEM_ALUResult/bit2/DFF0/q_reg_24[0]        |                  |                2 |              8 |         4.00 |
|  clk_IBUF_BUFG | EXMEM_ALUResult/bit2/DFF0/q_reg_36[0]        |                  |                3 |              8 |         2.67 |
|  clk_IBUF_BUFG | EXMEM_ALUResult/bit2/DFF0/q_reg_35[0]        |                  |                2 |              8 |         4.00 |
|  clk_IBUF_BUFG | EXMEM_ALUResult/bit2/DFF0/q_reg_37[0]        |                  |                3 |              8 |         2.67 |
|  clk_IBUF_BUFG | EXMEM_ALUResult/bit2/DFF0/q_reg_34[0]        |                  |                3 |              8 |         2.67 |
|  clk_IBUF_BUFG | EXMEM_ALUResult/bit2/DFF0/q_reg_38[0]        |                  |                2 |              8 |         4.00 |
|  clk_IBUF_BUFG | EXMEM_ALUResult/bit2/DFF0/q_reg_93[0]        |                  |                3 |              8 |         2.67 |
|  clk_IBUF_BUFG | EXMEM_ALUResult/bit2/DFF0/q_reg_50[0]        |                  |                2 |              8 |         4.00 |
|  clk_IBUF_BUFG | EXMEM_ALUResult/bit2/DFF0/q_reg_57[0]        |                  |                6 |              8 |         1.33 |
|  clk_IBUF_BUFG | EXMEM_ALUResult/bit2/DFF0/q_reg_86[0]        |                  |                5 |              8 |         1.60 |
|  clk_IBUF_BUFG | EXMEM_ALUResult/bit2/DFF0/q_reg_76[0]        |                  |                6 |              8 |         1.33 |
|  clk_IBUF_BUFG | EXMEM_ALUResult/bit2/DFF0/q_reg_90[0]        |                  |                4 |              8 |         2.00 |
|  clk_IBUF_BUFG | EXMEM_ALUResult/bit2/DFF0/q_reg_74[0]        |                  |                4 |              8 |         2.00 |
|  clk_IBUF_BUFG | EXMEM_ALUResult/bit2/DFF0/q_reg_89[0]        |                  |                3 |              8 |         2.67 |
|  clk_IBUF_BUFG | EXMEM_ALUResult/bit2/DFF0/q_reg_94[0]        |                  |                3 |              8 |         2.67 |
|  clk_IBUF_BUFG | EXMEM_ALUResult/bit2/DFF0/q_reg_48[0]        |                  |                3 |              8 |         2.67 |
|  clk_IBUF_BUFG | EXMEM_ALUResult/bit2/DFF0/q_reg_46[0]        |                  |                4 |              8 |         2.00 |
|  clk_IBUF_BUFG | EXMEM_ALUResult/bit2/DFF0/q_reg_53[0]        |                  |                3 |              8 |         2.67 |
|  clk_IBUF_BUFG | EXMEM_ALUResult/bit2/DFF0/q_reg_70[0]        |                  |                3 |              8 |         2.67 |
|  clk_IBUF_BUFG | EXMEM_ALUResult/bit2/DFF0/q_reg_84[0]        |                  |                3 |              8 |         2.67 |
|  clk_IBUF_BUFG | EXMEM_ALUResult/bit2/DFF0/q_reg_68[0]        |                  |                2 |              8 |         4.00 |
|  clk_IBUF_BUFG | EXMEM_ALUResult/bit2/DFF0/q_reg_56[0]        |                  |                3 |              8 |         2.67 |
|  clk_IBUF_BUFG | EXMEM_ALUResult/bit2/DFF0/q_reg_52[0]        |                  |                3 |              8 |         2.67 |
|  clk_IBUF_BUFG | EXMEM_ALUResult/bit2/DFF0/q_reg_98[0]        |                  |                5 |              8 |         1.60 |
|  clk_IBUF_BUFG | EXMEM_ALUResult/bit2/DFF0/q_reg_83[0]        |                  |                5 |              8 |         1.60 |
|  clk_IBUF_BUFG | EXMEM_ALUResult/bit2/DFF0/q_reg_59[0]        |                  |                6 |              8 |         1.33 |
|  clk_IBUF_BUFG | EXMEM_ALUResult/bit2/DFF0/q_reg_63[0]        |                  |                3 |              8 |         2.67 |
|  clk_IBUF_BUFG | EXMEM_ALUResult/bit2/DFF0/q_reg_78[0]        |                  |                3 |              8 |         2.67 |
|  clk_IBUF_BUFG | EXMEM_ALUResult/bit2/DFF0/q_reg_58[0]        |                  |                5 |              8 |         1.60 |
|  clk_IBUF_BUFG | EXMEM_ALUResult/bit2/DFF0/q_reg_61[0]        |                  |                3 |              8 |         2.67 |
|  clk_IBUF_BUFG | EXMEM_ALUResult/bit2/DFF0/q_reg_67[0]        |                  |                4 |              8 |         2.00 |
|  clk_IBUF_BUFG | EXMEM_ALUResult/bit2/DFF0/q_reg_73[0]        |                  |                6 |              8 |         1.33 |
|  clk_IBUF_BUFG | EXMEM_ALUResult/bit2/DFF0/q_reg_65[0]        |                  |                3 |              8 |         2.67 |
|  clk_IBUF_BUFG | EXMEM_ALUResult/bit2/DFF0/q_reg_82[0]        |                  |                3 |              8 |         2.67 |
|  clk_IBUF_BUFG | EXMEM_ALUResult/bit2/DFF0/q_reg_85[0]        |                  |                4 |              8 |         2.00 |
|  clk_IBUF_BUFG | EXMEM_ALUResult/bit2/DFF0/q_reg_88[0]        |                  |                3 |              8 |         2.67 |
|  clk_IBUF_BUFG | EXMEM_ALUResult/bit2/DFF0/q_reg_97[0]        |                  |                3 |              8 |         2.67 |
|  clk_IBUF_BUFG | EXMEM_ALUResult/bit2/DFF0/q_reg_91[0]        |                  |                3 |              8 |         2.67 |
|  clk_IBUF_BUFG | EXMEM_ALUResult/bit2/DFF0/q_reg_95[0]        |                  |                3 |              8 |         2.67 |
|  clk_IBUF_BUFG | EXMEM_ALUResult/bit2/DFF0/q_reg_54[0]        |                  |                3 |              8 |         2.67 |
|  clk_IBUF_BUFG | EXMEM_ALUResult/bit2/DFF0/q_reg_75[0]        |                  |                5 |              8 |         1.60 |
|  clk_IBUF_BUFG | EXMEM_ALUResult/bit2/DFF0/q_reg_62[0]        |                  |                4 |              8 |         2.00 |
|  clk_IBUF_BUFG | EXMEM_ALUResult/bit2/DFF0/q_reg_87[0]        |                  |                5 |              8 |         1.60 |
|  clk_IBUF_BUFG | EXMEM_ALUResult/bit2/DFF0/q_reg_51[0]        |                  |                4 |              8 |         2.00 |
|  clk_IBUF_BUFG | EXMEM_ALUResult/bit2/DFF0/q_reg_96[0]        |                  |                8 |              8 |         1.00 |
|  clk_IBUF_BUFG | EXMEM_ALUResult/bit2/DFF0/q_reg_66[0]        |                  |                1 |              8 |         8.00 |
|  clk_IBUF_BUFG | EXMEM_ALUResult/bit2/DFF0/q_reg_69[0]        |                  |                4 |              8 |         2.00 |
|  clk_IBUF_BUFG | EXMEM_ALUResult/bit2/DFF0/q_reg_77[0]        |                  |                3 |              8 |         2.67 |
|  clk_IBUF_BUFG | EXMEM_ALUResult/bit2/DFF0/q_reg_99[0]        |                  |                8 |              8 |         1.00 |
|  clk_IBUF_BUFG | EXMEM_ALUResult/bit2/DFF0/q_reg_92[0]        |                  |                1 |              8 |         8.00 |
|  clk_IBUF_BUFG | EXMEM_ALUResult/bit2/DFF0/q_reg_rep_3[0]     |                  |                3 |              8 |         2.67 |
|  clk_IBUF_BUFG | EXMEM_ALUResult/bit2/DFF0/q_reg_rep_2[0]     |                  |                3 |              8 |         2.67 |
|  clk_IBUF_BUFG | EXMEM_ALUResult/bit2/DFF0/q_reg_rep_4[0]     |                  |                5 |              8 |         1.60 |
|  clk_IBUF_BUFG | EXMEM_ALUResult/bit2/DFF0/q_reg_rep_1[0]     |                  |                2 |              8 |         4.00 |
|  clk_IBUF_BUFG | EXMEM_ALUResult/bit1/DFF0/q_reg_22[0]        |                  |                3 |              8 |         2.67 |
|  clk_IBUF_BUFG | EXMEM_ALUResult/bit1/DFF0/q_reg_32[0]        |                  |                2 |              8 |         4.00 |
|  clk_IBUF_BUFG | EXMEM_ALUResult/bit1/DFF0/q_reg_41[0]        |                  |                5 |              8 |         1.60 |
|  clk_IBUF_BUFG | EXMEM_ALUResult/bit1/DFF0/q_reg_43[0]        |                  |                5 |              8 |         1.60 |
|  clk_IBUF_BUFG | EXMEM_ALUResult/bit1/DFF0/q_reg_30[0]        |                  |                4 |              8 |         2.00 |
|  clk_IBUF_BUFG | EXMEM_ALUResult/bit1/DFF0/q_reg_45[0]        |                  |                3 |              8 |         2.67 |
|  clk_IBUF_BUFG | EXMEM_ALUResult/bit1/DFF0/q_reg_rep__2[0]    |                  |                3 |              8 |         2.67 |
|  clk_IBUF_BUFG | EXMEM_ALUResult/bit1/DFF0/q_reg_24[0]        |                  |                1 |              8 |         8.00 |
|  clk_IBUF_BUFG | EXMEM_ALUResult/bit1/DFF0/q_reg_25[0]        |                  |                2 |              8 |         4.00 |
|  clk_IBUF_BUFG | EXMEM_ALUResult/bit1/DFF0/q_reg_40[0]        |                  |                3 |              8 |         2.67 |
|  clk_IBUF_BUFG | EXMEM_ALUResult/bit1/DFF0/q_reg_rep__2_1[0]  |                  |                3 |              8 |         2.67 |
|  clk_IBUF_BUFG | EXMEM_ALUResult/bit1/DFF0/q_reg_rep__3[0]    |                  |                2 |              8 |         4.00 |
|  clk_IBUF_BUFG | EXMEM_ALUResult/bit1/DFF0/q_reg_rep__8[0]    |                  |                3 |              8 |         2.67 |
|  clk_IBUF_BUFG | EXMEM_ALUResult/bit1/DFF0/q_reg_46[0]        |                  |                6 |              8 |         1.33 |
|  clk_IBUF_BUFG | EXMEM_ALUResult/bit1/DFF0/q_reg_rep__8_0[0]  |                  |                4 |              8 |         2.00 |
|  clk_IBUF_BUFG | EXMEM_ALUResult/bit1/DFF0/q_reg_23[0]        |                  |                4 |              8 |         2.00 |
|  clk_IBUF_BUFG | EXMEM_ALUResult/bit1/DFF0/q_reg_19[0]        |                  |                5 |              8 |         1.60 |
|  clk_IBUF_BUFG | EXMEM_ALUResult/bit1/DFF0/q_reg_35[0]        |                  |                8 |              8 |         1.00 |
|  clk_IBUF_BUFG | EXMEM_ALUResult/bit1/DFF0/q_reg_48[0]        |                  |                3 |              8 |         2.67 |
|  clk_IBUF_BUFG | EXMEM_ALUResult/bit1/DFF0/q_reg_47[0]        |                  |                5 |              8 |         1.60 |
|  clk_IBUF_BUFG | EXMEM_ALUResult/bit1/DFF0/q_reg_20[0]        |                  |                2 |              8 |         4.00 |
|  clk_IBUF_BUFG | EXMEM_ALUResult/bit1/DFF0/q_reg_18[0]        |                  |                4 |              8 |         2.00 |
|  clk_IBUF_BUFG | EXMEM_ALUResult/bit1/DFF0/q_reg_rep__2_2[0]  |                  |                4 |              8 |         2.00 |
|  clk_IBUF_BUFG | EXMEM_ALUResult/bit9/DFF0/q_reg_rep__2_4[0]  |                  |                3 |              8 |         2.67 |
|  clk_IBUF_BUFG | EXMEM_ALUResult/bit1/DFF0/q_reg_42[0]        |                  |                3 |              8 |         2.67 |
|  clk_IBUF_BUFG | EXMEM_ALUResult/bit0/DFF0/q_reg_rep__2_4[0]  |                  |                3 |              8 |         2.67 |
|  clk_IBUF_BUFG | EXMEM_ALUResult/bit0/DFF0/q_reg_30[0]        |                  |                5 |              8 |         1.60 |
|  clk_IBUF_BUFG | EXMEM_ALUResult/bit0/DFF0/q_reg_52[0]        |                  |                3 |              8 |         2.67 |
|  clk_IBUF_BUFG | EXMEM_ALUResult/bit0/DFF0/q_reg_62[0]        |                  |                2 |              8 |         4.00 |
|  clk_IBUF_BUFG | EXMEM_ALUResult/bit0/DFF0/q_reg_55[0]        |                  |                4 |              8 |         2.00 |
|  clk_IBUF_BUFG | EXMEM_ALUResult/bit0/DFF0/q_reg_26[0]        |                  |                7 |              8 |         1.14 |
|  clk_IBUF_BUFG | EXMEM_ALUResult/bit0/DFF0/q_reg_17[0]        |                  |                4 |              8 |         2.00 |
|  clk_IBUF_BUFG | EXMEM_ALUResult/bit0/DFF0/q_reg_20[0]        |                  |                7 |              8 |         1.14 |
|  clk_IBUF_BUFG | EXMEM_ALUResult/bit0/DFF0/q_reg_33[0]        |                  |                4 |              8 |         2.00 |
|  clk_IBUF_BUFG | EXMEM_ALUResult/bit0/DFF0/q_reg_35[0]        |                  |                3 |              8 |         2.67 |
|  clk_IBUF_BUFG | EXMEM_ALUResult/bit0/DFF0/q_reg_38[0]        |                  |                5 |              8 |         1.60 |
|  clk_IBUF_BUFG | EXMEM_ALUResult/bit0/DFF0/q_reg_40[0]        |                  |                2 |              8 |         4.00 |
|  clk_IBUF_BUFG | EXMEM_ALUResult/bit0/DFF0/q_reg_42[0]        |                  |                4 |              8 |         2.00 |
|  clk_IBUF_BUFG | EXMEM_ALUResult/bit0/DFF0/q_reg_58[0]        |                  |                3 |              8 |         2.67 |
|  clk_IBUF_BUFG | EXMEM_ALUResult/bit0/DFF0/q_reg_22[0]        |                  |                7 |              8 |         1.14 |
|  clk_IBUF_BUFG | EXMEM_ALUResult/bit0/DFF0/q_reg_41[0]        |                  |                6 |              8 |         1.33 |
|  clk_IBUF_BUFG | EXMEM_ALUResult/bit0/DFF0/q_reg_60[0]        |                  |                2 |              8 |         4.00 |
|  clk_IBUF_BUFG | EXMEM_ALUResult/bit0/DFF0/q_reg_61[0]        |                  |                2 |              8 |         4.00 |
|  clk_IBUF_BUFG | EXMEM_ALUResult/bit0/DFF0/q_reg_rep[0]       |                  |                3 |              8 |         2.67 |
|  clk_IBUF_BUFG | EXMEM_ALUResult/bit0/DFF0/q_reg_29[0]        |                  |                5 |              8 |         1.60 |
|  clk_IBUF_BUFG | EXMEM_ALUResult/bit0/DFF0/q_reg_32[0]        |                  |                6 |              8 |         1.33 |
|  clk_IBUF_BUFG | EXMEM_ALUResult/bit0/DFF0/q_reg_51[0]        |                  |                4 |              8 |         2.00 |
|  clk_IBUF_BUFG | EXMEM_ALUResult/bit0/DFF0/q_reg_56[0]        |                  |                4 |              8 |         2.00 |
|  clk_IBUF_BUFG | EXMEM_ALUResult/bit0/DFF0/q_reg_rep_0[0]     |                  |                2 |              8 |         4.00 |
|  clk_IBUF_BUFG | EXMEM_ALUResult/bit0/DFF0/q_reg_28[0]        |                  |                6 |              8 |         1.33 |
|  clk_IBUF_BUFG | EXMEM_ALUResult/bit0/DFF0/q_reg_18[0]        |                  |                8 |              8 |         1.00 |
|  clk_IBUF_BUFG | EXMEM_ALUResult/bit0/DFF0/q_reg_39[0]        |                  |                2 |              8 |         4.00 |
|  clk_IBUF_BUFG | EXMEM_ALUResult/bit0/DFF0/q_reg_44[0]        |                  |                2 |              8 |         4.00 |
|  clk_IBUF_BUFG | EXMEM_ALUResult/bit0/DFF0/q_reg_rep_1[0]     |                  |                3 |              8 |         2.67 |
|  clk_IBUF_BUFG | EXMEM_ALUResult/bit0/DFF0/q_reg_rep__0_1[0]  |                  |                5 |              8 |         1.60 |
|  clk_IBUF_BUFG | EXMEM_ALUResult/bit0/DFF0/q_reg_rep__10[0]   |                  |                5 |              8 |         1.60 |
|  clk_IBUF_BUFG | EXMEM_ALUResult/bit0/DFF0/q_reg_rep__1_1[0]  |                  |                2 |              8 |         4.00 |
|  clk_IBUF_BUFG | EXMEM_ALUResult/bit0/DFF0/q_reg_rep__1_2[0]  |                  |                3 |              8 |         2.67 |
|  clk_IBUF_BUFG | EXMEM_ALUResult/bit0/DFF0/q_reg_27[0]        |                  |                4 |              8 |         2.00 |
|  clk_IBUF_BUFG | EXMEM_ALUResult/bit0/DFF0/q_reg_43[0]        |                  |                3 |              8 |         2.67 |
|  clk_IBUF_BUFG | EXMEM_ALUResult/bit0/DFF0/q_reg_53[0]        |                  |                3 |              8 |         2.67 |
|  clk_IBUF_BUFG | EXMEM_ALUResult/bit0/DFF0/q_reg_63[0]        |                  |                3 |              8 |         2.67 |
|  clk_IBUF_BUFG | EXMEM_ALUResult/bit0/DFF0/q_reg_rep__17[0]   |                  |                3 |              8 |         2.67 |
|  clk_IBUF_BUFG | EXMEM_ALUResult/bit0/DFF0/q_reg_34[0]        |                  |                3 |              8 |         2.67 |
|  clk_IBUF_BUFG | EXMEM_ALUResult/bit0/DFF0/q_reg_rep__1_3[0]  |                  |                4 |              8 |         2.00 |
|  clk_IBUF_BUFG | EXMEM_ALUResult/bit0/DFF0/q_reg_54[0]        |                  |                5 |              8 |         1.60 |
|  clk_IBUF_BUFG | EXMEM_ALUResult/bit0/DFF0/q_reg_36[0]        |                  |                2 |              8 |         4.00 |
|  clk_IBUF_BUFG | EXMEM_ALUResult/bit0/DFF0/q_reg_rep__1_4[0]  |                  |                4 |              8 |         2.00 |
|  clk_IBUF_BUFG | EXMEM_ALUResult/bit0/DFF0/q_reg_rep__1_5[0]  |                  |                5 |              8 |         1.60 |
|  clk_IBUF_BUFG | EXMEM_ALUResult/bit0/DFF0/q_reg_rep__13[0]   |                  |                4 |              8 |         2.00 |
|  clk_IBUF_BUFG | EXMEM_ALUResult/bit0/DFF0/q_reg_37[0]        |                  |                3 |              8 |         2.67 |
|  clk_IBUF_BUFG | EXMEM_ALUResult/bit0/DFF0/q_reg_59[0]        |                  |                4 |              8 |         2.00 |
|  clk_IBUF_BUFG | EXMEM_ALUResult/bit0/DFF0/q_reg_rep__2[0]    |                  |                2 |              8 |         4.00 |
|  clk_IBUF_BUFG | EXMEM_ALUResult/bit0/DFF0/q_reg_rep__2_1[0]  |                  |                3 |              8 |         2.67 |
|  clk_IBUF_BUFG | EXMEM_ALUResult/bit0/DFF0/q_reg_rep__2_2[0]  |                  |                4 |              8 |         2.00 |
|  clk_IBUF_BUFG | EXMEM_ALUResult/bit0/DFF0/q_reg_rep__2_3[0]  |                  |                3 |              8 |         2.67 |
|  clk_IBUF_BUFG | EXMEM_ALUResult/bit0/DFF0/q_reg_31[0]        |                  |                5 |              8 |         1.60 |
|  clk_IBUF_BUFG | EXMEM_ALUResult/bit0/DFF0/q_reg_rep__2_0[0]  |                  |                5 |              8 |         1.60 |
|  clk_IBUF_BUFG | EXMEM_ALUResult/bit0/DFF0/q_reg_rep__6[0]    |                  |                3 |              8 |         2.67 |
|  clk_IBUF_BUFG | EXMEM_ALUResult/bit0/DFF0/q_reg_rep__5_1[0]  |                  |                5 |              8 |         1.60 |
|  clk_IBUF_BUFG | EXMEM_ALUResult/bit0/DFF0/q_reg_rep__7_2[0]  |                  |                4 |              8 |         2.00 |
|  clk_IBUF_BUFG | EXMEM_ALUResult/bit0/DFF0/q_reg_rep__7_0[0]  |                  |                6 |              8 |         1.33 |
|  clk_IBUF_BUFG | EXMEM_ALUResult/bit0/DFF0/q_reg_rep__8_2[0]  |                  |                3 |              8 |         2.67 |
|  clk_IBUF_BUFG | EXMEM_ALUResult/bit0/DFF0/q_reg_rep__2_5[0]  |                  |                3 |              8 |         2.67 |
|  clk_IBUF_BUFG | EXMEM_ALUResult/bit0/DFF0/q_reg_rep__3[0]    |                  |                3 |              8 |         2.67 |
|  clk_IBUF_BUFG | EXMEM_ALUResult/bit0/DFF0/q_reg_rep__8_1[0]  |                  |                3 |              8 |         2.67 |
|  clk_IBUF_BUFG | EXMEM_ALUResult/bit0/DFF0/q_reg_rep__5_0[0]  |                  |                3 |              8 |         2.67 |
|  clk_IBUF_BUFG | EXMEM_ALUResult/bit0/DFF0/q_reg_rep__8_0[0]  |                  |                3 |              8 |         2.67 |
|  clk_IBUF_BUFG | EXMEM_ALUResult/bit0/DFF0/q_reg_rep__5[0]    |                  |                4 |              8 |         2.00 |
|  clk_IBUF_BUFG | EXMEM_ALUResult/bit0/DFF0/q_reg_rep__7_3[0]  |                  |                4 |              8 |         2.00 |
|  clk_IBUF_BUFG | EXMEM_ALUResult/bit0/DFF0/q_reg_rep__7_1[0]  |                  |                3 |              8 |         2.67 |
|  clk_IBUF_BUFG | EXMEM_ALUResult/bit3/DFF0/q_reg_10[0]        |                  |                2 |              8 |         4.00 |
|  clk_IBUF_BUFG | EXMEM_ALUResult/bit3/DFF0/q_reg_3[0]         |                  |                2 |              8 |         4.00 |
|  clk_IBUF_BUFG | EXMEM_ALUResult/bit3/DFF0/q_reg_41[0]        |                  |                8 |              8 |         1.00 |
|  clk_IBUF_BUFG | EXMEM_ALUResult/bit3/DFF0/q_reg_43[0]        |                  |                8 |              8 |         1.00 |
|  clk_IBUF_BUFG | EXMEM_ALUResult/bit3/DFF0/q_reg_30[0]        |                  |                2 |              8 |         4.00 |
|  clk_IBUF_BUFG | EXMEM_ALUResult/bit3/DFF0/q_reg_48[0]        |                  |                8 |              8 |         1.00 |
|  clk_IBUF_BUFG | EXMEM_ALUResult/bit3/DFF0/q_reg_56[0]        |                  |                8 |              8 |         1.00 |
|  clk_IBUF_BUFG | EXMEM_ALUResult/bit3/DFF0/q_reg_49[0]        |                  |                8 |              8 |         1.00 |
|  clk_IBUF_BUFG | EXMEM_ALUResult/bit3/DFF0/q_reg_26[0]        |                  |                3 |              8 |         2.67 |
|  clk_IBUF_BUFG | EXMEM_ALUResult/bit3/DFF0/q_reg_29[0]        |                  |                3 |              8 |         2.67 |
|  clk_IBUF_BUFG | EXMEM_ALUResult/bit3/DFF0/q_reg_32[0]        |                  |                4 |              8 |         2.00 |
|  clk_IBUF_BUFG | EXMEM_ALUResult/bit3/DFF0/q_reg_42[0]        |                  |                8 |              8 |         1.00 |
|  clk_IBUF_BUFG | EXMEM_ALUResult/bit3/DFF0/q_reg_45[0]        |                  |                3 |              8 |         2.67 |
|  clk_IBUF_BUFG | EXMEM_ALUResult/bit3/DFF0/q_reg_28[0]        |                  |                3 |              8 |         2.67 |
|  clk_IBUF_BUFG | EXMEM_ALUResult/bit3/DFF0/q_reg_63[0]        |                  |                4 |              8 |         2.00 |
|  clk_IBUF_BUFG | EXMEM_ALUResult/bit3/DFF0/q_reg_17[0]        |                  |                7 |              8 |         1.14 |
|  clk_IBUF_BUFG | EXMEM_ALUResult/bit3/DFF0/q_reg_18[0]        |                  |                4 |              8 |         2.00 |
|  clk_IBUF_BUFG | EXMEM_ALUResult/bit3/DFF0/q_reg_2[0]         |                  |                2 |              8 |         4.00 |
|  clk_IBUF_BUFG | EXMEM_ALUResult/bit3/DFF0/q_reg_39[0]        |                  |                8 |              8 |         1.00 |
|  clk_IBUF_BUFG | EXMEM_ALUResult/bit3/DFF0/q_reg_65[0]        |                  |                8 |              8 |         1.00 |
|  clk_IBUF_BUFG | EXMEM_ALUResult/bit3/DFF0/q_reg_55[0]        |                  |                8 |              8 |         1.00 |
|  clk_IBUF_BUFG | EXMEM_ALUResult/bit3/DFF0/q_reg_57[0]        |                  |                8 |              8 |         1.00 |
|  clk_IBUF_BUFG | EXMEM_ALUResult/bit3/DFF0/q_reg_24[0]        |                  |                4 |              8 |         2.00 |
|  clk_IBUF_BUFG | EXMEM_ALUResult/bit3/DFF0/q_reg_58[0]        |                  |                8 |              8 |         1.00 |
|  clk_IBUF_BUFG | EXMEM_ALUResult/bit3/DFF0/q_reg_38[0]        |                  |                5 |              8 |         1.60 |
|  clk_IBUF_BUFG | EXMEM_ALUResult/bit3/DFF0/q_reg_66[0]        |                  |                8 |              8 |         1.00 |
|  clk_IBUF_BUFG | EXMEM_ALUResult/bit3/DFF0/q_reg_44[0]        |                  |                7 |              8 |         1.14 |
|  clk_IBUF_BUFG | EXMEM_ALUResult/bit3/DFF0/q_reg_47[0]        |                  |                8 |              8 |         1.00 |
|  clk_IBUF_BUFG | EXMEM_ALUResult/bit3/DFF0/q_reg_31[0]        |                  |                4 |              8 |         2.00 |
|  clk_IBUF_BUFG | EXMEM_ALUResult/bit3/DFF0/q_reg_67[0]        |                  |                5 |              8 |         1.60 |
|  clk_IBUF_BUFG | EXMEM_ALUResult/bit3/DFF0/q_reg_68[0]        |                  |                8 |              8 |         1.00 |
|  clk_IBUF_BUFG | EXMEM_ALUResult/bit3/DFF0/q_reg_20[0]        |                  |                3 |              8 |         2.67 |
|  clk_IBUF_BUFG | EXMEM_ALUResult/bit3/DFF0/q_reg_23[0]        |                  |                4 |              8 |         2.00 |
|  clk_IBUF_BUFG | EXMEM_ALUResult/bit3/DFF0/q_reg_25[0]        |                  |                3 |              8 |         2.67 |
|  clk_IBUF_BUFG | EXMEM_ALUResult/bit3/DFF0/q_reg_36[0]        |                  |                3 |              8 |         2.67 |
|  clk_IBUF_BUFG | EXMEM_ALUResult/bit3/DFF0/q_reg_40[0]        |                  |                2 |              8 |         4.00 |
|  clk_IBUF_BUFG | EXMEM_ALUResult/bit3/DFF0/q_reg_37[0]        |                  |                3 |              8 |         2.67 |
|  clk_IBUF_BUFG | EXMEM_ALUResult/bit3/DFF0/q_reg_52[0]        |                  |                4 |              8 |         2.00 |
|  clk_IBUF_BUFG | EXMEM_ALUResult/bit3/DFF0/q_reg_54[0]        |                  |                2 |              8 |         4.00 |
|  clk_IBUF_BUFG | EXMEM_ALUResult/bit3/DFF0/q_reg_21[0]        |                  |                2 |              8 |         4.00 |
|  clk_IBUF_BUFG | EXMEM_ALUResult/bit3/DFF0/q_reg_27[0]        |                  |                2 |              8 |         4.00 |
|  clk_IBUF_BUFG | EXMEM_ALUResult/bit3/DFF0/q_reg_51[0]        |                  |                2 |              8 |         4.00 |
|  clk_IBUF_BUFG | EXMEM_ALUResult/bit3/DFF0/q_reg_61[0]        |                  |                4 |              8 |         2.00 |
|  clk_IBUF_BUFG | EXMEM_ALUResult/bit3/DFF0/q_reg_62[0]        |                  |                3 |              8 |         2.67 |
|  clk_IBUF_BUFG | EXMEM_ALUResult/bit3/DFF0/q_reg_50[0]        |                  |                3 |              8 |         2.67 |
|  clk_IBUF_BUFG | EXMEM_ALUResult/bit3/DFF0/q_reg_60[0]        |                  |                3 |              8 |         2.67 |
|  clk_IBUF_BUFG | EXMEM_ALUResult/bit3/DFF0/q_reg_59[0]        |                  |                8 |              8 |         1.00 |
|  clk_IBUF_BUFG | EXMEM_ALUResult/bit3/DFF0/q_reg_64[0]        |                  |                4 |              8 |         2.00 |
|  clk_IBUF_BUFG | EXMEM_ALUResult/bit3/DFF0/q_reg_53[0]        |                  |                3 |              8 |         2.67 |
|  clk_IBUF_BUFG | EXMEM_ALUResult/bit3/DFF0/q_reg_19[0]        |                  |                3 |              8 |         2.67 |
|  clk_IBUF_BUFG | EXMEM_ALUResult/bit3/DFF0/q_reg_46[0]        |                  |                8 |              8 |         1.00 |
|  clk_IBUF_BUFG | EXMEM_ALUResult/bit3/DFF0/q_reg_69[0]        |                  |                6 |              8 |         1.33 |
|  clk_IBUF_BUFG | EXMEM_ALUResult/bit3/DFF0/q_reg_22[0]        |                  |                3 |              8 |         2.67 |
|  clk_IBUF_BUFG | EXMEM_ALUResult/bit3/DFF0/q_reg_79[0]        |                  |                8 |              8 |         1.00 |
|  clk_IBUF_BUFG | EXMEM_ALUResult/bit3/DFF0/q_reg_87[0]        |                  |                6 |              8 |         1.33 |
|  clk_IBUF_BUFG | EXMEM_ALUResult/bit3/DFF0/q_reg_81[0]        |                  |                7 |              8 |         1.14 |
|  clk_IBUF_BUFG | EXMEM_ALUResult/bit3/DFF0/q_reg_96[0]        |                  |                3 |              8 |         2.67 |
|  clk_IBUF_BUFG | EXMEM_ALUResult/bit3/DFF0/q_reg_84[0]        |                  |                8 |              8 |         1.00 |
|  clk_IBUF_BUFG | EXMEM_ALUResult/bit3/DFF0/q_reg_85[0]        |                  |                6 |              8 |         1.33 |
|  clk_IBUF_BUFG | EXMEM_ALUResult/bit3/DFF0/q_reg_91[0]        |                  |                3 |              8 |         2.67 |
|  clk_IBUF_BUFG | EXMEM_ALUResult/bit3/DFF0/q_reg_71[0]        |                  |                8 |              8 |         1.00 |
|  clk_IBUF_BUFG | EXMEM_ALUResult/bit3/DFF0/q_reg_73[0]        |                  |                3 |              8 |         2.67 |
|  clk_IBUF_BUFG | EXMEM_ALUResult/bit3/DFF0/q_reg_72[0]        |                  |                4 |              8 |         2.00 |
|  clk_IBUF_BUFG | EXMEM_ALUResult/bit3/DFF0/q_reg_88[0]        |                  |                4 |              8 |         2.00 |
|  clk_IBUF_BUFG | EXMEM_ALUResult/bit3/DFF0/q_reg_80[0]        |                  |                3 |              8 |         2.67 |
|  clk_IBUF_BUFG | EXMEM_ALUResult/bit3/DFF0/q_reg_82[0]        |                  |                3 |              8 |         2.67 |
|  clk_IBUF_BUFG | EXMEM_ALUResult/bit3/DFF0/q_reg_70[0]        |                  |                3 |              8 |         2.67 |
|  clk_IBUF_BUFG | EXMEM_ALUResult/bit3/DFF0/q_reg_92[0]        |                  |                3 |              8 |         2.67 |
|  clk_IBUF_BUFG | EXMEM_ALUResult/bit3/DFF0/q_reg_76[0]        |                  |                8 |              8 |         1.00 |
|  clk_IBUF_BUFG | EXMEM_ALUResult/bit3/DFF0/q_reg_89[0]        |                  |                6 |              8 |         1.33 |
|  clk_IBUF_BUFG | EXMEM_ALUResult/bit3/DFF0/q_reg_77[0]        |                  |                1 |              8 |         8.00 |
|  clk_IBUF_BUFG | EXMEM_ALUResult/bit3/DFF0/q_reg_74[0]        |                  |                4 |              8 |         2.00 |
|  clk_IBUF_BUFG | EXMEM_ALUResult/bit3/DFF0/q_reg_83[0]        |                  |                3 |              8 |         2.67 |
|  clk_IBUF_BUFG | EXMEM_ALUResult/bit3/DFF0/q_reg_9[0]         |                  |                8 |              8 |         1.00 |
|  clk_IBUF_BUFG | EXMEM_ALUResult/bit3/DFF0/q_reg_78[0]        |                  |                2 |              8 |         4.00 |
|  clk_IBUF_BUFG | EXMEM_ALUResult/bit3/DFF0/q_reg_86[0]        |                  |                7 |              8 |         1.14 |
|  clk_IBUF_BUFG | EXMEM_ALUResult/bit3/DFF0/q_reg_90[0]        |                  |                3 |              8 |         2.67 |
|  clk_IBUF_BUFG | EXMEM_ALUResult/bit3/DFF0/q_reg_75[0]        |                  |                4 |              8 |         2.00 |
|  clk_IBUF_BUFG | EXMEM_ALUResult/bit3/DFF0/q_reg_rep_8[0]     |                  |                4 |              8 |         2.00 |
|  clk_IBUF_BUFG | EXMEM_ALUResult/bit3/DFF0/q_reg_rep__10_2[0] |                  |                4 |              8 |         2.00 |
|  clk_IBUF_BUFG | EXMEM_ALUResult/bit3/DFF0/q_reg_rep__10_3[0] |                  |                4 |              8 |         2.00 |
|  clk_IBUF_BUFG | EXMEM_ALUResult/bit3/DFF0/q_reg_rep__11_2[0] |                  |                4 |              8 |         2.00 |
|  clk_IBUF_BUFG | EXMEM_ALUResult/bit3/DFF0/q_reg_rep__10_1[0] |                  |                5 |              8 |         1.60 |
|  clk_IBUF_BUFG | EXMEM_ALUResult/bit3/DFF0/q_reg_rep__11_5[0] |                  |                2 |              8 |         4.00 |
|  clk_IBUF_BUFG | EXMEM_ALUResult/bit3/DFF0/q_reg_rep__11_6[0] |                  |                3 |              8 |         2.67 |
|  clk_IBUF_BUFG | EXMEM_ALUResult/bit3/DFF0/q_reg_rep__11_4[0] |                  |                4 |              8 |         2.00 |
|  clk_IBUF_BUFG | EXMEM_ALUResult/bit3/DFF0/q_reg_rep__10_4[0] |                  |                8 |              8 |         1.00 |
|  clk_IBUF_BUFG | EXMEM_ALUResult/bit3/DFF0/q_reg_rep__10_6[0] |                  |                2 |              8 |         4.00 |
|  clk_IBUF_BUFG | EXMEM_ALUResult/bit3/DFF0/q_reg_rep__10_5[0] |                  |                5 |              8 |         1.60 |
|  clk_IBUF_BUFG | EXMEM_ALUResult/bit3/DFF0/q_reg_rep__10_7[0] |                  |                4 |              8 |         2.00 |
|  clk_IBUF_BUFG | EXMEM_ALUResult/bit3/DFF0/q_reg_rep__11_3[0] |                  |                3 |              8 |         2.67 |
|  clk_IBUF_BUFG | EXMEM_ALUResult/bit3/DFF0/q_reg_rep__10_8[0] |                  |                8 |              8 |         1.00 |
|  clk_IBUF_BUFG | EXMEM_ALUResult/bit3/DFF0/q_reg_rep__12_1[0] |                  |                3 |              8 |         2.67 |
|  clk_IBUF_BUFG | EXMEM_ALUResult/bit3/DFF0/q_reg_rep__13_4[0] |                  |                4 |              8 |         2.00 |
|  clk_IBUF_BUFG | EXMEM_ALUResult/bit3/DFF0/q_reg_rep__12_9[0] |                  |                8 |              8 |         1.00 |
|  clk_IBUF_BUFG | EXMEM_ALUResult/bit3/DFF0/q_reg_rep__12_6[0] |                  |                2 |              8 |         4.00 |
|  clk_IBUF_BUFG | EXMEM_ALUResult/bit3/DFF0/q_reg_rep__12_5[0] |                  |                2 |              8 |         4.00 |
|  clk_IBUF_BUFG | EXMEM_ALUResult/bit3/DFF0/q_reg_rep__13_5[0] |                  |                3 |              8 |         2.67 |
|  clk_IBUF_BUFG | EXMEM_ALUResult/bit3/DFF0/q_reg_rep__12_2[0] |                  |                3 |              8 |         2.67 |
|  clk_IBUF_BUFG | EXMEM_ALUResult/bit3/DFF0/q_reg_rep__12_3[0] |                  |                2 |              8 |         4.00 |
|  clk_IBUF_BUFG | EXMEM_ALUResult/bit3/DFF0/q_reg_rep__12_8[0] |                  |                4 |              8 |         2.00 |
|  clk_IBUF_BUFG | EXMEM_ALUResult/bit3/DFF0/q_reg_rep__13_2[0] |                  |                4 |              8 |         2.00 |
|  clk_IBUF_BUFG | EXMEM_ALUResult/bit3/DFF0/q_reg_rep__13_3[0] |                  |                6 |              8 |         1.33 |
|  clk_IBUF_BUFG | EXMEM_ALUResult/bit3/DFF0/q_reg_rep__16_9[0] |                  |                8 |              8 |         1.00 |
|  clk_IBUF_BUFG | EXMEM_ALUResult/bit3/DFF0/q_reg_rep__16_3[0] |                  |                3 |              8 |         2.67 |
|  clk_IBUF_BUFG | EXMEM_ALUResult/bit3/DFF0/q_reg_rep__16_8[0] |                  |                3 |              8 |         2.67 |
|  clk_IBUF_BUFG | EXMEM_ALUResult/bit3/DFF0/q_reg_rep__14_8[0] |                  |                8 |              8 |         1.00 |
|  clk_IBUF_BUFG | EXMEM_ALUResult/bit3/DFF0/q_reg_rep__14_6[0] |                  |                3 |              8 |         2.67 |
|  clk_IBUF_BUFG | EXMEM_ALUResult/bit3/DFF0/q_reg_rep__14_5[0] |                  |                4 |              8 |         2.00 |
|  clk_IBUF_BUFG | EXMEM_ALUResult/bit3/DFF0/q_reg_rep__16_5[0] |                  |                6 |              8 |         1.33 |
|  clk_IBUF_BUFG | EXMEM_ALUResult/bit3/DFF0/q_reg_rep__16_7[0] |                  |                8 |              8 |         1.00 |
|  clk_IBUF_BUFG | EXMEM_ALUResult/bit3/DFF0/q_reg_rep__14_9[0] |                  |                7 |              8 |         1.14 |
|  clk_IBUF_BUFG | EXMEM_ALUResult/bit3/DFF0/q_reg_rep__16_6[0] |                  |                4 |              8 |         2.00 |
|  clk_IBUF_BUFG | EXMEM_ALUResult/bit3/DFF0/q_reg_rep__16_4[0] |                  |                8 |              8 |         1.00 |
|  clk_IBUF_BUFG | EXMEM_ALUResult/bit3/DFF0/q_reg_rep__1_14[0] |                  |                3 |              8 |         2.67 |
|  clk_IBUF_BUFG | EXMEM_ALUResult/bit3/DFF0/q_reg_rep__1_15[0] |                  |                3 |              8 |         2.67 |
|  clk_IBUF_BUFG | EXMEM_ALUResult/bit3/DFF0/q_reg_rep__1_7[0]  |                  |                3 |              8 |         2.67 |
|  clk_IBUF_BUFG | EXMEM_ALUResult/bit3/DFF0/q_reg_rep__1_8[0]  |                  |                5 |              8 |         1.60 |
|  clk_IBUF_BUFG | EXMEM_ALUResult/bit3/DFF0/q_reg_rep__1_9[0]  |                  |                5 |              8 |         1.60 |
|  clk_IBUF_BUFG | EXMEM_ALUResult/bit3/DFF0/q_reg_rep__2_24[0] |                  |                5 |              8 |         1.60 |
|  clk_IBUF_BUFG | EXMEM_ALUResult/bit3/DFF0/q_reg_rep__2_23[0] |                  |                4 |              8 |         2.00 |
|  clk_IBUF_BUFG | EXMEM_ALUResult/bit3/DFF0/q_reg_rep__2_31[0] |                  |                4 |              8 |         2.00 |
|  clk_IBUF_BUFG | EXMEM_ALUResult/bit3/DFF0/q_reg_rep__2_12[0] |                  |                3 |              8 |         2.67 |
|  clk_IBUF_BUFG | EXMEM_ALUResult/bit3/DFF0/q_reg_rep__2_25[0] |                  |                6 |              8 |         1.33 |
|  clk_IBUF_BUFG | EXMEM_ALUResult/bit3/DFF0/q_reg_rep__2_28[0] |                  |                8 |              8 |         1.00 |
|  clk_IBUF_BUFG | EXMEM_ALUResult/bit3/DFF0/q_reg_rep__2_27[0] |                  |                2 |              8 |         4.00 |
|  clk_IBUF_BUFG | EXMEM_ALUResult/bit3/DFF0/q_reg_rep__2_26[0] |                  |                2 |              8 |         4.00 |
|  clk_IBUF_BUFG | EXMEM_ALUResult/bit3/DFF0/q_reg_rep__2_29[0] |                  |                4 |              8 |         2.00 |
|  clk_IBUF_BUFG | EXMEM_ALUResult/bit3/DFF0/q_reg_rep__2_10[0] |                  |                3 |              8 |         2.67 |
|  clk_IBUF_BUFG | EXMEM_ALUResult/bit3/DFF0/q_reg_rep__2_30[0] |                  |                2 |              8 |         4.00 |
|  clk_IBUF_BUFG | EXMEM_ALUResult/bit3/DFF0/q_reg_rep__4_1[0]  |                  |                3 |              8 |         2.67 |
|  clk_IBUF_BUFG | EXMEM_ALUResult/bit3/DFF0/q_reg_rep__3_9[0]  |                  |                8 |              8 |         1.00 |
|  clk_IBUF_BUFG | EXMEM_ALUResult/bit3/DFF0/q_reg_rep__3_2[0]  |                  |                4 |              8 |         2.00 |
|  clk_IBUF_BUFG | EXMEM_ALUResult/bit3/DFF0/q_reg_rep__4_10[0] |                  |                3 |              8 |         2.67 |
|  clk_IBUF_BUFG | EXMEM_ALUResult/bit3/DFF0/q_reg_rep__3_8[0]  |                  |                5 |              8 |         1.60 |
|  clk_IBUF_BUFG | EXMEM_ALUResult/bit3/DFF0/q_reg_rep__3_5[0]  |                  |                3 |              8 |         2.67 |
|  clk_IBUF_BUFG | EXMEM_ALUResult/bit3/DFF0/q_reg_rep__3_4[0]  |                  |                8 |              8 |         1.00 |
|  clk_IBUF_BUFG | EXMEM_ALUResult/bit3/DFF0/q_reg_rep__3_6[0]  |                  |                7 |              8 |         1.14 |
|  clk_IBUF_BUFG | EXMEM_ALUResult/bit3/DFF0/q_reg_rep__3_7[0]  |                  |                8 |              8 |         1.00 |
|  clk_IBUF_BUFG | EXMEM_ALUResult/bit3/DFF0/q_reg_rep__6_10[0] |                  |                3 |              8 |         2.67 |
|  clk_IBUF_BUFG | EXMEM_ALUResult/bit3/DFF0/q_reg_rep__4_7[0]  |                  |                8 |              8 |         1.00 |
|  clk_IBUF_BUFG | EXMEM_ALUResult/bit3/DFF0/q_reg_rep__4_9[0]  |                  |                4 |              8 |         2.00 |
|  clk_IBUF_BUFG | EXMEM_ALUResult/bit3/DFF0/q_reg_rep__4_5[0]  |                  |                8 |              8 |         1.00 |
|  clk_IBUF_BUFG | EXMEM_ALUResult/bit3/DFF0/q_reg_rep__4_8[0]  |                  |                6 |              8 |         1.33 |
|  clk_IBUF_BUFG | EXMEM_ALUResult/bit3/DFF0/q_reg_rep__4_3[0]  |                  |                4 |              8 |         2.00 |
|  clk_IBUF_BUFG | EXMEM_ALUResult/bit3/DFF0/q_reg_rep__4_6[0]  |                  |                3 |              8 |         2.67 |
|  clk_IBUF_BUFG | EXMEM_ALUResult/bit3/DFF0/q_reg_rep__4_4[0]  |                  |                3 |              8 |         2.67 |
|  clk_IBUF_BUFG | EXMEM_ALUResult/bit3/DFF0/q_reg_rep__6_12[0] |                  |                2 |              8 |         4.00 |
|  clk_IBUF_BUFG | EXMEM_ALUResult/bit3/DFF0/q_reg_rep__6_8[0]  |                  |                3 |              8 |         2.67 |
|  clk_IBUF_BUFG | EXMEM_ALUResult/bit3/DFF0/q_reg_rep__6_5[0]  |                  |                5 |              8 |         1.60 |
|  clk_IBUF_BUFG | EXMEM_ALUResult/bit3/DFF0/q_reg_rep__6_4[0]  |                  |                3 |              8 |         2.67 |
|  clk_IBUF_BUFG | EXMEM_ALUResult/bit3/DFF0/q_reg_rep__6_11[0] |                  |                4 |              8 |         2.00 |
|  clk_IBUF_BUFG | EXMEM_ALUResult/bit3/DFF0/q_reg_rep__6_6[0]  |                  |                2 |              8 |         4.00 |
|  clk_IBUF_BUFG | EXMEM_ALUResult/bit3/DFF0/q_reg_rep__6_7[0]  |                  |                3 |              8 |         2.67 |
|  clk_IBUF_BUFG | EXMEM_ALUResult/bit3/DFF0/q_reg_rep__6_9[0]  |                  |                4 |              8 |         2.00 |
|  clk_IBUF_BUFG | EXMEM_ALUResult/bit3/DFF0/q_reg_rep__8_1[0]  |                  |                5 |              8 |         1.60 |
|  clk_IBUF_BUFG | EXMEM_ALUResult/bit3/DFF0/q_reg_rep__8_2[0]  |                  |                3 |              8 |         2.67 |
|  clk_IBUF_BUFG | EXMEM_ALUResult/bit3/DFF0/q_reg_rep__9_2[0]  |                  |                4 |              8 |         2.00 |
|  clk_IBUF_BUFG | EXMEM_ALUResult/bit4/DFF0/q_reg_rep__5_17[0] |                  |                3 |              8 |         2.67 |
|  clk_IBUF_BUFG | EXMEM_ALUResult/bit4/DFF0/q_reg_rep__5_7[0]  |                  |                4 |              8 |         2.00 |
|  clk_IBUF_BUFG | EXMEM_ALUResult/bit4/DFF0/q_reg_rep__5_14[0] |                  |                3 |              8 |         2.67 |
|  clk_IBUF_BUFG | EXMEM_ALUResult/bit4/DFF0/q_reg_rep__5_19[0] |                  |                4 |              8 |         2.00 |
|  clk_IBUF_BUFG | EXMEM_ALUResult/bit4/DFF0/q_reg_rep__5_18[0] |                  |                3 |              8 |         2.67 |
|  clk_IBUF_BUFG | EXMEM_ALUResult/bit4/DFF0/q_reg_rep__5_22[0] |                  |                4 |              8 |         2.00 |
|  clk_IBUF_BUFG | EXMEM_ALUResult/bit4/DFF0/q_reg_rep__7_2[0]  |                  |                5 |              8 |         1.60 |
|  clk_IBUF_BUFG | EXMEM_ALUResult/bit4/DFF0/q_reg_rep__5_16[0] |                  |                3 |              8 |         2.67 |
|  clk_IBUF_BUFG | EXMEM_ALUResult/bit4/DFF0/q_reg_rep__5_5[0]  |                  |                3 |              8 |         2.67 |
|  clk_IBUF_BUFG | EXMEM_ALUResult/bit4/DFF0/q_reg_rep__5_21[0] |                  |                8 |              8 |         1.00 |
|  clk_IBUF_BUFG | EXMEM_ALUResult/bit4/DFF0/q_reg_rep__5_23[0] |                  |                3 |              8 |         2.67 |
|  clk_IBUF_BUFG | EXMEM_ALUResult/bit4/DFF0/q_reg_rep__5_20[0] |                  |                1 |              8 |         8.00 |
|  clk_IBUF_BUFG | EXMEM_ALUResult/bit4/DFF0/q_reg_rep__5_15[0] |                  |                5 |              8 |         1.60 |
|  clk_IBUF_BUFG | EXMEM_ALUResult/bit4/DFF0/q_reg_rep__5_24[0] |                  |                8 |              8 |         1.00 |
|  clk_IBUF_BUFG | EXMEM_ALUResult/bit5/DFF0/q_reg_91[0]        |                  |                6 |              8 |         1.33 |
|  clk_IBUF_BUFG | EXMEM_ALUResult/bit5/DFF0/q_reg_1[0]         |                  |                3 |              8 |         2.67 |
|  clk_IBUF_BUFG | EXMEM_ALUResult/bit5/DFF0/q_reg_24[0]        |                  |                4 |              8 |         2.00 |
|  clk_IBUF_BUFG | EXMEM_ALUResult/bit5/DFF0/q_reg_16[0]        |                  |                5 |              8 |         1.60 |
|  clk_IBUF_BUFG | EXMEM_ALUResult/bit5/DFF0/q_reg_2[0]         |                  |                6 |              8 |         1.33 |
|  clk_IBUF_BUFG | EXMEM_ALUResult/bit5/DFF0/q_reg_18[0]        |                  |                4 |              8 |         2.00 |
|  clk_IBUF_BUFG | EXMEM_ALUResult/bit5/DFF0/q_reg_17[0]        |                  |                3 |              8 |         2.67 |
|  clk_IBUF_BUFG | EXMEM_ALUResult/bit5/DFF0/q_reg_20[0]        |                  |                3 |              8 |         2.67 |
|  clk_IBUF_BUFG | EXMEM_ALUResult/bit5/DFF0/q_reg_105[0]       |                  |                3 |              8 |         2.67 |
|  clk_IBUF_BUFG | EXMEM_ALUResult/bit5/DFF0/q_reg_15[0]        |                  |                3 |              8 |         2.67 |
|  clk_IBUF_BUFG | EXMEM_ALUResult/bit5/DFF0/q_reg_13[0]        |                  |                3 |              8 |         2.67 |
|  clk_IBUF_BUFG | EXMEM_ALUResult/bit5/DFF0/q_reg_19[0]        |                  |                3 |              8 |         2.67 |
|  clk_IBUF_BUFG | EXMEM_ALUResult/bit5/DFF0/q_reg_22[0]        |                  |                3 |              8 |         2.67 |
|  clk_IBUF_BUFG | EXMEM_ALUResult/bit5/DFF0/q_reg_25[0]        |                  |                3 |              8 |         2.67 |
|  clk_IBUF_BUFG | EXMEM_ALUResult/bit5/DFF0/q_reg_40[0]        |                  |                3 |              8 |         2.67 |
|  clk_IBUF_BUFG | EXMEM_ALUResult/bit5/DFF0/q_reg_32[0]        |                  |                5 |              8 |         1.60 |
|  clk_IBUF_BUFG | EXMEM_ALUResult/bit5/DFF0/q_reg_36[0]        |                  |                2 |              8 |         4.00 |
|  clk_IBUF_BUFG | EXMEM_ALUResult/bit5/DFF0/q_reg_37[0]        |                  |                2 |              8 |         4.00 |
|  clk_IBUF_BUFG | EXMEM_ALUResult/bit5/DFF0/q_reg_38[0]        |                  |                3 |              8 |         2.67 |
|  clk_IBUF_BUFG | EXMEM_ALUResult/bit5/DFF0/q_reg_39[0]        |                  |                3 |              8 |         2.67 |
|  clk_IBUF_BUFG | EXMEM_ALUResult/bit5/DFF0/q_reg_4[0]         |                  |                3 |              8 |         2.67 |
|  clk_IBUF_BUFG | EXMEM_ALUResult/bit5/DFF0/q_reg_3[0]         |                  |                8 |              8 |         1.00 |
|  clk_IBUF_BUFG | EXMEM_ALUResult/bit5/DFF0/q_reg_33[0]        |                  |                3 |              8 |         2.67 |
|  clk_IBUF_BUFG | EXMEM_ALUResult/bit5/DFF0/q_reg_72[0]        |                  |                6 |              8 |         1.33 |
|  clk_IBUF_BUFG | EXMEM_ALUResult/bit5/DFF0/q_reg_73[0]        |                  |                3 |              8 |         2.67 |
|  clk_IBUF_BUFG | EXMEM_ALUResult/bit5/DFF0/q_reg_74[0]        |                  |                3 |              8 |         2.67 |
|  clk_IBUF_BUFG | EXMEM_ALUResult/bit5/DFF0/q_reg_77[0]        |                  |                3 |              8 |         2.67 |
|  clk_IBUF_BUFG | EXMEM_ALUResult/bit5/DFF0/q_reg_75[0]        |                  |                3 |              8 |         2.67 |
|  clk_IBUF_BUFG | EXMEM_ALUResult/bit5/DFF0/q_reg_68[0]        |                  |                4 |              8 |         2.00 |
|  clk_IBUF_BUFG | EXMEM_ALUResult/bit5/DFF0/q_reg_78[0]        |                  |                3 |              8 |         2.67 |
|  clk_IBUF_BUFG | EXMEM_ALUResult/bit5/DFF0/q_reg_50[0]        |                  |                4 |              8 |         2.00 |
|  clk_IBUF_BUFG | EXMEM_ALUResult/bit5/DFF0/q_reg_41[0]        |                  |                3 |              8 |         2.67 |
|  clk_IBUF_BUFG | EXMEM_ALUResult/bit5/DFF0/q_reg_46[0]        |                  |                2 |              8 |         4.00 |
|  clk_IBUF_BUFG | EXMEM_ALUResult/bit5/DFF0/q_reg_44[0]        |                  |                3 |              8 |         2.67 |
|  clk_IBUF_BUFG | EXMEM_ALUResult/bit5/DFF0/q_reg_49[0]        |                  |                8 |              8 |         1.00 |
|  clk_IBUF_BUFG | EXMEM_ALUResult/bit5/DFF0/q_reg_6[0]         |                  |                2 |              8 |         4.00 |
|  clk_IBUF_BUFG | EXMEM_ALUResult/bit5/DFF0/q_reg_51[0]        |                  |                3 |              8 |         2.67 |
|  clk_IBUF_BUFG | EXMEM_ALUResult/bit5/DFF0/q_reg_43[0]        |                  |                3 |              8 |         2.67 |
|  clk_IBUF_BUFG | EXMEM_ALUResult/bit5/DFF0/q_reg_47[0]        |                  |                8 |              8 |         1.00 |
|  clk_IBUF_BUFG | EXMEM_ALUResult/bit5/DFF0/q_reg_61[0]        |                  |                4 |              8 |         2.00 |
|  clk_IBUF_BUFG | EXMEM_ALUResult/bit5/DFF0/q_reg_58[0]        |                  |                3 |              8 |         2.67 |
|  clk_IBUF_BUFG | EXMEM_ALUResult/bit5/DFF0/q_reg_62[0]        |                  |                8 |              8 |         1.00 |
|  clk_IBUF_BUFG | EXMEM_ALUResult/bit5/DFF0/q_reg_63[0]        |                  |                5 |              8 |         1.60 |
|  clk_IBUF_BUFG | EXMEM_ALUResult/bit5/DFF0/q_reg_65[0]        |                  |                3 |              8 |         2.67 |
|  clk_IBUF_BUFG | EXMEM_ALUResult/bit5/DFF0/q_reg_66[0]        |                  |                8 |              8 |         1.00 |
|  clk_IBUF_BUFG | EXMEM_ALUResult/bit5/DFF0/q_reg_57[0]        |                  |                3 |              8 |         2.67 |
|  clk_IBUF_BUFG | EXMEM_ALUResult/bit5/DFF0/q_reg_67[0]        |                  |                4 |              8 |         2.00 |
|  clk_IBUF_BUFG | EXMEM_ALUResult/bit5/DFF0/q_reg_70[0]        |                  |                2 |              8 |         4.00 |
|  clk_IBUF_BUFG | EXMEM_ALUResult/bit5/DFF0/q_reg_59[0]        |                  |                3 |              8 |         2.67 |
|  clk_IBUF_BUFG | EXMEM_ALUResult/bit5/DFF0/q_reg_64[0]        |                  |                5 |              8 |         1.60 |
|  clk_IBUF_BUFG | EXMEM_ALUResult/bit5/DFF0/q_reg_76[0]        |                  |                3 |              8 |         2.67 |
|  clk_IBUF_BUFG | EXMEM_ALUResult/bit5/DFF0/q_reg_71[0]        |                  |                2 |              8 |         4.00 |
|  clk_IBUF_BUFG | EXMEM_ALUResult/bit5/DFF0/q_reg_54[0]        |                  |                4 |              8 |         2.00 |
|  clk_IBUF_BUFG | EXMEM_ALUResult/bit5/DFF0/q_reg_60[0]        |                  |                3 |              8 |         2.67 |
|  clk_IBUF_BUFG | EXMEM_ALUResult/bit5/DFF0/q_reg_42[0]        |                  |                2 |              8 |         4.00 |
|  clk_IBUF_BUFG | EXMEM_ALUResult/bit5/DFF0/q_reg_45[0]        |                  |                2 |              8 |         4.00 |
|  clk_IBUF_BUFG | EXMEM_ALUResult/bit5/DFF0/q_reg_52[0]        |                  |                3 |              8 |         2.67 |
|  clk_IBUF_BUFG | EXMEM_ALUResult/bit5/DFF0/q_reg_69[0]        |                  |                6 |              8 |         1.33 |
|  clk_IBUF_BUFG | EXMEM_ALUResult/bit5/DFF0/q_reg_5[0]         |                  |                4 |              8 |         2.00 |
|  clk_IBUF_BUFG | EXMEM_ALUResult/bit5/DFF0/q_reg_7[0]         |                  |                6 |              8 |         1.33 |
|  clk_IBUF_BUFG | EXMEM_ALUResult/bit5/DFF0/q_reg_80[0]        |                  |                5 |              8 |         1.60 |
|  clk_IBUF_BUFG | EXMEM_ALUResult/bit5/DFF0/q_reg_82[0]        |                  |                3 |              8 |         2.67 |
|  clk_IBUF_BUFG | EXMEM_ALUResult/bit5/DFF0/q_reg_84[0]        |                  |                3 |              8 |         2.67 |
|  clk_IBUF_BUFG | EXMEM_ALUResult/bit5/DFF0/q_reg_79[0]        |                  |                6 |              8 |         1.33 |
|  clk_IBUF_BUFG | EXMEM_ALUResult/bit5/DFF0/q_reg_86[0]        |                  |                2 |              8 |         4.00 |
|  clk_IBUF_BUFG | EXMEM_ALUResult/bit5/DFF0/q_reg_81[0]        |                  |                4 |              8 |         2.00 |
|  clk_IBUF_BUFG | EXMEM_ALUResult/bit5/DFF0/q_reg_85[0]        |                  |                3 |              8 |         2.67 |
|  clk_IBUF_BUFG | EXMEM_ALUResult/bit5/DFF0/q_reg_83[0]        |                  |                3 |              8 |         2.67 |
|  clk_IBUF_BUFG | EXMEM_ALUResult/bit5/DFF0/q_reg_rep_12[0]    |                  |                3 |              8 |         2.67 |
|  clk_IBUF_BUFG | EXMEM_ALUResult/bit5/DFF0/q_reg_rep_13[0]    |                  |                3 |              8 |         2.67 |
|  clk_IBUF_BUFG | EXMEM_ALUResult/bit5/DFF0/q_reg_rep_10[0]    |                  |                3 |              8 |         2.67 |
|  clk_IBUF_BUFG | EXMEM_ALUResult/bit5/DFF0/q_reg_rep_11[0]    |                  |                4 |              8 |         2.00 |
|  clk_IBUF_BUFG | EXMEM_ALUResult/bit5/DFF0/q_reg_rep_8[0]     |                  |                6 |              8 |         1.33 |
|  clk_IBUF_BUFG | EXMEM_ALUResult/bit5/DFF0/q_reg_rep__10[0]   |                  |                3 |              8 |         2.67 |
|  clk_IBUF_BUFG | EXMEM_ALUResult/bit5/DFF0/q_reg_rep__10_0[0] |                  |                8 |              8 |         1.00 |
|  clk_IBUF_BUFG | EXMEM_ALUResult/bit5/DFF0/q_reg_rep__10_2[0] |                  |                8 |              8 |         1.00 |
|  clk_IBUF_BUFG | EXMEM_ALUResult/bit5/DFF0/q_reg_rep__13_1[0] |                  |                6 |              8 |         1.33 |
|  clk_IBUF_BUFG | EXMEM_ALUResult/bit5/DFF0/q_reg_rep__13_2[0] |                  |                4 |              8 |         2.00 |
|  clk_IBUF_BUFG | EXMEM_ALUResult/bit5/DFF0/q_reg_rep__13_3[0] |                  |                6 |              8 |         1.33 |
|  clk_IBUF_BUFG | EXMEM_ALUResult/bit5/DFF0/q_reg_rep__10_1[0] |                  |                5 |              8 |         1.60 |
|  clk_IBUF_BUFG | EXMEM_ALUResult/bit5/DFF0/q_reg_rep__11[0]   |                  |                3 |              8 |         2.67 |
|  clk_IBUF_BUFG | EXMEM_ALUResult/bit5/DFF0/q_reg_rep__11_2[0] |                  |                2 |              8 |         4.00 |
|  clk_IBUF_BUFG | EXMEM_ALUResult/bit5/DFF0/q_reg_rep__11_5[0] |                  |                4 |              8 |         2.00 |
|  clk_IBUF_BUFG | EXMEM_ALUResult/bit5/DFF0/q_reg_rep__11_1[0] |                  |                3 |              8 |         2.67 |
|  clk_IBUF_BUFG | EXMEM_ALUResult/bit5/DFF0/q_reg_rep__12_0[0] |                  |                2 |              8 |         4.00 |
|  clk_IBUF_BUFG | EXMEM_ALUResult/bit5/DFF0/q_reg_rep__11_4[0] |                  |                3 |              8 |         2.67 |
|  clk_IBUF_BUFG | EXMEM_ALUResult/bit5/DFF0/q_reg_rep__12[0]   |                  |                3 |              8 |         2.67 |
|  clk_IBUF_BUFG | EXMEM_ALUResult/bit5/DFF0/q_reg_rep__12_4[0] |                  |                5 |              8 |         1.60 |
|  clk_IBUF_BUFG | EXMEM_ALUResult/bit5/DFF0/q_reg_rep__12_8[0] |                  |                3 |              8 |         2.67 |
|  clk_IBUF_BUFG | EXMEM_ALUResult/bit5/DFF0/q_reg_rep__11_7[0] |                  |                8 |              8 |         1.00 |
|  clk_IBUF_BUFG | EXMEM_ALUResult/bit5/DFF0/q_reg_rep__11_6[0] |                  |                3 |              8 |         2.67 |
|  clk_IBUF_BUFG | EXMEM_ALUResult/bit5/DFF0/q_reg_rep__12_3[0] |                  |                4 |              8 |         2.00 |
|  clk_IBUF_BUFG | EXMEM_ALUResult/bit5/DFF0/q_reg_rep__12_7[0] |                  |                8 |              8 |         1.00 |
|  clk_IBUF_BUFG | EXMEM_ALUResult/bit5/DFF0/q_reg_rep__11_0[0] |                  |                2 |              8 |         4.00 |
|  clk_IBUF_BUFG | EXMEM_ALUResult/bit5/DFF0/q_reg_rep__11_3[0] |                  |                3 |              8 |         2.67 |
|  clk_IBUF_BUFG | EXMEM_ALUResult/bit5/DFF0/q_reg_rep__12_1[0] |                  |                6 |              8 |         1.33 |
|  clk_IBUF_BUFG | EXMEM_ALUResult/bit5/DFF0/q_reg_rep__13[0]   |                  |                2 |              8 |         4.00 |
|  clk_IBUF_BUFG | EXMEM_ALUResult/bit5/DFF0/q_reg_rep__12_2[0] |                  |                5 |              8 |         1.60 |
|  clk_IBUF_BUFG | EXMEM_ALUResult/bit5/DFF0/q_reg_rep__13_0[0] |                  |                6 |              8 |         1.33 |
|  clk_IBUF_BUFG | EXMEM_ALUResult/bit5/DFF0/q_reg_rep__12_6[0] |                  |                2 |              8 |         4.00 |
|  clk_IBUF_BUFG | EXMEM_ALUResult/bit5/DFF0/q_reg_rep__12_5[0] |                  |                2 |              8 |         4.00 |
|  clk_IBUF_BUFG | EXMEM_ALUResult/bit5/DFF0/q_reg_rep__1_10[0] |                  |                8 |              8 |         1.00 |
|  clk_IBUF_BUFG | EXMEM_ALUResult/bit5/DFF0/q_reg_rep__1_12[0] |                  |                5 |              8 |         1.60 |
|  clk_IBUF_BUFG | EXMEM_ALUResult/bit5/DFF0/q_reg_rep__1_11[0] |                  |                4 |              8 |         2.00 |
|  clk_IBUF_BUFG | EXMEM_ALUResult/bit5/DFF0/q_reg_rep__17_4[0] |                  |                8 |              8 |         1.00 |
|  clk_IBUF_BUFG | EXMEM_ALUResult/bit5/DFF0/q_reg_rep__1_16[0] |                  |                8 |              8 |         1.00 |
|  clk_IBUF_BUFG | EXMEM_ALUResult/bit5/DFF0/q_reg_rep__17_3[0] |                  |                3 |              8 |         2.67 |
|  clk_IBUF_BUFG | EXMEM_ALUResult/bit5/DFF0/q_reg_rep__1_14[0] |                  |                3 |              8 |         2.67 |
|  clk_IBUF_BUFG | EXMEM_ALUResult/bit5/DFF0/q_reg_rep__1_15[0] |                  |                4 |              8 |         2.00 |
|  clk_IBUF_BUFG | EXMEM_ALUResult/bit5/DFF0/q_reg_rep__1_13[0] |                  |                2 |              8 |         4.00 |
|  clk_IBUF_BUFG | EXMEM_ALUResult/bit5/DFF0/q_reg_rep__17_0[0] |                  |                5 |              8 |         1.60 |
|  clk_IBUF_BUFG | EXMEM_ALUResult/bit5/DFF0/q_reg_rep__17_1[0] |                  |                8 |              8 |         1.00 |
|  clk_IBUF_BUFG | EXMEM_ALUResult/bit5/DFF0/q_reg_rep__17_2[0] |                  |                8 |              8 |         1.00 |
|  clk_IBUF_BUFG | EXMEM_ALUResult/bit5/DFF0/q_reg_rep__2_20[0] |                  |                3 |              8 |         2.67 |
|  clk_IBUF_BUFG | EXMEM_ALUResult/bit5/DFF0/q_reg_rep__2_15[0] |                  |                3 |              8 |         2.67 |
|  clk_IBUF_BUFG | EXMEM_ALUResult/bit5/DFF0/q_reg_rep__2_10[0] |                  |                1 |              8 |         8.00 |
|  clk_IBUF_BUFG | EXMEM_ALUResult/bit5/DFF0/q_reg_rep__2_14[0] |                  |                4 |              8 |         2.00 |
|  clk_IBUF_BUFG | EXMEM_ALUResult/bit5/DFF0/q_reg_rep__2_13[0] |                  |                3 |              8 |         2.67 |
|  clk_IBUF_BUFG | EXMEM_ALUResult/bit5/DFF0/q_reg_rep__2_18[0] |                  |                3 |              8 |         2.67 |
|  clk_IBUF_BUFG | EXMEM_ALUResult/bit5/DFF0/q_reg_rep__2_4[0]  |                  |                3 |              8 |         2.67 |
|  clk_IBUF_BUFG | EXMEM_ALUResult/bit5/DFF0/q_reg_rep__3_13[0] |                  |                7 |              8 |         1.14 |
|  clk_IBUF_BUFG | EXMEM_ALUResult/bit5/DFF0/q_reg_rep__3_11[0] |                  |                4 |              8 |         2.00 |
|  clk_IBUF_BUFG | EXMEM_ALUResult/bit5/DFF0/q_reg_rep__3_12[0] |                  |                8 |              8 |         1.00 |
|  clk_IBUF_BUFG | EXMEM_ALUResult/bit5/DFF0/q_reg_rep__2_8[0]  |                  |                4 |              8 |         2.00 |
|  clk_IBUF_BUFG | EXMEM_ALUResult/bit5/DFF0/q_reg_rep__3_14[0] |                  |                3 |              8 |         2.67 |
|  clk_IBUF_BUFG | EXMEM_ALUResult/bit5/DFF0/q_reg_rep__2_6[0]  |                  |                4 |              8 |         2.00 |
|  clk_IBUF_BUFG | EXMEM_ALUResult/bit5/DFF0/q_reg_rep__3_10[0] |                  |                3 |              8 |         2.67 |
|  clk_IBUF_BUFG | EXMEM_ALUResult/bit5/DFF0/q_reg_rep__2_9[0]  |                  |                3 |              8 |         2.67 |
|  clk_IBUF_BUFG | EXMEM_ALUResult/bit5/DFF0/q_reg_rep__3_15[0] |                  |                8 |              8 |         1.00 |
|  clk_IBUF_BUFG | EXMEM_ALUResult/bit5/DFF0/q_reg_rep__4_11[0] |                  |                5 |              8 |         1.60 |
|  clk_IBUF_BUFG | EXMEM_ALUResult/bit5/DFF0/q_reg_rep__4_13[0] |                  |                8 |              8 |         1.00 |
|  clk_IBUF_BUFG | EXMEM_ALUResult/bit5/DFF0/q_reg_rep__4_15[0] |                  |                4 |              8 |         2.00 |
|  clk_IBUF_BUFG | EXMEM_ALUResult/bit5/DFF0/q_reg_rep__4_12[0] |                  |                8 |              8 |         1.00 |
|  clk_IBUF_BUFG | EXMEM_ALUResult/bit5/DFF0/q_reg_rep__4_14[0] |                  |                7 |              8 |         1.14 |
|  clk_IBUF_BUFG | EXMEM_ALUResult/bit5/DFF0/q_reg_rep__3_3[0]  |                  |                1 |              8 |         8.00 |
|  clk_IBUF_BUFG | EXMEM_ALUResult/bit5/DFF0/q_reg_rep__3_4[0]  |                  |                4 |              8 |         2.00 |
|  clk_IBUF_BUFG | EXMEM_ALUResult/bit5/DFF0/q_reg_rep__3_6[0]  |                  |                3 |              8 |         2.67 |
|  clk_IBUF_BUFG | EXMEM_ALUResult/bit5/DFF0/q_reg_rep__3_7[0]  |                  |                3 |              8 |         2.67 |
|  clk_IBUF_BUFG | EXMEM_ALUResult/bit5/DFF0/q_reg_rep__3_9[0]  |                  |                5 |              8 |         1.60 |
|  clk_IBUF_BUFG | EXMEM_ALUResult/bit5/DFF0/q_reg_rep__3_8[0]  |                  |                8 |              8 |         1.00 |
|  clk_IBUF_BUFG | EXMEM_ALUResult/bit5/DFF0/q_reg_rep__4_16[0] |                  |                5 |              8 |         1.60 |
|  clk_IBUF_BUFG | EXMEM_ALUResult/bit5/DFF0/q_reg_rep__4_17[0] |                  |                8 |              8 |         1.00 |
|  clk_IBUF_BUFG | EXMEM_ALUResult/bit5/DFF0/q_reg_rep__4_18[0] |                  |                2 |              8 |         4.00 |
|  clk_IBUF_BUFG | EXMEM_ALUResult/bit5/DFF0/q_reg_rep__3_5[0]  |                  |                5 |              8 |         1.60 |
|  clk_IBUF_BUFG | EXMEM_ALUResult/bit5/DFF0/q_reg_rep__5_14[0] |                  |                3 |              8 |         2.67 |
|  clk_IBUF_BUFG | EXMEM_ALUResult/bit5/DFF0/q_reg_rep__5_10[0] |                  |                3 |              8 |         2.67 |
|  clk_IBUF_BUFG | EXMEM_ALUResult/bit5/DFF0/q_reg_rep__5_17[0] |                  |                4 |              8 |         2.00 |
|  clk_IBUF_BUFG | EXMEM_ALUResult/bit5/DFF0/q_reg_rep__5_12[0] |                  |                2 |              8 |         4.00 |
|  clk_IBUF_BUFG | EXMEM_ALUResult/bit5/DFF0/q_reg_rep__5_26[0] |                  |                3 |              8 |         2.67 |
|  clk_IBUF_BUFG | EXMEM_ALUResult/bit5/DFF0/q_reg_rep__5_28[0] |                  |                3 |              8 |         2.67 |
|  clk_IBUF_BUFG | EXMEM_ALUResult/bit5/DFF0/q_reg_rep__5_30[0] |                  |                6 |              8 |         1.33 |
|  clk_IBUF_BUFG | EXMEM_ALUResult/bit5/DFF0/q_reg_rep__5_32[0] |                  |                3 |              8 |         2.67 |
|  clk_IBUF_BUFG | EXMEM_ALUResult/bit5/DFF0/q_reg_rep__5_34[0] |                  |                3 |              8 |         2.67 |
|  clk_IBUF_BUFG | EXMEM_ALUResult/bit5/DFF0/q_reg_rep__5_16[0] |                  |                3 |              8 |         2.67 |
|  clk_IBUF_BUFG | EXMEM_ALUResult/bit5/DFF0/q_reg_rep__5_23[0] |                  |                4 |              8 |         2.00 |
|  clk_IBUF_BUFG | EXMEM_ALUResult/bit5/DFF0/q_reg_rep__5_25[0] |                  |                6 |              8 |         1.33 |
|  clk_IBUF_BUFG | EXMEM_ALUResult/bit5/DFF0/q_reg_rep__5_21[0] |                  |                2 |              8 |         4.00 |
|  clk_IBUF_BUFG | EXMEM_ALUResult/bit5/DFF0/q_reg_rep__5_58[0] |                  |                2 |              8 |         4.00 |
|  clk_IBUF_BUFG | EXMEM_ALUResult/bit5/DFF0/q_reg_rep__5_45[0] |                  |                4 |              8 |         2.00 |
|  clk_IBUF_BUFG | EXMEM_ALUResult/bit5/DFF0/q_reg_rep__5_39[0] |                  |                4 |              8 |         2.00 |
|  clk_IBUF_BUFG | EXMEM_ALUResult/bit5/DFF0/q_reg_rep__5_59[0] |                  |                8 |              8 |         1.00 |
|  clk_IBUF_BUFG | EXMEM_ALUResult/bit5/DFF0/q_reg_rep__5_62[0] |                  |                3 |              8 |         2.67 |
|  clk_IBUF_BUFG | EXMEM_ALUResult/bit5/DFF0/q_reg_rep__5_52[0] |                  |                8 |              8 |         1.00 |
|  clk_IBUF_BUFG | EXMEM_ALUResult/bit5/DFF0/q_reg_rep__5_57[0] |                  |                8 |              8 |         1.00 |
|  clk_IBUF_BUFG | EXMEM_ALUResult/bit5/DFF0/q_reg_rep__5_46[0] |                  |                3 |              8 |         2.67 |
|  clk_IBUF_BUFG | EXMEM_ALUResult/bit5/DFF0/q_reg_rep__5_56[0] |                  |                8 |              8 |         1.00 |
|  clk_IBUF_BUFG | EXMEM_ALUResult/bit5/DFF0/q_reg_rep__5_63[0] |                  |                4 |              8 |         2.00 |
|  clk_IBUF_BUFG | EXMEM_ALUResult/bit5/DFF0/q_reg_rep__5_64[0] |                  |                2 |              8 |         4.00 |
|  clk_IBUF_BUFG | EXMEM_ALUResult/bit5/DFF0/q_reg_rep__5_38[0] |                  |                3 |              8 |         2.67 |
|  clk_IBUF_BUFG | EXMEM_ALUResult/bit5/DFF0/q_reg_rep__5_54[0] |                  |                2 |              8 |         4.00 |
|  clk_IBUF_BUFG | EXMEM_ALUResult/bit5/DFF0/q_reg_rep__5_55[0] |                  |                2 |              8 |         4.00 |
|  clk_IBUF_BUFG | EXMEM_ALUResult/bit5/DFF0/q_reg_rep__5_50[0] |                  |                3 |              8 |         2.67 |
|  clk_IBUF_BUFG | EXMEM_ALUResult/bit5/DFF0/q_reg_rep__5_51[0] |                  |                3 |              8 |         2.67 |
|  clk_IBUF_BUFG | EXMEM_ALUResult/bit5/DFF0/q_reg_rep__5_60[0] |                  |                8 |              8 |         1.00 |
|  clk_IBUF_BUFG | EXMEM_ALUResult/bit5/DFF0/q_reg_rep__5_61[0] |                  |                2 |              8 |         4.00 |
|  clk_IBUF_BUFG | EXMEM_ALUResult/bit5/DFF0/q_reg_rep__5_53[0] |                  |                4 |              8 |         2.00 |
|  clk_IBUF_BUFG | EXMEM_ALUResult/bit5/DFF0/q_reg_rep__5_68[0] |                  |                3 |              8 |         2.67 |
|  clk_IBUF_BUFG | EXMEM_ALUResult/bit5/DFF0/q_reg_rep__5_67[0] |                  |                4 |              8 |         2.00 |
|  clk_IBUF_BUFG | EXMEM_ALUResult/bit5/DFF0/q_reg_rep__5_7[0]  |                  |                5 |              8 |         1.60 |
|  clk_IBUF_BUFG | EXMEM_ALUResult/bit5/DFF0/q_reg_rep__5_70[0] |                  |                3 |              8 |         2.67 |
|  clk_IBUF_BUFG | EXMEM_ALUResult/bit5/DFF0/q_reg_rep__6_19[0] |                  |                6 |              8 |         1.33 |
|  clk_IBUF_BUFG | EXMEM_ALUResult/bit5/DFF0/q_reg_rep__6_17[0] |                  |                7 |              8 |         1.14 |
|  clk_IBUF_BUFG | EXMEM_ALUResult/bit5/DFF0/q_reg_rep__6_13[0] |                  |                3 |              8 |         2.67 |
|  clk_IBUF_BUFG | EXMEM_ALUResult/bit5/DFF0/q_reg_rep__6_15[0] |                  |                3 |              8 |         2.67 |
|  clk_IBUF_BUFG | EXMEM_ALUResult/bit5/DFF0/q_reg_rep__5_9[0]  |                  |                3 |              8 |         2.67 |
|  clk_IBUF_BUFG | EXMEM_ALUResult/bit5/DFF0/q_reg_rep__6_16[0] |                  |                8 |              8 |         1.00 |
|  clk_IBUF_BUFG | EXMEM_ALUResult/bit5/DFF0/q_reg_rep__6_18[0] |                  |                7 |              8 |         1.14 |
|  clk_IBUF_BUFG | EXMEM_ALUResult/bit5/DFF0/q_reg_rep__6_20[0] |                  |                2 |              8 |         4.00 |
|  clk_IBUF_BUFG | EXMEM_ALUResult/bit5/DFF0/q_reg_rep__7_10[0] |                  |                4 |              8 |         2.00 |
|  clk_IBUF_BUFG | EXMEM_ALUResult/bit5/DFF0/q_reg_rep__7_12[0] |                  |                3 |              8 |         2.67 |
|  clk_IBUF_BUFG | EXMEM_ALUResult/bit5/DFF0/q_reg_rep__7_11[0] |                  |                2 |              8 |         4.00 |
|  clk_IBUF_BUFG | EXMEM_ALUResult/bit5/DFF0/q_reg_rep__6_21[0] |                  |                4 |              8 |         2.00 |
|  clk_IBUF_BUFG | EXMEM_ALUResult/bit5/DFF0/q_reg_rep__9_0[0]  |                  |                6 |              8 |         1.33 |
|  clk_IBUF_BUFG | EXMEM_ALUResult/bit5/DFF0/q_reg_rep__7_6[0]  |                  |                4 |              8 |         2.00 |
|  clk_IBUF_BUFG | EXMEM_ALUResult/bit5/DFF0/q_reg_rep__7_9[0]  |                  |                3 |              8 |         2.67 |
|  clk_IBUF_BUFG | EXMEM_ALUResult/bit5/DFF0/q_reg_rep__9[0]    |                  |                2 |              8 |         4.00 |
|  clk_IBUF_BUFG | EXMEM_ALUResult/bit5/DFF0/q_reg_rep__9_1[0]  |                  |                2 |              8 |         4.00 |
|  clk_IBUF_BUFG | EXMEM_ALUResult/bit5/DFF0/q_reg_rep__7_7[0]  |                  |                2 |              8 |         4.00 |
|  clk_IBUF_BUFG | EXMEM_ALUResult/bit5/DFF0/q_reg_rep__7_8[0]  |                  |                4 |              8 |         2.00 |
|  clk_IBUF_BUFG | EXMEM_ALUResult/bit5/DFF0/q_reg_rep__7_5[0]  |                  |                4 |              8 |         2.00 |
|  clk_IBUF_BUFG | EXMEM_ALUResult/bit5/DFF0/q_reg_rep__7_4[0]  |                  |                2 |              8 |         4.00 |
|  clk_IBUF_BUFG | EXMEM_ALUResult/bit6/DFF0/q_reg_39[0]        |                  |                3 |              8 |         2.67 |
|  clk_IBUF_BUFG | EXMEM_ALUResult/bit6/DFF0/q_reg_18[0]        |                  |                3 |              8 |         2.67 |
|  clk_IBUF_BUFG | EXMEM_ALUResult/bit6/DFF0/q_reg_22[0]        |                  |                3 |              8 |         2.67 |
|  clk_IBUF_BUFG | EXMEM_ALUResult/bit6/DFF0/q_reg_17[0]        |                  |                6 |              8 |         1.33 |
|  clk_IBUF_BUFG | EXMEM_ALUResult/bit6/DFF0/q_reg_2[0]         |                  |                2 |              8 |         4.00 |
|  clk_IBUF_BUFG | EXMEM_ALUResult/bit6/DFF0/q_reg_25[0]        |                  |                8 |              8 |         1.00 |
|  clk_IBUF_BUFG | EXMEM_ALUResult/bit6/DFF0/q_reg_26[0]        |                  |                3 |              8 |         2.67 |
|  clk_IBUF_BUFG | EXMEM_ALUResult/bit6/DFF0/q_reg_28[0]        |                  |                2 |              8 |         4.00 |
|  clk_IBUF_BUFG | EXMEM_ALUResult/bit6/DFF0/q_reg_16[0]        |                  |                5 |              8 |         1.60 |
|  clk_IBUF_BUFG | EXMEM_ALUResult/bit6/DFF0/q_reg_15[0]        |                  |                3 |              8 |         2.67 |
|  clk_IBUF_BUFG | EXMEM_ALUResult/bit6/DFF0/q_reg_12[0]        |                  |                3 |              8 |         2.67 |
|  clk_IBUF_BUFG | EXMEM_ALUResult/bit6/DFF0/q_reg_1[0]         |                  |                6 |              8 |         1.33 |
|  clk_IBUF_BUFG | EXMEM_ALUResult/bit6/DFF0/q_reg_21[0]        |                  |                8 |              8 |         1.00 |
|  clk_IBUF_BUFG | EXMEM_ALUResult/bit6/DFF0/q_reg_24[0]        |                  |                6 |              8 |         1.33 |
|  clk_IBUF_BUFG | EXMEM_ALUResult/bit6/DFF0/q_reg_30[0]        |                  |                4 |              8 |         2.00 |
|  clk_IBUF_BUFG | EXMEM_ALUResult/bit6/DFF0/q_reg_31[0]        |                  |                2 |              8 |         4.00 |
|  clk_IBUF_BUFG | EXMEM_ALUResult/bit6/DFF0/q_reg_27[0]        |                  |                6 |              8 |         1.33 |
|  clk_IBUF_BUFG | EXMEM_ALUResult/bit6/DFF0/q_reg_32[0]        |                  |                4 |              8 |         2.00 |
|  clk_IBUF_BUFG | EXMEM_ALUResult/bit6/DFF0/q_reg_13[0]        |                  |                5 |              8 |         1.60 |
|  clk_IBUF_BUFG | EXMEM_ALUResult/bit6/DFF0/q_reg_19[0]        |                  |                3 |              8 |         2.67 |
|  clk_IBUF_BUFG | EXMEM_ALUResult/bit6/DFF0/q_reg_23[0]        |                  |                8 |              8 |         1.00 |
|  clk_IBUF_BUFG | EXMEM_ALUResult/bit6/DFF0/q_reg_33[0]        |                  |                8 |              8 |         1.00 |
|  clk_IBUF_BUFG | EXMEM_ALUResult/bit6/DFF0/q_reg_29[0]        |                  |                2 |              8 |         4.00 |
|  clk_IBUF_BUFG | EXMEM_ALUResult/bit6/DFF0/q_reg_34[0]        |                  |                7 |              8 |         1.14 |
|  clk_IBUF_BUFG | EXMEM_ALUResult/bit6/DFF0/q_reg_35[0]        |                  |                4 |              8 |         2.00 |
|  clk_IBUF_BUFG | EXMEM_ALUResult/bit6/DFF0/q_reg_36[0]        |                  |                2 |              8 |         4.00 |
|  clk_IBUF_BUFG | EXMEM_ALUResult/bit6/DFF0/q_reg_37[0]        |                  |                6 |              8 |         1.33 |
|  clk_IBUF_BUFG | EXMEM_ALUResult/bit6/DFF0/q_reg_38[0]        |                  |                1 |              8 |         8.00 |
|  clk_IBUF_BUFG | EXMEM_ALUResult/bit6/DFF0/q_reg_50[0]        |                  |                4 |              8 |         2.00 |
|  clk_IBUF_BUFG | EXMEM_ALUResult/bit6/DFF0/q_reg_52[0]        |                  |                7 |              8 |         1.14 |
|  clk_IBUF_BUFG | EXMEM_ALUResult/bit6/DFF0/q_reg_45[0]        |                  |                2 |              8 |         4.00 |
|  clk_IBUF_BUFG | EXMEM_ALUResult/bit6/DFF0/q_reg_48[0]        |                  |                2 |              8 |         4.00 |
|  clk_IBUF_BUFG | EXMEM_ALUResult/bit6/DFF0/q_reg_40[0]        |                  |                4 |              8 |         2.00 |
|  clk_IBUF_BUFG | EXMEM_ALUResult/bit6/DFF0/q_reg_58[0]        |                  |                5 |              8 |         1.60 |
|  clk_IBUF_BUFG | EXMEM_ALUResult/bit6/DFF0/q_reg_46[0]        |                  |                4 |              8 |         2.00 |
|  clk_IBUF_BUFG | EXMEM_ALUResult/bit6/DFF0/q_reg_41[0]        |                  |                7 |              8 |         1.14 |
|  clk_IBUF_BUFG | EXMEM_ALUResult/bit6/DFF0/q_reg_55[0]        |                  |                2 |              8 |         4.00 |
|  clk_IBUF_BUFG | EXMEM_ALUResult/bit6/DFF0/q_reg_61[0]        |                  |                3 |              8 |         2.67 |
|  clk_IBUF_BUFG | EXMEM_ALUResult/bit6/DFF0/q_reg_63[0]        |                  |                2 |              8 |         4.00 |
|  clk_IBUF_BUFG | EXMEM_ALUResult/bit6/DFF0/q_reg_65[0]        |                  |                3 |              8 |         2.67 |
|  clk_IBUF_BUFG | EXMEM_ALUResult/bit6/DFF0/q_reg_54[0]        |                  |                7 |              8 |         1.14 |
|  clk_IBUF_BUFG | EXMEM_ALUResult/bit6/DFF0/q_reg_47[0]        |                  |                4 |              8 |         2.00 |
|  clk_IBUF_BUFG | EXMEM_ALUResult/bit6/DFF0/q_reg_60[0]        |                  |                2 |              8 |         4.00 |
|  clk_IBUF_BUFG | EXMEM_ALUResult/bit6/DFF0/q_reg_53[0]        |                  |                3 |              8 |         2.67 |
|  clk_IBUF_BUFG | EXMEM_ALUResult/bit6/DFF0/q_reg_42[0]        |                  |                6 |              8 |         1.33 |
|  clk_IBUF_BUFG | EXMEM_ALUResult/bit6/DFF0/q_reg_51[0]        |                  |                8 |              8 |         1.00 |
|  clk_IBUF_BUFG | EXMEM_ALUResult/bit6/DFF0/q_reg_43[0]        |                  |                4 |              8 |         2.00 |
|  clk_IBUF_BUFG | EXMEM_ALUResult/bit6/DFF0/q_reg_68[0]        |                  |                3 |              8 |         2.67 |
|  clk_IBUF_BUFG | EXMEM_ALUResult/bit6/DFF0/q_reg_64[0]        |                  |                3 |              8 |         2.67 |
|  clk_IBUF_BUFG | EXMEM_ALUResult/bit6/DFF0/q_reg_57[0]        |                  |                2 |              8 |         4.00 |
|  clk_IBUF_BUFG | EXMEM_ALUResult/bit6/DFF0/q_reg_59[0]        |                  |                3 |              8 |         2.67 |
|  clk_IBUF_BUFG | EXMEM_ALUResult/bit6/DFF0/q_reg_44[0]        |                  |                8 |              8 |         1.00 |
|  clk_IBUF_BUFG | EXMEM_ALUResult/bit6/DFF0/q_reg_56[0]        |                  |                3 |              8 |         2.67 |
|  clk_IBUF_BUFG | EXMEM_ALUResult/bit6/DFF0/q_reg_62[0]        |                  |                2 |              8 |         4.00 |
|  clk_IBUF_BUFG | EXMEM_ALUResult/bit6/DFF0/q_reg_49[0]        |                  |                7 |              8 |         1.14 |
|  clk_IBUF_BUFG | EXMEM_ALUResult/bit6/DFF0/q_reg_67[0]        |                  |                5 |              8 |         1.60 |
|  clk_IBUF_BUFG | EXMEM_ALUResult/bit6/DFF0/q_reg_66[0]        |                  |                3 |              8 |         2.67 |
|  clk_IBUF_BUFG | EXMEM_ALUResult/bit6/DFF0/q_reg_7[0]         |                  |                3 |              8 |         2.67 |
|  clk_IBUF_BUFG | EXMEM_ALUResult/bit6/DFF0/q_reg_rep_4[0]     |                  |                3 |              8 |         2.67 |
|  clk_IBUF_BUFG | EXMEM_ALUResult/bit6/DFF0/q_reg_rep__1_10[0] |                  |                2 |              8 |         4.00 |
|  clk_IBUF_BUFG | EXMEM_ALUResult/bit6/DFF0/q_reg_rep__2_24[0] |                  |                3 |              8 |         2.67 |
|  clk_IBUF_BUFG | EXMEM_ALUResult/bit6/DFF0/q_reg_rep__2_27[0] |                  |                3 |              8 |         2.67 |
|  clk_IBUF_BUFG | EXMEM_ALUResult/bit6/DFF0/q_reg_rep__2_19[0] |                  |                3 |              8 |         2.67 |
|  clk_IBUF_BUFG | EXMEM_ALUResult/bit6/DFF0/q_reg_rep__2_29[0] |                  |                8 |              8 |         1.00 |
|  clk_IBUF_BUFG | EXMEM_ALUResult/bit6/DFF0/q_reg_rep__2_16[0] |                  |                4 |              8 |         2.00 |
|  clk_IBUF_BUFG | EXMEM_ALUResult/bit6/DFF0/q_reg_rep__2_25[0] |                  |                3 |              8 |         2.67 |
|  clk_IBUF_BUFG | EXMEM_ALUResult/bit6/DFF0/q_reg_rep__2_26[0] |                  |                4 |              8 |         2.00 |
|  clk_IBUF_BUFG | EXMEM_ALUResult/bit6/DFF0/q_reg_rep__1_9[0]  |                  |                3 |              8 |         2.67 |
|  clk_IBUF_BUFG | EXMEM_ALUResult/bit6/DFF0/q_reg_rep__2_32[0] |                  |                2 |              8 |         4.00 |
|  clk_IBUF_BUFG | EXMEM_ALUResult/bit6/DFF0/q_reg_rep__2_33[0] |                  |                8 |              8 |         1.00 |
|  clk_IBUF_BUFG | EXMEM_ALUResult/bit6/DFF0/q_reg_rep__2_34[0] |                  |                4 |              8 |         2.00 |
|  clk_IBUF_BUFG | EXMEM_ALUResult/bit6/DFF0/q_reg_rep__2_35[0] |                  |                7 |              8 |         1.14 |
|  clk_IBUF_BUFG | EXMEM_ALUResult/bit6/DFF0/q_reg_rep__2_30[0] |                  |                6 |              8 |         1.33 |
|  clk_IBUF_BUFG | EXMEM_ALUResult/bit6/DFF0/q_reg_rep__2_22[0] |                  |                2 |              8 |         4.00 |
|  clk_IBUF_BUFG | EXMEM_ALUResult/bit6/DFF0/q_reg_rep__2_31[0] |                  |                8 |              8 |         1.00 |
|  clk_IBUF_BUFG | EXMEM_ALUResult/bit6/DFF0/q_reg_rep__2_36[0] |                  |                7 |              8 |         1.14 |
|  clk_IBUF_BUFG | EXMEM_ALUResult/bit6/DFF0/q_reg_rep__2_20[0] |                  |                4 |              8 |         2.00 |
|  clk_IBUF_BUFG | EXMEM_ALUResult/bit6/DFF0/q_reg_rep__3_18[0] |                  |                4 |              8 |         2.00 |
|  clk_IBUF_BUFG | EXMEM_ALUResult/bit6/DFF0/q_reg_rep__3_19[0] |                  |                4 |              8 |         2.00 |
|  clk_IBUF_BUFG | EXMEM_ALUResult/bit6/DFF0/q_reg_rep__2_38[0] |                  |                7 |              8 |         1.14 |
|  clk_IBUF_BUFG | EXMEM_ALUResult/bit6/DFF0/q_reg_rep__3_10[0] |                  |                7 |              8 |         1.14 |
|  clk_IBUF_BUFG | EXMEM_ALUResult/bit6/DFF0/q_reg_rep__3_13[0] |                  |                6 |              8 |         1.33 |
|  clk_IBUF_BUFG | EXMEM_ALUResult/bit6/DFF0/q_reg_rep__3_17[0] |                  |                3 |              8 |         2.67 |
|  clk_IBUF_BUFG | EXMEM_ALUResult/bit6/DFF0/q_reg_rep__2_39[0] |                  |                5 |              8 |         1.60 |
|  clk_IBUF_BUFG | EXMEM_ALUResult/bit6/DFF0/q_reg_rep__2_40[0] |                  |                3 |              8 |         2.67 |
|  clk_IBUF_BUFG | EXMEM_ALUResult/bit6/DFF0/q_reg_rep__2_37[0] |                  |                7 |              8 |         1.14 |
|  clk_IBUF_BUFG | EXMEM_ALUResult/bit6/DFF0/q_reg_rep__3_16[0] |                  |                4 |              8 |         2.00 |
|  clk_IBUF_BUFG | EXMEM_ALUResult/bit6/DFF0/q_reg_rep__3_3[0]  |                  |                3 |              8 |         2.67 |
|  clk_IBUF_BUFG | EXMEM_ALUResult/bit6/DFF0/q_reg_rep__3_20[0] |                  |                3 |              8 |         2.67 |
|  clk_IBUF_BUFG | EXMEM_ALUResult/bit6/DFF0/q_reg_rep__3_7[0]  |                  |                3 |              8 |         2.67 |
|  clk_IBUF_BUFG | EXMEM_ALUResult/bit6/DFF0/q_reg_rep__3_8[0]  |                  |                3 |              8 |         2.67 |
|  clk_IBUF_BUFG | EXMEM_ALUResult/bit6/DFF0/q_reg_rep__3_23[0] |                  |                4 |              8 |         2.00 |
|  clk_IBUF_BUFG | EXMEM_ALUResult/bit6/DFF0/q_reg_rep__3_22[0] |                  |                8 |              8 |         1.00 |
|  clk_IBUF_BUFG | EXMEM_ALUResult/bit6/DFF0/q_reg_rep__3_21[0] |                  |                4 |              8 |         2.00 |
|  clk_IBUF_BUFG | EXMEM_ALUResult/bit6/DFF0/q_reg_rep__3_9[0]  |                  |                1 |              8 |         8.00 |
|  clk_IBUF_BUFG | EXMEM_ALUResult/bit6/DFF0/q_reg_rep__3_6[0]  |                  |                3 |              8 |         2.67 |
|  clk_IBUF_BUFG | EXMEM_ALUResult/bit6/DFF0/q_reg_rep__3_5[0]  |                  |                2 |              8 |         4.00 |
|  clk_IBUF_BUFG | EXMEM_ALUResult/bit6/DFF0/q_reg_rep__4_2[0]  |                  |                1 |              8 |         8.00 |
|  clk_IBUF_BUFG | EXMEM_ALUResult/bit6/DFF0/q_reg_rep__5_2[0]  |                  |                3 |              8 |         2.67 |
|  clk_IBUF_BUFG | EXMEM_ALUResult/bit6/DFF0/q_reg_rep__6_8[0]  |                  |                8 |              8 |         1.00 |
|  clk_IBUF_BUFG | EXMEM_ALUResult/bit6/DFF0/q_reg_rep__6_9[0]  |                  |                6 |              8 |         1.33 |
|  clk_IBUF_BUFG | EXMEM_ALUResult/bit6/DFF0/q_reg_rep__5_6[0]  |                  |                5 |              8 |         1.60 |
|  clk_IBUF_BUFG | EXMEM_ALUResult/bit6/DFF0/q_reg_rep__5_1[0]  |                  |                5 |              8 |         1.60 |
|  clk_IBUF_BUFG | EXMEM_ALUResult/bit6/DFF0/q_reg_rep__6_7[0]  |                  |                3 |              8 |         2.67 |
|  clk_IBUF_BUFG | EXMEM_ALUResult/bit7/DFF0/q_reg_18[0]        |                  |                6 |              8 |         1.33 |
|  clk_IBUF_BUFG | EXMEM_ALUResult/bit7/DFF0/q_reg_19[0]        |                  |                3 |              8 |         2.67 |
|  clk_IBUF_BUFG | EXMEM_ALUResult/bit7/DFF0/q_reg_15[0]        |                  |                3 |              8 |         2.67 |
|  clk_IBUF_BUFG | EXMEM_ALUResult/bit7/DFF0/q_reg_1[0]         |                  |                4 |              8 |         2.00 |
|  clk_IBUF_BUFG | EXMEM_ALUResult/bit7/DFF0/q_reg_13[0]        |                  |                4 |              8 |         2.00 |
|  clk_IBUF_BUFG | EXMEM_ALUResult/bit7/DFF0/q_reg_16[0]        |                  |                2 |              8 |         4.00 |
|  clk_IBUF_BUFG | EXMEM_ALUResult/bit7/DFF0/q_reg_17[0]        |                  |                1 |              8 |         8.00 |
|  clk_IBUF_BUFG | EXMEM_ALUResult/bit7/DFF0/q_reg_25[0]        |                  |                3 |              8 |         2.67 |
|  clk_IBUF_BUFG | EXMEM_ALUResult/bit7/DFF0/q_reg_31[0]        |                  |                3 |              8 |         2.67 |
|  clk_IBUF_BUFG | EXMEM_ALUResult/bit7/DFF0/q_reg_24[0]        |                  |                3 |              8 |         2.67 |
|  clk_IBUF_BUFG | EXMEM_ALUResult/bit7/DFF0/q_reg_38[0]        |                  |                5 |              8 |         1.60 |
|  clk_IBUF_BUFG | EXMEM_ALUResult/bit7/DFF0/q_reg_33[0]        |                  |                4 |              8 |         2.00 |
|  clk_IBUF_BUFG | EXMEM_ALUResult/bit7/DFF0/q_reg_41[0]        |                  |                6 |              8 |         1.33 |
|  clk_IBUF_BUFG | EXMEM_ALUResult/bit7/DFF0/q_reg_23[0]        |                  |                4 |              8 |         2.00 |
|  clk_IBUF_BUFG | EXMEM_ALUResult/bit7/DFF0/q_reg_32[0]        |                  |                3 |              8 |         2.67 |
|  clk_IBUF_BUFG | EXMEM_ALUResult/bit7/DFF0/q_reg_34[0]        |                  |                2 |              8 |         4.00 |
|  clk_IBUF_BUFG | EXMEM_ALUResult/bit7/DFF0/q_reg_27[0]        |                  |                5 |              8 |         1.60 |
|  clk_IBUF_BUFG | EXMEM_ALUResult/bit7/DFF0/q_reg_39[0]        |                  |                3 |              8 |         2.67 |
|  clk_IBUF_BUFG | EXMEM_ALUResult/bit7/DFF0/q_reg_20[0]        |                  |                4 |              8 |         2.00 |
|  clk_IBUF_BUFG | EXMEM_ALUResult/bit7/DFF0/q_reg_35[0]        |                  |                4 |              8 |         2.00 |
|  clk_IBUF_BUFG | EXMEM_ALUResult/bit7/DFF0/q_reg_40[0]        |                  |                3 |              8 |         2.67 |
|  clk_IBUF_BUFG | EXMEM_ALUResult/bit7/DFF0/q_reg_43[0]        |                  |                4 |              8 |         2.00 |
|  clk_IBUF_BUFG | EXMEM_ALUResult/bit7/DFF0/q_reg_45[0]        |                  |                3 |              8 |         2.67 |
|  clk_IBUF_BUFG | EXMEM_ALUResult/bit7/DFF0/q_reg_48[0]        |                  |                3 |              8 |         2.67 |
|  clk_IBUF_BUFG | EXMEM_ALUResult/bit7/DFF0/q_reg_36[0]        |                  |                6 |              8 |         1.33 |
|  clk_IBUF_BUFG | EXMEM_ALUResult/bit7/DFF0/q_reg_49[0]        |                  |                3 |              8 |         2.67 |
|  clk_IBUF_BUFG | EXMEM_ALUResult/bit7/DFF0/q_reg_21[0]        |                  |                4 |              8 |         2.00 |
|  clk_IBUF_BUFG | EXMEM_ALUResult/bit7/DFF0/q_reg_44[0]        |                  |                4 |              8 |         2.00 |
|  clk_IBUF_BUFG | EXMEM_ALUResult/bit7/DFF0/q_reg_22[0]        |                  |                5 |              8 |         1.60 |
|  clk_IBUF_BUFG | EXMEM_ALUResult/bit7/DFF0/q_reg_26[0]        |                  |                6 |              8 |         1.33 |
|  clk_IBUF_BUFG | EXMEM_ALUResult/bit7/DFF0/q_reg_46[0]        |                  |                3 |              8 |         2.67 |
|  clk_IBUF_BUFG | EXMEM_ALUResult/bit7/DFF0/q_reg_30[0]        |                  |                3 |              8 |         2.67 |
|  clk_IBUF_BUFG | EXMEM_ALUResult/bit7/DFF0/q_reg_37[0]        |                  |                3 |              8 |         2.67 |
|  clk_IBUF_BUFG | EXMEM_ALUResult/bit7/DFF0/q_reg_42[0]        |                  |                3 |              8 |         2.67 |
|  clk_IBUF_BUFG | EXMEM_ALUResult/bit7/DFF0/q_reg_rep_4[0]     |                  |                4 |              8 |         2.00 |
|  clk_IBUF_BUFG | EXMEM_ALUResult/bit7/DFF0/q_reg_rep_5[0]     |                  |                3 |              8 |         2.67 |
|  clk_IBUF_BUFG | EXMEM_ALUResult/bit7/DFF0/q_reg_rep__1_14[0] |                  |                3 |              8 |         2.67 |
|  clk_IBUF_BUFG | EXMEM_ALUResult/bit7/DFF0/q_reg_rep__10[0]   |                  |                5 |              8 |         1.60 |
|  clk_IBUF_BUFG | EXMEM_ALUResult/bit7/DFF0/q_reg_rep__0_2[0]  |                  |                3 |              8 |         2.67 |
|  clk_IBUF_BUFG | EXMEM_ALUResult/bit7/DFF0/q_reg_rep__3_3[0]  |                  |                3 |              8 |         2.67 |
|  clk_IBUF_BUFG | EXMEM_ALUResult/bit7/DFF0/q_reg_rep__5_12[0] |                  |                3 |              8 |         2.67 |
|  clk_IBUF_BUFG | EXMEM_ALUResult/bit7/DFF0/q_reg_rep__4_7[0]  |                  |                2 |              8 |         4.00 |
|  clk_IBUF_BUFG | EXMEM_ALUResult/bit7/DFF0/q_reg_rep__5_3[0]  |                  |                3 |              8 |         2.67 |
|  clk_IBUF_BUFG | EXMEM_ALUResult/bit7/DFF0/q_reg_rep__5_11[0] |                  |                4 |              8 |         2.00 |
|  clk_IBUF_BUFG | EXMEM_ALUResult/bit7/DFF0/q_reg_rep__5_6[0]  |                  |                3 |              8 |         2.67 |
|  clk_IBUF_BUFG | EXMEM_ALUResult/bit7/DFF0/q_reg_rep__5_5[0]  |                  |                3 |              8 |         2.67 |
|  clk_IBUF_BUFG | EXMEM_ALUResult/bit7/DFF0/q_reg_rep__5_7[0]  |                  |                4 |              8 |         2.00 |
|  clk_IBUF_BUFG | EXMEM_ALUResult/bit7/DFF0/q_reg_rep__4_6[0]  |                  |                3 |              8 |         2.67 |
|  clk_IBUF_BUFG | EXMEM_ALUResult/bit7/DFF0/q_reg_rep__5_8[0]  |                  |                3 |              8 |         2.67 |
|  clk_IBUF_BUFG | EXMEM_ALUResult/bit7/DFF0/q_reg_rep__7_8[0]  |                  |                3 |              8 |         2.67 |
|  clk_IBUF_BUFG | EXMEM_ALUResult/bit7/DFF0/q_reg_rep__7_7[0]  |                  |                3 |              8 |         2.67 |
|  clk_IBUF_BUFG | EXMEM_ALUResult/bit7/DFF0/q_reg_rep__7_10[0] |                  |                1 |              8 |         8.00 |
|  clk_IBUF_BUFG | EXMEM_ALUResult/bit7/DFF0/q_reg_rep__7_9[0]  |                  |                3 |              8 |         2.67 |
|  clk_IBUF_BUFG | EXMEM_ALUResult/bit7/DFF0/q_reg_rep__8_0[0]  |                  |                3 |              8 |         2.67 |
|  clk_IBUF_BUFG | EXMEM_ALUResult/bit8/DFF0/E[0]               |                  |                3 |              8 |         2.67 |
|  clk_IBUF_BUFG | EXMEM_ALUResult/bit8/DFF0/q_reg_109[0]       |                  |                3 |              8 |         2.67 |
|  clk_IBUF_BUFG | EXMEM_ALUResult/bit8/DFF0/q_reg_128[0]       |                  |                3 |              8 |         2.67 |
|  clk_IBUF_BUFG | EXMEM_ALUResult/bit8/DFF0/q_reg_131[0]       |                  |                3 |              8 |         2.67 |
|  clk_IBUF_BUFG | EXMEM_ALUResult/bit8/DFF0/q_reg_118[0]       |                  |                5 |              8 |         1.60 |
|  clk_IBUF_BUFG | EXMEM_ALUResult/bit8/DFF0/q_reg_125[0]       |                  |                8 |              8 |         1.00 |
|  clk_IBUF_BUFG | EXMEM_ALUResult/bit8/DFF0/q_reg_133[0]       |                  |                4 |              8 |         2.00 |
|  clk_IBUF_BUFG | EXMEM_ALUResult/bit8/DFF0/q_reg_106[0]       |                  |                5 |              8 |         1.60 |
|  clk_IBUF_BUFG | EXMEM_ALUResult/bit8/DFF0/q_reg_107[0]       |                  |                2 |              8 |         4.00 |
|  clk_IBUF_BUFG | EXMEM_ALUResult/bit8/DFF0/q_reg_108[0]       |                  |                1 |              8 |         8.00 |
|  clk_IBUF_BUFG | EXMEM_ALUResult/bit8/DFF0/q_reg_119[0]       |                  |                3 |              8 |         2.67 |
|  clk_IBUF_BUFG | EXMEM_ALUResult/bit8/DFF0/q_reg_120[0]       |                  |                4 |              8 |         2.00 |
|  clk_IBUF_BUFG | EXMEM_ALUResult/bit8/DFF0/q_reg_10[0]        |                  |                2 |              8 |         4.00 |
|  clk_IBUF_BUFG | EXMEM_ALUResult/bit8/DFF0/q_reg_110[0]       |                  |                6 |              8 |         1.33 |
|  clk_IBUF_BUFG | EXMEM_ALUResult/bit8/DFF0/q_reg_112[0]       |                  |                2 |              8 |         4.00 |
|  clk_IBUF_BUFG | EXMEM_ALUResult/bit8/DFF0/q_reg_116[0]       |                  |                3 |              8 |         2.67 |
|  clk_IBUF_BUFG | EXMEM_ALUResult/bit8/DFF0/q_reg_126[0]       |                  |                3 |              8 |         2.67 |
|  clk_IBUF_BUFG | EXMEM_ALUResult/bit8/DFF0/q_reg_127[0]       |                  |                8 |              8 |         1.00 |
|  clk_IBUF_BUFG | EXMEM_ALUResult/bit8/DFF0/q_reg_129[0]       |                  |                3 |              8 |         2.67 |
|  clk_IBUF_BUFG | EXMEM_ALUResult/bit8/DFF0/q_reg_121[0]       |                  |                8 |              8 |         1.00 |
|  clk_IBUF_BUFG | EXMEM_ALUResult/bit8/DFF0/q_reg_13[0]        |                  |                6 |              8 |         1.33 |
|  clk_IBUF_BUFG | EXMEM_ALUResult/bit8/DFF0/q_reg_130[0]       |                  |                8 |              8 |         1.00 |
|  clk_IBUF_BUFG | EXMEM_ALUResult/bit8/DFF0/q_reg_117[0]       |                  |                3 |              8 |         2.67 |
|  clk_IBUF_BUFG | EXMEM_ALUResult/bit8/DFF0/q_reg_122[0]       |                  |                8 |              8 |         1.00 |
|  clk_IBUF_BUFG | EXMEM_ALUResult/bit8/DFF0/q_reg_115[0]       |                  |                8 |              8 |         1.00 |
|  clk_IBUF_BUFG | EXMEM_ALUResult/bit8/DFF0/q_reg_114[0]       |                  |                6 |              8 |         1.33 |
|  clk_IBUF_BUFG | EXMEM_ALUResult/bit8/DFF0/q_reg_132[0]       |                  |                8 |              8 |         1.00 |
|  clk_IBUF_BUFG | EXMEM_ALUResult/bit8/DFF0/q_reg_111[0]       |                  |                2 |              8 |         4.00 |
|  clk_IBUF_BUFG | EXMEM_ALUResult/bit8/DFF0/q_reg_113[0]       |                  |                4 |              8 |         2.00 |
|  clk_IBUF_BUFG | EXMEM_ALUResult/bit8/DFF0/q_reg_136[0]       |                  |                3 |              8 |         2.67 |
|  clk_IBUF_BUFG | EXMEM_ALUResult/bit8/DFF0/q_reg_161[0]       |                  |                3 |              8 |         2.67 |
|  clk_IBUF_BUFG | EXMEM_ALUResult/bit8/DFF0/q_reg_164[0]       |                  |                3 |              8 |         2.67 |
|  clk_IBUF_BUFG | EXMEM_ALUResult/bit8/DFF0/q_reg_150[0]       |                  |                3 |              8 |         2.67 |
|  clk_IBUF_BUFG | EXMEM_ALUResult/bit8/DFF0/q_reg_158[0]       |                  |                3 |              8 |         2.67 |
|  clk_IBUF_BUFG | EXMEM_ALUResult/bit8/DFF0/q_reg_160[0]       |                  |                4 |              8 |         2.00 |
|  clk_IBUF_BUFG | EXMEM_ALUResult/bit8/DFF0/q_reg_137[0]       |                  |                5 |              8 |         1.60 |
|  clk_IBUF_BUFG | EXMEM_ALUResult/bit8/DFF0/q_reg_147[0]       |                  |                4 |              8 |         2.00 |
|  clk_IBUF_BUFG | EXMEM_ALUResult/bit8/DFF0/q_reg_162[0]       |                  |                4 |              8 |         2.00 |
|  clk_IBUF_BUFG | EXMEM_ALUResult/bit8/DFF0/q_reg_165[0]       |                  |                5 |              8 |         1.60 |
|  clk_IBUF_BUFG | EXMEM_ALUResult/bit8/DFF0/q_reg_134[0]       |                  |                3 |              8 |         2.67 |
|  clk_IBUF_BUFG | EXMEM_ALUResult/bit8/DFF0/q_reg_143[0]       |                  |                3 |              8 |         2.67 |
|  clk_IBUF_BUFG | EXMEM_ALUResult/bit8/DFF0/q_reg_156[0]       |                  |                3 |              8 |         2.67 |
|  clk_IBUF_BUFG | EXMEM_ALUResult/bit8/DFF0/q_reg_146[0]       |                  |                3 |              8 |         2.67 |
|  clk_IBUF_BUFG | EXMEM_ALUResult/bit8/DFF0/q_reg_151[0]       |                  |                1 |              8 |         8.00 |
|  clk_IBUF_BUFG | EXMEM_ALUResult/bit8/DFF0/q_reg_155[0]       |                  |                5 |              8 |         1.60 |
|  clk_IBUF_BUFG | EXMEM_ALUResult/bit8/DFF0/q_reg_159[0]       |                  |                4 |              8 |         2.00 |
|  clk_IBUF_BUFG | EXMEM_ALUResult/bit8/DFF0/q_reg_149[0]       |                  |                3 |              8 |         2.67 |
|  clk_IBUF_BUFG | EXMEM_ALUResult/bit8/DFF0/q_reg_163[0]       |                  |                2 |              8 |         4.00 |
|  clk_IBUF_BUFG | EXMEM_ALUResult/bit8/DFF0/q_reg_153[0]       |                  |                3 |              8 |         2.67 |
|  clk_IBUF_BUFG | EXMEM_ALUResult/bit8/DFF0/q_reg_152[0]       |                  |                5 |              8 |         1.60 |
|  clk_IBUF_BUFG | EXMEM_ALUResult/bit8/DFF0/q_reg_144[0]       |                  |                5 |              8 |         1.60 |
|  clk_IBUF_BUFG | EXMEM_ALUResult/bit8/DFF0/q_reg_140[0]       |                  |                5 |              8 |         1.60 |
|  clk_IBUF_BUFG | EXMEM_ALUResult/bit8/DFF0/q_reg_148[0]       |                  |                4 |              8 |         2.00 |
|  clk_IBUF_BUFG | EXMEM_ALUResult/bit8/DFF0/q_reg_145[0]       |                  |                3 |              8 |         2.67 |
|  clk_IBUF_BUFG | EXMEM_ALUResult/bit8/DFF0/q_reg_154[0]       |                  |                3 |              8 |         2.67 |
|  clk_IBUF_BUFG | EXMEM_ALUResult/bit8/DFF0/q_reg_135[0]       |                  |                4 |              8 |         2.00 |
|  clk_IBUF_BUFG | EXMEM_ALUResult/bit8/DFF0/q_reg_141[0]       |                  |                3 |              8 |         2.67 |
|  clk_IBUF_BUFG | EXMEM_ALUResult/bit8/DFF0/q_reg_142[0]       |                  |                4 |              8 |         2.00 |
|  clk_IBUF_BUFG | EXMEM_ALUResult/bit8/DFF0/q_reg_139[0]       |                  |                3 |              8 |         2.67 |
|  clk_IBUF_BUFG | EXMEM_ALUResult/bit8/DFF0/q_reg_138[0]       |                  |                2 |              8 |         4.00 |
|  clk_IBUF_BUFG | EXMEM_ALUResult/bit8/DFF0/q_reg_157[0]       |                  |                3 |              8 |         2.67 |
|  clk_IBUF_BUFG | EXMEM_ALUResult/bit8/DFF0/q_reg_2[0]         |                  |                4 |              8 |         2.00 |
|  clk_IBUF_BUFG | EXMEM_ALUResult/bit8/DFF0/q_reg_27[0]        |                  |                5 |              8 |         1.60 |
|  clk_IBUF_BUFG | EXMEM_ALUResult/bit8/DFF0/q_reg_39[0]        |                  |                5 |              8 |         1.60 |
|  clk_IBUF_BUFG | EXMEM_ALUResult/bit8/DFF0/q_reg_38[0]        |                  |                8 |              8 |         1.00 |
|  clk_IBUF_BUFG | EXMEM_ALUResult/bit8/DFF0/q_reg_40[0]        |                  |                8 |              8 |         1.00 |
|  clk_IBUF_BUFG | EXMEM_ALUResult/bit8/DFF0/q_reg_43[0]        |                  |                2 |              8 |         4.00 |
|  clk_IBUF_BUFG | EXMEM_ALUResult/bit8/DFF0/q_reg_3[0]         |                  |                3 |              8 |         2.67 |
|  clk_IBUF_BUFG | EXMEM_ALUResult/bit8/DFF0/q_reg_64[0]        |                  |                6 |              8 |         1.33 |
|  clk_IBUF_BUFG | EXMEM_ALUResult/bit8/DFF0/q_reg_51[0]        |                  |                3 |              8 |         2.67 |
|  clk_IBUF_BUFG | EXMEM_ALUResult/bit8/DFF0/q_reg_61[0]        |                  |                2 |              8 |         4.00 |
|  clk_IBUF_BUFG | EXMEM_ALUResult/bit8/DFF0/q_reg_65[0]        |                  |                5 |              8 |         1.60 |
|  clk_IBUF_BUFG | EXMEM_ALUResult/bit8/DFF0/q_reg_79[0]        |                  |                2 |              8 |         4.00 |
|  clk_IBUF_BUFG | EXMEM_ALUResult/bit8/DFF0/q_reg_70[0]        |                  |                2 |              8 |         4.00 |
|  clk_IBUF_BUFG | EXMEM_ALUResult/bit8/DFF0/q_reg_8[0]         |                  |                3 |              8 |         2.67 |
|  clk_IBUF_BUFG | EXMEM_ALUResult/bit8/DFF0/q_reg_83[0]        |                  |                3 |              8 |         2.67 |
|  clk_IBUF_BUFG | EXMEM_ALUResult/bit8/DFF0/q_reg_47[0]        |                  |                3 |              8 |         2.67 |
|  clk_IBUF_BUFG | EXMEM_ALUResult/bit8/DFF0/q_reg_5[0]         |                  |                3 |              8 |         2.67 |
|  clk_IBUF_BUFG | EXMEM_ALUResult/bit8/DFF0/q_reg_60[0]        |                  |                7 |              8 |         1.14 |
|  clk_IBUF_BUFG | EXMEM_ALUResult/bit8/DFF0/q_reg_59[0]        |                  |                4 |              8 |         2.00 |
|  clk_IBUF_BUFG | EXMEM_ALUResult/bit8/DFF0/q_reg_78[0]        |                  |                2 |              8 |         4.00 |
|  clk_IBUF_BUFG | EXMEM_ALUResult/bit8/DFF0/q_reg_80[0]        |                  |                3 |              8 |         2.67 |
|  clk_IBUF_BUFG | EXMEM_ALUResult/bit8/DFF0/q_reg_81[0]        |                  |                8 |              8 |         1.00 |
|  clk_IBUF_BUFG | EXMEM_ALUResult/bit8/DFF0/q_reg_52[0]        |                  |                2 |              8 |         4.00 |
|  clk_IBUF_BUFG | EXMEM_ALUResult/bit8/DFF0/q_reg_55[0]        |                  |                3 |              8 |         2.67 |
|  clk_IBUF_BUFG | EXMEM_ALUResult/bit8/DFF0/q_reg_6[0]         |                  |                4 |              8 |         2.00 |
|  clk_IBUF_BUFG | EXMEM_ALUResult/bit8/DFF0/q_reg_68[0]        |                  |                4 |              8 |         2.00 |
|  clk_IBUF_BUFG | EXMEM_ALUResult/bit8/DFF0/q_reg_54[0]        |                  |                3 |              8 |         2.67 |
|  clk_IBUF_BUFG | EXMEM_ALUResult/bit8/DFF0/q_reg_58[0]        |                  |                2 |              8 |         4.00 |
|  clk_IBUF_BUFG | EXMEM_ALUResult/bit8/DFF0/q_reg_66[0]        |                  |                3 |              8 |         2.67 |
|  clk_IBUF_BUFG | EXMEM_ALUResult/bit8/DFF0/q_reg_48[0]        |                  |                3 |              8 |         2.67 |
|  clk_IBUF_BUFG | EXMEM_ALUResult/bit8/DFF0/q_reg_53[0]        |                  |                4 |              8 |         2.00 |
|  clk_IBUF_BUFG | EXMEM_ALUResult/bit8/DFF0/q_reg_57[0]        |                  |                8 |              8 |         1.00 |
|  clk_IBUF_BUFG | EXMEM_ALUResult/bit8/DFF0/q_reg_62[0]        |                  |                6 |              8 |         1.33 |
|  clk_IBUF_BUFG | EXMEM_ALUResult/bit8/DFF0/q_reg_63[0]        |                  |                5 |              8 |         1.60 |
|  clk_IBUF_BUFG | EXMEM_ALUResult/bit8/DFF0/q_reg_69[0]        |                  |                4 |              8 |         2.00 |
|  clk_IBUF_BUFG | EXMEM_ALUResult/bit8/DFF0/q_reg_67[0]        |                  |                5 |              8 |         1.60 |
|  clk_IBUF_BUFG | EXMEM_ALUResult/bit8/DFF0/q_reg_7[0]         |                  |                2 |              8 |         4.00 |
|  clk_IBUF_BUFG | EXMEM_ALUResult/bit8/DFF0/q_reg_71[0]        |                  |                4 |              8 |         2.00 |
|  clk_IBUF_BUFG | EXMEM_ALUResult/bit8/DFF0/q_reg_72[0]        |                  |                1 |              8 |         8.00 |
|  clk_IBUF_BUFG | EXMEM_ALUResult/bit8/DFF0/q_reg_73[0]        |                  |                2 |              8 |         4.00 |
|  clk_IBUF_BUFG | EXMEM_ALUResult/bit8/DFF0/q_reg_74[0]        |                  |                3 |              8 |         2.67 |
|  clk_IBUF_BUFG | EXMEM_ALUResult/bit8/DFF0/q_reg_75[0]        |                  |                5 |              8 |         1.60 |
|  clk_IBUF_BUFG | EXMEM_ALUResult/bit8/DFF0/q_reg_56[0]        |                  |                3 |              8 |         2.67 |
|  clk_IBUF_BUFG | EXMEM_ALUResult/bit8/DFF0/q_reg_45[0]        |                  |                3 |              8 |         2.67 |
|  clk_IBUF_BUFG | EXMEM_ALUResult/bit8/DFF0/q_reg_88[0]        |                  |                3 |              8 |         2.67 |
|  clk_IBUF_BUFG | EXMEM_ALUResult/bit8/DFF0/q_reg_rep_2[0]     |                  |                3 |              8 |         2.67 |
|  clk_IBUF_BUFG | EXMEM_ALUResult/bit8/DFF0/q_reg_92[0]        |                  |                4 |              8 |         2.00 |
|  clk_IBUF_BUFG | EXMEM_ALUResult/bit8/DFF0/q_reg_89[0]        |                  |                6 |              8 |         1.33 |
|  clk_IBUF_BUFG | EXMEM_ALUResult/bit8/DFF0/q_reg_rep_5[0]     |                  |                2 |              8 |         4.00 |
|  clk_IBUF_BUFG | EXMEM_ALUResult/bit8/DFF0/q_reg_91[0]        |                  |                3 |              8 |         2.67 |
|  clk_IBUF_BUFG | EXMEM_ALUResult/bit8/DFF0/q_reg_95[0]        |                  |                8 |              8 |         1.00 |
|  clk_IBUF_BUFG | EXMEM_ALUResult/bit8/DFF0/q_reg_99[0]        |                  |                8 |              8 |         1.00 |
|  clk_IBUF_BUFG | EXMEM_ALUResult/bit8/DFF0/q_reg_85[0]        |                  |                3 |              8 |         2.67 |
|  clk_IBUF_BUFG | EXMEM_ALUResult/bit8/DFF0/q_reg_9[0]         |                  |                2 |              8 |         4.00 |
|  clk_IBUF_BUFG | EXMEM_ALUResult/bit8/DFF0/q_reg_96[0]        |                  |                3 |              8 |         2.67 |
|  clk_IBUF_BUFG | EXMEM_ALUResult/bit8/DFF0/q_reg_rep_4[0]     |                  |                3 |              8 |         2.67 |
|  clk_IBUF_BUFG | EXMEM_ALUResult/bit8/DFF0/q_reg_98[0]        |                  |                4 |              8 |         2.00 |
|  clk_IBUF_BUFG | EXMEM_ALUResult/bit8/DFF0/q_reg_rep__0_5[0]  |                  |                4 |              8 |         2.00 |
|  clk_IBUF_BUFG | EXMEM_ALUResult/bit8/DFF0/q_reg_rep__1[0]    |                  |                6 |              8 |         1.33 |
|  clk_IBUF_BUFG | EXMEM_ALUResult/bit8/DFF0/q_reg_rep__11[0]   |                  |                3 |              8 |         2.67 |
|  clk_IBUF_BUFG | EXMEM_ALUResult/bit8/DFF0/q_reg_rep__0_6[0]  |                  |                4 |              8 |         2.00 |
|  clk_IBUF_BUFG | EXMEM_ALUResult/bit8/DFF0/q_reg_rep__10[0]   |                  |                3 |              8 |         2.67 |
|  clk_IBUF_BUFG | EXMEM_ALUResult/bit8/DFF0/q_reg_rep__13_2[0] |                  |                8 |              8 |         1.00 |
|  clk_IBUF_BUFG | EXMEM_ALUResult/bit8/DFF0/q_reg_rep__13_1[0] |                  |                5 |              8 |         1.60 |
|  clk_IBUF_BUFG | EXMEM_ALUResult/bit8/DFF0/q_reg_rep__2_7[0]  |                  |                3 |              8 |         2.67 |
|  clk_IBUF_BUFG | EXMEM_ALUResult/bit8/DFF0/q_reg_rep__2_6[0]  |                  |                3 |              8 |         2.67 |
|  clk_IBUF_BUFG | EXMEM_ALUResult/bit8/DFF0/q_reg_rep__3_1[0]  |                  |                8 |              8 |         1.00 |
|  clk_IBUF_BUFG | EXMEM_ALUResult/bit8/DFF0/q_reg_rep__3_0[0]  |                  |                3 |              8 |         2.67 |
|  clk_IBUF_BUFG | EXMEM_ALUResult/bit8/DFF0/q_reg_rep__3_2[0]  |                  |                5 |              8 |         1.60 |
|  clk_IBUF_BUFG | EXMEM_ALUResult/bit8/DFF0/q_reg_rep__6_4[0]  |                  |                4 |              8 |         2.00 |
|  clk_IBUF_BUFG | EXMEM_ALUResult/bit8/DFF0/q_reg_rep__9_0[0]  |                  |                8 |              8 |         1.00 |
|  clk_IBUF_BUFG | EXMEM_ALUResult/bit8/DFF0/q_reg_rep__8_0[0]  |                  |                6 |              8 |         1.33 |
|  clk_IBUF_BUFG | EXMEM_ALUResult/bit8/DFF0/q_reg_rep__9[0]    |                  |                3 |              8 |         2.67 |
|  clk_IBUF_BUFG | EXMEM_ALUResult/bit9/DFF0/q_reg_2[0]         |                  |                5 |              8 |         1.60 |
|  clk_IBUF_BUFG | EXMEM_ALUResult/bit9/DFF0/q_reg_26[0]        |                  |                5 |              8 |         1.60 |
|  clk_IBUF_BUFG | EXMEM_ALUResult/bit9/DFF0/q_reg_27[0]        |                  |                3 |              8 |         2.67 |
|  clk_IBUF_BUFG | EXMEM_ALUResult/bit9/DFF0/q_reg_28[0]        |                  |                3 |              8 |         2.67 |
|  clk_IBUF_BUFG | EXMEM_ALUResult/bit9/DFF0/q_reg_12[0]        |                  |                4 |              8 |         2.00 |
|  clk_IBUF_BUFG | EXMEM_ALUResult/bit9/DFF0/q_reg_16[0]        |                  |                4 |              8 |         2.00 |
|  clk_IBUF_BUFG | EXMEM_ALUResult/bit9/DFF0/q_reg_19[0]        |                  |                4 |              8 |         2.00 |
|  clk_IBUF_BUFG | EXMEM_ALUResult/bit9/DFF0/q_reg_13[0]        |                  |                3 |              8 |         2.67 |
|  clk_IBUF_BUFG | EXMEM_ALUResult/bit9/DFF0/q_reg_17[0]        |                  |                2 |              8 |         4.00 |
|  clk_IBUF_BUFG | EXMEM_ALUResult/bit9/DFF0/q_reg_15[0]        |                  |                6 |              8 |         1.33 |
|  clk_IBUF_BUFG | EXMEM_ALUResult/bit9/DFF0/q_reg_11[0]        |                  |                4 |              8 |         2.00 |
|  clk_IBUF_BUFG | EXMEM_ALUResult/bit9/DFF0/q_reg_21[0]        |                  |                3 |              8 |         2.67 |
|  clk_IBUF_BUFG | EXMEM_ALUResult/bit9/DFF0/q_reg_25[0]        |                  |                3 |              8 |         2.67 |
|  clk_IBUF_BUFG | EXMEM_ALUResult/bit9/DFF0/q_reg_18[0]        |                  |                4 |              8 |         2.00 |
|  clk_IBUF_BUFG | EXMEM_ALUResult/bit9/DFF0/q_reg_22[0]        |                  |                5 |              8 |         1.60 |
|  clk_IBUF_BUFG | EXMEM_ALUResult/bit9/DFF0/q_reg_4[0]         |                  |                4 |              8 |         2.00 |
|  clk_IBUF_BUFG | EXMEM_ALUResult/bit9/DFF0/q_reg_43[0]        |                  |                8 |              8 |         1.00 |
|  clk_IBUF_BUFG | EXMEM_ALUResult/bit9/DFF0/q_reg_40[0]        |                  |                5 |              8 |         1.60 |
|  clk_IBUF_BUFG | EXMEM_ALUResult/bit9/DFF0/q_reg_50[0]        |                  |                2 |              8 |         4.00 |
|  clk_IBUF_BUFG | EXMEM_ALUResult/bit9/DFF0/q_reg_53[0]        |                  |                2 |              8 |         4.00 |
|  clk_IBUF_BUFG | EXMEM_ALUResult/bit9/DFF0/q_reg_58[0]        |                  |                3 |              8 |         2.67 |
|  clk_IBUF_BUFG | EXMEM_ALUResult/bit9/DFF0/q_reg_57[0]        |                  |                3 |              8 |         2.67 |
|  clk_IBUF_BUFG | EXMEM_ALUResult/bit9/DFF0/q_reg_47[0]        |                  |                2 |              8 |         4.00 |
|  clk_IBUF_BUFG | EXMEM_ALUResult/bit9/DFF0/q_reg_54[0]        |                  |                3 |              8 |         2.67 |
|  clk_IBUF_BUFG | EXMEM_ALUResult/bit9/DFF0/q_reg_7[0]         |                  |                5 |              8 |         1.60 |
|  clk_IBUF_BUFG | EXMEM_ALUResult/bit9/DFF0/q_reg_52[0]        |                  |                3 |              8 |         2.67 |
|  clk_IBUF_BUFG | EXMEM_ALUResult/bit9/DFF0/q_reg_5[0]         |                  |                3 |              8 |         2.67 |
|  clk_IBUF_BUFG | EXMEM_ALUResult/bit9/DFF0/q_reg_61[0]        |                  |                3 |              8 |         2.67 |
|  clk_IBUF_BUFG | EXMEM_ALUResult/bit9/DFF0/q_reg_49[0]        |                  |                2 |              8 |         4.00 |
|  clk_IBUF_BUFG | EXMEM_ALUResult/bit9/DFF0/q_reg_55[0]        |                  |                3 |              8 |         2.67 |
|  clk_IBUF_BUFG | EXMEM_ALUResult/bit9/DFF0/q_reg_9[0]         |                  |                2 |              8 |         4.00 |
|  clk_IBUF_BUFG | IFID_Instruction/bit27/DFF0/q_reg_1          | reset_IBUF       |                9 |             27 |         3.00 |
|  clk_IBUF_BUFG | MEMWB_WriteRegister0/DFF0/WriteEn[1]         | reset_IBUF       |               15 |             32 |         2.13 |
|  clk_IBUF_BUFG | MEMWB_WriteRegister0/DFF0/WriteEn[0]         | reset_IBUF       |               20 |             32 |         1.60 |
|  clk_IBUF_BUFG | MEMWB_WriteRegister1/DFF0/WriteEn[3]         | reset_IBUF       |               15 |             32 |         2.13 |
|  clk_IBUF_BUFG | MEMWB_WriteRegister1/DFF0/WriteEn[2]         | reset_IBUF       |               19 |             32 |         1.68 |
|  clk_IBUF_BUFG | MEMWB_WriteRegister1/DFF0/WriteEn[1]         | reset_IBUF       |               14 |             32 |         2.29 |
|  clk_IBUF_BUFG | MEMWB_WriteRegister1/DFF0/WriteEn[5]         | reset_IBUF       |               28 |             32 |         1.14 |
|  clk_IBUF_BUFG | MEMWB_WriteRegister1/DFF0/WriteEn[0]         | reset_IBUF       |               15 |             32 |         2.13 |
|  clk_IBUF_BUFG | MEMWB_WriteRegister1/DFF0/WriteEn[4]         | reset_IBUF       |               27 |             32 |         1.19 |
|  clk_IBUF_BUFG | MEMWB_WriteRegister4/DFF0/WriteEn[5]         | reset_IBUF       |               22 |             32 |         1.45 |
|  clk_IBUF_BUFG | MEMWB_WriteRegister4/DFF0/WriteEn[3]         | reset_IBUF       |               16 |             32 |         2.00 |
|  clk_IBUF_BUFG | MEMWB_WriteRegister4/DFF0/WriteEn[4]         | reset_IBUF       |               16 |             32 |         2.00 |
|  clk_IBUF_BUFG | MEMWB_WriteRegister4/DFF0/WriteEn[6]         | reset_IBUF       |               16 |             32 |         2.00 |
|  clk_IBUF_BUFG | MEMWB_WriteRegister4/DFF0/WriteEn[0]         | reset_IBUF       |               18 |             32 |         1.78 |
|  clk_IBUF_BUFG | MEMWB_WriteRegister4/DFF0/WriteEn[1]         | reset_IBUF       |               21 |             32 |         1.52 |
|  clk_IBUF_BUFG | MEMWB_WriteRegister4/DFF0/WriteEn[2]         | reset_IBUF       |               19 |             32 |         1.68 |
|  clk_IBUF_BUFG |                                              | reset_IBUF       |              125 |            380 |         3.04 |
+----------------+----------------------------------------------+------------------+------------------+----------------+--------------+


