Copyright 1986-2020 Xilinx, Inc. All Rights Reserved.
----------------------------------------------------------------------------------------------------------------------------------------------------------------------------------------
| Tool Version : Vivado v.2020.2 (win64) Build 3064766 Wed Nov 18 09:12:45 MST 2020
| Date         : Tue Jan 18 12:32:07 2022
| Host         : Samuels running 64-bit major release  (build 9200)
| Command      : report_timing_summary -max_paths 10 -file MIPSpipeline_timing_summary_routed.rpt -pb MIPSpipeline_timing_summary_routed.pb -rpx MIPSpipeline_timing_summary_routed.rpx
| Design       : MIPSpipeline
| Device       : 7s100-fgga676
| Speed File   : -2  PRODUCTION 1.23 2018-06-13
----------------------------------------------------------------------------------------------------------------------------------------------------------------------------------------

Timing Summary Report

------------------------------------------------------------------------------------------------
| Timer Settings
| --------------
------------------------------------------------------------------------------------------------

  Enable Multi Corner Analysis               :  Yes
  Enable Pessimism Removal                   :  Yes
  Pessimism Removal Resolution               :  Nearest Common Node
  Enable Input Delay Default Clock           :  No
  Enable Preset / Clear Arcs                 :  No
  Disable Flight Delays                      :  No
  Ignore I/O Paths                           :  No
  Timing Early Launch at Borrowing Latches   :  No
  Borrow Time for Max Delay Exceptions       :  Yes
  Merge Timing Exceptions                    :  Yes

  Corner  Analyze    Analyze    
  Name    Max Paths  Min Paths  
  ------  ---------  ---------  
  Slow    Yes        Yes        
  Fast    Yes        Yes        



check_timing report

Table of Contents
-----------------
1. checking no_clock (0)
2. checking constant_clock (0)
3. checking pulse_width_clock (0)
4. checking unconstrained_internal_endpoints (0)
5. checking no_input_delay (1)
6. checking no_output_delay (8)
7. checking multiple_clock (0)
8. checking generated_clocks (0)
9. checking loops (0)
10. checking partial_input_delay (0)
11. checking partial_output_delay (0)
12. checking latch_loops (0)

1. checking no_clock (0)
------------------------
 There are 0 register/latch pins with no clock.


2. checking constant_clock (0)
------------------------------
 There are 0 register/latch pins with constant_clock.


3. checking pulse_width_clock (0)
---------------------------------
 There are 0 register/latch pins which need pulse_width check


4. checking unconstrained_internal_endpoints (0)
------------------------------------------------
 There are 0 pins that are not constrained for maximum delay.

 There are 0 pins that are not constrained for maximum delay due to constant clock.


5. checking no_input_delay (1)
------------------------------
 There is 1 input port with no input delay specified. (HIGH)

 There are 0 input ports with no input delay but user has a false path constraint.


6. checking no_output_delay (8)
-------------------------------
 There are 8 ports with no output delay specified. (HIGH)

 There are 0 ports with no output delay but user has a false path constraint

 There are 0 ports with no output delay but with a timing clock defined on it or propagating through it


7. checking multiple_clock (0)
------------------------------
 There are 0 register/latch pins with multiple clocks.


8. checking generated_clocks (0)
--------------------------------
 There are 0 generated clocks that are not connected to a clock source.


9. checking loops (0)
---------------------
 There are 0 combinational loops in the design.


10. checking partial_input_delay (0)
------------------------------------
 There are 0 input ports with partial input delay specified.


11. checking partial_output_delay (0)
-------------------------------------
 There are 0 ports with partial output delay specified.


12. checking latch_loops (0)
----------------------------
 There are 0 combinational latch loops in the design through latch input



------------------------------------------------------------------------------------------------
| Design Timing Summary
| ---------------------
------------------------------------------------------------------------------------------------

    WNS(ns)      TNS(ns)  TNS Failing Endpoints  TNS Total Endpoints      WHS(ns)      THS(ns)  THS Failing Endpoints  THS Total Endpoints     WPWS(ns)     TPWS(ns)  TPWS Failing Endpoints  TPWS Total Endpoints  
    -------      -------  ---------------------  -------------------      -------      -------  ---------------------  -------------------     --------     --------  ----------------------  --------------------  
      0.714        0.000                      0                17783        0.143        0.000                      0                17783        7.000        0.000                       0                  9085  


All user specified timing constraints are met.


------------------------------------------------------------------------------------------------
| Clock Summary
| -------------
------------------------------------------------------------------------------------------------

Clock  Waveform(ns)       Period(ns)      Frequency(MHz)
-----  ------------       ----------      --------------
CC1    {0.000 7.500}      15.000          66.667          
CC2    {0.000 8.500}      17.000          58.824          
CC3    {0.000 9.500}      19.000          52.632          


------------------------------------------------------------------------------------------------
| Intra Clock Table
| -----------------
------------------------------------------------------------------------------------------------

Clock             WNS(ns)      TNS(ns)  TNS Failing Endpoints  TNS Total Endpoints      WHS(ns)      THS(ns)  THS Failing Endpoints  THS Total Endpoints     WPWS(ns)     TPWS(ns)  TPWS Failing Endpoints  TPWS Total Endpoints  
-----             -------      -------  ---------------------  -------------------      -------      -------  ---------------------  -------------------     --------     --------  ----------------------  --------------------  
CC1                 0.714        0.000                      0                17783        0.143        0.000                      0                17783        7.000        0.000                       0                  9085  
CC2                 2.714        0.000                      0                17783        0.143        0.000                      0                17783        8.000        0.000                       0                  9085  
CC3                 4.714        0.000                      0                17783        0.143        0.000                      0                17783        9.000        0.000                       0                  9085  


------------------------------------------------------------------------------------------------
| Inter Clock Table
| -----------------
------------------------------------------------------------------------------------------------

From Clock    To Clock          WNS(ns)      TNS(ns)  TNS Failing Endpoints  TNS Total Endpoints      WHS(ns)      THS(ns)  THS Failing Endpoints  THS Total Endpoints  
----------    --------          -------      -------  ---------------------  -------------------      -------      -------  ---------------------  -------------------  


------------------------------------------------------------------------------------------------
| Other Path Groups Table
| -----------------------
------------------------------------------------------------------------------------------------

Path Group    From Clock    To Clock          WNS(ns)      TNS(ns)  TNS Failing Endpoints  TNS Total Endpoints      WHS(ns)      THS(ns)  THS Failing Endpoints  THS Total Endpoints  
----------    ----------    --------          -------      -------  ---------------------  -------------------      -------      -------  ---------------------  -------------------  


------------------------------------------------------------------------------------------------
| Timing Details
| --------------
------------------------------------------------------------------------------------------------


---------------------------------------------------------------------------------------------------
From Clock:  CC1
  To Clock:  CC1

Setup :            0  Failing Endpoints,  Worst Slack        0.714ns,  Total Violation        0.000ns
Hold  :            0  Failing Endpoints,  Worst Slack        0.143ns,  Total Violation        0.000ns
PW    :            0  Failing Endpoints,  Worst Slack        7.000ns,  Total Violation        0.000ns
---------------------------------------------------------------------------------------------------


Max Delay Paths
--------------------------------------------------------------------------------------
Slack (MET) :             0.714ns  (required time - arrival time)
  Source:                 MEMWB_WriteRegister2/DFF0/q_reg/C
                            (rising edge-triggered cell FDCE clocked by CC1  {rise@0.000ns fall@7.500ns period=15.000ns})
  Destination:            IDEX_ALUSrc/DFF0/q_reg/D
                            (rising edge-triggered cell FDCE clocked by CC1  {rise@0.000ns fall@7.500ns period=15.000ns})
  Path Group:             CC1
  Path Type:              Setup (Max at Slow Process Corner)
  Requirement:            15.000ns  (CC1 rise@15.000ns - CC1 rise@0.000ns)
  Data Path Delay:        14.240ns  (logic 3.634ns (25.520%)  route 10.606ns (74.480%))
  Logic Levels:           31  (LUT3=1 LUT4=20 LUT5=7 LUT6=3)
  Clock Path Skew:        -0.044ns (DCD - SCD + CPR)
    Destination Clock Delay (DCD):    4.606ns = ( 19.606 - 15.000 ) 
    Source Clock Delay      (SCD):    4.891ns
    Clock Pessimism Removal (CPR):    0.241ns
  Clock Uncertainty:      0.035ns  ((TSJ^2 + TIJ^2)^1/2 + DJ) / 2 + PE
    Total System Jitter     (TSJ):    0.071ns
    Total Input Jitter      (TIJ):    0.000ns
    Discrete Jitter          (DJ):    0.000ns
    Phase Error              (PE):    0.000ns

    Location             Delay type                Incr(ns)  Path(ns)    Netlist Resource(s)
  -------------------------------------------------------------------    -------------------
                         (clock CC1 rise edge)        0.000     0.000 r  
    AF8                                               0.000     0.000 r  clk (IN)
                         net (fo=0)                   0.000     0.000    clk
    AF8                  IBUF (Prop_ibuf_I_O)         1.310     1.310 r  clk_IBUF_inst/O
                         net (fo=1, routed)           1.981     3.291    clk_IBUF
    BUFGCTRL_X0Y0        BUFG (Prop_bufg_I_O)         0.081     3.372 r  clk_IBUF_BUFG_inst/O
                         net (fo=9084, routed)        1.519     4.891    MEMWB_WriteRegister2/DFF0/clk_IBUF_BUFG
    SLICE_X13Y18         FDCE                                         r  MEMWB_WriteRegister2/DFF0/q_reg/C
  -------------------------------------------------------------------    -------------------
    SLICE_X13Y18         FDCE (Prop_fdce_C_Q)         0.379     5.270 r  MEMWB_WriteRegister2/DFF0/q_reg/Q
                         net (fo=22, routed)          0.841     6.111    IDEX_rs_rt_rd/bit17/DFF0/WB_WriteRegister[2]
    SLICE_X13Y18         LUT6 (Prop_lut6_I2_O)        0.105     6.216 r  IDEX_rs_rt_rd/bit17/DFF0/q_i_7__0/O
                         net (fo=1, routed)           0.112     6.328    IDEX_rs_rt_rd/bit17/DFF0/q_i_7__0_n_0
    SLICE_X13Y18         LUT5 (Prop_lut5_I1_O)        0.105     6.433 r  IDEX_rs_rt_rd/bit17/DFF0/q_i_3__30/O
                         net (fo=39, routed)          0.703     7.136    IDEX_rs_rt_rd/bit20/DFF0/q_reg_10
    SLICE_X18Y18         LUT6 (Prop_lut6_I1_O)        0.105     7.241 r  IDEX_rs_rt_rd/bit20/DFF0/q_i_1__225/O
                         net (fo=2, routed)           0.258     7.499    IDEX_Im16_Ext/bit1/DFF0/Bus_B_forwarded[0]
    SLICE_X20Y18         LUT3 (Prop_lut3_I2_O)        0.105     7.604 r  IDEX_Im16_Ext/bit1/DFF0/q_i_2__29/O
                         net (fo=2, routed)           0.408     8.012    IDEX_rs_rt_rd/bit25/DFF0/q_reg_51
    SLICE_X21Y18         LUT5 (Prop_lut5_I4_O)        0.105     8.117 f  IDEX_rs_rt_rd/bit25/DFF0/q_i_2__33/O
                         net (fo=2, routed)           0.126     8.244    IDEX_rs_rt_rd/bit25/DFF0/q_i_2__33_n_0
    SLICE_X21Y18         LUT4 (Prop_lut4_I0_O)        0.105     8.349 f  IDEX_rs_rt_rd/bit25/DFF0/q_i_2__28/O
                         net (fo=2, routed)           0.324     8.672    IDEX_rs_rt_rd/bit25/DFF0/q_i_2__28_n_0
    SLICE_X21Y17         LUT4 (Prop_lut4_I0_O)        0.105     8.777 f  IDEX_rs_rt_rd/bit25/DFF0/q_i_2__27/O
                         net (fo=2, routed)           0.127     8.904    IDEX_rs_rt_rd/bit25/DFF0/q_i_2__27_n_0
    SLICE_X21Y17         LUT4 (Prop_lut4_I0_O)        0.105     9.009 f  IDEX_rs_rt_rd/bit25/DFF0/q_i_2__26/O
                         net (fo=2, routed)           0.351     9.360    IDEX_rs_rt_rd/bit25/DFF0/q_i_2__26_n_0
    SLICE_X22Y16         LUT4 (Prop_lut4_I0_O)        0.105     9.465 f  IDEX_rs_rt_rd/bit25/DFF0/q_i_2__25/O
                         net (fo=2, routed)           0.137     9.602    IDEX_rs_rt_rd/bit25/DFF0/q_i_2__25_n_0
    SLICE_X22Y16         LUT4 (Prop_lut4_I0_O)        0.105     9.707 f  IDEX_rs_rt_rd/bit25/DFF0/q_i_2__24/O
                         net (fo=2, routed)           0.376    10.083    IDEX_rs_rt_rd/bit25/DFF0/q_i_2__24_n_0
    SLICE_X19Y17         LUT4 (Prop_lut4_I0_O)        0.105    10.188 f  IDEX_rs_rt_rd/bit25/DFF0/q_i_2__23/O
                         net (fo=2, routed)           0.386    10.574    IDEX_rs_rt_rd/bit25/DFF0/q_i_2__23_n_0
    SLICE_X18Y17         LUT4 (Prop_lut4_I0_O)        0.105    10.679 f  IDEX_rs_rt_rd/bit25/DFF0/q_i_2__22/O
                         net (fo=2, routed)           0.233    10.913    IDEX_rs_rt_rd/bit25/DFF0/q_i_2__22_n_0
    SLICE_X19Y17         LUT4 (Prop_lut4_I0_O)        0.105    11.018 f  IDEX_rs_rt_rd/bit25/DFF0/q_i_2__21/O
                         net (fo=2, routed)           0.242    11.260    IDEX_rs_rt_rd/bit25/DFF0/q_i_2__21_n_0
    SLICE_X18Y16         LUT4 (Prop_lut4_I0_O)        0.105    11.365 f  IDEX_rs_rt_rd/bit25/DFF0/q_i_2__20/O
                         net (fo=2, routed)           0.235    11.600    IDEX_rs_rt_rd/bit25/DFF0/q_i_2__20_n_0
    SLICE_X19Y16         LUT4 (Prop_lut4_I0_O)        0.105    11.705 f  IDEX_rs_rt_rd/bit25/DFF0/q_i_2__19/O
                         net (fo=2, routed)           0.355    12.060    IDEX_rs_rt_rd/bit25/DFF0/q_i_2__19_n_0
    SLICE_X16Y15         LUT4 (Prop_lut4_I0_O)        0.105    12.165 f  IDEX_rs_rt_rd/bit25/DFF0/q_i_2__18/O
                         net (fo=2, routed)           0.230    12.395    IDEX_rs_rt_rd/bit25/DFF0/q_i_2__18_n_0
    SLICE_X17Y15         LUT4 (Prop_lut4_I0_O)        0.105    12.500 f  IDEX_rs_rt_rd/bit25/DFF0/q_i_2__17/O
                         net (fo=2, routed)           0.357    12.857    IDEX_rs_rt_rd/bit25/DFF0/q_i_2__17_n_0
    SLICE_X17Y16         LUT4 (Prop_lut4_I0_O)        0.105    12.962 f  IDEX_rs_rt_rd/bit25/DFF0/q_i_2__16/O
                         net (fo=2, routed)           0.386    13.348    IDEX_rs_rt_rd/bit25/DFF0/q_i_2__16_n_0
    SLICE_X16Y16         LUT4 (Prop_lut4_I0_O)        0.105    13.453 f  IDEX_rs_rt_rd/bit25/DFF0/q_i_2__15/O
                         net (fo=2, routed)           0.369    13.822    IDEX_rs_rt_rd/bit25/DFF0/q_i_2__15_n_0
    SLICE_X15Y16         LUT4 (Prop_lut4_I0_O)        0.105    13.927 f  IDEX_rs_rt_rd/bit25/DFF0/q_i_2__14/O
                         net (fo=2, routed)           0.430    14.357    IDEX_rs_rt_rd/bit25/DFF0/q_i_2__14_n_0
    SLICE_X14Y16         LUT4 (Prop_lut4_I0_O)        0.105    14.462 f  IDEX_rs_rt_rd/bit25/DFF0/q_i_2__13/O
                         net (fo=2, routed)           0.335    14.798    IDEX_rs_rt_rd/bit25/DFF0/q_i_2__13_n_0
    SLICE_X13Y15         LUT4 (Prop_lut4_I0_O)        0.105    14.903 f  IDEX_rs_rt_rd/bit25/DFF0/q_i_2__12/O
                         net (fo=2, routed)           0.386    15.289    IDEX_rs_rt_rd/bit25/DFF0/q_i_2__12_n_0
    SLICE_X12Y15         LUT4 (Prop_lut4_I0_O)        0.105    15.394 f  IDEX_rs_rt_rd/bit25/DFF0/q_i_2__11/O
                         net (fo=2, routed)           0.238    15.632    IDEX_rs_rt_rd/bit25/DFF0/q_i_2__11_n_0
    SLICE_X15Y15         LUT4 (Prop_lut4_I0_O)        0.105    15.737 f  IDEX_rs_rt_rd/bit25/DFF0/q_i_2__10/O
                         net (fo=3, routed)           0.510    16.246    IDEX_rs_rt_rd/bit25/DFF0/q_i_2__10_n_0
    SLICE_X23Y15         LUT5 (Prop_lut5_I2_O)        0.105    16.351 f  IDEX_rs_rt_rd/bit25/DFF0/q_i_2__6_comp/O
                         net (fo=4, routed)           0.359    16.710    IDEX_rs_rt_rd/bit25/DFF0/q_i_2__6_n_0
    SLICE_X26Y15         LUT4 (Prop_lut4_I0_O)        0.105    16.815 f  IDEX_rs_rt_rd/bit25/DFF0/q_i_2__5/O
                         net (fo=2, routed)           0.130    16.946    IDEX_rs_rt_rd/bit25/DFF0/q_i_2__5_n_0
    SLICE_X26Y15         LUT5 (Prop_lut5_I2_O)        0.105    17.051 r  IDEX_rs_rt_rd/bit25/DFF0/q_i_2__37/O
                         net (fo=4, routed)           0.364    17.415    IDEX_rs_rt_rd/bit25/DFF0/q_i_2__37_n_0
    SLICE_X27Y14         LUT5 (Prop_lut5_I0_O)        0.105    17.520 f  IDEX_rs_rt_rd/bit25/DFF0/q_i_1__148_replica/O
                         net (fo=1, routed)           0.510    18.030    IDEX_rs_rt_rd/bit25/DFF0/q_reg_8[26]_repN
    SLICE_X25Y15         LUT6 (Prop_lut6_I2_O)        0.105    18.135 f  IDEX_rs_rt_rd/bit25/DFF0/ZeroFlag_OBUF_inst_i_2_rewire_comp/O
                         net (fo=9, routed)           0.403    18.538    IDEX_rs_rt_rd/bit25/DFF0/ZeroFlag_OBUF_inst_i_2_n_0
    SLICE_X26Y17         LUT5 (Prop_lut5_I3_O)        0.105    18.643 r  IDEX_rs_rt_rd/bit25/DFF0/q_i_4__5_rewire/O
                         net (fo=9, routed)           0.383    19.026    IFID_Instruction/bit27/DFF0/q_reg_2_alias
    SLICE_X26Y16         LUT5 (Prop_lut5_I3_O)        0.105    19.131 r  IFID_Instruction/bit27/DFF0/q_i_1__143_comp/O
                         net (fo=1, routed)           0.000    19.131    IDEX_ALUSrc/DFF0/ID_ALUSrc
    SLICE_X26Y16         FDCE                                         r  IDEX_ALUSrc/DFF0/q_reg/D
  -------------------------------------------------------------------    -------------------

                         (clock CC1 rise edge)       15.000    15.000 r  
    AF8                                               0.000    15.000 r  clk (IN)
                         net (fo=0)                   0.000    15.000    clk
    AF8                  IBUF (Prop_ibuf_I_O)         1.250    16.250 r  clk_IBUF_inst/O
                         net (fo=1, routed)           1.877    18.127    clk_IBUF
    BUFGCTRL_X0Y0        BUFG (Prop_bufg_I_O)         0.077    18.204 r  clk_IBUF_BUFG_inst/O
                         net (fo=9084, routed)        1.402    19.606    IDEX_ALUSrc/DFF0/clk_IBUF_BUFG
    SLICE_X26Y16         FDCE                                         r  IDEX_ALUSrc/DFF0/q_reg/C
                         clock pessimism              0.241    19.847    
                         clock uncertainty           -0.035    19.812    
    SLICE_X26Y16         FDCE (Setup_fdce_C_D)        0.033    19.845    IDEX_ALUSrc/DFF0/q_reg
  -------------------------------------------------------------------
                         required time                         19.845    
                         arrival time                         -19.131    
  -------------------------------------------------------------------
                         slack                                  0.714    

Slack (MET) :             0.754ns  (required time - arrival time)
  Source:                 MEMWB_WriteRegister2/DFF0/q_reg/C
                            (rising edge-triggered cell FDCE clocked by CC1  {rise@0.000ns fall@7.500ns period=15.000ns})
  Destination:            PC_Reg/bit4/DFF0/q_reg/D
                            (rising edge-triggered cell FDCE clocked by CC1  {rise@0.000ns fall@7.500ns period=15.000ns})
  Path Group:             CC1
  Path Type:              Setup (Max at Slow Process Corner)
  Requirement:            15.000ns  (CC1 rise@15.000ns - CC1 rise@0.000ns)
  Data Path Delay:        14.197ns  (logic 3.634ns (25.597%)  route 10.563ns (74.403%))
  Logic Levels:           31  (LUT3=1 LUT4=20 LUT5=6 LUT6=4)
  Clock Path Skew:        -0.046ns (DCD - SCD + CPR)
    Destination Clock Delay (DCD):    4.604ns = ( 19.604 - 15.000 ) 
    Source Clock Delay      (SCD):    4.891ns
    Clock Pessimism Removal (CPR):    0.241ns
  Clock Uncertainty:      0.035ns  ((TSJ^2 + TIJ^2)^1/2 + DJ) / 2 + PE
    Total System Jitter     (TSJ):    0.071ns
    Total Input Jitter      (TIJ):    0.000ns
    Discrete Jitter          (DJ):    0.000ns
    Phase Error              (PE):    0.000ns

    Location             Delay type                Incr(ns)  Path(ns)    Netlist Resource(s)
  -------------------------------------------------------------------    -------------------
                         (clock CC1 rise edge)        0.000     0.000 r  
    AF8                                               0.000     0.000 r  clk (IN)
                         net (fo=0)                   0.000     0.000    clk
    AF8                  IBUF (Prop_ibuf_I_O)         1.310     1.310 r  clk_IBUF_inst/O
                         net (fo=1, routed)           1.981     3.291    clk_IBUF
    BUFGCTRL_X0Y0        BUFG (Prop_bufg_I_O)         0.081     3.372 r  clk_IBUF_BUFG_inst/O
                         net (fo=9084, routed)        1.519     4.891    MEMWB_WriteRegister2/DFF0/clk_IBUF_BUFG
    SLICE_X13Y18         FDCE                                         r  MEMWB_WriteRegister2/DFF0/q_reg/C
  -------------------------------------------------------------------    -------------------
    SLICE_X13Y18         FDCE (Prop_fdce_C_Q)         0.379     5.270 r  MEMWB_WriteRegister2/DFF0/q_reg/Q
                         net (fo=22, routed)          0.841     6.111    IDEX_rs_rt_rd/bit17/DFF0/WB_WriteRegister[2]
    SLICE_X13Y18         LUT6 (Prop_lut6_I2_O)        0.105     6.216 r  IDEX_rs_rt_rd/bit17/DFF0/q_i_7__0/O
                         net (fo=1, routed)           0.112     6.328    IDEX_rs_rt_rd/bit17/DFF0/q_i_7__0_n_0
    SLICE_X13Y18         LUT5 (Prop_lut5_I1_O)        0.105     6.433 r  IDEX_rs_rt_rd/bit17/DFF0/q_i_3__30/O
                         net (fo=39, routed)          0.703     7.136    IDEX_rs_rt_rd/bit20/DFF0/q_reg_10
    SLICE_X18Y18         LUT6 (Prop_lut6_I1_O)        0.105     7.241 r  IDEX_rs_rt_rd/bit20/DFF0/q_i_1__225/O
                         net (fo=2, routed)           0.258     7.499    IDEX_Im16_Ext/bit1/DFF0/Bus_B_forwarded[0]
    SLICE_X20Y18         LUT3 (Prop_lut3_I2_O)        0.105     7.604 r  IDEX_Im16_Ext/bit1/DFF0/q_i_2__29/O
                         net (fo=2, routed)           0.408     8.012    IDEX_rs_rt_rd/bit25/DFF0/q_reg_51
    SLICE_X21Y18         LUT5 (Prop_lut5_I4_O)        0.105     8.117 f  IDEX_rs_rt_rd/bit25/DFF0/q_i_2__33/O
                         net (fo=2, routed)           0.126     8.244    IDEX_rs_rt_rd/bit25/DFF0/q_i_2__33_n_0
    SLICE_X21Y18         LUT4 (Prop_lut4_I0_O)        0.105     8.349 f  IDEX_rs_rt_rd/bit25/DFF0/q_i_2__28/O
                         net (fo=2, routed)           0.324     8.672    IDEX_rs_rt_rd/bit25/DFF0/q_i_2__28_n_0
    SLICE_X21Y17         LUT4 (Prop_lut4_I0_O)        0.105     8.777 f  IDEX_rs_rt_rd/bit25/DFF0/q_i_2__27/O
                         net (fo=2, routed)           0.127     8.904    IDEX_rs_rt_rd/bit25/DFF0/q_i_2__27_n_0
    SLICE_X21Y17         LUT4 (Prop_lut4_I0_O)        0.105     9.009 f  IDEX_rs_rt_rd/bit25/DFF0/q_i_2__26/O
                         net (fo=2, routed)           0.351     9.360    IDEX_rs_rt_rd/bit25/DFF0/q_i_2__26_n_0
    SLICE_X22Y16         LUT4 (Prop_lut4_I0_O)        0.105     9.465 f  IDEX_rs_rt_rd/bit25/DFF0/q_i_2__25/O
                         net (fo=2, routed)           0.137     9.602    IDEX_rs_rt_rd/bit25/DFF0/q_i_2__25_n_0
    SLICE_X22Y16         LUT4 (Prop_lut4_I0_O)        0.105     9.707 f  IDEX_rs_rt_rd/bit25/DFF0/q_i_2__24/O
                         net (fo=2, routed)           0.376    10.083    IDEX_rs_rt_rd/bit25/DFF0/q_i_2__24_n_0
    SLICE_X19Y17         LUT4 (Prop_lut4_I0_O)        0.105    10.188 f  IDEX_rs_rt_rd/bit25/DFF0/q_i_2__23/O
                         net (fo=2, routed)           0.386    10.574    IDEX_rs_rt_rd/bit25/DFF0/q_i_2__23_n_0
    SLICE_X18Y17         LUT4 (Prop_lut4_I0_O)        0.105    10.679 f  IDEX_rs_rt_rd/bit25/DFF0/q_i_2__22/O
                         net (fo=2, routed)           0.233    10.913    IDEX_rs_rt_rd/bit25/DFF0/q_i_2__22_n_0
    SLICE_X19Y17         LUT4 (Prop_lut4_I0_O)        0.105    11.018 f  IDEX_rs_rt_rd/bit25/DFF0/q_i_2__21/O
                         net (fo=2, routed)           0.242    11.260    IDEX_rs_rt_rd/bit25/DFF0/q_i_2__21_n_0
    SLICE_X18Y16         LUT4 (Prop_lut4_I0_O)        0.105    11.365 f  IDEX_rs_rt_rd/bit25/DFF0/q_i_2__20/O
                         net (fo=2, routed)           0.235    11.600    IDEX_rs_rt_rd/bit25/DFF0/q_i_2__20_n_0
    SLICE_X19Y16         LUT4 (Prop_lut4_I0_O)        0.105    11.705 f  IDEX_rs_rt_rd/bit25/DFF0/q_i_2__19/O
                         net (fo=2, routed)           0.355    12.060    IDEX_rs_rt_rd/bit25/DFF0/q_i_2__19_n_0
    SLICE_X16Y15         LUT4 (Prop_lut4_I0_O)        0.105    12.165 f  IDEX_rs_rt_rd/bit25/DFF0/q_i_2__18/O
                         net (fo=2, routed)           0.230    12.395    IDEX_rs_rt_rd/bit25/DFF0/q_i_2__18_n_0
    SLICE_X17Y15         LUT4 (Prop_lut4_I0_O)        0.105    12.500 f  IDEX_rs_rt_rd/bit25/DFF0/q_i_2__17/O
                         net (fo=2, routed)           0.357    12.857    IDEX_rs_rt_rd/bit25/DFF0/q_i_2__17_n_0
    SLICE_X17Y16         LUT4 (Prop_lut4_I0_O)        0.105    12.962 f  IDEX_rs_rt_rd/bit25/DFF0/q_i_2__16/O
                         net (fo=2, routed)           0.386    13.348    IDEX_rs_rt_rd/bit25/DFF0/q_i_2__16_n_0
    SLICE_X16Y16         LUT4 (Prop_lut4_I0_O)        0.105    13.453 f  IDEX_rs_rt_rd/bit25/DFF0/q_i_2__15/O
                         net (fo=2, routed)           0.369    13.822    IDEX_rs_rt_rd/bit25/DFF0/q_i_2__15_n_0
    SLICE_X15Y16         LUT4 (Prop_lut4_I0_O)        0.105    13.927 f  IDEX_rs_rt_rd/bit25/DFF0/q_i_2__14/O
                         net (fo=2, routed)           0.430    14.357    IDEX_rs_rt_rd/bit25/DFF0/q_i_2__14_n_0
    SLICE_X14Y16         LUT4 (Prop_lut4_I0_O)        0.105    14.462 f  IDEX_rs_rt_rd/bit25/DFF0/q_i_2__13/O
                         net (fo=2, routed)           0.335    14.798    IDEX_rs_rt_rd/bit25/DFF0/q_i_2__13_n_0
    SLICE_X13Y15         LUT4 (Prop_lut4_I0_O)        0.105    14.903 f  IDEX_rs_rt_rd/bit25/DFF0/q_i_2__12/O
                         net (fo=2, routed)           0.386    15.289    IDEX_rs_rt_rd/bit25/DFF0/q_i_2__12_n_0
    SLICE_X12Y15         LUT4 (Prop_lut4_I0_O)        0.105    15.394 f  IDEX_rs_rt_rd/bit25/DFF0/q_i_2__11/O
                         net (fo=2, routed)           0.238    15.632    IDEX_rs_rt_rd/bit25/DFF0/q_i_2__11_n_0
    SLICE_X15Y15         LUT4 (Prop_lut4_I0_O)        0.105    15.737 f  IDEX_rs_rt_rd/bit25/DFF0/q_i_2__10/O
                         net (fo=3, routed)           0.510    16.246    IDEX_rs_rt_rd/bit25/DFF0/q_i_2__10_n_0
    SLICE_X23Y15         LUT5 (Prop_lut5_I2_O)        0.105    16.351 f  IDEX_rs_rt_rd/bit25/DFF0/q_i_2__6_comp/O
                         net (fo=4, routed)           0.359    16.710    IDEX_rs_rt_rd/bit25/DFF0/q_i_2__6_n_0
    SLICE_X26Y15         LUT4 (Prop_lut4_I0_O)        0.105    16.815 f  IDEX_rs_rt_rd/bit25/DFF0/q_i_2__5/O
                         net (fo=2, routed)           0.130    16.946    IDEX_rs_rt_rd/bit25/DFF0/q_i_2__5_n_0
    SLICE_X26Y15         LUT5 (Prop_lut5_I2_O)        0.105    17.051 r  IDEX_rs_rt_rd/bit25/DFF0/q_i_2__37/O
                         net (fo=4, routed)           0.364    17.415    IDEX_rs_rt_rd/bit25/DFF0/q_i_2__37_n_0
    SLICE_X27Y14         LUT5 (Prop_lut5_I0_O)        0.105    17.520 r  IDEX_rs_rt_rd/bit25/DFF0/q_i_1__148_replica/O
                         net (fo=1, routed)           0.510    18.030    IDEX_rs_rt_rd/bit25/DFF0/q_reg_8[26]_repN
    SLICE_X25Y15         LUT6 (Prop_lut6_I2_O)        0.105    18.135 r  IDEX_rs_rt_rd/bit25/DFF0/ZeroFlag_OBUF_inst_i_2_rewire_comp/O
                         net (fo=9, routed)           0.364    18.499    IDEX_rs_rt_rd/bit25/DFF0/ZeroFlag_OBUF_inst_i_2_n_0
    SLICE_X24Y16         LUT5 (Prop_lut5_I3_O)        0.105    18.604 r  IDEX_rs_rt_rd/bit25/DFF0/JumpControl_OBUF_inst_i_3_rewire/O
                         net (fo=5, routed)           0.379    18.983    IDEX_rs_rt_rd/bit25/DFF0/q_reg_3
    SLICE_X24Y18         LUT6 (Prop_lut6_I4_O)        0.105    19.088 r  IDEX_rs_rt_rd/bit25/DFF0/q_i_1__137_comp_1/O
                         net (fo=1, routed)           0.000    19.088    PC_Reg/bit4/DFF0/d_0
    SLICE_X24Y18         FDCE                                         r  PC_Reg/bit4/DFF0/q_reg/D
  -------------------------------------------------------------------    -------------------

                         (clock CC1 rise edge)       15.000    15.000 r  
    AF8                                               0.000    15.000 r  clk (IN)
                         net (fo=0)                   0.000    15.000    clk
    AF8                  IBUF (Prop_ibuf_I_O)         1.250    16.250 r  clk_IBUF_inst/O
                         net (fo=1, routed)           1.877    18.127    clk_IBUF
    BUFGCTRL_X0Y0        BUFG (Prop_bufg_I_O)         0.077    18.204 r  clk_IBUF_BUFG_inst/O
                         net (fo=9084, routed)        1.400    19.604    PC_Reg/bit4/DFF0/clk_IBUF_BUFG
    SLICE_X24Y18         FDCE                                         r  PC_Reg/bit4/DFF0/q_reg/C
                         clock pessimism              0.241    19.845    
                         clock uncertainty           -0.035    19.810    
    SLICE_X24Y18         FDCE (Setup_fdce_C_D)        0.032    19.842    PC_Reg/bit4/DFF0/q_reg
  -------------------------------------------------------------------
                         required time                         19.842    
                         arrival time                         -19.088    
  -------------------------------------------------------------------
                         slack                                  0.754    

Slack (MET) :             0.771ns  (required time - arrival time)
  Source:                 MEMWB_WriteRegister2/DFF0/q_reg/C
                            (rising edge-triggered cell FDCE clocked by CC1  {rise@0.000ns fall@7.500ns period=15.000ns})
  Destination:            PC_Reg/bit5/DFF0/q_reg/D
                            (rising edge-triggered cell FDCE clocked by CC1  {rise@0.000ns fall@7.500ns period=15.000ns})
  Path Group:             CC1
  Path Type:              Setup (Max at Slow Process Corner)
  Requirement:            15.000ns  (CC1 rise@15.000ns - CC1 rise@0.000ns)
  Data Path Delay:        14.182ns  (logic 3.634ns (25.624%)  route 10.548ns (74.376%))
  Logic Levels:           31  (LUT3=1 LUT4=20 LUT5=6 LUT6=4)
  Clock Path Skew:        -0.043ns (DCD - SCD + CPR)
    Destination Clock Delay (DCD):    4.607ns = ( 19.607 - 15.000 ) 
    Source Clock Delay      (SCD):    4.891ns
    Clock Pessimism Removal (CPR):    0.241ns
  Clock Uncertainty:      0.035ns  ((TSJ^2 + TIJ^2)^1/2 + DJ) / 2 + PE
    Total System Jitter     (TSJ):    0.071ns
    Total Input Jitter      (TIJ):    0.000ns
    Discrete Jitter          (DJ):    0.000ns
    Phase Error              (PE):    0.000ns

    Location             Delay type                Incr(ns)  Path(ns)    Netlist Resource(s)
  -------------------------------------------------------------------    -------------------
                         (clock CC1 rise edge)        0.000     0.000 r  
    AF8                                               0.000     0.000 r  clk (IN)
                         net (fo=0)                   0.000     0.000    clk
    AF8                  IBUF (Prop_ibuf_I_O)         1.310     1.310 r  clk_IBUF_inst/O
                         net (fo=1, routed)           1.981     3.291    clk_IBUF
    BUFGCTRL_X0Y0        BUFG (Prop_bufg_I_O)         0.081     3.372 r  clk_IBUF_BUFG_inst/O
                         net (fo=9084, routed)        1.519     4.891    MEMWB_WriteRegister2/DFF0/clk_IBUF_BUFG
    SLICE_X13Y18         FDCE                                         r  MEMWB_WriteRegister2/DFF0/q_reg/C
  -------------------------------------------------------------------    -------------------
    SLICE_X13Y18         FDCE (Prop_fdce_C_Q)         0.379     5.270 r  MEMWB_WriteRegister2/DFF0/q_reg/Q
                         net (fo=22, routed)          0.841     6.111    IDEX_rs_rt_rd/bit17/DFF0/WB_WriteRegister[2]
    SLICE_X13Y18         LUT6 (Prop_lut6_I2_O)        0.105     6.216 r  IDEX_rs_rt_rd/bit17/DFF0/q_i_7__0/O
                         net (fo=1, routed)           0.112     6.328    IDEX_rs_rt_rd/bit17/DFF0/q_i_7__0_n_0
    SLICE_X13Y18         LUT5 (Prop_lut5_I1_O)        0.105     6.433 r  IDEX_rs_rt_rd/bit17/DFF0/q_i_3__30/O
                         net (fo=39, routed)          0.703     7.136    IDEX_rs_rt_rd/bit20/DFF0/q_reg_10
    SLICE_X18Y18         LUT6 (Prop_lut6_I1_O)        0.105     7.241 r  IDEX_rs_rt_rd/bit20/DFF0/q_i_1__225/O
                         net (fo=2, routed)           0.258     7.499    IDEX_Im16_Ext/bit1/DFF0/Bus_B_forwarded[0]
    SLICE_X20Y18         LUT3 (Prop_lut3_I2_O)        0.105     7.604 r  IDEX_Im16_Ext/bit1/DFF0/q_i_2__29/O
                         net (fo=2, routed)           0.408     8.012    IDEX_rs_rt_rd/bit25/DFF0/q_reg_51
    SLICE_X21Y18         LUT5 (Prop_lut5_I4_O)        0.105     8.117 f  IDEX_rs_rt_rd/bit25/DFF0/q_i_2__33/O
                         net (fo=2, routed)           0.126     8.244    IDEX_rs_rt_rd/bit25/DFF0/q_i_2__33_n_0
    SLICE_X21Y18         LUT4 (Prop_lut4_I0_O)        0.105     8.349 f  IDEX_rs_rt_rd/bit25/DFF0/q_i_2__28/O
                         net (fo=2, routed)           0.324     8.672    IDEX_rs_rt_rd/bit25/DFF0/q_i_2__28_n_0
    SLICE_X21Y17         LUT4 (Prop_lut4_I0_O)        0.105     8.777 f  IDEX_rs_rt_rd/bit25/DFF0/q_i_2__27/O
                         net (fo=2, routed)           0.127     8.904    IDEX_rs_rt_rd/bit25/DFF0/q_i_2__27_n_0
    SLICE_X21Y17         LUT4 (Prop_lut4_I0_O)        0.105     9.009 f  IDEX_rs_rt_rd/bit25/DFF0/q_i_2__26/O
                         net (fo=2, routed)           0.351     9.360    IDEX_rs_rt_rd/bit25/DFF0/q_i_2__26_n_0
    SLICE_X22Y16         LUT4 (Prop_lut4_I0_O)        0.105     9.465 f  IDEX_rs_rt_rd/bit25/DFF0/q_i_2__25/O
                         net (fo=2, routed)           0.137     9.602    IDEX_rs_rt_rd/bit25/DFF0/q_i_2__25_n_0
    SLICE_X22Y16         LUT4 (Prop_lut4_I0_O)        0.105     9.707 f  IDEX_rs_rt_rd/bit25/DFF0/q_i_2__24/O
                         net (fo=2, routed)           0.376    10.083    IDEX_rs_rt_rd/bit25/DFF0/q_i_2__24_n_0
    SLICE_X19Y17         LUT4 (Prop_lut4_I0_O)        0.105    10.188 f  IDEX_rs_rt_rd/bit25/DFF0/q_i_2__23/O
                         net (fo=2, routed)           0.386    10.574    IDEX_rs_rt_rd/bit25/DFF0/q_i_2__23_n_0
    SLICE_X18Y17         LUT4 (Prop_lut4_I0_O)        0.105    10.679 f  IDEX_rs_rt_rd/bit25/DFF0/q_i_2__22/O
                         net (fo=2, routed)           0.233    10.913    IDEX_rs_rt_rd/bit25/DFF0/q_i_2__22_n_0
    SLICE_X19Y17         LUT4 (Prop_lut4_I0_O)        0.105    11.018 f  IDEX_rs_rt_rd/bit25/DFF0/q_i_2__21/O
                         net (fo=2, routed)           0.242    11.260    IDEX_rs_rt_rd/bit25/DFF0/q_i_2__21_n_0
    SLICE_X18Y16         LUT4 (Prop_lut4_I0_O)        0.105    11.365 f  IDEX_rs_rt_rd/bit25/DFF0/q_i_2__20/O
                         net (fo=2, routed)           0.235    11.600    IDEX_rs_rt_rd/bit25/DFF0/q_i_2__20_n_0
    SLICE_X19Y16         LUT4 (Prop_lut4_I0_O)        0.105    11.705 f  IDEX_rs_rt_rd/bit25/DFF0/q_i_2__19/O
                         net (fo=2, routed)           0.355    12.060    IDEX_rs_rt_rd/bit25/DFF0/q_i_2__19_n_0
    SLICE_X16Y15         LUT4 (Prop_lut4_I0_O)        0.105    12.165 f  IDEX_rs_rt_rd/bit25/DFF0/q_i_2__18/O
                         net (fo=2, routed)           0.230    12.395    IDEX_rs_rt_rd/bit25/DFF0/q_i_2__18_n_0
    SLICE_X17Y15         LUT4 (Prop_lut4_I0_O)        0.105    12.500 f  IDEX_rs_rt_rd/bit25/DFF0/q_i_2__17/O
                         net (fo=2, routed)           0.357    12.857    IDEX_rs_rt_rd/bit25/DFF0/q_i_2__17_n_0
    SLICE_X17Y16         LUT4 (Prop_lut4_I0_O)        0.105    12.962 f  IDEX_rs_rt_rd/bit25/DFF0/q_i_2__16/O
                         net (fo=2, routed)           0.386    13.348    IDEX_rs_rt_rd/bit25/DFF0/q_i_2__16_n_0
    SLICE_X16Y16         LUT4 (Prop_lut4_I0_O)        0.105    13.453 f  IDEX_rs_rt_rd/bit25/DFF0/q_i_2__15/O
                         net (fo=2, routed)           0.369    13.822    IDEX_rs_rt_rd/bit25/DFF0/q_i_2__15_n_0
    SLICE_X15Y16         LUT4 (Prop_lut4_I0_O)        0.105    13.927 f  IDEX_rs_rt_rd/bit25/DFF0/q_i_2__14/O
                         net (fo=2, routed)           0.430    14.357    IDEX_rs_rt_rd/bit25/DFF0/q_i_2__14_n_0
    SLICE_X14Y16         LUT4 (Prop_lut4_I0_O)        0.105    14.462 f  IDEX_rs_rt_rd/bit25/DFF0/q_i_2__13/O
                         net (fo=2, routed)           0.335    14.798    IDEX_rs_rt_rd/bit25/DFF0/q_i_2__13_n_0
    SLICE_X13Y15         LUT4 (Prop_lut4_I0_O)        0.105    14.903 f  IDEX_rs_rt_rd/bit25/DFF0/q_i_2__12/O
                         net (fo=2, routed)           0.386    15.289    IDEX_rs_rt_rd/bit25/DFF0/q_i_2__12_n_0
    SLICE_X12Y15         LUT4 (Prop_lut4_I0_O)        0.105    15.394 f  IDEX_rs_rt_rd/bit25/DFF0/q_i_2__11/O
                         net (fo=2, routed)           0.238    15.632    IDEX_rs_rt_rd/bit25/DFF0/q_i_2__11_n_0
    SLICE_X15Y15         LUT4 (Prop_lut4_I0_O)        0.105    15.737 f  IDEX_rs_rt_rd/bit25/DFF0/q_i_2__10/O
                         net (fo=3, routed)           0.510    16.246    IDEX_rs_rt_rd/bit25/DFF0/q_i_2__10_n_0
    SLICE_X23Y15         LUT5 (Prop_lut5_I2_O)        0.105    16.351 f  IDEX_rs_rt_rd/bit25/DFF0/q_i_2__6_comp/O
                         net (fo=4, routed)           0.359    16.710    IDEX_rs_rt_rd/bit25/DFF0/q_i_2__6_n_0
    SLICE_X26Y15         LUT4 (Prop_lut4_I0_O)        0.105    16.815 f  IDEX_rs_rt_rd/bit25/DFF0/q_i_2__5/O
                         net (fo=2, routed)           0.130    16.946    IDEX_rs_rt_rd/bit25/DFF0/q_i_2__5_n_0
    SLICE_X26Y15         LUT5 (Prop_lut5_I2_O)        0.105    17.051 r  IDEX_rs_rt_rd/bit25/DFF0/q_i_2__37/O
                         net (fo=4, routed)           0.364    17.415    IDEX_rs_rt_rd/bit25/DFF0/q_i_2__37_n_0
    SLICE_X27Y14         LUT5 (Prop_lut5_I0_O)        0.105    17.520 r  IDEX_rs_rt_rd/bit25/DFF0/q_i_1__148_replica/O
                         net (fo=1, routed)           0.510    18.030    IDEX_rs_rt_rd/bit25/DFF0/q_reg_8[26]_repN
    SLICE_X25Y15         LUT6 (Prop_lut6_I2_O)        0.105    18.135 r  IDEX_rs_rt_rd/bit25/DFF0/ZeroFlag_OBUF_inst_i_2_rewire_comp/O
                         net (fo=9, routed)           0.364    18.499    IDEX_rs_rt_rd/bit25/DFF0/ZeroFlag_OBUF_inst_i_2_n_0
    SLICE_X24Y16         LUT5 (Prop_lut5_I3_O)        0.105    18.604 r  IDEX_rs_rt_rd/bit25/DFF0/JumpControl_OBUF_inst_i_3_rewire/O
                         net (fo=5, routed)           0.365    18.968    IDEX_rs_rt_rd/bit25/DFF0/q_reg_3
    SLICE_X23Y16         LUT6 (Prop_lut6_I4_O)        0.105    19.073 r  IDEX_rs_rt_rd/bit25/DFF0/q_i_1__138_comp_1/O
                         net (fo=1, routed)           0.000    19.073    PC_Reg/bit5/DFF0/d_1
    SLICE_X23Y16         FDCE                                         r  PC_Reg/bit5/DFF0/q_reg/D
  -------------------------------------------------------------------    -------------------

                         (clock CC1 rise edge)       15.000    15.000 r  
    AF8                                               0.000    15.000 r  clk (IN)
                         net (fo=0)                   0.000    15.000    clk
    AF8                  IBUF (Prop_ibuf_I_O)         1.250    16.250 r  clk_IBUF_inst/O
                         net (fo=1, routed)           1.877    18.127    clk_IBUF
    BUFGCTRL_X0Y0        BUFG (Prop_bufg_I_O)         0.077    18.204 r  clk_IBUF_BUFG_inst/O
                         net (fo=9084, routed)        1.403    19.607    PC_Reg/bit5/DFF0/clk_IBUF_BUFG
    SLICE_X23Y16         FDCE                                         r  PC_Reg/bit5/DFF0/q_reg/C
                         clock pessimism              0.241    19.848    
                         clock uncertainty           -0.035    19.813    
    SLICE_X23Y16         FDCE (Setup_fdce_C_D)        0.032    19.845    PC_Reg/bit5/DFF0/q_reg
  -------------------------------------------------------------------
                         required time                         19.845    
                         arrival time                         -19.073    
  -------------------------------------------------------------------
                         slack                                  0.771    

Slack (MET) :             0.782ns  (required time - arrival time)
  Source:                 MEMWB_WriteRegister2/DFF0/q_reg/C
                            (rising edge-triggered cell FDCE clocked by CC1  {rise@0.000ns fall@7.500ns period=15.000ns})
  Destination:            IF_flush_bit/DFF0/q_reg/D
                            (rising edge-triggered cell FDCE clocked by CC1  {rise@0.000ns fall@7.500ns period=15.000ns})
  Path Group:             CC1
  Path Type:              Setup (Max at Slow Process Corner)
  Requirement:            15.000ns  (CC1 rise@15.000ns - CC1 rise@0.000ns)
  Data Path Delay:        14.167ns  (logic 3.634ns (25.652%)  route 10.533ns (74.348%))
  Logic Levels:           31  (LUT3=1 LUT4=20 LUT5=7 LUT6=3)
  Clock Path Skew:        -0.046ns (DCD - SCD + CPR)
    Destination Clock Delay (DCD):    4.604ns = ( 19.604 - 15.000 ) 
    Source Clock Delay      (SCD):    4.891ns
    Clock Pessimism Removal (CPR):    0.241ns
  Clock Uncertainty:      0.035ns  ((TSJ^2 + TIJ^2)^1/2 + DJ) / 2 + PE
    Total System Jitter     (TSJ):    0.071ns
    Total Input Jitter      (TIJ):    0.000ns
    Discrete Jitter          (DJ):    0.000ns
    Phase Error              (PE):    0.000ns

    Location             Delay type                Incr(ns)  Path(ns)    Netlist Resource(s)
  -------------------------------------------------------------------    -------------------
                         (clock CC1 rise edge)        0.000     0.000 r  
    AF8                                               0.000     0.000 r  clk (IN)
                         net (fo=0)                   0.000     0.000    clk
    AF8                  IBUF (Prop_ibuf_I_O)         1.310     1.310 r  clk_IBUF_inst/O
                         net (fo=1, routed)           1.981     3.291    clk_IBUF
    BUFGCTRL_X0Y0        BUFG (Prop_bufg_I_O)         0.081     3.372 r  clk_IBUF_BUFG_inst/O
                         net (fo=9084, routed)        1.519     4.891    MEMWB_WriteRegister2/DFF0/clk_IBUF_BUFG
    SLICE_X13Y18         FDCE                                         r  MEMWB_WriteRegister2/DFF0/q_reg/C
  -------------------------------------------------------------------    -------------------
    SLICE_X13Y18         FDCE (Prop_fdce_C_Q)         0.379     5.270 r  MEMWB_WriteRegister2/DFF0/q_reg/Q
                         net (fo=22, routed)          0.841     6.111    IDEX_rs_rt_rd/bit17/DFF0/WB_WriteRegister[2]
    SLICE_X13Y18         LUT6 (Prop_lut6_I2_O)        0.105     6.216 r  IDEX_rs_rt_rd/bit17/DFF0/q_i_7__0/O
                         net (fo=1, routed)           0.112     6.328    IDEX_rs_rt_rd/bit17/DFF0/q_i_7__0_n_0
    SLICE_X13Y18         LUT5 (Prop_lut5_I1_O)        0.105     6.433 r  IDEX_rs_rt_rd/bit17/DFF0/q_i_3__30/O
                         net (fo=39, routed)          0.703     7.136    IDEX_rs_rt_rd/bit20/DFF0/q_reg_10
    SLICE_X18Y18         LUT6 (Prop_lut6_I1_O)        0.105     7.241 r  IDEX_rs_rt_rd/bit20/DFF0/q_i_1__225/O
                         net (fo=2, routed)           0.258     7.499    IDEX_Im16_Ext/bit1/DFF0/Bus_B_forwarded[0]
    SLICE_X20Y18         LUT3 (Prop_lut3_I2_O)        0.105     7.604 r  IDEX_Im16_Ext/bit1/DFF0/q_i_2__29/O
                         net (fo=2, routed)           0.408     8.012    IDEX_rs_rt_rd/bit25/DFF0/q_reg_51
    SLICE_X21Y18         LUT5 (Prop_lut5_I4_O)        0.105     8.117 f  IDEX_rs_rt_rd/bit25/DFF0/q_i_2__33/O
                         net (fo=2, routed)           0.126     8.244    IDEX_rs_rt_rd/bit25/DFF0/q_i_2__33_n_0
    SLICE_X21Y18         LUT4 (Prop_lut4_I0_O)        0.105     8.349 f  IDEX_rs_rt_rd/bit25/DFF0/q_i_2__28/O
                         net (fo=2, routed)           0.324     8.672    IDEX_rs_rt_rd/bit25/DFF0/q_i_2__28_n_0
    SLICE_X21Y17         LUT4 (Prop_lut4_I0_O)        0.105     8.777 f  IDEX_rs_rt_rd/bit25/DFF0/q_i_2__27/O
                         net (fo=2, routed)           0.127     8.904    IDEX_rs_rt_rd/bit25/DFF0/q_i_2__27_n_0
    SLICE_X21Y17         LUT4 (Prop_lut4_I0_O)        0.105     9.009 f  IDEX_rs_rt_rd/bit25/DFF0/q_i_2__26/O
                         net (fo=2, routed)           0.351     9.360    IDEX_rs_rt_rd/bit25/DFF0/q_i_2__26_n_0
    SLICE_X22Y16         LUT4 (Prop_lut4_I0_O)        0.105     9.465 f  IDEX_rs_rt_rd/bit25/DFF0/q_i_2__25/O
                         net (fo=2, routed)           0.137     9.602    IDEX_rs_rt_rd/bit25/DFF0/q_i_2__25_n_0
    SLICE_X22Y16         LUT4 (Prop_lut4_I0_O)        0.105     9.707 f  IDEX_rs_rt_rd/bit25/DFF0/q_i_2__24/O
                         net (fo=2, routed)           0.376    10.083    IDEX_rs_rt_rd/bit25/DFF0/q_i_2__24_n_0
    SLICE_X19Y17         LUT4 (Prop_lut4_I0_O)        0.105    10.188 f  IDEX_rs_rt_rd/bit25/DFF0/q_i_2__23/O
                         net (fo=2, routed)           0.386    10.574    IDEX_rs_rt_rd/bit25/DFF0/q_i_2__23_n_0
    SLICE_X18Y17         LUT4 (Prop_lut4_I0_O)        0.105    10.679 f  IDEX_rs_rt_rd/bit25/DFF0/q_i_2__22/O
                         net (fo=2, routed)           0.233    10.913    IDEX_rs_rt_rd/bit25/DFF0/q_i_2__22_n_0
    SLICE_X19Y17         LUT4 (Prop_lut4_I0_O)        0.105    11.018 f  IDEX_rs_rt_rd/bit25/DFF0/q_i_2__21/O
                         net (fo=2, routed)           0.242    11.260    IDEX_rs_rt_rd/bit25/DFF0/q_i_2__21_n_0
    SLICE_X18Y16         LUT4 (Prop_lut4_I0_O)        0.105    11.365 f  IDEX_rs_rt_rd/bit25/DFF0/q_i_2__20/O
                         net (fo=2, routed)           0.235    11.600    IDEX_rs_rt_rd/bit25/DFF0/q_i_2__20_n_0
    SLICE_X19Y16         LUT4 (Prop_lut4_I0_O)        0.105    11.705 f  IDEX_rs_rt_rd/bit25/DFF0/q_i_2__19/O
                         net (fo=2, routed)           0.355    12.060    IDEX_rs_rt_rd/bit25/DFF0/q_i_2__19_n_0
    SLICE_X16Y15         LUT4 (Prop_lut4_I0_O)        0.105    12.165 f  IDEX_rs_rt_rd/bit25/DFF0/q_i_2__18/O
                         net (fo=2, routed)           0.230    12.395    IDEX_rs_rt_rd/bit25/DFF0/q_i_2__18_n_0
    SLICE_X17Y15         LUT4 (Prop_lut4_I0_O)        0.105    12.500 f  IDEX_rs_rt_rd/bit25/DFF0/q_i_2__17/O
                         net (fo=2, routed)           0.357    12.857    IDEX_rs_rt_rd/bit25/DFF0/q_i_2__17_n_0
    SLICE_X17Y16         LUT4 (Prop_lut4_I0_O)        0.105    12.962 f  IDEX_rs_rt_rd/bit25/DFF0/q_i_2__16/O
                         net (fo=2, routed)           0.386    13.348    IDEX_rs_rt_rd/bit25/DFF0/q_i_2__16_n_0
    SLICE_X16Y16         LUT4 (Prop_lut4_I0_O)        0.105    13.453 f  IDEX_rs_rt_rd/bit25/DFF0/q_i_2__15/O
                         net (fo=2, routed)           0.369    13.822    IDEX_rs_rt_rd/bit25/DFF0/q_i_2__15_n_0
    SLICE_X15Y16         LUT4 (Prop_lut4_I0_O)        0.105    13.927 f  IDEX_rs_rt_rd/bit25/DFF0/q_i_2__14/O
                         net (fo=2, routed)           0.430    14.357    IDEX_rs_rt_rd/bit25/DFF0/q_i_2__14_n_0
    SLICE_X14Y16         LUT4 (Prop_lut4_I0_O)        0.105    14.462 f  IDEX_rs_rt_rd/bit25/DFF0/q_i_2__13/O
                         net (fo=2, routed)           0.335    14.798    IDEX_rs_rt_rd/bit25/DFF0/q_i_2__13_n_0
    SLICE_X13Y15         LUT4 (Prop_lut4_I0_O)        0.105    14.903 f  IDEX_rs_rt_rd/bit25/DFF0/q_i_2__12/O
                         net (fo=2, routed)           0.386    15.289    IDEX_rs_rt_rd/bit25/DFF0/q_i_2__12_n_0
    SLICE_X12Y15         LUT4 (Prop_lut4_I0_O)        0.105    15.394 f  IDEX_rs_rt_rd/bit25/DFF0/q_i_2__11/O
                         net (fo=2, routed)           0.238    15.632    IDEX_rs_rt_rd/bit25/DFF0/q_i_2__11_n_0
    SLICE_X15Y15         LUT4 (Prop_lut4_I0_O)        0.105    15.737 f  IDEX_rs_rt_rd/bit25/DFF0/q_i_2__10/O
                         net (fo=3, routed)           0.510    16.246    IDEX_rs_rt_rd/bit25/DFF0/q_i_2__10_n_0
    SLICE_X23Y15         LUT5 (Prop_lut5_I2_O)        0.105    16.351 f  IDEX_rs_rt_rd/bit25/DFF0/q_i_2__6_comp/O
                         net (fo=4, routed)           0.359    16.710    IDEX_rs_rt_rd/bit25/DFF0/q_i_2__6_n_0
    SLICE_X26Y15         LUT4 (Prop_lut4_I0_O)        0.105    16.815 f  IDEX_rs_rt_rd/bit25/DFF0/q_i_2__5/O
                         net (fo=2, routed)           0.130    16.946    IDEX_rs_rt_rd/bit25/DFF0/q_i_2__5_n_0
    SLICE_X26Y15         LUT5 (Prop_lut5_I2_O)        0.105    17.051 r  IDEX_rs_rt_rd/bit25/DFF0/q_i_2__37/O
                         net (fo=4, routed)           0.364    17.415    IDEX_rs_rt_rd/bit25/DFF0/q_i_2__37_n_0
    SLICE_X27Y14         LUT5 (Prop_lut5_I0_O)        0.105    17.520 r  IDEX_rs_rt_rd/bit25/DFF0/q_i_1__148_replica/O
                         net (fo=1, routed)           0.510    18.030    IDEX_rs_rt_rd/bit25/DFF0/q_reg_8[26]_repN
    SLICE_X25Y15         LUT6 (Prop_lut6_I2_O)        0.105    18.135 r  IDEX_rs_rt_rd/bit25/DFF0/ZeroFlag_OBUF_inst_i_2_rewire_comp/O
                         net (fo=9, routed)           0.403    18.538    IDEX_rs_rt_rd/bit25/DFF0/ZeroFlag_OBUF_inst_i_2_n_0
    SLICE_X26Y17         LUT5 (Prop_lut5_I3_O)        0.105    18.643 f  IDEX_rs_rt_rd/bit25/DFF0/q_i_4__5_rewire/O
                         net (fo=9, routed)           0.310    18.953    IFID_Instruction/bit27/DFF0/q_reg_2_alias
    SLICE_X26Y18         LUT5 (Prop_lut5_I0_O)        0.105    19.058 r  IFID_Instruction/bit27/DFF0/q_i_1__134_rewire/O
                         net (fo=1, routed)           0.000    19.058    IF_flush_bit/DFF0/d
    SLICE_X26Y18         FDCE                                         r  IF_flush_bit/DFF0/q_reg/D
  -------------------------------------------------------------------    -------------------

                         (clock CC1 rise edge)       15.000    15.000 r  
    AF8                                               0.000    15.000 r  clk (IN)
                         net (fo=0)                   0.000    15.000    clk
    AF8                  IBUF (Prop_ibuf_I_O)         1.250    16.250 r  clk_IBUF_inst/O
                         net (fo=1, routed)           1.877    18.127    clk_IBUF
    BUFGCTRL_X0Y0        BUFG (Prop_bufg_I_O)         0.077    18.204 r  clk_IBUF_BUFG_inst/O
                         net (fo=9084, routed)        1.400    19.604    IF_flush_bit/DFF0/clk_IBUF_BUFG
    SLICE_X26Y18         FDCE                                         r  IF_flush_bit/DFF0/q_reg/C
                         clock pessimism              0.241    19.845    
                         clock uncertainty           -0.035    19.810    
    SLICE_X26Y18         FDCE (Setup_fdce_C_D)        0.030    19.840    IF_flush_bit/DFF0/q_reg
  -------------------------------------------------------------------
                         required time                         19.840    
                         arrival time                         -19.058    
  -------------------------------------------------------------------
                         slack                                  0.782    

Slack (MET) :             0.786ns  (required time - arrival time)
  Source:                 MEMWB_WriteRegister2/DFF0/q_reg/C
                            (rising edge-triggered cell FDCE clocked by CC1  {rise@0.000ns fall@7.500ns period=15.000ns})
  Destination:            IDEX_RegWrite/DFF0/q_reg/D
                            (rising edge-triggered cell FDCE clocked by CC1  {rise@0.000ns fall@7.500ns period=15.000ns})
  Path Group:             CC1
  Path Type:              Setup (Max at Slow Process Corner)
  Requirement:            15.000ns  (CC1 rise@15.000ns - CC1 rise@0.000ns)
  Data Path Delay:        14.165ns  (logic 3.634ns (25.655%)  route 10.531ns (74.345%))
  Logic Levels:           31  (LUT3=1 LUT4=21 LUT5=6 LUT6=3)
  Clock Path Skew:        -0.046ns (DCD - SCD + CPR)
    Destination Clock Delay (DCD):    4.604ns = ( 19.604 - 15.000 ) 
    Source Clock Delay      (SCD):    4.891ns
    Clock Pessimism Removal (CPR):    0.241ns
  Clock Uncertainty:      0.035ns  ((TSJ^2 + TIJ^2)^1/2 + DJ) / 2 + PE
    Total System Jitter     (TSJ):    0.071ns
    Total Input Jitter      (TIJ):    0.000ns
    Discrete Jitter          (DJ):    0.000ns
    Phase Error              (PE):    0.000ns

    Location             Delay type                Incr(ns)  Path(ns)    Netlist Resource(s)
  -------------------------------------------------------------------    -------------------
                         (clock CC1 rise edge)        0.000     0.000 r  
    AF8                                               0.000     0.000 r  clk (IN)
                         net (fo=0)                   0.000     0.000    clk
    AF8                  IBUF (Prop_ibuf_I_O)         1.310     1.310 r  clk_IBUF_inst/O
                         net (fo=1, routed)           1.981     3.291    clk_IBUF
    BUFGCTRL_X0Y0        BUFG (Prop_bufg_I_O)         0.081     3.372 r  clk_IBUF_BUFG_inst/O
                         net (fo=9084, routed)        1.519     4.891    MEMWB_WriteRegister2/DFF0/clk_IBUF_BUFG
    SLICE_X13Y18         FDCE                                         r  MEMWB_WriteRegister2/DFF0/q_reg/C
  -------------------------------------------------------------------    -------------------
    SLICE_X13Y18         FDCE (Prop_fdce_C_Q)         0.379     5.270 r  MEMWB_WriteRegister2/DFF0/q_reg/Q
                         net (fo=22, routed)          0.841     6.111    IDEX_rs_rt_rd/bit17/DFF0/WB_WriteRegister[2]
    SLICE_X13Y18         LUT6 (Prop_lut6_I2_O)        0.105     6.216 r  IDEX_rs_rt_rd/bit17/DFF0/q_i_7__0/O
                         net (fo=1, routed)           0.112     6.328    IDEX_rs_rt_rd/bit17/DFF0/q_i_7__0_n_0
    SLICE_X13Y18         LUT5 (Prop_lut5_I1_O)        0.105     6.433 r  IDEX_rs_rt_rd/bit17/DFF0/q_i_3__30/O
                         net (fo=39, routed)          0.703     7.136    IDEX_rs_rt_rd/bit20/DFF0/q_reg_10
    SLICE_X18Y18         LUT6 (Prop_lut6_I1_O)        0.105     7.241 r  IDEX_rs_rt_rd/bit20/DFF0/q_i_1__225/O
                         net (fo=2, routed)           0.258     7.499    IDEX_Im16_Ext/bit1/DFF0/Bus_B_forwarded[0]
    SLICE_X20Y18         LUT3 (Prop_lut3_I2_O)        0.105     7.604 r  IDEX_Im16_Ext/bit1/DFF0/q_i_2__29/O
                         net (fo=2, routed)           0.408     8.012    IDEX_rs_rt_rd/bit25/DFF0/q_reg_51
    SLICE_X21Y18         LUT5 (Prop_lut5_I4_O)        0.105     8.117 f  IDEX_rs_rt_rd/bit25/DFF0/q_i_2__33/O
                         net (fo=2, routed)           0.126     8.244    IDEX_rs_rt_rd/bit25/DFF0/q_i_2__33_n_0
    SLICE_X21Y18         LUT4 (Prop_lut4_I0_O)        0.105     8.349 f  IDEX_rs_rt_rd/bit25/DFF0/q_i_2__28/O
                         net (fo=2, routed)           0.324     8.672    IDEX_rs_rt_rd/bit25/DFF0/q_i_2__28_n_0
    SLICE_X21Y17         LUT4 (Prop_lut4_I0_O)        0.105     8.777 f  IDEX_rs_rt_rd/bit25/DFF0/q_i_2__27/O
                         net (fo=2, routed)           0.127     8.904    IDEX_rs_rt_rd/bit25/DFF0/q_i_2__27_n_0
    SLICE_X21Y17         LUT4 (Prop_lut4_I0_O)        0.105     9.009 f  IDEX_rs_rt_rd/bit25/DFF0/q_i_2__26/O
                         net (fo=2, routed)           0.351     9.360    IDEX_rs_rt_rd/bit25/DFF0/q_i_2__26_n_0
    SLICE_X22Y16         LUT4 (Prop_lut4_I0_O)        0.105     9.465 f  IDEX_rs_rt_rd/bit25/DFF0/q_i_2__25/O
                         net (fo=2, routed)           0.137     9.602    IDEX_rs_rt_rd/bit25/DFF0/q_i_2__25_n_0
    SLICE_X22Y16         LUT4 (Prop_lut4_I0_O)        0.105     9.707 f  IDEX_rs_rt_rd/bit25/DFF0/q_i_2__24/O
                         net (fo=2, routed)           0.376    10.083    IDEX_rs_rt_rd/bit25/DFF0/q_i_2__24_n_0
    SLICE_X19Y17         LUT4 (Prop_lut4_I0_O)        0.105    10.188 f  IDEX_rs_rt_rd/bit25/DFF0/q_i_2__23/O
                         net (fo=2, routed)           0.386    10.574    IDEX_rs_rt_rd/bit25/DFF0/q_i_2__23_n_0
    SLICE_X18Y17         LUT4 (Prop_lut4_I0_O)        0.105    10.679 f  IDEX_rs_rt_rd/bit25/DFF0/q_i_2__22/O
                         net (fo=2, routed)           0.233    10.913    IDEX_rs_rt_rd/bit25/DFF0/q_i_2__22_n_0
    SLICE_X19Y17         LUT4 (Prop_lut4_I0_O)        0.105    11.018 f  IDEX_rs_rt_rd/bit25/DFF0/q_i_2__21/O
                         net (fo=2, routed)           0.242    11.260    IDEX_rs_rt_rd/bit25/DFF0/q_i_2__21_n_0
    SLICE_X18Y16         LUT4 (Prop_lut4_I0_O)        0.105    11.365 f  IDEX_rs_rt_rd/bit25/DFF0/q_i_2__20/O
                         net (fo=2, routed)           0.235    11.600    IDEX_rs_rt_rd/bit25/DFF0/q_i_2__20_n_0
    SLICE_X19Y16         LUT4 (Prop_lut4_I0_O)        0.105    11.705 f  IDEX_rs_rt_rd/bit25/DFF0/q_i_2__19/O
                         net (fo=2, routed)           0.355    12.060    IDEX_rs_rt_rd/bit25/DFF0/q_i_2__19_n_0
    SLICE_X16Y15         LUT4 (Prop_lut4_I0_O)        0.105    12.165 f  IDEX_rs_rt_rd/bit25/DFF0/q_i_2__18/O
                         net (fo=2, routed)           0.230    12.395    IDEX_rs_rt_rd/bit25/DFF0/q_i_2__18_n_0
    SLICE_X17Y15         LUT4 (Prop_lut4_I0_O)        0.105    12.500 f  IDEX_rs_rt_rd/bit25/DFF0/q_i_2__17/O
                         net (fo=2, routed)           0.357    12.857    IDEX_rs_rt_rd/bit25/DFF0/q_i_2__17_n_0
    SLICE_X17Y16         LUT4 (Prop_lut4_I0_O)        0.105    12.962 f  IDEX_rs_rt_rd/bit25/DFF0/q_i_2__16/O
                         net (fo=2, routed)           0.386    13.348    IDEX_rs_rt_rd/bit25/DFF0/q_i_2__16_n_0
    SLICE_X16Y16         LUT4 (Prop_lut4_I0_O)        0.105    13.453 f  IDEX_rs_rt_rd/bit25/DFF0/q_i_2__15/O
                         net (fo=2, routed)           0.369    13.822    IDEX_rs_rt_rd/bit25/DFF0/q_i_2__15_n_0
    SLICE_X15Y16         LUT4 (Prop_lut4_I0_O)        0.105    13.927 f  IDEX_rs_rt_rd/bit25/DFF0/q_i_2__14/O
                         net (fo=2, routed)           0.430    14.357    IDEX_rs_rt_rd/bit25/DFF0/q_i_2__14_n_0
    SLICE_X14Y16         LUT4 (Prop_lut4_I0_O)        0.105    14.462 f  IDEX_rs_rt_rd/bit25/DFF0/q_i_2__13/O
                         net (fo=2, routed)           0.335    14.798    IDEX_rs_rt_rd/bit25/DFF0/q_i_2__13_n_0
    SLICE_X13Y15         LUT4 (Prop_lut4_I0_O)        0.105    14.903 f  IDEX_rs_rt_rd/bit25/DFF0/q_i_2__12/O
                         net (fo=2, routed)           0.386    15.289    IDEX_rs_rt_rd/bit25/DFF0/q_i_2__12_n_0
    SLICE_X12Y15         LUT4 (Prop_lut4_I0_O)        0.105    15.394 f  IDEX_rs_rt_rd/bit25/DFF0/q_i_2__11/O
                         net (fo=2, routed)           0.238    15.632    IDEX_rs_rt_rd/bit25/DFF0/q_i_2__11_n_0
    SLICE_X15Y15         LUT4 (Prop_lut4_I0_O)        0.105    15.737 f  IDEX_rs_rt_rd/bit25/DFF0/q_i_2__10/O
                         net (fo=3, routed)           0.510    16.246    IDEX_rs_rt_rd/bit25/DFF0/q_i_2__10_n_0
    SLICE_X23Y15         LUT5 (Prop_lut5_I2_O)        0.105    16.351 f  IDEX_rs_rt_rd/bit25/DFF0/q_i_2__6_comp/O
                         net (fo=4, routed)           0.359    16.710    IDEX_rs_rt_rd/bit25/DFF0/q_i_2__6_n_0
    SLICE_X26Y15         LUT4 (Prop_lut4_I0_O)        0.105    16.815 f  IDEX_rs_rt_rd/bit25/DFF0/q_i_2__5/O
                         net (fo=2, routed)           0.130    16.946    IDEX_rs_rt_rd/bit25/DFF0/q_i_2__5_n_0
    SLICE_X26Y15         LUT5 (Prop_lut5_I2_O)        0.105    17.051 r  IDEX_rs_rt_rd/bit25/DFF0/q_i_2__37/O
                         net (fo=4, routed)           0.364    17.415    IDEX_rs_rt_rd/bit25/DFF0/q_i_2__37_n_0
    SLICE_X27Y14         LUT5 (Prop_lut5_I0_O)        0.105    17.520 f  IDEX_rs_rt_rd/bit25/DFF0/q_i_1__148_replica/O
                         net (fo=1, routed)           0.510    18.030    IDEX_rs_rt_rd/bit25/DFF0/q_reg_8[26]_repN
    SLICE_X25Y15         LUT6 (Prop_lut6_I2_O)        0.105    18.135 f  IDEX_rs_rt_rd/bit25/DFF0/ZeroFlag_OBUF_inst_i_2_rewire_comp/O
                         net (fo=9, routed)           0.403    18.538    IDEX_rs_rt_rd/bit25/DFF0/ZeroFlag_OBUF_inst_i_2_n_0
    SLICE_X26Y17         LUT5 (Prop_lut5_I3_O)        0.105    18.643 r  IDEX_rs_rt_rd/bit25/DFF0/q_i_4__5_rewire/O
                         net (fo=9, routed)           0.308    18.951    IFID_Instruction/bit29/DFF0/q_reg_2_alias
    SLICE_X26Y18         LUT4 (Prop_lut4_I2_O)        0.105    19.056 r  IFID_Instruction/bit29/DFF0/q_i_1__130_comp/O
                         net (fo=1, routed)           0.000    19.056    IDEX_RegWrite/DFF0/ID_RegWrite
    SLICE_X26Y18         FDCE                                         r  IDEX_RegWrite/DFF0/q_reg/D
  -------------------------------------------------------------------    -------------------

                         (clock CC1 rise edge)       15.000    15.000 r  
    AF8                                               0.000    15.000 r  clk (IN)
                         net (fo=0)                   0.000    15.000    clk
    AF8                  IBUF (Prop_ibuf_I_O)         1.250    16.250 r  clk_IBUF_inst/O
                         net (fo=1, routed)           1.877    18.127    clk_IBUF
    BUFGCTRL_X0Y0        BUFG (Prop_bufg_I_O)         0.077    18.204 r  clk_IBUF_BUFG_inst/O
                         net (fo=9084, routed)        1.400    19.604    IDEX_RegWrite/DFF0/clk_IBUF_BUFG
    SLICE_X26Y18         FDCE                                         r  IDEX_RegWrite/DFF0/q_reg/C
                         clock pessimism              0.241    19.845    
                         clock uncertainty           -0.035    19.810    
    SLICE_X26Y18         FDCE (Setup_fdce_C_D)        0.032    19.842    IDEX_RegWrite/DFF0/q_reg
  -------------------------------------------------------------------
                         required time                         19.842    
                         arrival time                         -19.056    
  -------------------------------------------------------------------
                         slack                                  0.786    

Slack (MET) :             0.788ns  (required time - arrival time)
  Source:                 MEMWB_WriteRegister2/DFF0/q_reg/C
                            (rising edge-triggered cell FDCE clocked by CC1  {rise@0.000ns fall@7.500ns period=15.000ns})
  Destination:            IDEX_MemRead/DFF0/q_reg/D
                            (rising edge-triggered cell FDCE clocked by CC1  {rise@0.000ns fall@7.500ns period=15.000ns})
  Path Group:             CC1
  Path Type:              Setup (Max at Slow Process Corner)
  Requirement:            15.000ns  (CC1 rise@15.000ns - CC1 rise@0.000ns)
  Data Path Delay:        14.161ns  (logic 3.634ns (25.663%)  route 10.527ns (74.337%))
  Logic Levels:           31  (LUT3=1 LUT4=20 LUT5=6 LUT6=4)
  Clock Path Skew:        -0.046ns (DCD - SCD + CPR)
    Destination Clock Delay (DCD):    4.604ns = ( 19.604 - 15.000 ) 
    Source Clock Delay      (SCD):    4.891ns
    Clock Pessimism Removal (CPR):    0.241ns
  Clock Uncertainty:      0.035ns  ((TSJ^2 + TIJ^2)^1/2 + DJ) / 2 + PE
    Total System Jitter     (TSJ):    0.071ns
    Total Input Jitter      (TIJ):    0.000ns
    Discrete Jitter          (DJ):    0.000ns
    Phase Error              (PE):    0.000ns

    Location             Delay type                Incr(ns)  Path(ns)    Netlist Resource(s)
  -------------------------------------------------------------------    -------------------
                         (clock CC1 rise edge)        0.000     0.000 r  
    AF8                                               0.000     0.000 r  clk (IN)
                         net (fo=0)                   0.000     0.000    clk
    AF8                  IBUF (Prop_ibuf_I_O)         1.310     1.310 r  clk_IBUF_inst/O
                         net (fo=1, routed)           1.981     3.291    clk_IBUF
    BUFGCTRL_X0Y0        BUFG (Prop_bufg_I_O)         0.081     3.372 r  clk_IBUF_BUFG_inst/O
                         net (fo=9084, routed)        1.519     4.891    MEMWB_WriteRegister2/DFF0/clk_IBUF_BUFG
    SLICE_X13Y18         FDCE                                         r  MEMWB_WriteRegister2/DFF0/q_reg/C
  -------------------------------------------------------------------    -------------------
    SLICE_X13Y18         FDCE (Prop_fdce_C_Q)         0.379     5.270 r  MEMWB_WriteRegister2/DFF0/q_reg/Q
                         net (fo=22, routed)          0.841     6.111    IDEX_rs_rt_rd/bit17/DFF0/WB_WriteRegister[2]
    SLICE_X13Y18         LUT6 (Prop_lut6_I2_O)        0.105     6.216 r  IDEX_rs_rt_rd/bit17/DFF0/q_i_7__0/O
                         net (fo=1, routed)           0.112     6.328    IDEX_rs_rt_rd/bit17/DFF0/q_i_7__0_n_0
    SLICE_X13Y18         LUT5 (Prop_lut5_I1_O)        0.105     6.433 r  IDEX_rs_rt_rd/bit17/DFF0/q_i_3__30/O
                         net (fo=39, routed)          0.703     7.136    IDEX_rs_rt_rd/bit20/DFF0/q_reg_10
    SLICE_X18Y18         LUT6 (Prop_lut6_I1_O)        0.105     7.241 r  IDEX_rs_rt_rd/bit20/DFF0/q_i_1__225/O
                         net (fo=2, routed)           0.258     7.499    IDEX_Im16_Ext/bit1/DFF0/Bus_B_forwarded[0]
    SLICE_X20Y18         LUT3 (Prop_lut3_I2_O)        0.105     7.604 r  IDEX_Im16_Ext/bit1/DFF0/q_i_2__29/O
                         net (fo=2, routed)           0.408     8.012    IDEX_rs_rt_rd/bit25/DFF0/q_reg_51
    SLICE_X21Y18         LUT5 (Prop_lut5_I4_O)        0.105     8.117 f  IDEX_rs_rt_rd/bit25/DFF0/q_i_2__33/O
                         net (fo=2, routed)           0.126     8.244    IDEX_rs_rt_rd/bit25/DFF0/q_i_2__33_n_0
    SLICE_X21Y18         LUT4 (Prop_lut4_I0_O)        0.105     8.349 f  IDEX_rs_rt_rd/bit25/DFF0/q_i_2__28/O
                         net (fo=2, routed)           0.324     8.672    IDEX_rs_rt_rd/bit25/DFF0/q_i_2__28_n_0
    SLICE_X21Y17         LUT4 (Prop_lut4_I0_O)        0.105     8.777 f  IDEX_rs_rt_rd/bit25/DFF0/q_i_2__27/O
                         net (fo=2, routed)           0.127     8.904    IDEX_rs_rt_rd/bit25/DFF0/q_i_2__27_n_0
    SLICE_X21Y17         LUT4 (Prop_lut4_I0_O)        0.105     9.009 f  IDEX_rs_rt_rd/bit25/DFF0/q_i_2__26/O
                         net (fo=2, routed)           0.351     9.360    IDEX_rs_rt_rd/bit25/DFF0/q_i_2__26_n_0
    SLICE_X22Y16         LUT4 (Prop_lut4_I0_O)        0.105     9.465 f  IDEX_rs_rt_rd/bit25/DFF0/q_i_2__25/O
                         net (fo=2, routed)           0.137     9.602    IDEX_rs_rt_rd/bit25/DFF0/q_i_2__25_n_0
    SLICE_X22Y16         LUT4 (Prop_lut4_I0_O)        0.105     9.707 f  IDEX_rs_rt_rd/bit25/DFF0/q_i_2__24/O
                         net (fo=2, routed)           0.376    10.083    IDEX_rs_rt_rd/bit25/DFF0/q_i_2__24_n_0
    SLICE_X19Y17         LUT4 (Prop_lut4_I0_O)        0.105    10.188 f  IDEX_rs_rt_rd/bit25/DFF0/q_i_2__23/O
                         net (fo=2, routed)           0.386    10.574    IDEX_rs_rt_rd/bit25/DFF0/q_i_2__23_n_0
    SLICE_X18Y17         LUT4 (Prop_lut4_I0_O)        0.105    10.679 f  IDEX_rs_rt_rd/bit25/DFF0/q_i_2__22/O
                         net (fo=2, routed)           0.233    10.913    IDEX_rs_rt_rd/bit25/DFF0/q_i_2__22_n_0
    SLICE_X19Y17         LUT4 (Prop_lut4_I0_O)        0.105    11.018 f  IDEX_rs_rt_rd/bit25/DFF0/q_i_2__21/O
                         net (fo=2, routed)           0.242    11.260    IDEX_rs_rt_rd/bit25/DFF0/q_i_2__21_n_0
    SLICE_X18Y16         LUT4 (Prop_lut4_I0_O)        0.105    11.365 f  IDEX_rs_rt_rd/bit25/DFF0/q_i_2__20/O
                         net (fo=2, routed)           0.235    11.600    IDEX_rs_rt_rd/bit25/DFF0/q_i_2__20_n_0
    SLICE_X19Y16         LUT4 (Prop_lut4_I0_O)        0.105    11.705 f  IDEX_rs_rt_rd/bit25/DFF0/q_i_2__19/O
                         net (fo=2, routed)           0.355    12.060    IDEX_rs_rt_rd/bit25/DFF0/q_i_2__19_n_0
    SLICE_X16Y15         LUT4 (Prop_lut4_I0_O)        0.105    12.165 f  IDEX_rs_rt_rd/bit25/DFF0/q_i_2__18/O
                         net (fo=2, routed)           0.230    12.395    IDEX_rs_rt_rd/bit25/DFF0/q_i_2__18_n_0
    SLICE_X17Y15         LUT4 (Prop_lut4_I0_O)        0.105    12.500 f  IDEX_rs_rt_rd/bit25/DFF0/q_i_2__17/O
                         net (fo=2, routed)           0.357    12.857    IDEX_rs_rt_rd/bit25/DFF0/q_i_2__17_n_0
    SLICE_X17Y16         LUT4 (Prop_lut4_I0_O)        0.105    12.962 f  IDEX_rs_rt_rd/bit25/DFF0/q_i_2__16/O
                         net (fo=2, routed)           0.386    13.348    IDEX_rs_rt_rd/bit25/DFF0/q_i_2__16_n_0
    SLICE_X16Y16         LUT4 (Prop_lut4_I0_O)        0.105    13.453 f  IDEX_rs_rt_rd/bit25/DFF0/q_i_2__15/O
                         net (fo=2, routed)           0.369    13.822    IDEX_rs_rt_rd/bit25/DFF0/q_i_2__15_n_0
    SLICE_X15Y16         LUT4 (Prop_lut4_I0_O)        0.105    13.927 f  IDEX_rs_rt_rd/bit25/DFF0/q_i_2__14/O
                         net (fo=2, routed)           0.430    14.357    IDEX_rs_rt_rd/bit25/DFF0/q_i_2__14_n_0
    SLICE_X14Y16         LUT4 (Prop_lut4_I0_O)        0.105    14.462 f  IDEX_rs_rt_rd/bit25/DFF0/q_i_2__13/O
                         net (fo=2, routed)           0.335    14.798    IDEX_rs_rt_rd/bit25/DFF0/q_i_2__13_n_0
    SLICE_X13Y15         LUT4 (Prop_lut4_I0_O)        0.105    14.903 f  IDEX_rs_rt_rd/bit25/DFF0/q_i_2__12/O
                         net (fo=2, routed)           0.386    15.289    IDEX_rs_rt_rd/bit25/DFF0/q_i_2__12_n_0
    SLICE_X12Y15         LUT4 (Prop_lut4_I0_O)        0.105    15.394 f  IDEX_rs_rt_rd/bit25/DFF0/q_i_2__11/O
                         net (fo=2, routed)           0.238    15.632    IDEX_rs_rt_rd/bit25/DFF0/q_i_2__11_n_0
    SLICE_X15Y15         LUT4 (Prop_lut4_I0_O)        0.105    15.737 f  IDEX_rs_rt_rd/bit25/DFF0/q_i_2__10/O
                         net (fo=3, routed)           0.510    16.246    IDEX_rs_rt_rd/bit25/DFF0/q_i_2__10_n_0
    SLICE_X23Y15         LUT5 (Prop_lut5_I2_O)        0.105    16.351 f  IDEX_rs_rt_rd/bit25/DFF0/q_i_2__6_comp/O
                         net (fo=4, routed)           0.359    16.710    IDEX_rs_rt_rd/bit25/DFF0/q_i_2__6_n_0
    SLICE_X26Y15         LUT4 (Prop_lut4_I0_O)        0.105    16.815 f  IDEX_rs_rt_rd/bit25/DFF0/q_i_2__5/O
                         net (fo=2, routed)           0.130    16.946    IDEX_rs_rt_rd/bit25/DFF0/q_i_2__5_n_0
    SLICE_X26Y15         LUT5 (Prop_lut5_I2_O)        0.105    17.051 r  IDEX_rs_rt_rd/bit25/DFF0/q_i_2__37/O
                         net (fo=4, routed)           0.364    17.415    IDEX_rs_rt_rd/bit25/DFF0/q_i_2__37_n_0
    SLICE_X27Y14         LUT5 (Prop_lut5_I0_O)        0.105    17.520 f  IDEX_rs_rt_rd/bit25/DFF0/q_i_1__148_replica/O
                         net (fo=1, routed)           0.510    18.030    IDEX_rs_rt_rd/bit25/DFF0/q_reg_8[26]_repN
    SLICE_X25Y15         LUT6 (Prop_lut6_I2_O)        0.105    18.135 f  IDEX_rs_rt_rd/bit25/DFF0/ZeroFlag_OBUF_inst_i_2_rewire_comp/O
                         net (fo=9, routed)           0.403    18.538    IDEX_rs_rt_rd/bit25/DFF0/ZeroFlag_OBUF_inst_i_2_n_0
    SLICE_X26Y17         LUT5 (Prop_lut5_I3_O)        0.105    18.643 r  IDEX_rs_rt_rd/bit25/DFF0/q_i_4__5_rewire/O
                         net (fo=9, routed)           0.304    18.947    IFID_Instruction/bit27/DFF0/q_reg_2_alias
    SLICE_X27Y18         LUT6 (Prop_lut6_I4_O)        0.105    19.052 r  IFID_Instruction/bit27/DFF0/q_i_1__141_comp/O
                         net (fo=1, routed)           0.000    19.052    IDEX_MemRead/DFF0/ID_MemRead
    SLICE_X27Y18         FDCE                                         r  IDEX_MemRead/DFF0/q_reg/D
  -------------------------------------------------------------------    -------------------

                         (clock CC1 rise edge)       15.000    15.000 r  
    AF8                                               0.000    15.000 r  clk (IN)
                         net (fo=0)                   0.000    15.000    clk
    AF8                  IBUF (Prop_ibuf_I_O)         1.250    16.250 r  clk_IBUF_inst/O
                         net (fo=1, routed)           1.877    18.127    clk_IBUF
    BUFGCTRL_X0Y0        BUFG (Prop_bufg_I_O)         0.077    18.204 r  clk_IBUF_BUFG_inst/O
                         net (fo=9084, routed)        1.400    19.604    IDEX_MemRead/DFF0/clk_IBUF_BUFG
    SLICE_X27Y18         FDCE                                         r  IDEX_MemRead/DFF0/q_reg/C
                         clock pessimism              0.241    19.845    
                         clock uncertainty           -0.035    19.810    
    SLICE_X27Y18         FDCE (Setup_fdce_C_D)        0.030    19.840    IDEX_MemRead/DFF0/q_reg
  -------------------------------------------------------------------
                         required time                         19.840    
                         arrival time                         -19.052    
  -------------------------------------------------------------------
                         slack                                  0.788    

Slack (MET) :             0.789ns  (required time - arrival time)
  Source:                 MEMWB_WriteRegister2/DFF0/q_reg/C
                            (rising edge-triggered cell FDCE clocked by CC1  {rise@0.000ns fall@7.500ns period=15.000ns})
  Destination:            PC_Reg/bit2/DFF0/q_reg/D
                            (rising edge-triggered cell FDCE clocked by CC1  {rise@0.000ns fall@7.500ns period=15.000ns})
  Path Group:             CC1
  Path Type:              Setup (Max at Slow Process Corner)
  Requirement:            15.000ns  (CC1 rise@15.000ns - CC1 rise@0.000ns)
  Data Path Delay:        14.161ns  (logic 3.634ns (25.662%)  route 10.527ns (74.338%))
  Logic Levels:           31  (LUT3=1 LUT4=20 LUT5=6 LUT6=4)
  Clock Path Skew:        -0.045ns (DCD - SCD + CPR)
    Destination Clock Delay (DCD):    4.605ns = ( 19.605 - 15.000 ) 
    Source Clock Delay      (SCD):    4.891ns
    Clock Pessimism Removal (CPR):    0.241ns
  Clock Uncertainty:      0.035ns  ((TSJ^2 + TIJ^2)^1/2 + DJ) / 2 + PE
    Total System Jitter     (TSJ):    0.071ns
    Total Input Jitter      (TIJ):    0.000ns
    Discrete Jitter          (DJ):    0.000ns
    Phase Error              (PE):    0.000ns

    Location             Delay type                Incr(ns)  Path(ns)    Netlist Resource(s)
  -------------------------------------------------------------------    -------------------
                         (clock CC1 rise edge)        0.000     0.000 r  
    AF8                                               0.000     0.000 r  clk (IN)
                         net (fo=0)                   0.000     0.000    clk
    AF8                  IBUF (Prop_ibuf_I_O)         1.310     1.310 r  clk_IBUF_inst/O
                         net (fo=1, routed)           1.981     3.291    clk_IBUF
    BUFGCTRL_X0Y0        BUFG (Prop_bufg_I_O)         0.081     3.372 r  clk_IBUF_BUFG_inst/O
                         net (fo=9084, routed)        1.519     4.891    MEMWB_WriteRegister2/DFF0/clk_IBUF_BUFG
    SLICE_X13Y18         FDCE                                         r  MEMWB_WriteRegister2/DFF0/q_reg/C
  -------------------------------------------------------------------    -------------------
    SLICE_X13Y18         FDCE (Prop_fdce_C_Q)         0.379     5.270 r  MEMWB_WriteRegister2/DFF0/q_reg/Q
                         net (fo=22, routed)          0.841     6.111    IDEX_rs_rt_rd/bit17/DFF0/WB_WriteRegister[2]
    SLICE_X13Y18         LUT6 (Prop_lut6_I2_O)        0.105     6.216 r  IDEX_rs_rt_rd/bit17/DFF0/q_i_7__0/O
                         net (fo=1, routed)           0.112     6.328    IDEX_rs_rt_rd/bit17/DFF0/q_i_7__0_n_0
    SLICE_X13Y18         LUT5 (Prop_lut5_I1_O)        0.105     6.433 r  IDEX_rs_rt_rd/bit17/DFF0/q_i_3__30/O
                         net (fo=39, routed)          0.703     7.136    IDEX_rs_rt_rd/bit20/DFF0/q_reg_10
    SLICE_X18Y18         LUT6 (Prop_lut6_I1_O)        0.105     7.241 r  IDEX_rs_rt_rd/bit20/DFF0/q_i_1__225/O
                         net (fo=2, routed)           0.258     7.499    IDEX_Im16_Ext/bit1/DFF0/Bus_B_forwarded[0]
    SLICE_X20Y18         LUT3 (Prop_lut3_I2_O)        0.105     7.604 r  IDEX_Im16_Ext/bit1/DFF0/q_i_2__29/O
                         net (fo=2, routed)           0.408     8.012    IDEX_rs_rt_rd/bit25/DFF0/q_reg_51
    SLICE_X21Y18         LUT5 (Prop_lut5_I4_O)        0.105     8.117 f  IDEX_rs_rt_rd/bit25/DFF0/q_i_2__33/O
                         net (fo=2, routed)           0.126     8.244    IDEX_rs_rt_rd/bit25/DFF0/q_i_2__33_n_0
    SLICE_X21Y18         LUT4 (Prop_lut4_I0_O)        0.105     8.349 f  IDEX_rs_rt_rd/bit25/DFF0/q_i_2__28/O
                         net (fo=2, routed)           0.324     8.672    IDEX_rs_rt_rd/bit25/DFF0/q_i_2__28_n_0
    SLICE_X21Y17         LUT4 (Prop_lut4_I0_O)        0.105     8.777 f  IDEX_rs_rt_rd/bit25/DFF0/q_i_2__27/O
                         net (fo=2, routed)           0.127     8.904    IDEX_rs_rt_rd/bit25/DFF0/q_i_2__27_n_0
    SLICE_X21Y17         LUT4 (Prop_lut4_I0_O)        0.105     9.009 f  IDEX_rs_rt_rd/bit25/DFF0/q_i_2__26/O
                         net (fo=2, routed)           0.351     9.360    IDEX_rs_rt_rd/bit25/DFF0/q_i_2__26_n_0
    SLICE_X22Y16         LUT4 (Prop_lut4_I0_O)        0.105     9.465 f  IDEX_rs_rt_rd/bit25/DFF0/q_i_2__25/O
                         net (fo=2, routed)           0.137     9.602    IDEX_rs_rt_rd/bit25/DFF0/q_i_2__25_n_0
    SLICE_X22Y16         LUT4 (Prop_lut4_I0_O)        0.105     9.707 f  IDEX_rs_rt_rd/bit25/DFF0/q_i_2__24/O
                         net (fo=2, routed)           0.376    10.083    IDEX_rs_rt_rd/bit25/DFF0/q_i_2__24_n_0
    SLICE_X19Y17         LUT4 (Prop_lut4_I0_O)        0.105    10.188 f  IDEX_rs_rt_rd/bit25/DFF0/q_i_2__23/O
                         net (fo=2, routed)           0.386    10.574    IDEX_rs_rt_rd/bit25/DFF0/q_i_2__23_n_0
    SLICE_X18Y17         LUT4 (Prop_lut4_I0_O)        0.105    10.679 f  IDEX_rs_rt_rd/bit25/DFF0/q_i_2__22/O
                         net (fo=2, routed)           0.233    10.913    IDEX_rs_rt_rd/bit25/DFF0/q_i_2__22_n_0
    SLICE_X19Y17         LUT4 (Prop_lut4_I0_O)        0.105    11.018 f  IDEX_rs_rt_rd/bit25/DFF0/q_i_2__21/O
                         net (fo=2, routed)           0.242    11.260    IDEX_rs_rt_rd/bit25/DFF0/q_i_2__21_n_0
    SLICE_X18Y16         LUT4 (Prop_lut4_I0_O)        0.105    11.365 f  IDEX_rs_rt_rd/bit25/DFF0/q_i_2__20/O
                         net (fo=2, routed)           0.235    11.600    IDEX_rs_rt_rd/bit25/DFF0/q_i_2__20_n_0
    SLICE_X19Y16         LUT4 (Prop_lut4_I0_O)        0.105    11.705 f  IDEX_rs_rt_rd/bit25/DFF0/q_i_2__19/O
                         net (fo=2, routed)           0.355    12.060    IDEX_rs_rt_rd/bit25/DFF0/q_i_2__19_n_0
    SLICE_X16Y15         LUT4 (Prop_lut4_I0_O)        0.105    12.165 f  IDEX_rs_rt_rd/bit25/DFF0/q_i_2__18/O
                         net (fo=2, routed)           0.230    12.395    IDEX_rs_rt_rd/bit25/DFF0/q_i_2__18_n_0
    SLICE_X17Y15         LUT4 (Prop_lut4_I0_O)        0.105    12.500 f  IDEX_rs_rt_rd/bit25/DFF0/q_i_2__17/O
                         net (fo=2, routed)           0.357    12.857    IDEX_rs_rt_rd/bit25/DFF0/q_i_2__17_n_0
    SLICE_X17Y16         LUT4 (Prop_lut4_I0_O)        0.105    12.962 f  IDEX_rs_rt_rd/bit25/DFF0/q_i_2__16/O
                         net (fo=2, routed)           0.386    13.348    IDEX_rs_rt_rd/bit25/DFF0/q_i_2__16_n_0
    SLICE_X16Y16         LUT4 (Prop_lut4_I0_O)        0.105    13.453 f  IDEX_rs_rt_rd/bit25/DFF0/q_i_2__15/O
                         net (fo=2, routed)           0.369    13.822    IDEX_rs_rt_rd/bit25/DFF0/q_i_2__15_n_0
    SLICE_X15Y16         LUT4 (Prop_lut4_I0_O)        0.105    13.927 f  IDEX_rs_rt_rd/bit25/DFF0/q_i_2__14/O
                         net (fo=2, routed)           0.430    14.357    IDEX_rs_rt_rd/bit25/DFF0/q_i_2__14_n_0
    SLICE_X14Y16         LUT4 (Prop_lut4_I0_O)        0.105    14.462 f  IDEX_rs_rt_rd/bit25/DFF0/q_i_2__13/O
                         net (fo=2, routed)           0.335    14.798    IDEX_rs_rt_rd/bit25/DFF0/q_i_2__13_n_0
    SLICE_X13Y15         LUT4 (Prop_lut4_I0_O)        0.105    14.903 f  IDEX_rs_rt_rd/bit25/DFF0/q_i_2__12/O
                         net (fo=2, routed)           0.386    15.289    IDEX_rs_rt_rd/bit25/DFF0/q_i_2__12_n_0
    SLICE_X12Y15         LUT4 (Prop_lut4_I0_O)        0.105    15.394 f  IDEX_rs_rt_rd/bit25/DFF0/q_i_2__11/O
                         net (fo=2, routed)           0.238    15.632    IDEX_rs_rt_rd/bit25/DFF0/q_i_2__11_n_0
    SLICE_X15Y15         LUT4 (Prop_lut4_I0_O)        0.105    15.737 f  IDEX_rs_rt_rd/bit25/DFF0/q_i_2__10/O
                         net (fo=3, routed)           0.510    16.246    IDEX_rs_rt_rd/bit25/DFF0/q_i_2__10_n_0
    SLICE_X23Y15         LUT5 (Prop_lut5_I2_O)        0.105    16.351 f  IDEX_rs_rt_rd/bit25/DFF0/q_i_2__6_comp/O
                         net (fo=4, routed)           0.359    16.710    IDEX_rs_rt_rd/bit25/DFF0/q_i_2__6_n_0
    SLICE_X26Y15         LUT4 (Prop_lut4_I0_O)        0.105    16.815 f  IDEX_rs_rt_rd/bit25/DFF0/q_i_2__5/O
                         net (fo=2, routed)           0.130    16.946    IDEX_rs_rt_rd/bit25/DFF0/q_i_2__5_n_0
    SLICE_X26Y15         LUT5 (Prop_lut5_I2_O)        0.105    17.051 r  IDEX_rs_rt_rd/bit25/DFF0/q_i_2__37/O
                         net (fo=4, routed)           0.364    17.415    IDEX_rs_rt_rd/bit25/DFF0/q_i_2__37_n_0
    SLICE_X27Y14         LUT5 (Prop_lut5_I0_O)        0.105    17.520 r  IDEX_rs_rt_rd/bit25/DFF0/q_i_1__148_replica/O
                         net (fo=1, routed)           0.510    18.030    IDEX_rs_rt_rd/bit25/DFF0/q_reg_8[26]_repN
    SLICE_X25Y15         LUT6 (Prop_lut6_I2_O)        0.105    18.135 r  IDEX_rs_rt_rd/bit25/DFF0/ZeroFlag_OBUF_inst_i_2_rewire_comp/O
                         net (fo=9, routed)           0.364    18.499    IDEX_rs_rt_rd/bit25/DFF0/ZeroFlag_OBUF_inst_i_2_n_0
    SLICE_X24Y16         LUT5 (Prop_lut5_I3_O)        0.105    18.604 r  IDEX_rs_rt_rd/bit25/DFF0/JumpControl_OBUF_inst_i_3_rewire/O
                         net (fo=5, routed)           0.343    18.947    IDEX_rs_rt_rd/bit25/DFF0/q_reg_3
    SLICE_X25Y17         LUT6 (Prop_lut6_I5_O)        0.105    19.052 r  IDEX_rs_rt_rd/bit25/DFF0/q_i_2__2_comp/O
                         net (fo=1, routed)           0.000    19.052    PC_Reg/bit2/DFF0/q_reg_4
    SLICE_X25Y17         FDCE                                         r  PC_Reg/bit2/DFF0/q_reg/D
  -------------------------------------------------------------------    -------------------

                         (clock CC1 rise edge)       15.000    15.000 r  
    AF8                                               0.000    15.000 r  clk (IN)
                         net (fo=0)                   0.000    15.000    clk
    AF8                  IBUF (Prop_ibuf_I_O)         1.250    16.250 r  clk_IBUF_inst/O
                         net (fo=1, routed)           1.877    18.127    clk_IBUF
    BUFGCTRL_X0Y0        BUFG (Prop_bufg_I_O)         0.077    18.204 r  clk_IBUF_BUFG_inst/O
                         net (fo=9084, routed)        1.401    19.605    PC_Reg/bit2/DFF0/clk_IBUF_BUFG
    SLICE_X25Y17         FDCE                                         r  PC_Reg/bit2/DFF0/q_reg/C
                         clock pessimism              0.241    19.846    
                         clock uncertainty           -0.035    19.811    
    SLICE_X25Y17         FDCE (Setup_fdce_C_D)        0.030    19.841    PC_Reg/bit2/DFF0/q_reg
  -------------------------------------------------------------------
                         required time                         19.841    
                         arrival time                         -19.052    
  -------------------------------------------------------------------
                         slack                                  0.789    

Slack (MET) :             0.793ns  (required time - arrival time)
  Source:                 MEMWB_WriteRegister2/DFF0/q_reg/C
                            (rising edge-triggered cell FDCE clocked by CC1  {rise@0.000ns fall@7.500ns period=15.000ns})
  Destination:            IDEX_ALUOp0/DFF0/q_reg/D
                            (rising edge-triggered cell FDCE clocked by CC1  {rise@0.000ns fall@7.500ns period=15.000ns})
  Path Group:             CC1
  Path Type:              Setup (Max at Slow Process Corner)
  Requirement:            15.000ns  (CC1 rise@15.000ns - CC1 rise@0.000ns)
  Data Path Delay:        14.158ns  (logic 3.634ns (25.668%)  route 10.524ns (74.332%))
  Logic Levels:           31  (LUT3=1 LUT4=20 LUT5=6 LUT6=4)
  Clock Path Skew:        -0.046ns (DCD - SCD + CPR)
    Destination Clock Delay (DCD):    4.604ns = ( 19.604 - 15.000 ) 
    Source Clock Delay      (SCD):    4.891ns
    Clock Pessimism Removal (CPR):    0.241ns
  Clock Uncertainty:      0.035ns  ((TSJ^2 + TIJ^2)^1/2 + DJ) / 2 + PE
    Total System Jitter     (TSJ):    0.071ns
    Total Input Jitter      (TIJ):    0.000ns
    Discrete Jitter          (DJ):    0.000ns
    Phase Error              (PE):    0.000ns

    Location             Delay type                Incr(ns)  Path(ns)    Netlist Resource(s)
  -------------------------------------------------------------------    -------------------
                         (clock CC1 rise edge)        0.000     0.000 r  
    AF8                                               0.000     0.000 r  clk (IN)
                         net (fo=0)                   0.000     0.000    clk
    AF8                  IBUF (Prop_ibuf_I_O)         1.310     1.310 r  clk_IBUF_inst/O
                         net (fo=1, routed)           1.981     3.291    clk_IBUF
    BUFGCTRL_X0Y0        BUFG (Prop_bufg_I_O)         0.081     3.372 r  clk_IBUF_BUFG_inst/O
                         net (fo=9084, routed)        1.519     4.891    MEMWB_WriteRegister2/DFF0/clk_IBUF_BUFG
    SLICE_X13Y18         FDCE                                         r  MEMWB_WriteRegister2/DFF0/q_reg/C
  -------------------------------------------------------------------    -------------------
    SLICE_X13Y18         FDCE (Prop_fdce_C_Q)         0.379     5.270 r  MEMWB_WriteRegister2/DFF0/q_reg/Q
                         net (fo=22, routed)          0.841     6.111    IDEX_rs_rt_rd/bit17/DFF0/WB_WriteRegister[2]
    SLICE_X13Y18         LUT6 (Prop_lut6_I2_O)        0.105     6.216 r  IDEX_rs_rt_rd/bit17/DFF0/q_i_7__0/O
                         net (fo=1, routed)           0.112     6.328    IDEX_rs_rt_rd/bit17/DFF0/q_i_7__0_n_0
    SLICE_X13Y18         LUT5 (Prop_lut5_I1_O)        0.105     6.433 r  IDEX_rs_rt_rd/bit17/DFF0/q_i_3__30/O
                         net (fo=39, routed)          0.703     7.136    IDEX_rs_rt_rd/bit20/DFF0/q_reg_10
    SLICE_X18Y18         LUT6 (Prop_lut6_I1_O)        0.105     7.241 r  IDEX_rs_rt_rd/bit20/DFF0/q_i_1__225/O
                         net (fo=2, routed)           0.258     7.499    IDEX_Im16_Ext/bit1/DFF0/Bus_B_forwarded[0]
    SLICE_X20Y18         LUT3 (Prop_lut3_I2_O)        0.105     7.604 r  IDEX_Im16_Ext/bit1/DFF0/q_i_2__29/O
                         net (fo=2, routed)           0.408     8.012    IDEX_rs_rt_rd/bit25/DFF0/q_reg_51
    SLICE_X21Y18         LUT5 (Prop_lut5_I4_O)        0.105     8.117 f  IDEX_rs_rt_rd/bit25/DFF0/q_i_2__33/O
                         net (fo=2, routed)           0.126     8.244    IDEX_rs_rt_rd/bit25/DFF0/q_i_2__33_n_0
    SLICE_X21Y18         LUT4 (Prop_lut4_I0_O)        0.105     8.349 f  IDEX_rs_rt_rd/bit25/DFF0/q_i_2__28/O
                         net (fo=2, routed)           0.324     8.672    IDEX_rs_rt_rd/bit25/DFF0/q_i_2__28_n_0
    SLICE_X21Y17         LUT4 (Prop_lut4_I0_O)        0.105     8.777 f  IDEX_rs_rt_rd/bit25/DFF0/q_i_2__27/O
                         net (fo=2, routed)           0.127     8.904    IDEX_rs_rt_rd/bit25/DFF0/q_i_2__27_n_0
    SLICE_X21Y17         LUT4 (Prop_lut4_I0_O)        0.105     9.009 f  IDEX_rs_rt_rd/bit25/DFF0/q_i_2__26/O
                         net (fo=2, routed)           0.351     9.360    IDEX_rs_rt_rd/bit25/DFF0/q_i_2__26_n_0
    SLICE_X22Y16         LUT4 (Prop_lut4_I0_O)        0.105     9.465 f  IDEX_rs_rt_rd/bit25/DFF0/q_i_2__25/O
                         net (fo=2, routed)           0.137     9.602    IDEX_rs_rt_rd/bit25/DFF0/q_i_2__25_n_0
    SLICE_X22Y16         LUT4 (Prop_lut4_I0_O)        0.105     9.707 f  IDEX_rs_rt_rd/bit25/DFF0/q_i_2__24/O
                         net (fo=2, routed)           0.376    10.083    IDEX_rs_rt_rd/bit25/DFF0/q_i_2__24_n_0
    SLICE_X19Y17         LUT4 (Prop_lut4_I0_O)        0.105    10.188 f  IDEX_rs_rt_rd/bit25/DFF0/q_i_2__23/O
                         net (fo=2, routed)           0.386    10.574    IDEX_rs_rt_rd/bit25/DFF0/q_i_2__23_n_0
    SLICE_X18Y17         LUT4 (Prop_lut4_I0_O)        0.105    10.679 f  IDEX_rs_rt_rd/bit25/DFF0/q_i_2__22/O
                         net (fo=2, routed)           0.233    10.913    IDEX_rs_rt_rd/bit25/DFF0/q_i_2__22_n_0
    SLICE_X19Y17         LUT4 (Prop_lut4_I0_O)        0.105    11.018 f  IDEX_rs_rt_rd/bit25/DFF0/q_i_2__21/O
                         net (fo=2, routed)           0.242    11.260    IDEX_rs_rt_rd/bit25/DFF0/q_i_2__21_n_0
    SLICE_X18Y16         LUT4 (Prop_lut4_I0_O)        0.105    11.365 f  IDEX_rs_rt_rd/bit25/DFF0/q_i_2__20/O
                         net (fo=2, routed)           0.235    11.600    IDEX_rs_rt_rd/bit25/DFF0/q_i_2__20_n_0
    SLICE_X19Y16         LUT4 (Prop_lut4_I0_O)        0.105    11.705 f  IDEX_rs_rt_rd/bit25/DFF0/q_i_2__19/O
                         net (fo=2, routed)           0.355    12.060    IDEX_rs_rt_rd/bit25/DFF0/q_i_2__19_n_0
    SLICE_X16Y15         LUT4 (Prop_lut4_I0_O)        0.105    12.165 f  IDEX_rs_rt_rd/bit25/DFF0/q_i_2__18/O
                         net (fo=2, routed)           0.230    12.395    IDEX_rs_rt_rd/bit25/DFF0/q_i_2__18_n_0
    SLICE_X17Y15         LUT4 (Prop_lut4_I0_O)        0.105    12.500 f  IDEX_rs_rt_rd/bit25/DFF0/q_i_2__17/O
                         net (fo=2, routed)           0.357    12.857    IDEX_rs_rt_rd/bit25/DFF0/q_i_2__17_n_0
    SLICE_X17Y16         LUT4 (Prop_lut4_I0_O)        0.105    12.962 f  IDEX_rs_rt_rd/bit25/DFF0/q_i_2__16/O
                         net (fo=2, routed)           0.386    13.348    IDEX_rs_rt_rd/bit25/DFF0/q_i_2__16_n_0
    SLICE_X16Y16         LUT4 (Prop_lut4_I0_O)        0.105    13.453 f  IDEX_rs_rt_rd/bit25/DFF0/q_i_2__15/O
                         net (fo=2, routed)           0.369    13.822    IDEX_rs_rt_rd/bit25/DFF0/q_i_2__15_n_0
    SLICE_X15Y16         LUT4 (Prop_lut4_I0_O)        0.105    13.927 f  IDEX_rs_rt_rd/bit25/DFF0/q_i_2__14/O
                         net (fo=2, routed)           0.430    14.357    IDEX_rs_rt_rd/bit25/DFF0/q_i_2__14_n_0
    SLICE_X14Y16         LUT4 (Prop_lut4_I0_O)        0.105    14.462 f  IDEX_rs_rt_rd/bit25/DFF0/q_i_2__13/O
                         net (fo=2, routed)           0.335    14.798    IDEX_rs_rt_rd/bit25/DFF0/q_i_2__13_n_0
    SLICE_X13Y15         LUT4 (Prop_lut4_I0_O)        0.105    14.903 f  IDEX_rs_rt_rd/bit25/DFF0/q_i_2__12/O
                         net (fo=2, routed)           0.386    15.289    IDEX_rs_rt_rd/bit25/DFF0/q_i_2__12_n_0
    SLICE_X12Y15         LUT4 (Prop_lut4_I0_O)        0.105    15.394 f  IDEX_rs_rt_rd/bit25/DFF0/q_i_2__11/O
                         net (fo=2, routed)           0.238    15.632    IDEX_rs_rt_rd/bit25/DFF0/q_i_2__11_n_0
    SLICE_X15Y15         LUT4 (Prop_lut4_I0_O)        0.105    15.737 f  IDEX_rs_rt_rd/bit25/DFF0/q_i_2__10/O
                         net (fo=3, routed)           0.510    16.246    IDEX_rs_rt_rd/bit25/DFF0/q_i_2__10_n_0
    SLICE_X23Y15         LUT5 (Prop_lut5_I2_O)        0.105    16.351 f  IDEX_rs_rt_rd/bit25/DFF0/q_i_2__6_comp/O
                         net (fo=4, routed)           0.359    16.710    IDEX_rs_rt_rd/bit25/DFF0/q_i_2__6_n_0
    SLICE_X26Y15         LUT4 (Prop_lut4_I0_O)        0.105    16.815 f  IDEX_rs_rt_rd/bit25/DFF0/q_i_2__5/O
                         net (fo=2, routed)           0.130    16.946    IDEX_rs_rt_rd/bit25/DFF0/q_i_2__5_n_0
    SLICE_X26Y15         LUT5 (Prop_lut5_I2_O)        0.105    17.051 r  IDEX_rs_rt_rd/bit25/DFF0/q_i_2__37/O
                         net (fo=4, routed)           0.364    17.415    IDEX_rs_rt_rd/bit25/DFF0/q_i_2__37_n_0
    SLICE_X27Y14         LUT5 (Prop_lut5_I0_O)        0.105    17.520 f  IDEX_rs_rt_rd/bit25/DFF0/q_i_1__148_replica/O
                         net (fo=1, routed)           0.510    18.030    IDEX_rs_rt_rd/bit25/DFF0/q_reg_8[26]_repN
    SLICE_X25Y15         LUT6 (Prop_lut6_I2_O)        0.105    18.135 f  IDEX_rs_rt_rd/bit25/DFF0/ZeroFlag_OBUF_inst_i_2_rewire_comp/O
                         net (fo=9, routed)           0.403    18.538    IDEX_rs_rt_rd/bit25/DFF0/ZeroFlag_OBUF_inst_i_2_n_0
    SLICE_X26Y17         LUT5 (Prop_lut5_I3_O)        0.105    18.643 r  IDEX_rs_rt_rd/bit25/DFF0/q_i_4__5_rewire/O
                         net (fo=9, routed)           0.301    18.944    IFID_Instruction/bit4/DFF0/q_reg_2_alias
    SLICE_X27Y18         LUT6 (Prop_lut6_I4_O)        0.105    19.049 r  IFID_Instruction/bit4/DFF0/q_i_1__132_comp/O
                         net (fo=1, routed)           0.000    19.049    IDEX_ALUOp0/DFF0/ID_ALUOp[0]
    SLICE_X27Y18         FDCE                                         r  IDEX_ALUOp0/DFF0/q_reg/D
  -------------------------------------------------------------------    -------------------

                         (clock CC1 rise edge)       15.000    15.000 r  
    AF8                                               0.000    15.000 r  clk (IN)
                         net (fo=0)                   0.000    15.000    clk
    AF8                  IBUF (Prop_ibuf_I_O)         1.250    16.250 r  clk_IBUF_inst/O
                         net (fo=1, routed)           1.877    18.127    clk_IBUF
    BUFGCTRL_X0Y0        BUFG (Prop_bufg_I_O)         0.077    18.204 r  clk_IBUF_BUFG_inst/O
                         net (fo=9084, routed)        1.400    19.604    IDEX_ALUOp0/DFF0/clk_IBUF_BUFG
    SLICE_X27Y18         FDCE                                         r  IDEX_ALUOp0/DFF0/q_reg/C
                         clock pessimism              0.241    19.845    
                         clock uncertainty           -0.035    19.810    
    SLICE_X27Y18         FDCE (Setup_fdce_C_D)        0.032    19.842    IDEX_ALUOp0/DFF0/q_reg
  -------------------------------------------------------------------
                         required time                         19.842    
                         arrival time                         -19.049    
  -------------------------------------------------------------------
                         slack                                  0.793    

Slack (MET) :             0.804ns  (required time - arrival time)
  Source:                 MEMWB_WriteRegister2/DFF0/q_reg/C
                            (rising edge-triggered cell FDCE clocked by CC1  {rise@0.000ns fall@7.500ns period=15.000ns})
  Destination:            IDEX_ALUOp1/DFF0/q_reg/D
                            (rising edge-triggered cell FDCE clocked by CC1  {rise@0.000ns fall@7.500ns period=15.000ns})
  Path Group:             CC1
  Path Type:              Setup (Max at Slow Process Corner)
  Requirement:            15.000ns  (CC1 rise@15.000ns - CC1 rise@0.000ns)
  Data Path Delay:        14.147ns  (logic 3.634ns (25.687%)  route 10.513ns (74.313%))
  Logic Levels:           31  (LUT3=1 LUT4=21 LUT5=6 LUT6=3)
  Clock Path Skew:        -0.044ns (DCD - SCD + CPR)
    Destination Clock Delay (DCD):    4.606ns = ( 19.606 - 15.000 ) 
    Source Clock Delay      (SCD):    4.891ns
    Clock Pessimism Removal (CPR):    0.241ns
  Clock Uncertainty:      0.035ns  ((TSJ^2 + TIJ^2)^1/2 + DJ) / 2 + PE
    Total System Jitter     (TSJ):    0.071ns
    Total Input Jitter      (TIJ):    0.000ns
    Discrete Jitter          (DJ):    0.000ns
    Phase Error              (PE):    0.000ns

    Location             Delay type                Incr(ns)  Path(ns)    Netlist Resource(s)
  -------------------------------------------------------------------    -------------------
                         (clock CC1 rise edge)        0.000     0.000 r  
    AF8                                               0.000     0.000 r  clk (IN)
                         net (fo=0)                   0.000     0.000    clk
    AF8                  IBUF (Prop_ibuf_I_O)         1.310     1.310 r  clk_IBUF_inst/O
                         net (fo=1, routed)           1.981     3.291    clk_IBUF
    BUFGCTRL_X0Y0        BUFG (Prop_bufg_I_O)         0.081     3.372 r  clk_IBUF_BUFG_inst/O
                         net (fo=9084, routed)        1.519     4.891    MEMWB_WriteRegister2/DFF0/clk_IBUF_BUFG
    SLICE_X13Y18         FDCE                                         r  MEMWB_WriteRegister2/DFF0/q_reg/C
  -------------------------------------------------------------------    -------------------
    SLICE_X13Y18         FDCE (Prop_fdce_C_Q)         0.379     5.270 r  MEMWB_WriteRegister2/DFF0/q_reg/Q
                         net (fo=22, routed)          0.841     6.111    IDEX_rs_rt_rd/bit17/DFF0/WB_WriteRegister[2]
    SLICE_X13Y18         LUT6 (Prop_lut6_I2_O)        0.105     6.216 r  IDEX_rs_rt_rd/bit17/DFF0/q_i_7__0/O
                         net (fo=1, routed)           0.112     6.328    IDEX_rs_rt_rd/bit17/DFF0/q_i_7__0_n_0
    SLICE_X13Y18         LUT5 (Prop_lut5_I1_O)        0.105     6.433 r  IDEX_rs_rt_rd/bit17/DFF0/q_i_3__30/O
                         net (fo=39, routed)          0.703     7.136    IDEX_rs_rt_rd/bit20/DFF0/q_reg_10
    SLICE_X18Y18         LUT6 (Prop_lut6_I1_O)        0.105     7.241 r  IDEX_rs_rt_rd/bit20/DFF0/q_i_1__225/O
                         net (fo=2, routed)           0.258     7.499    IDEX_Im16_Ext/bit1/DFF0/Bus_B_forwarded[0]
    SLICE_X20Y18         LUT3 (Prop_lut3_I2_O)        0.105     7.604 r  IDEX_Im16_Ext/bit1/DFF0/q_i_2__29/O
                         net (fo=2, routed)           0.408     8.012    IDEX_rs_rt_rd/bit25/DFF0/q_reg_51
    SLICE_X21Y18         LUT5 (Prop_lut5_I4_O)        0.105     8.117 f  IDEX_rs_rt_rd/bit25/DFF0/q_i_2__33/O
                         net (fo=2, routed)           0.126     8.244    IDEX_rs_rt_rd/bit25/DFF0/q_i_2__33_n_0
    SLICE_X21Y18         LUT4 (Prop_lut4_I0_O)        0.105     8.349 f  IDEX_rs_rt_rd/bit25/DFF0/q_i_2__28/O
                         net (fo=2, routed)           0.324     8.672    IDEX_rs_rt_rd/bit25/DFF0/q_i_2__28_n_0
    SLICE_X21Y17         LUT4 (Prop_lut4_I0_O)        0.105     8.777 f  IDEX_rs_rt_rd/bit25/DFF0/q_i_2__27/O
                         net (fo=2, routed)           0.127     8.904    IDEX_rs_rt_rd/bit25/DFF0/q_i_2__27_n_0
    SLICE_X21Y17         LUT4 (Prop_lut4_I0_O)        0.105     9.009 f  IDEX_rs_rt_rd/bit25/DFF0/q_i_2__26/O
                         net (fo=2, routed)           0.351     9.360    IDEX_rs_rt_rd/bit25/DFF0/q_i_2__26_n_0
    SLICE_X22Y16         LUT4 (Prop_lut4_I0_O)        0.105     9.465 f  IDEX_rs_rt_rd/bit25/DFF0/q_i_2__25/O
                         net (fo=2, routed)           0.137     9.602    IDEX_rs_rt_rd/bit25/DFF0/q_i_2__25_n_0
    SLICE_X22Y16         LUT4 (Prop_lut4_I0_O)        0.105     9.707 f  IDEX_rs_rt_rd/bit25/DFF0/q_i_2__24/O
                         net (fo=2, routed)           0.376    10.083    IDEX_rs_rt_rd/bit25/DFF0/q_i_2__24_n_0
    SLICE_X19Y17         LUT4 (Prop_lut4_I0_O)        0.105    10.188 f  IDEX_rs_rt_rd/bit25/DFF0/q_i_2__23/O
                         net (fo=2, routed)           0.386    10.574    IDEX_rs_rt_rd/bit25/DFF0/q_i_2__23_n_0
    SLICE_X18Y17         LUT4 (Prop_lut4_I0_O)        0.105    10.679 f  IDEX_rs_rt_rd/bit25/DFF0/q_i_2__22/O
                         net (fo=2, routed)           0.233    10.913    IDEX_rs_rt_rd/bit25/DFF0/q_i_2__22_n_0
    SLICE_X19Y17         LUT4 (Prop_lut4_I0_O)        0.105    11.018 f  IDEX_rs_rt_rd/bit25/DFF0/q_i_2__21/O
                         net (fo=2, routed)           0.242    11.260    IDEX_rs_rt_rd/bit25/DFF0/q_i_2__21_n_0
    SLICE_X18Y16         LUT4 (Prop_lut4_I0_O)        0.105    11.365 f  IDEX_rs_rt_rd/bit25/DFF0/q_i_2__20/O
                         net (fo=2, routed)           0.235    11.600    IDEX_rs_rt_rd/bit25/DFF0/q_i_2__20_n_0
    SLICE_X19Y16         LUT4 (Prop_lut4_I0_O)        0.105    11.705 f  IDEX_rs_rt_rd/bit25/DFF0/q_i_2__19/O
                         net (fo=2, routed)           0.355    12.060    IDEX_rs_rt_rd/bit25/DFF0/q_i_2__19_n_0
    SLICE_X16Y15         LUT4 (Prop_lut4_I0_O)        0.105    12.165 f  IDEX_rs_rt_rd/bit25/DFF0/q_i_2__18/O
                         net (fo=2, routed)           0.230    12.395    IDEX_rs_rt_rd/bit25/DFF0/q_i_2__18_n_0
    SLICE_X17Y15         LUT4 (Prop_lut4_I0_O)        0.105    12.500 f  IDEX_rs_rt_rd/bit25/DFF0/q_i_2__17/O
                         net (fo=2, routed)           0.357    12.857    IDEX_rs_rt_rd/bit25/DFF0/q_i_2__17_n_0
    SLICE_X17Y16         LUT4 (Prop_lut4_I0_O)        0.105    12.962 f  IDEX_rs_rt_rd/bit25/DFF0/q_i_2__16/O
                         net (fo=2, routed)           0.386    13.348    IDEX_rs_rt_rd/bit25/DFF0/q_i_2__16_n_0
    SLICE_X16Y16         LUT4 (Prop_lut4_I0_O)        0.105    13.453 f  IDEX_rs_rt_rd/bit25/DFF0/q_i_2__15/O
                         net (fo=2, routed)           0.369    13.822    IDEX_rs_rt_rd/bit25/DFF0/q_i_2__15_n_0
    SLICE_X15Y16         LUT4 (Prop_lut4_I0_O)        0.105    13.927 f  IDEX_rs_rt_rd/bit25/DFF0/q_i_2__14/O
                         net (fo=2, routed)           0.430    14.357    IDEX_rs_rt_rd/bit25/DFF0/q_i_2__14_n_0
    SLICE_X14Y16         LUT4 (Prop_lut4_I0_O)        0.105    14.462 f  IDEX_rs_rt_rd/bit25/DFF0/q_i_2__13/O
                         net (fo=2, routed)           0.335    14.798    IDEX_rs_rt_rd/bit25/DFF0/q_i_2__13_n_0
    SLICE_X13Y15         LUT4 (Prop_lut4_I0_O)        0.105    14.903 f  IDEX_rs_rt_rd/bit25/DFF0/q_i_2__12/O
                         net (fo=2, routed)           0.386    15.289    IDEX_rs_rt_rd/bit25/DFF0/q_i_2__12_n_0
    SLICE_X12Y15         LUT4 (Prop_lut4_I0_O)        0.105    15.394 f  IDEX_rs_rt_rd/bit25/DFF0/q_i_2__11/O
                         net (fo=2, routed)           0.238    15.632    IDEX_rs_rt_rd/bit25/DFF0/q_i_2__11_n_0
    SLICE_X15Y15         LUT4 (Prop_lut4_I0_O)        0.105    15.737 f  IDEX_rs_rt_rd/bit25/DFF0/q_i_2__10/O
                         net (fo=3, routed)           0.510    16.246    IDEX_rs_rt_rd/bit25/DFF0/q_i_2__10_n_0
    SLICE_X23Y15         LUT5 (Prop_lut5_I2_O)        0.105    16.351 f  IDEX_rs_rt_rd/bit25/DFF0/q_i_2__6_comp/O
                         net (fo=4, routed)           0.359    16.710    IDEX_rs_rt_rd/bit25/DFF0/q_i_2__6_n_0
    SLICE_X26Y15         LUT4 (Prop_lut4_I0_O)        0.105    16.815 f  IDEX_rs_rt_rd/bit25/DFF0/q_i_2__5/O
                         net (fo=2, routed)           0.130    16.946    IDEX_rs_rt_rd/bit25/DFF0/q_i_2__5_n_0
    SLICE_X26Y15         LUT5 (Prop_lut5_I2_O)        0.105    17.051 r  IDEX_rs_rt_rd/bit25/DFF0/q_i_2__37/O
                         net (fo=4, routed)           0.364    17.415    IDEX_rs_rt_rd/bit25/DFF0/q_i_2__37_n_0
    SLICE_X27Y14         LUT5 (Prop_lut5_I0_O)        0.105    17.520 f  IDEX_rs_rt_rd/bit25/DFF0/q_i_1__148_replica/O
                         net (fo=1, routed)           0.510    18.030    IDEX_rs_rt_rd/bit25/DFF0/q_reg_8[26]_repN
    SLICE_X25Y15         LUT6 (Prop_lut6_I2_O)        0.105    18.135 f  IDEX_rs_rt_rd/bit25/DFF0/ZeroFlag_OBUF_inst_i_2_rewire_comp/O
                         net (fo=9, routed)           0.403    18.538    IDEX_rs_rt_rd/bit25/DFF0/ZeroFlag_OBUF_inst_i_2_n_0
    SLICE_X26Y17         LUT5 (Prop_lut5_I3_O)        0.105    18.643 r  IDEX_rs_rt_rd/bit25/DFF0/q_i_4__5_rewire/O
                         net (fo=9, routed)           0.290    18.933    IFID_Instruction/bit29/DFF0/q_reg_2_alias
    SLICE_X25Y16         LUT4 (Prop_lut4_I2_O)        0.105    19.038 r  IFID_Instruction/bit29/DFF0/q_i_1__140_comp/O
                         net (fo=1, routed)           0.000    19.038    IDEX_ALUOp1/DFF0/ID_ALUOp[0]
    SLICE_X25Y16         FDCE                                         r  IDEX_ALUOp1/DFF0/q_reg/D
  -------------------------------------------------------------------    -------------------

                         (clock CC1 rise edge)       15.000    15.000 r  
    AF8                                               0.000    15.000 r  clk (IN)
                         net (fo=0)                   0.000    15.000    clk
    AF8                  IBUF (Prop_ibuf_I_O)         1.250    16.250 r  clk_IBUF_inst/O
                         net (fo=1, routed)           1.877    18.127    clk_IBUF
    BUFGCTRL_X0Y0        BUFG (Prop_bufg_I_O)         0.077    18.204 r  clk_IBUF_BUFG_inst/O
                         net (fo=9084, routed)        1.402    19.606    IDEX_ALUOp1/DFF0/clk_IBUF_BUFG
    SLICE_X25Y16         FDCE                                         r  IDEX_ALUOp1/DFF0/q_reg/C
                         clock pessimism              0.241    19.847    
                         clock uncertainty           -0.035    19.812    
    SLICE_X25Y16         FDCE (Setup_fdce_C_D)        0.030    19.842    IDEX_ALUOp1/DFF0/q_reg
  -------------------------------------------------------------------
                         required time                         19.842    
                         arrival time                         -19.038    
  -------------------------------------------------------------------
                         slack                                  0.804    

Slack (MET) :             0.812ns  (required time - arrival time)
  Source:                 MEMWB_WriteRegister2/DFF0/q_reg/C
                            (rising edge-triggered cell FDCE clocked by CC1  {rise@0.000ns fall@7.500ns period=15.000ns})
  Destination:            IDEX_Branch/DFF0/q_reg/D
                            (rising edge-triggered cell FDCE clocked by CC1  {rise@0.000ns fall@7.500ns period=15.000ns})
  Path Group:             CC1
  Path Type:              Setup (Max at Slow Process Corner)
  Requirement:            15.000ns  (CC1 rise@15.000ns - CC1 rise@0.000ns)
  Data Path Delay:        14.140ns  (logic 3.634ns (25.700%)  route 10.506ns (74.300%))
  Logic Levels:           31  (LUT3=1 LUT4=20 LUT5=6 LUT6=4)
  Clock Path Skew:        -0.045ns (DCD - SCD + CPR)
    Destination Clock Delay (DCD):    4.605ns = ( 19.605 - 15.000 ) 
    Source Clock Delay      (SCD):    4.891ns
    Clock Pessimism Removal (CPR):    0.241ns
  Clock Uncertainty:      0.035ns  ((TSJ^2 + TIJ^2)^1/2 + DJ) / 2 + PE
    Total System Jitter     (TSJ):    0.071ns
    Total Input Jitter      (TIJ):    0.000ns
    Discrete Jitter          (DJ):    0.000ns
    Phase Error              (PE):    0.000ns

    Location             Delay type                Incr(ns)  Path(ns)    Netlist Resource(s)
  -------------------------------------------------------------------    -------------------
                         (clock CC1 rise edge)        0.000     0.000 r  
    AF8                                               0.000     0.000 r  clk (IN)
                         net (fo=0)                   0.000     0.000    clk
    AF8                  IBUF (Prop_ibuf_I_O)         1.310     1.310 r  clk_IBUF_inst/O
                         net (fo=1, routed)           1.981     3.291    clk_IBUF
    BUFGCTRL_X0Y0        BUFG (Prop_bufg_I_O)         0.081     3.372 r  clk_IBUF_BUFG_inst/O
                         net (fo=9084, routed)        1.519     4.891    MEMWB_WriteRegister2/DFF0/clk_IBUF_BUFG
    SLICE_X13Y18         FDCE                                         r  MEMWB_WriteRegister2/DFF0/q_reg/C
  -------------------------------------------------------------------    -------------------
    SLICE_X13Y18         FDCE (Prop_fdce_C_Q)         0.379     5.270 r  MEMWB_WriteRegister2/DFF0/q_reg/Q
                         net (fo=22, routed)          0.841     6.111    IDEX_rs_rt_rd/bit17/DFF0/WB_WriteRegister[2]
    SLICE_X13Y18         LUT6 (Prop_lut6_I2_O)        0.105     6.216 r  IDEX_rs_rt_rd/bit17/DFF0/q_i_7__0/O
                         net (fo=1, routed)           0.112     6.328    IDEX_rs_rt_rd/bit17/DFF0/q_i_7__0_n_0
    SLICE_X13Y18         LUT5 (Prop_lut5_I1_O)        0.105     6.433 r  IDEX_rs_rt_rd/bit17/DFF0/q_i_3__30/O
                         net (fo=39, routed)          0.703     7.136    IDEX_rs_rt_rd/bit20/DFF0/q_reg_10
    SLICE_X18Y18         LUT6 (Prop_lut6_I1_O)        0.105     7.241 r  IDEX_rs_rt_rd/bit20/DFF0/q_i_1__225/O
                         net (fo=2, routed)           0.258     7.499    IDEX_Im16_Ext/bit1/DFF0/Bus_B_forwarded[0]
    SLICE_X20Y18         LUT3 (Prop_lut3_I2_O)        0.105     7.604 r  IDEX_Im16_Ext/bit1/DFF0/q_i_2__29/O
                         net (fo=2, routed)           0.408     8.012    IDEX_rs_rt_rd/bit25/DFF0/q_reg_51
    SLICE_X21Y18         LUT5 (Prop_lut5_I4_O)        0.105     8.117 f  IDEX_rs_rt_rd/bit25/DFF0/q_i_2__33/O
                         net (fo=2, routed)           0.126     8.244    IDEX_rs_rt_rd/bit25/DFF0/q_i_2__33_n_0
    SLICE_X21Y18         LUT4 (Prop_lut4_I0_O)        0.105     8.349 f  IDEX_rs_rt_rd/bit25/DFF0/q_i_2__28/O
                         net (fo=2, routed)           0.324     8.672    IDEX_rs_rt_rd/bit25/DFF0/q_i_2__28_n_0
    SLICE_X21Y17         LUT4 (Prop_lut4_I0_O)        0.105     8.777 f  IDEX_rs_rt_rd/bit25/DFF0/q_i_2__27/O
                         net (fo=2, routed)           0.127     8.904    IDEX_rs_rt_rd/bit25/DFF0/q_i_2__27_n_0
    SLICE_X21Y17         LUT4 (Prop_lut4_I0_O)        0.105     9.009 f  IDEX_rs_rt_rd/bit25/DFF0/q_i_2__26/O
                         net (fo=2, routed)           0.351     9.360    IDEX_rs_rt_rd/bit25/DFF0/q_i_2__26_n_0
    SLICE_X22Y16         LUT4 (Prop_lut4_I0_O)        0.105     9.465 f  IDEX_rs_rt_rd/bit25/DFF0/q_i_2__25/O
                         net (fo=2, routed)           0.137     9.602    IDEX_rs_rt_rd/bit25/DFF0/q_i_2__25_n_0
    SLICE_X22Y16         LUT4 (Prop_lut4_I0_O)        0.105     9.707 f  IDEX_rs_rt_rd/bit25/DFF0/q_i_2__24/O
                         net (fo=2, routed)           0.376    10.083    IDEX_rs_rt_rd/bit25/DFF0/q_i_2__24_n_0
    SLICE_X19Y17         LUT4 (Prop_lut4_I0_O)        0.105    10.188 f  IDEX_rs_rt_rd/bit25/DFF0/q_i_2__23/O
                         net (fo=2, routed)           0.386    10.574    IDEX_rs_rt_rd/bit25/DFF0/q_i_2__23_n_0
    SLICE_X18Y17         LUT4 (Prop_lut4_I0_O)        0.105    10.679 f  IDEX_rs_rt_rd/bit25/DFF0/q_i_2__22/O
                         net (fo=2, routed)           0.233    10.913    IDEX_rs_rt_rd/bit25/DFF0/q_i_2__22_n_0
    SLICE_X19Y17         LUT4 (Prop_lut4_I0_O)        0.105    11.018 f  IDEX_rs_rt_rd/bit25/DFF0/q_i_2__21/O
                         net (fo=2, routed)           0.242    11.260    IDEX_rs_rt_rd/bit25/DFF0/q_i_2__21_n_0
    SLICE_X18Y16         LUT4 (Prop_lut4_I0_O)        0.105    11.365 f  IDEX_rs_rt_rd/bit25/DFF0/q_i_2__20/O
                         net (fo=2, routed)           0.235    11.600    IDEX_rs_rt_rd/bit25/DFF0/q_i_2__20_n_0
    SLICE_X19Y16         LUT4 (Prop_lut4_I0_O)        0.105    11.705 f  IDEX_rs_rt_rd/bit25/DFF0/q_i_2__19/O
                         net (fo=2, routed)           0.355    12.060    IDEX_rs_rt_rd/bit25/DFF0/q_i_2__19_n_0
    SLICE_X16Y15         LUT4 (Prop_lut4_I0_O)        0.105    12.165 f  IDEX_rs_rt_rd/bit25/DFF0/q_i_2__18/O
                         net (fo=2, routed)           0.230    12.395    IDEX_rs_rt_rd/bit25/DFF0/q_i_2__18_n_0
    SLICE_X17Y15         LUT4 (Prop_lut4_I0_O)        0.105    12.500 f  IDEX_rs_rt_rd/bit25/DFF0/q_i_2__17/O
                         net (fo=2, routed)           0.357    12.857    IDEX_rs_rt_rd/bit25/DFF0/q_i_2__17_n_0
    SLICE_X17Y16         LUT4 (Prop_lut4_I0_O)        0.105    12.962 f  IDEX_rs_rt_rd/bit25/DFF0/q_i_2__16/O
                         net (fo=2, routed)           0.386    13.348    IDEX_rs_rt_rd/bit25/DFF0/q_i_2__16_n_0
    SLICE_X16Y16         LUT4 (Prop_lut4_I0_O)        0.105    13.453 f  IDEX_rs_rt_rd/bit25/DFF0/q_i_2__15/O
                         net (fo=2, routed)           0.369    13.822    IDEX_rs_rt_rd/bit25/DFF0/q_i_2__15_n_0
    SLICE_X15Y16         LUT4 (Prop_lut4_I0_O)        0.105    13.927 f  IDEX_rs_rt_rd/bit25/DFF0/q_i_2__14/O
                         net (fo=2, routed)           0.430    14.357    IDEX_rs_rt_rd/bit25/DFF0/q_i_2__14_n_0
    SLICE_X14Y16         LUT4 (Prop_lut4_I0_O)        0.105    14.462 f  IDEX_rs_rt_rd/bit25/DFF0/q_i_2__13/O
                         net (fo=2, routed)           0.335    14.798    IDEX_rs_rt_rd/bit25/DFF0/q_i_2__13_n_0
    SLICE_X13Y15         LUT4 (Prop_lut4_I0_O)        0.105    14.903 f  IDEX_rs_rt_rd/bit25/DFF0/q_i_2__12/O
                         net (fo=2, routed)           0.386    15.289    IDEX_rs_rt_rd/bit25/DFF0/q_i_2__12_n_0
    SLICE_X12Y15         LUT4 (Prop_lut4_I0_O)        0.105    15.394 f  IDEX_rs_rt_rd/bit25/DFF0/q_i_2__11/O
                         net (fo=2, routed)           0.238    15.632    IDEX_rs_rt_rd/bit25/DFF0/q_i_2__11_n_0
    SLICE_X15Y15         LUT4 (Prop_lut4_I0_O)        0.105    15.737 f  IDEX_rs_rt_rd/bit25/DFF0/q_i_2__10/O
                         net (fo=3, routed)           0.510    16.246    IDEX_rs_rt_rd/bit25/DFF0/q_i_2__10_n_0
    SLICE_X23Y15         LUT5 (Prop_lut5_I2_O)        0.105    16.351 f  IDEX_rs_rt_rd/bit25/DFF0/q_i_2__6_comp/O
                         net (fo=4, routed)           0.359    16.710    IDEX_rs_rt_rd/bit25/DFF0/q_i_2__6_n_0
    SLICE_X26Y15         LUT4 (Prop_lut4_I0_O)        0.105    16.815 f  IDEX_rs_rt_rd/bit25/DFF0/q_i_2__5/O
                         net (fo=2, routed)           0.130    16.946    IDEX_rs_rt_rd/bit25/DFF0/q_i_2__5_n_0
    SLICE_X26Y15         LUT5 (Prop_lut5_I2_O)        0.105    17.051 r  IDEX_rs_rt_rd/bit25/DFF0/q_i_2__37/O
                         net (fo=4, routed)           0.364    17.415    IDEX_rs_rt_rd/bit25/DFF0/q_i_2__37_n_0
    SLICE_X27Y14         LUT5 (Prop_lut5_I0_O)        0.105    17.520 f  IDEX_rs_rt_rd/bit25/DFF0/q_i_1__148_replica/O
                         net (fo=1, routed)           0.510    18.030    IDEX_rs_rt_rd/bit25/DFF0/q_reg_8[26]_repN
    SLICE_X25Y15         LUT6 (Prop_lut6_I2_O)        0.105    18.135 f  IDEX_rs_rt_rd/bit25/DFF0/ZeroFlag_OBUF_inst_i_2_rewire_comp/O
                         net (fo=9, routed)           0.403    18.538    IDEX_rs_rt_rd/bit25/DFF0/ZeroFlag_OBUF_inst_i_2_n_0
    SLICE_X26Y17         LUT5 (Prop_lut5_I3_O)        0.105    18.643 r  IDEX_rs_rt_rd/bit25/DFF0/q_i_4__5_rewire/O
                         net (fo=9, routed)           0.283    18.926    IFID_Instruction/bit29/DFF0/q_reg_2_alias
    SLICE_X24Y17         LUT6 (Prop_lut6_I0_O)        0.105    19.031 r  IFID_Instruction/bit29/DFF0/q_i_1__139_rewire/O
                         net (fo=1, routed)           0.000    19.031    IDEX_Branch/DFF0/ID_Branch
    SLICE_X24Y17         FDCE                                         r  IDEX_Branch/DFF0/q_reg/D
  -------------------------------------------------------------------    -------------------

                         (clock CC1 rise edge)       15.000    15.000 r  
    AF8                                               0.000    15.000 r  clk (IN)
                         net (fo=0)                   0.000    15.000    clk
    AF8                  IBUF (Prop_ibuf_I_O)         1.250    16.250 r  clk_IBUF_inst/O
                         net (fo=1, routed)           1.877    18.127    clk_IBUF
    BUFGCTRL_X0Y0        BUFG (Prop_bufg_I_O)         0.077    18.204 r  clk_IBUF_BUFG_inst/O
                         net (fo=9084, routed)        1.401    19.605    IDEX_Branch/DFF0/clk_IBUF_BUFG
    SLICE_X24Y17         FDCE                                         r  IDEX_Branch/DFF0/q_reg/C
                         clock pessimism              0.241    19.846    
                         clock uncertainty           -0.035    19.811    
    SLICE_X24Y17         FDCE (Setup_fdce_C_D)        0.032    19.843    IDEX_Branch/DFF0/q_reg
  -------------------------------------------------------------------
                         required time                         19.843    
                         arrival time                         -19.031    
  -------------------------------------------------------------------
                         slack                                  0.812    





Min Delay Paths
--------------------------------------------------------------------------------------
Slack (MET) :             0.143ns  (arrival time - required time)
  Source:                 EXMEM_WriteDataOfMem/bit29/DFF0/q_reg_rep__0/C
                            (rising edge-triggered cell FDCE clocked by CC1  {rise@0.000ns fall@7.500ns period=15.000ns})
  Destination:            dataMem1/datamem_reg[484][5]/D
                            (rising edge-triggered cell FDRE clocked by CC1  {rise@0.000ns fall@7.500ns period=15.000ns})
  Path Group:             CC1
  Path Type:              Hold (Min at Fast Process Corner)
  Requirement:            0.000ns  (CC1 rise@0.000ns - CC1 rise@0.000ns)
  Data Path Delay:        0.491ns  (logic 0.209ns (42.533%)  route 0.282ns (57.467%))
  Logic Levels:           1  (LUT6=1)
  Clock Path Skew:        0.256ns (DCD - SCD - CPR)
    Destination Clock Delay (DCD):    2.554ns
    Source Clock Delay      (SCD):    1.896ns
    Clock Pessimism Removal (CPR):    0.402ns

    Location             Delay type                Incr(ns)  Path(ns)    Netlist Resource(s)
  -------------------------------------------------------------------    -------------------
                         (clock CC1 rise edge)        0.000     0.000 r  
    AF8                                               0.000     0.000 r  clk (IN)
                         net (fo=0)                   0.000     0.000    clk
    AF8                  IBUF (Prop_ibuf_I_O)         0.455     0.455 r  clk_IBUF_inst/O
                         net (fo=1, routed)           0.793     1.248    clk_IBUF
    BUFGCTRL_X0Y0        BUFG (Prop_bufg_I_O)         0.026     1.274 r  clk_IBUF_BUFG_inst/O
                         net (fo=9084, routed)        0.622     1.896    EXMEM_WriteDataOfMem/bit29/DFF0/clk_IBUF_BUFG
    SLICE_X34Y28         FDCE                                         r  EXMEM_WriteDataOfMem/bit29/DFF0/q_reg_rep__0/C
  -------------------------------------------------------------------    -------------------
    SLICE_X34Y28         FDCE (Prop_fdce_C_Q)         0.164     2.060 r  EXMEM_WriteDataOfMem/bit29/DFF0/q_reg_rep__0/Q
                         net (fo=135, routed)         0.282     2.342    EXMEM_ALUResult/bit5/DFF0/datamem_reg[260][5]
    SLICE_X48Y28         LUT6 (Prop_lut6_I3_O)        0.045     2.387 r  EXMEM_ALUResult/bit5/DFF0/datamem[484][5]_i_1/O
                         net (fo=1, routed)           0.000     2.387    dataMem1/datamem_reg[484][7]_1[5]
    SLICE_X48Y28         FDRE                                         r  dataMem1/datamem_reg[484][5]/D
  -------------------------------------------------------------------    -------------------

                         (clock CC1 rise edge)        0.000     0.000 r  
    AF8                                               0.000     0.000 r  clk (IN)
                         net (fo=0)                   0.000     0.000    clk
    AF8                  IBUF (Prop_ibuf_I_O)         0.783     0.783 r  clk_IBUF_inst/O
                         net (fo=1, routed)           0.855     1.638    clk_IBUF
    BUFGCTRL_X0Y0        BUFG (Prop_bufg_I_O)         0.029     1.667 r  clk_IBUF_BUFG_inst/O
                         net (fo=9084, routed)        0.887     2.554    dataMem1/clk_IBUF_BUFG
    SLICE_X48Y28         FDRE                                         r  dataMem1/datamem_reg[484][5]/C
                         clock pessimism             -0.402     2.152    
    SLICE_X48Y28         FDRE (Hold_fdre_C_D)         0.092     2.244    dataMem1/datamem_reg[484][5]
  -------------------------------------------------------------------
                         required time                         -2.244    
                         arrival time                           2.387    
  -------------------------------------------------------------------
                         slack                                  0.143    

Slack (MET) :             0.190ns  (arrival time - required time)
  Source:                 EXMEM_ALUResult/bit19/DFF0/q_reg/C
                            (rising edge-triggered cell FDCE clocked by CC1  {rise@0.000ns fall@7.500ns period=15.000ns})
  Destination:            MEMWB_ALUResult/bit19/DFF0/q_reg/D
                            (rising edge-triggered cell FDCE clocked by CC1  {rise@0.000ns fall@7.500ns period=15.000ns})
  Path Group:             CC1
  Path Type:              Hold (Min at Fast Process Corner)
  Requirement:            0.000ns  (CC1 rise@0.000ns - CC1 rise@0.000ns)
  Data Path Delay:        0.294ns  (logic 0.164ns (55.866%)  route 0.130ns (44.134%))
  Logic Levels:           0  
  Clock Path Skew:        0.034ns (DCD - SCD - CPR)
    Destination Clock Delay (DCD):    2.569ns
    Source Clock Delay      (SCD):    1.904ns
    Clock Pessimism Removal (CPR):    0.631ns

    Location             Delay type                Incr(ns)  Path(ns)    Netlist Resource(s)
  -------------------------------------------------------------------    -------------------
                         (clock CC1 rise edge)        0.000     0.000 r  
    AF8                                               0.000     0.000 r  clk (IN)
                         net (fo=0)                   0.000     0.000    clk
    AF8                  IBUF (Prop_ibuf_I_O)         0.455     0.455 r  clk_IBUF_inst/O
                         net (fo=1, routed)           0.793     1.248    clk_IBUF
    BUFGCTRL_X0Y0        BUFG (Prop_bufg_I_O)         0.026     1.274 r  clk_IBUF_BUFG_inst/O
                         net (fo=9084, routed)        0.630     1.904    EXMEM_ALUResult/bit19/DFF0/clk_IBUF_BUFG
    SLICE_X14Y17         FDCE                                         r  EXMEM_ALUResult/bit19/DFF0/q_reg/C
  -------------------------------------------------------------------    -------------------
    SLICE_X14Y17         FDCE (Prop_fdce_C_Q)         0.164     2.068 r  EXMEM_ALUResult/bit19/DFF0/q_reg/Q
                         net (fo=3, routed)           0.130     2.198    MEMWB_ALUResult/bit19/DFF0/q_reg_0[0]
    SLICE_X17Y18         FDCE                                         r  MEMWB_ALUResult/bit19/DFF0/q_reg/D
  -------------------------------------------------------------------    -------------------

                         (clock CC1 rise edge)        0.000     0.000 r  
    AF8                                               0.000     0.000 r  clk (IN)
                         net (fo=0)                   0.000     0.000    clk
    AF8                  IBUF (Prop_ibuf_I_O)         0.783     0.783 r  clk_IBUF_inst/O
                         net (fo=1, routed)           0.855     1.638    clk_IBUF
    BUFGCTRL_X0Y0        BUFG (Prop_bufg_I_O)         0.029     1.667 r  clk_IBUF_BUFG_inst/O
                         net (fo=9084, routed)        0.902     2.569    MEMWB_ALUResult/bit19/DFF0/clk_IBUF_BUFG
    SLICE_X17Y18         FDCE                                         r  MEMWB_ALUResult/bit19/DFF0/q_reg/C
                         clock pessimism             -0.631     1.938    
    SLICE_X17Y18         FDCE (Hold_fdce_C_D)         0.070     2.008    MEMWB_ALUResult/bit19/DFF0/q_reg
  -------------------------------------------------------------------
                         required time                         -2.008    
                         arrival time                           2.198    
  -------------------------------------------------------------------
                         slack                                  0.190    

Slack (MET) :             0.193ns  (arrival time - required time)
  Source:                 EXMEM_WriteRegister2/DFF0/q_reg/C
                            (rising edge-triggered cell FDCE clocked by CC1  {rise@0.000ns fall@7.500ns period=15.000ns})
  Destination:            MEMWB_WriteRegister2/DFF0/q_reg/D
                            (rising edge-triggered cell FDCE clocked by CC1  {rise@0.000ns fall@7.500ns period=15.000ns})
  Path Group:             CC1
  Path Type:              Hold (Min at Fast Process Corner)
  Requirement:            0.000ns  (CC1 rise@0.000ns - CC1 rise@0.000ns)
  Data Path Delay:        0.273ns  (logic 0.141ns (51.607%)  route 0.132ns (48.393%))
  Logic Levels:           0  
  Clock Path Skew:        0.014ns (DCD - SCD - CPR)
    Destination Clock Delay (DCD):    2.569ns
    Source Clock Delay      (SCD):    1.903ns
    Clock Pessimism Removal (CPR):    0.652ns

    Location             Delay type                Incr(ns)  Path(ns)    Netlist Resource(s)
  -------------------------------------------------------------------    -------------------
                         (clock CC1 rise edge)        0.000     0.000 r  
    AF8                                               0.000     0.000 r  clk (IN)
                         net (fo=0)                   0.000     0.000    clk
    AF8                  IBUF (Prop_ibuf_I_O)         0.455     0.455 r  clk_IBUF_inst/O
                         net (fo=1, routed)           0.793     1.248    clk_IBUF
    BUFGCTRL_X0Y0        BUFG (Prop_bufg_I_O)         0.026     1.274 r  clk_IBUF_BUFG_inst/O
                         net (fo=9084, routed)        0.629     1.903    EXMEM_WriteRegister2/DFF0/clk_IBUF_BUFG
    SLICE_X15Y18         FDCE                                         r  EXMEM_WriteRegister2/DFF0/q_reg/C
  -------------------------------------------------------------------    -------------------
    SLICE_X15Y18         FDCE (Prop_fdce_C_Q)         0.141     2.044 r  EXMEM_WriteRegister2/DFF0/q_reg/Q
                         net (fo=4, routed)           0.132     2.176    MEMWB_WriteRegister2/DFF0/MEM_WriteRegister_2
    SLICE_X13Y18         FDCE                                         r  MEMWB_WriteRegister2/DFF0/q_reg/D
  -------------------------------------------------------------------    -------------------

                         (clock CC1 rise edge)        0.000     0.000 r  
    AF8                                               0.000     0.000 r  clk (IN)
                         net (fo=0)                   0.000     0.000    clk
    AF8                  IBUF (Prop_ibuf_I_O)         0.783     0.783 r  clk_IBUF_inst/O
                         net (fo=1, routed)           0.855     1.638    clk_IBUF
    BUFGCTRL_X0Y0        BUFG (Prop_bufg_I_O)         0.029     1.667 r  clk_IBUF_BUFG_inst/O
                         net (fo=9084, routed)        0.902     2.569    MEMWB_WriteRegister2/DFF0/clk_IBUF_BUFG
    SLICE_X13Y18         FDCE                                         r  MEMWB_WriteRegister2/DFF0/q_reg/C
                         clock pessimism             -0.652     1.917    
    SLICE_X13Y18         FDCE (Hold_fdce_C_D)         0.066     1.983    MEMWB_WriteRegister2/DFF0/q_reg
  -------------------------------------------------------------------
                         required time                         -1.983    
                         arrival time                           2.176    
  -------------------------------------------------------------------
                         slack                                  0.193    

Slack (MET) :             0.205ns  (arrival time - required time)
  Source:                 EXMEM_ALUResult/bit3/DFF0/q_reg_rep/C
                            (rising edge-triggered cell FDCE clocked by CC1  {rise@0.000ns fall@7.500ns period=15.000ns})
  Destination:            dataMem1/datamem_reg[527][2]/D
                            (rising edge-triggered cell FDRE clocked by CC1  {rise@0.000ns fall@7.500ns period=15.000ns})
  Path Group:             CC1
  Path Type:              Hold (Min at Fast Process Corner)
  Requirement:            0.000ns  (CC1 rise@0.000ns - CC1 rise@0.000ns)
  Data Path Delay:        0.309ns  (logic 0.186ns (60.165%)  route 0.123ns (39.835%))
  Logic Levels:           1  (LUT6=1)
  Clock Path Skew:        0.013ns (DCD - SCD - CPR)
    Destination Clock Delay (DCD):    2.564ns
    Source Clock Delay      (SCD):    1.897ns
    Clock Pessimism Removal (CPR):    0.654ns

    Location             Delay type                Incr(ns)  Path(ns)    Netlist Resource(s)
  -------------------------------------------------------------------    -------------------
                         (clock CC1 rise edge)        0.000     0.000 r  
    AF8                                               0.000     0.000 r  clk (IN)
                         net (fo=0)                   0.000     0.000    clk
    AF8                  IBUF (Prop_ibuf_I_O)         0.455     0.455 r  clk_IBUF_inst/O
                         net (fo=1, routed)           0.793     1.248    clk_IBUF
    BUFGCTRL_X0Y0        BUFG (Prop_bufg_I_O)         0.026     1.274 r  clk_IBUF_BUFG_inst/O
                         net (fo=9084, routed)        0.623     1.897    EXMEM_ALUResult/bit3/DFF0/clk_IBUF_BUFG
    SLICE_X32Y20         FDCE                                         r  EXMEM_ALUResult/bit3/DFF0/q_reg_rep/C
  -------------------------------------------------------------------    -------------------
    SLICE_X32Y20         FDCE (Prop_fdce_C_Q)         0.141     2.038 r  EXMEM_ALUResult/bit3/DFF0/q_reg_rep/Q
                         net (fo=127, routed)         0.123     2.161    EXMEM_ALUResult/bit4/DFF0/datamem_reg[527][7]
    SLICE_X33Y20         LUT6 (Prop_lut6_I2_O)        0.045     2.206 r  EXMEM_ALUResult/bit4/DFF0/datamem[527][2]_i_1/O
                         net (fo=1, routed)           0.000     2.206    dataMem1/datamem_reg[527][7]_1[2]
    SLICE_X33Y20         FDRE                                         r  dataMem1/datamem_reg[527][2]/D
  -------------------------------------------------------------------    -------------------

                         (clock CC1 rise edge)        0.000     0.000 r  
    AF8                                               0.000     0.000 r  clk (IN)
                         net (fo=0)                   0.000     0.000    clk
    AF8                  IBUF (Prop_ibuf_I_O)         0.783     0.783 r  clk_IBUF_inst/O
                         net (fo=1, routed)           0.855     1.638    clk_IBUF
    BUFGCTRL_X0Y0        BUFG (Prop_bufg_I_O)         0.029     1.667 r  clk_IBUF_BUFG_inst/O
                         net (fo=9084, routed)        0.897     2.564    dataMem1/clk_IBUF_BUFG
    SLICE_X33Y20         FDRE                                         r  dataMem1/datamem_reg[527][2]/C
                         clock pessimism             -0.654     1.910    
    SLICE_X33Y20         FDRE (Hold_fdre_C_D)         0.091     2.001    dataMem1/datamem_reg[527][2]
  -------------------------------------------------------------------
                         required time                         -2.001    
                         arrival time                           2.206    
  -------------------------------------------------------------------
                         slack                                  0.205    

Slack (MET) :             0.205ns  (arrival time - required time)
  Source:                 EXMEM_ALUResult/bit14/DFF0/q_reg/C
                            (rising edge-triggered cell FDCE clocked by CC1  {rise@0.000ns fall@7.500ns period=15.000ns})
  Destination:            MEMWB_ALUResult/bit14/DFF0/q_reg/D
                            (rising edge-triggered cell FDCE clocked by CC1  {rise@0.000ns fall@7.500ns period=15.000ns})
  Path Group:             CC1
  Path Type:              Hold (Min at Fast Process Corner)
  Requirement:            0.000ns  (CC1 rise@0.000ns - CC1 rise@0.000ns)
  Data Path Delay:        0.290ns  (logic 0.164ns (56.490%)  route 0.126ns (43.510%))
  Logic Levels:           0  
  Clock Path Skew:        0.013ns (DCD - SCD - CPR)
    Destination Clock Delay (DCD):    2.570ns
    Source Clock Delay      (SCD):    1.905ns
    Clock Pessimism Removal (CPR):    0.652ns

    Location             Delay type                Incr(ns)  Path(ns)    Netlist Resource(s)
  -------------------------------------------------------------------    -------------------
                         (clock CC1 rise edge)        0.000     0.000 r  
    AF8                                               0.000     0.000 r  clk (IN)
                         net (fo=0)                   0.000     0.000    clk
    AF8                  IBUF (Prop_ibuf_I_O)         0.455     0.455 r  clk_IBUF_inst/O
                         net (fo=1, routed)           0.793     1.248    clk_IBUF
    BUFGCTRL_X0Y0        BUFG (Prop_bufg_I_O)         0.026     1.274 r  clk_IBUF_BUFG_inst/O
                         net (fo=9084, routed)        0.631     1.905    EXMEM_ALUResult/bit14/DFF0/clk_IBUF_BUFG
    SLICE_X14Y16         FDCE                                         r  EXMEM_ALUResult/bit14/DFF0/q_reg/C
  -------------------------------------------------------------------    -------------------
    SLICE_X14Y16         FDCE (Prop_fdce_C_Q)         0.164     2.069 r  EXMEM_ALUResult/bit14/DFF0/q_reg/Q
                         net (fo=3, routed)           0.126     2.195    MEMWB_ALUResult/bit14/DFF0/q_reg_0[0]
    SLICE_X15Y17         FDCE                                         r  MEMWB_ALUResult/bit14/DFF0/q_reg/D
  -------------------------------------------------------------------    -------------------

                         (clock CC1 rise edge)        0.000     0.000 r  
    AF8                                               0.000     0.000 r  clk (IN)
                         net (fo=0)                   0.000     0.000    clk
    AF8                  IBUF (Prop_ibuf_I_O)         0.783     0.783 r  clk_IBUF_inst/O
                         net (fo=1, routed)           0.855     1.638    clk_IBUF
    BUFGCTRL_X0Y0        BUFG (Prop_bufg_I_O)         0.029     1.667 r  clk_IBUF_BUFG_inst/O
                         net (fo=9084, routed)        0.903     2.570    MEMWB_ALUResult/bit14/DFF0/clk_IBUF_BUFG
    SLICE_X15Y17         FDCE                                         r  MEMWB_ALUResult/bit14/DFF0/q_reg/C
                         clock pessimism             -0.652     1.918    
    SLICE_X15Y17         FDCE (Hold_fdce_C_D)         0.072     1.990    MEMWB_ALUResult/bit14/DFF0/q_reg
  -------------------------------------------------------------------
                         required time                         -1.990    
                         arrival time                           2.195    
  -------------------------------------------------------------------
                         slack                                  0.205    

Slack (MET) :             0.208ns  (arrival time - required time)
  Source:                 EXMEM_WriteRegister1/DFF0/q_reg/C
                            (rising edge-triggered cell FDCE clocked by CC1  {rise@0.000ns fall@7.500ns period=15.000ns})
  Destination:            MEMWB_WriteRegister1/DFF0/q_reg_replica/D
                            (rising edge-triggered cell FDCE clocked by CC1  {rise@0.000ns fall@7.500ns period=15.000ns})
  Path Group:             CC1
  Path Type:              Hold (Min at Fast Process Corner)
  Requirement:            0.000ns  (CC1 rise@0.000ns - CC1 rise@0.000ns)
  Data Path Delay:        0.291ns  (logic 0.141ns (48.395%)  route 0.150ns (51.605%))
  Logic Levels:           0  
  Clock Path Skew:        0.013ns (DCD - SCD - CPR)
    Destination Clock Delay (DCD):    2.568ns
    Source Clock Delay      (SCD):    1.903ns
    Clock Pessimism Removal (CPR):    0.652ns

    Location             Delay type                Incr(ns)  Path(ns)    Netlist Resource(s)
  -------------------------------------------------------------------    -------------------
                         (clock CC1 rise edge)        0.000     0.000 r  
    AF8                                               0.000     0.000 r  clk (IN)
                         net (fo=0)                   0.000     0.000    clk
    AF8                  IBUF (Prop_ibuf_I_O)         0.455     0.455 r  clk_IBUF_inst/O
                         net (fo=1, routed)           0.793     1.248    clk_IBUF
    BUFGCTRL_X0Y0        BUFG (Prop_bufg_I_O)         0.026     1.274 r  clk_IBUF_BUFG_inst/O
                         net (fo=9084, routed)        0.629     1.903    EXMEM_WriteRegister1/DFF0/clk_IBUF_BUFG
    SLICE_X13Y18         FDCE                                         r  EXMEM_WriteRegister1/DFF0/q_reg/C
  -------------------------------------------------------------------    -------------------
    SLICE_X13Y18         FDCE (Prop_fdce_C_Q)         0.141     2.044 r  EXMEM_WriteRegister1/DFF0/q_reg/Q
                         net (fo=7, routed)           0.150     2.194    MEMWB_WriteRegister1/DFF0/MEM_WriteRegister_1
    SLICE_X15Y19         FDCE                                         r  MEMWB_WriteRegister1/DFF0/q_reg_replica/D
  -------------------------------------------------------------------    -------------------

                         (clock CC1 rise edge)        0.000     0.000 r  
    AF8                                               0.000     0.000 r  clk (IN)
                         net (fo=0)                   0.000     0.000    clk
    AF8                  IBUF (Prop_ibuf_I_O)         0.783     0.783 r  clk_IBUF_inst/O
                         net (fo=1, routed)           0.855     1.638    clk_IBUF
    BUFGCTRL_X0Y0        BUFG (Prop_bufg_I_O)         0.029     1.667 r  clk_IBUF_BUFG_inst/O
                         net (fo=9084, routed)        0.901     2.568    MEMWB_WriteRegister1/DFF0/clk_IBUF_BUFG
    SLICE_X15Y19         FDCE                                         r  MEMWB_WriteRegister1/DFF0/q_reg_replica/C
                         clock pessimism             -0.652     1.916    
    SLICE_X15Y19         FDCE (Hold_fdce_C_D)         0.070     1.986    MEMWB_WriteRegister1/DFF0/q_reg_replica
  -------------------------------------------------------------------
                         required time                         -1.986    
                         arrival time                           2.194    
  -------------------------------------------------------------------
                         slack                                  0.208    

Slack (MET) :             0.209ns  (arrival time - required time)
  Source:                 EXMEM_WriteRegister3/DFF0/q_reg/C
                            (rising edge-triggered cell FDCE clocked by CC1  {rise@0.000ns fall@7.500ns period=15.000ns})
  Destination:            MEMWB_WriteRegister3/DFF0/q_reg/D
                            (rising edge-triggered cell FDCE clocked by CC1  {rise@0.000ns fall@7.500ns period=15.000ns})
  Path Group:             CC1
  Path Type:              Hold (Min at Fast Process Corner)
  Requirement:            0.000ns  (CC1 rise@0.000ns - CC1 rise@0.000ns)
  Data Path Delay:        0.281ns  (logic 0.141ns (50.237%)  route 0.140ns (49.763%))
  Logic Levels:           0  
  Clock Path Skew:        0.000ns (DCD - SCD - CPR)
    Destination Clock Delay (DCD):    2.569ns
    Source Clock Delay      (SCD):    1.903ns
    Clock Pessimism Removal (CPR):    0.666ns

    Location             Delay type                Incr(ns)  Path(ns)    Netlist Resource(s)
  -------------------------------------------------------------------    -------------------
                         (clock CC1 rise edge)        0.000     0.000 r  
    AF8                                               0.000     0.000 r  clk (IN)
                         net (fo=0)                   0.000     0.000    clk
    AF8                  IBUF (Prop_ibuf_I_O)         0.455     0.455 r  clk_IBUF_inst/O
                         net (fo=1, routed)           0.793     1.248    clk_IBUF
    BUFGCTRL_X0Y0        BUFG (Prop_bufg_I_O)         0.026     1.274 r  clk_IBUF_BUFG_inst/O
                         net (fo=9084, routed)        0.629     1.903    EXMEM_WriteRegister3/DFF0/clk_IBUF_BUFG
    SLICE_X15Y18         FDCE                                         r  EXMEM_WriteRegister3/DFF0/q_reg/C
  -------------------------------------------------------------------    -------------------
    SLICE_X15Y18         FDCE (Prop_fdce_C_Q)         0.141     2.044 r  EXMEM_WriteRegister3/DFF0/q_reg/Q
                         net (fo=4, routed)           0.140     2.184    MEMWB_WriteRegister3/DFF0/MEM_WriteRegister_3
    SLICE_X15Y18         FDCE                                         r  MEMWB_WriteRegister3/DFF0/q_reg/D
  -------------------------------------------------------------------    -------------------

                         (clock CC1 rise edge)        0.000     0.000 r  
    AF8                                               0.000     0.000 r  clk (IN)
                         net (fo=0)                   0.000     0.000    clk
    AF8                  IBUF (Prop_ibuf_I_O)         0.783     0.783 r  clk_IBUF_inst/O
                         net (fo=1, routed)           0.855     1.638    clk_IBUF
    BUFGCTRL_X0Y0        BUFG (Prop_bufg_I_O)         0.029     1.667 r  clk_IBUF_BUFG_inst/O
                         net (fo=9084, routed)        0.902     2.569    MEMWB_WriteRegister3/DFF0/clk_IBUF_BUFG
    SLICE_X15Y18         FDCE                                         r  MEMWB_WriteRegister3/DFF0/q_reg/C
                         clock pessimism             -0.666     1.903    
    SLICE_X15Y18         FDCE (Hold_fdce_C_D)         0.072     1.975    MEMWB_WriteRegister3/DFF0/q_reg
  -------------------------------------------------------------------
                         required time                         -1.975    
                         arrival time                           2.184    
  -------------------------------------------------------------------
                         slack                                  0.209    

Slack (MET) :             0.219ns  (arrival time - required time)
  Source:                 IDEX_JRControl/DFF0/q_reg/C
                            (rising edge-triggered cell FDCE clocked by CC1  {rise@0.000ns fall@7.500ns period=15.000ns})
  Destination:            PC_Reg/bit2/DFF0/q_reg/D
                            (rising edge-triggered cell FDCE clocked by CC1  {rise@0.000ns fall@7.500ns period=15.000ns})
  Path Group:             CC1
  Path Type:              Hold (Min at Fast Process Corner)
  Requirement:            0.000ns  (CC1 rise@0.000ns - CC1 rise@0.000ns)
  Data Path Delay:        0.325ns  (logic 0.186ns (57.187%)  route 0.139ns (42.813%))
  Logic Levels:           1  (LUT6=1)
  Clock Path Skew:        0.015ns (DCD - SCD - CPR)
    Destination Clock Delay (DCD):    2.569ns
    Source Clock Delay      (SCD):    1.902ns
    Clock Pessimism Removal (CPR):    0.652ns

    Location             Delay type                Incr(ns)  Path(ns)    Netlist Resource(s)
  -------------------------------------------------------------------    -------------------
                         (clock CC1 rise edge)        0.000     0.000 r  
    AF8                                               0.000     0.000 r  clk (IN)
                         net (fo=0)                   0.000     0.000    clk
    AF8                  IBUF (Prop_ibuf_I_O)         0.455     0.455 r  clk_IBUF_inst/O
                         net (fo=1, routed)           0.793     1.248    clk_IBUF
    BUFGCTRL_X0Y0        BUFG (Prop_bufg_I_O)         0.026     1.274 r  clk_IBUF_BUFG_inst/O
                         net (fo=9084, routed)        0.628     1.902    IDEX_JRControl/DFF0/clk_IBUF_BUFG
    SLICE_X27Y18         FDCE                                         r  IDEX_JRControl/DFF0/q_reg/C
  -------------------------------------------------------------------    -------------------
    SLICE_X27Y18         FDCE (Prop_fdce_C_Q)         0.141     2.043 r  IDEX_JRControl/DFF0/q_reg/Q
                         net (fo=8, routed)           0.139     2.182    IDEX_rs_rt_rd/bit25/DFF0/EX_JRControl
    SLICE_X25Y17         LUT6 (Prop_lut6_I0_O)        0.045     2.227 r  IDEX_rs_rt_rd/bit25/DFF0/q_i_2__2_comp/O
                         net (fo=1, routed)           0.000     2.227    PC_Reg/bit2/DFF0/q_reg_4
    SLICE_X25Y17         FDCE                                         r  PC_Reg/bit2/DFF0/q_reg/D
  -------------------------------------------------------------------    -------------------

                         (clock CC1 rise edge)        0.000     0.000 r  
    AF8                                               0.000     0.000 r  clk (IN)
                         net (fo=0)                   0.000     0.000    clk
    AF8                  IBUF (Prop_ibuf_I_O)         0.783     0.783 r  clk_IBUF_inst/O
                         net (fo=1, routed)           0.855     1.638    clk_IBUF
    BUFGCTRL_X0Y0        BUFG (Prop_bufg_I_O)         0.029     1.667 r  clk_IBUF_BUFG_inst/O
                         net (fo=9084, routed)        0.902     2.569    PC_Reg/bit2/DFF0/clk_IBUF_BUFG
    SLICE_X25Y17         FDCE                                         r  PC_Reg/bit2/DFF0/q_reg/C
                         clock pessimism             -0.652     1.917    
    SLICE_X25Y17         FDCE (Hold_fdce_C_D)         0.091     2.008    PC_Reg/bit2/DFF0/q_reg
  -------------------------------------------------------------------
                         required time                         -2.008    
                         arrival time                           2.227    
  -------------------------------------------------------------------
                         slack                                  0.219    

Slack (MET) :             0.220ns  (arrival time - required time)
  Source:                 EXMEM_WriteRegister1/DFF0/q_reg/C
                            (rising edge-triggered cell FDCE clocked by CC1  {rise@0.000ns fall@7.500ns period=15.000ns})
  Destination:            MEMWB_WriteRegister1/DFF0/q_reg_replica_2/D
                            (rising edge-triggered cell FDCE clocked by CC1  {rise@0.000ns fall@7.500ns period=15.000ns})
  Path Group:             CC1
  Path Type:              Hold (Min at Fast Process Corner)
  Requirement:            0.000ns  (CC1 rise@0.000ns - CC1 rise@0.000ns)
  Data Path Delay:        0.290ns  (logic 0.141ns (48.660%)  route 0.149ns (51.340%))
  Logic Levels:           0  
  Clock Path Skew:        0.000ns (DCD - SCD - CPR)
    Destination Clock Delay (DCD):    2.569ns
    Source Clock Delay      (SCD):    1.903ns
    Clock Pessimism Removal (CPR):    0.666ns

    Location             Delay type                Incr(ns)  Path(ns)    Netlist Resource(s)
  -------------------------------------------------------------------    -------------------
                         (clock CC1 rise edge)        0.000     0.000 r  
    AF8                                               0.000     0.000 r  clk (IN)
                         net (fo=0)                   0.000     0.000    clk
    AF8                  IBUF (Prop_ibuf_I_O)         0.455     0.455 r  clk_IBUF_inst/O
                         net (fo=1, routed)           0.793     1.248    clk_IBUF
    BUFGCTRL_X0Y0        BUFG (Prop_bufg_I_O)         0.026     1.274 r  clk_IBUF_BUFG_inst/O
                         net (fo=9084, routed)        0.629     1.903    EXMEM_WriteRegister1/DFF0/clk_IBUF_BUFG
    SLICE_X13Y18         FDCE                                         r  EXMEM_WriteRegister1/DFF0/q_reg/C
  -------------------------------------------------------------------    -------------------
    SLICE_X13Y18         FDCE (Prop_fdce_C_Q)         0.141     2.044 r  EXMEM_WriteRegister1/DFF0/q_reg/Q
                         net (fo=7, routed)           0.149     2.193    MEMWB_WriteRegister1/DFF0/MEM_WriteRegister_1
    SLICE_X13Y18         FDCE                                         r  MEMWB_WriteRegister1/DFF0/q_reg_replica_2/D
  -------------------------------------------------------------------    -------------------

                         (clock CC1 rise edge)        0.000     0.000 r  
    AF8                                               0.000     0.000 r  clk (IN)
                         net (fo=0)                   0.000     0.000    clk
    AF8                  IBUF (Prop_ibuf_I_O)         0.783     0.783 r  clk_IBUF_inst/O
                         net (fo=1, routed)           0.855     1.638    clk_IBUF
    BUFGCTRL_X0Y0        BUFG (Prop_bufg_I_O)         0.029     1.667 r  clk_IBUF_BUFG_inst/O
                         net (fo=9084, routed)        0.902     2.569    MEMWB_WriteRegister1/DFF0/clk_IBUF_BUFG
    SLICE_X13Y18         FDCE                                         r  MEMWB_WriteRegister1/DFF0/q_reg_replica_2/C
                         clock pessimism             -0.666     1.903    
    SLICE_X13Y18         FDCE (Hold_fdce_C_D)         0.070     1.973    MEMWB_WriteRegister1/DFF0/q_reg_replica_2
  -------------------------------------------------------------------
                         required time                         -1.973    
                         arrival time                           2.193    
  -------------------------------------------------------------------
                         slack                                  0.220    

Slack (MET) :             0.225ns  (arrival time - required time)
  Source:                 EXMEM_ALUResult/bit9/DFF0/q_reg_rep__1/C
                            (rising edge-triggered cell FDCE clocked by CC1  {rise@0.000ns fall@7.500ns period=15.000ns})
  Destination:            MEMWB_ALUResult/bit9/DFF0/q_reg/D
                            (rising edge-triggered cell FDCE clocked by CC1  {rise@0.000ns fall@7.500ns period=15.000ns})
  Path Group:             CC1
  Path Type:              Hold (Min at Fast Process Corner)
  Requirement:            0.000ns  (CC1 rise@0.000ns - CC1 rise@0.000ns)
  Data Path Delay:        0.308ns  (logic 0.141ns (45.750%)  route 0.167ns (54.250%))
  Logic Levels:           0  
  Clock Path Skew:        0.012ns (DCD - SCD - CPR)
    Destination Clock Delay (DCD):    2.568ns
    Source Clock Delay      (SCD):    1.904ns
    Clock Pessimism Removal (CPR):    0.652ns

    Location             Delay type                Incr(ns)  Path(ns)    Netlist Resource(s)
  -------------------------------------------------------------------    -------------------
                         (clock CC1 rise edge)        0.000     0.000 r  
    AF8                                               0.000     0.000 r  clk (IN)
                         net (fo=0)                   0.000     0.000    clk
    AF8                  IBUF (Prop_ibuf_I_O)         0.455     0.455 r  clk_IBUF_inst/O
                         net (fo=1, routed)           0.793     1.248    clk_IBUF
    BUFGCTRL_X0Y0        BUFG (Prop_bufg_I_O)         0.026     1.274 r  clk_IBUF_BUFG_inst/O
                         net (fo=9084, routed)        0.630     1.904    EXMEM_ALUResult/bit9/DFF0/clk_IBUF_BUFG
    SLICE_X18Y17         FDCE                                         r  EXMEM_ALUResult/bit9/DFF0/q_reg_rep__1/C
  -------------------------------------------------------------------    -------------------
    SLICE_X18Y17         FDCE (Prop_fdce_C_Q)         0.141     2.045 r  EXMEM_ALUResult/bit9/DFF0/q_reg_rep__1/Q
                         net (fo=98, routed)          0.167     2.212    MEMWB_ALUResult/bit9/DFF0/d_3
    SLICE_X18Y19         FDCE                                         r  MEMWB_ALUResult/bit9/DFF0/q_reg/D
  -------------------------------------------------------------------    -------------------

                         (clock CC1 rise edge)        0.000     0.000 r  
    AF8                                               0.000     0.000 r  clk (IN)
                         net (fo=0)                   0.000     0.000    clk
    AF8                  IBUF (Prop_ibuf_I_O)         0.783     0.783 r  clk_IBUF_inst/O
                         net (fo=1, routed)           0.855     1.638    clk_IBUF
    BUFGCTRL_X0Y0        BUFG (Prop_bufg_I_O)         0.029     1.667 r  clk_IBUF_BUFG_inst/O
                         net (fo=9084, routed)        0.901     2.568    MEMWB_ALUResult/bit9/DFF0/clk_IBUF_BUFG
    SLICE_X18Y19         FDCE                                         r  MEMWB_ALUResult/bit9/DFF0/q_reg/C
                         clock pessimism             -0.652     1.916    
    SLICE_X18Y19         FDCE (Hold_fdce_C_D)         0.071     1.987    MEMWB_ALUResult/bit9/DFF0/q_reg
  -------------------------------------------------------------------
                         required time                         -1.987    
                         arrival time                           2.212    
  -------------------------------------------------------------------
                         slack                                  0.225    





Pulse Width Checks
--------------------------------------------------------------------------------------
Clock Name:         CC1
Waveform(ns):       { 0.000 7.500 }
Period(ns):         15.000
Sources:            { clk }

Check Type        Corner  Lib Pin  Reference Pin  Required(ns)  Actual(ns)  Slack(ns)  Location       Pin
Min Period        n/a     BUFG/I   n/a            1.592         15.000      13.408     BUFGCTRL_X0Y0  clk_IBUF_BUFG_inst/I
Min Period        n/a     FDCE/C   n/a            1.000         15.000      14.000     SLICE_X32Y17   EXMEM_ALUResult/bit3/DFF0/q_reg_rep__16/C
Min Period        n/a     FDCE/C   n/a            1.000         15.000      14.000     SLICE_X16Y19   EXMEM_ALUResult/bit3/DFF0/q_reg_rep__17/C
Min Period        n/a     FDCE/C   n/a            1.000         15.000      14.000     SLICE_X16Y19   EXMEM_ALUResult/bit3/DFF0/q_reg_rep__18/C
Min Period        n/a     FDCE/C   n/a            1.000         15.000      14.000     SLICE_X32Y20   EXMEM_ALUResult/bit3/DFF0/q_reg_rep__19/C
Min Period        n/a     FDCE/C   n/a            1.000         15.000      14.000     SLICE_X32Y20   EXMEM_ALUResult/bit3/DFF0/q_reg_rep__2/C
Min Period        n/a     FDCE/C   n/a            1.000         15.000      14.000     SLICE_X29Y19   EXMEM_ALUResult/bit3/DFF0/q_reg_rep__20/C
Min Period        n/a     FDCE/C   n/a            1.000         15.000      14.000     SLICE_X32Y20   EXMEM_ALUResult/bit3/DFF0/q_reg_rep__21/C
Min Period        n/a     FDCE/C   n/a            1.000         15.000      14.000     SLICE_X32Y20   EXMEM_ALUResult/bit3/DFF0/q_reg_rep__22/C
Min Period        n/a     FDCE/C   n/a            1.000         15.000      14.000     SLICE_X22Y19   EXMEM_ALUResult/bit3/DFF0/q_reg_rep__23/C
Low Pulse Width   Fast    FDCE/C   n/a            0.500         7.500       7.000      SLICE_X32Y17   EXMEM_ALUResult/bit3/DFF0/q_reg_rep__16/C
Low Pulse Width   Fast    FDCE/C   n/a            0.500         7.500       7.000      SLICE_X16Y19   EXMEM_ALUResult/bit3/DFF0/q_reg_rep__17/C
Low Pulse Width   Fast    FDCE/C   n/a            0.500         7.500       7.000      SLICE_X16Y19   EXMEM_ALUResult/bit3/DFF0/q_reg_rep__18/C
Low Pulse Width   Fast    FDCE/C   n/a            0.500         7.500       7.000      SLICE_X29Y19   EXMEM_ALUResult/bit3/DFF0/q_reg_rep__20/C
Low Pulse Width   Fast    FDCE/C   n/a            0.500         7.500       7.000      SLICE_X22Y19   EXMEM_ALUResult/bit3/DFF0/q_reg_rep__23/C
Low Pulse Width   Fast    FDCE/C   n/a            0.500         7.500       7.000      SLICE_X23Y27   EXMEM_ALUResult/bit3/DFF0/q_reg_rep__25/C
Low Pulse Width   Fast    FDCE/C   n/a            0.500         7.500       7.000      SLICE_X16Y19   EXMEM_ALUResult/bit3/DFF0/q_reg_rep__26/C
Low Pulse Width   Fast    FDCE/C   n/a            0.500         7.500       7.000      SLICE_X22Y19   EXMEM_ALUResult/bit3/DFF0/q_reg_rep__27/C
Low Pulse Width   Fast    FDCE/C   n/a            0.500         7.500       7.000      SLICE_X22Y27   EXMEM_ALUResult/bit3/DFF0/q_reg_rep__31/C
Low Pulse Width   Fast    FDCE/C   n/a            0.500         7.500       7.000      SLICE_X22Y19   EXMEM_ALUResult/bit3/DFF0/q_reg_rep__32/C
High Pulse Width  Slow    FDCE/C   n/a            0.500         7.500       7.000      SLICE_X32Y17   EXMEM_ALUResult/bit3/DFF0/q_reg_rep__16/C
High Pulse Width  Slow    FDCE/C   n/a            0.500         7.500       7.000      SLICE_X29Y19   EXMEM_ALUResult/bit3/DFF0/q_reg_rep__20/C
High Pulse Width  Slow    FDCE/C   n/a            0.500         7.500       7.000      SLICE_X14Y26   EXMEM_ALUResult/bit3/DFF0/q_reg_rep__24/C
High Pulse Width  Slow    FDCE/C   n/a            0.500         7.500       7.000      SLICE_X23Y27   EXMEM_ALUResult/bit3/DFF0/q_reg_rep__25/C
High Pulse Width  Slow    FDCE/C   n/a            0.500         7.500       7.000      SLICE_X14Y26   EXMEM_ALUResult/bit3/DFF0/q_reg_rep__28/C
High Pulse Width  Slow    FDCE/C   n/a            0.500         7.500       7.000      SLICE_X14Y26   EXMEM_ALUResult/bit3/DFF0/q_reg_rep__29/C
High Pulse Width  Fast    FDCE/C   n/a            0.500         7.500       7.000      SLICE_X21Y17   EXMEM_ALUResult/bit3/DFF0/q_reg_rep__3/C
High Pulse Width  Slow    FDCE/C   n/a            0.500         7.500       7.000      SLICE_X15Y26   EXMEM_ALUResult/bit3/DFF0/q_reg_rep__30/C
High Pulse Width  Slow    FDCE/C   n/a            0.500         7.500       7.000      SLICE_X22Y27   EXMEM_ALUResult/bit3/DFF0/q_reg_rep__31/C
High Pulse Width  Slow    FDCE/C   n/a            0.500         7.500       7.000      SLICE_X32Y17   EXMEM_ALUResult/bit3/DFF0/q_reg_rep__4/C



---------------------------------------------------------------------------------------------------
From Clock:  CC2
  To Clock:  CC2

Setup :            0  Failing Endpoints,  Worst Slack        2.714ns,  Total Violation        0.000ns
Hold  :            0  Failing Endpoints,  Worst Slack        0.143ns,  Total Violation        0.000ns
PW    :            0  Failing Endpoints,  Worst Slack        8.000ns,  Total Violation        0.000ns
---------------------------------------------------------------------------------------------------


Max Delay Paths
--------------------------------------------------------------------------------------
Slack (MET) :             2.714ns  (required time - arrival time)
  Source:                 MEMWB_WriteRegister2/DFF0/q_reg/C
                            (rising edge-triggered cell FDCE clocked by CC2  {rise@0.000ns fall@8.500ns period=17.000ns})
  Destination:            IDEX_ALUSrc/DFF0/q_reg/D
                            (rising edge-triggered cell FDCE clocked by CC2  {rise@0.000ns fall@8.500ns period=17.000ns})
  Path Group:             CC2
  Path Type:              Setup (Max at Slow Process Corner)
  Requirement:            17.000ns  (CC2 rise@17.000ns - CC2 rise@0.000ns)
  Data Path Delay:        14.240ns  (logic 3.634ns (25.520%)  route 10.606ns (74.480%))
  Logic Levels:           31  (LUT3=1 LUT4=20 LUT5=7 LUT6=3)
  Clock Path Skew:        -0.044ns (DCD - SCD + CPR)
    Destination Clock Delay (DCD):    4.606ns = ( 21.606 - 17.000 ) 
    Source Clock Delay      (SCD):    4.891ns
    Clock Pessimism Removal (CPR):    0.241ns
  Clock Uncertainty:      0.035ns  ((TSJ^2 + TIJ^2)^1/2 + DJ) / 2 + PE
    Total System Jitter     (TSJ):    0.071ns
    Total Input Jitter      (TIJ):    0.000ns
    Discrete Jitter          (DJ):    0.000ns
    Phase Error              (PE):    0.000ns

    Location             Delay type                Incr(ns)  Path(ns)    Netlist Resource(s)
  -------------------------------------------------------------------    -------------------
                         (clock CC2 rise edge)        0.000     0.000 r  
    AF8                                               0.000     0.000 r  clk (IN)
                         net (fo=0)                   0.000     0.000    clk
    AF8                  IBUF (Prop_ibuf_I_O)         1.310     1.310 r  clk_IBUF_inst/O
                         net (fo=1, routed)           1.981     3.291    clk_IBUF
    BUFGCTRL_X0Y0        BUFG (Prop_bufg_I_O)         0.081     3.372 r  clk_IBUF_BUFG_inst/O
                         net (fo=9084, routed)        1.519     4.891    MEMWB_WriteRegister2/DFF0/clk_IBUF_BUFG
    SLICE_X13Y18         FDCE                                         r  MEMWB_WriteRegister2/DFF0/q_reg/C
  -------------------------------------------------------------------    -------------------
    SLICE_X13Y18         FDCE (Prop_fdce_C_Q)         0.379     5.270 r  MEMWB_WriteRegister2/DFF0/q_reg/Q
                         net (fo=22, routed)          0.841     6.111    IDEX_rs_rt_rd/bit17/DFF0/WB_WriteRegister[2]
    SLICE_X13Y18         LUT6 (Prop_lut6_I2_O)        0.105     6.216 r  IDEX_rs_rt_rd/bit17/DFF0/q_i_7__0/O
                         net (fo=1, routed)           0.112     6.328    IDEX_rs_rt_rd/bit17/DFF0/q_i_7__0_n_0
    SLICE_X13Y18         LUT5 (Prop_lut5_I1_O)        0.105     6.433 r  IDEX_rs_rt_rd/bit17/DFF0/q_i_3__30/O
                         net (fo=39, routed)          0.703     7.136    IDEX_rs_rt_rd/bit20/DFF0/q_reg_10
    SLICE_X18Y18         LUT6 (Prop_lut6_I1_O)        0.105     7.241 r  IDEX_rs_rt_rd/bit20/DFF0/q_i_1__225/O
                         net (fo=2, routed)           0.258     7.499    IDEX_Im16_Ext/bit1/DFF0/Bus_B_forwarded[0]
    SLICE_X20Y18         LUT3 (Prop_lut3_I2_O)        0.105     7.604 r  IDEX_Im16_Ext/bit1/DFF0/q_i_2__29/O
                         net (fo=2, routed)           0.408     8.012    IDEX_rs_rt_rd/bit25/DFF0/q_reg_51
    SLICE_X21Y18         LUT5 (Prop_lut5_I4_O)        0.105     8.117 f  IDEX_rs_rt_rd/bit25/DFF0/q_i_2__33/O
                         net (fo=2, routed)           0.126     8.244    IDEX_rs_rt_rd/bit25/DFF0/q_i_2__33_n_0
    SLICE_X21Y18         LUT4 (Prop_lut4_I0_O)        0.105     8.349 f  IDEX_rs_rt_rd/bit25/DFF0/q_i_2__28/O
                         net (fo=2, routed)           0.324     8.672    IDEX_rs_rt_rd/bit25/DFF0/q_i_2__28_n_0
    SLICE_X21Y17         LUT4 (Prop_lut4_I0_O)        0.105     8.777 f  IDEX_rs_rt_rd/bit25/DFF0/q_i_2__27/O
                         net (fo=2, routed)           0.127     8.904    IDEX_rs_rt_rd/bit25/DFF0/q_i_2__27_n_0
    SLICE_X21Y17         LUT4 (Prop_lut4_I0_O)        0.105     9.009 f  IDEX_rs_rt_rd/bit25/DFF0/q_i_2__26/O
                         net (fo=2, routed)           0.351     9.360    IDEX_rs_rt_rd/bit25/DFF0/q_i_2__26_n_0
    SLICE_X22Y16         LUT4 (Prop_lut4_I0_O)        0.105     9.465 f  IDEX_rs_rt_rd/bit25/DFF0/q_i_2__25/O
                         net (fo=2, routed)           0.137     9.602    IDEX_rs_rt_rd/bit25/DFF0/q_i_2__25_n_0
    SLICE_X22Y16         LUT4 (Prop_lut4_I0_O)        0.105     9.707 f  IDEX_rs_rt_rd/bit25/DFF0/q_i_2__24/O
                         net (fo=2, routed)           0.376    10.083    IDEX_rs_rt_rd/bit25/DFF0/q_i_2__24_n_0
    SLICE_X19Y17         LUT4 (Prop_lut4_I0_O)        0.105    10.188 f  IDEX_rs_rt_rd/bit25/DFF0/q_i_2__23/O
                         net (fo=2, routed)           0.386    10.574    IDEX_rs_rt_rd/bit25/DFF0/q_i_2__23_n_0
    SLICE_X18Y17         LUT4 (Prop_lut4_I0_O)        0.105    10.679 f  IDEX_rs_rt_rd/bit25/DFF0/q_i_2__22/O
                         net (fo=2, routed)           0.233    10.913    IDEX_rs_rt_rd/bit25/DFF0/q_i_2__22_n_0
    SLICE_X19Y17         LUT4 (Prop_lut4_I0_O)        0.105    11.018 f  IDEX_rs_rt_rd/bit25/DFF0/q_i_2__21/O
                         net (fo=2, routed)           0.242    11.260    IDEX_rs_rt_rd/bit25/DFF0/q_i_2__21_n_0
    SLICE_X18Y16         LUT4 (Prop_lut4_I0_O)        0.105    11.365 f  IDEX_rs_rt_rd/bit25/DFF0/q_i_2__20/O
                         net (fo=2, routed)           0.235    11.600    IDEX_rs_rt_rd/bit25/DFF0/q_i_2__20_n_0
    SLICE_X19Y16         LUT4 (Prop_lut4_I0_O)        0.105    11.705 f  IDEX_rs_rt_rd/bit25/DFF0/q_i_2__19/O
                         net (fo=2, routed)           0.355    12.060    IDEX_rs_rt_rd/bit25/DFF0/q_i_2__19_n_0
    SLICE_X16Y15         LUT4 (Prop_lut4_I0_O)        0.105    12.165 f  IDEX_rs_rt_rd/bit25/DFF0/q_i_2__18/O
                         net (fo=2, routed)           0.230    12.395    IDEX_rs_rt_rd/bit25/DFF0/q_i_2__18_n_0
    SLICE_X17Y15         LUT4 (Prop_lut4_I0_O)        0.105    12.500 f  IDEX_rs_rt_rd/bit25/DFF0/q_i_2__17/O
                         net (fo=2, routed)           0.357    12.857    IDEX_rs_rt_rd/bit25/DFF0/q_i_2__17_n_0
    SLICE_X17Y16         LUT4 (Prop_lut4_I0_O)        0.105    12.962 f  IDEX_rs_rt_rd/bit25/DFF0/q_i_2__16/O
                         net (fo=2, routed)           0.386    13.348    IDEX_rs_rt_rd/bit25/DFF0/q_i_2__16_n_0
    SLICE_X16Y16         LUT4 (Prop_lut4_I0_O)        0.105    13.453 f  IDEX_rs_rt_rd/bit25/DFF0/q_i_2__15/O
                         net (fo=2, routed)           0.369    13.822    IDEX_rs_rt_rd/bit25/DFF0/q_i_2__15_n_0
    SLICE_X15Y16         LUT4 (Prop_lut4_I0_O)        0.105    13.927 f  IDEX_rs_rt_rd/bit25/DFF0/q_i_2__14/O
                         net (fo=2, routed)           0.430    14.357    IDEX_rs_rt_rd/bit25/DFF0/q_i_2__14_n_0
    SLICE_X14Y16         LUT4 (Prop_lut4_I0_O)        0.105    14.462 f  IDEX_rs_rt_rd/bit25/DFF0/q_i_2__13/O
                         net (fo=2, routed)           0.335    14.798    IDEX_rs_rt_rd/bit25/DFF0/q_i_2__13_n_0
    SLICE_X13Y15         LUT4 (Prop_lut4_I0_O)        0.105    14.903 f  IDEX_rs_rt_rd/bit25/DFF0/q_i_2__12/O
                         net (fo=2, routed)           0.386    15.289    IDEX_rs_rt_rd/bit25/DFF0/q_i_2__12_n_0
    SLICE_X12Y15         LUT4 (Prop_lut4_I0_O)        0.105    15.394 f  IDEX_rs_rt_rd/bit25/DFF0/q_i_2__11/O
                         net (fo=2, routed)           0.238    15.632    IDEX_rs_rt_rd/bit25/DFF0/q_i_2__11_n_0
    SLICE_X15Y15         LUT4 (Prop_lut4_I0_O)        0.105    15.737 f  IDEX_rs_rt_rd/bit25/DFF0/q_i_2__10/O
                         net (fo=3, routed)           0.510    16.246    IDEX_rs_rt_rd/bit25/DFF0/q_i_2__10_n_0
    SLICE_X23Y15         LUT5 (Prop_lut5_I2_O)        0.105    16.351 f  IDEX_rs_rt_rd/bit25/DFF0/q_i_2__6_comp/O
                         net (fo=4, routed)           0.359    16.710    IDEX_rs_rt_rd/bit25/DFF0/q_i_2__6_n_0
    SLICE_X26Y15         LUT4 (Prop_lut4_I0_O)        0.105    16.815 f  IDEX_rs_rt_rd/bit25/DFF0/q_i_2__5/O
                         net (fo=2, routed)           0.130    16.946    IDEX_rs_rt_rd/bit25/DFF0/q_i_2__5_n_0
    SLICE_X26Y15         LUT5 (Prop_lut5_I2_O)        0.105    17.051 r  IDEX_rs_rt_rd/bit25/DFF0/q_i_2__37/O
                         net (fo=4, routed)           0.364    17.415    IDEX_rs_rt_rd/bit25/DFF0/q_i_2__37_n_0
    SLICE_X27Y14         LUT5 (Prop_lut5_I0_O)        0.105    17.520 f  IDEX_rs_rt_rd/bit25/DFF0/q_i_1__148_replica/O
                         net (fo=1, routed)           0.510    18.030    IDEX_rs_rt_rd/bit25/DFF0/q_reg_8[26]_repN
    SLICE_X25Y15         LUT6 (Prop_lut6_I2_O)        0.105    18.135 f  IDEX_rs_rt_rd/bit25/DFF0/ZeroFlag_OBUF_inst_i_2_rewire_comp/O
                         net (fo=9, routed)           0.403    18.538    IDEX_rs_rt_rd/bit25/DFF0/ZeroFlag_OBUF_inst_i_2_n_0
    SLICE_X26Y17         LUT5 (Prop_lut5_I3_O)        0.105    18.643 r  IDEX_rs_rt_rd/bit25/DFF0/q_i_4__5_rewire/O
                         net (fo=9, routed)           0.383    19.026    IFID_Instruction/bit27/DFF0/q_reg_2_alias
    SLICE_X26Y16         LUT5 (Prop_lut5_I3_O)        0.105    19.131 r  IFID_Instruction/bit27/DFF0/q_i_1__143_comp/O
                         net (fo=1, routed)           0.000    19.131    IDEX_ALUSrc/DFF0/ID_ALUSrc
    SLICE_X26Y16         FDCE                                         r  IDEX_ALUSrc/DFF0/q_reg/D
  -------------------------------------------------------------------    -------------------

                         (clock CC2 rise edge)       17.000    17.000 r  
    AF8                                               0.000    17.000 r  clk (IN)
                         net (fo=0)                   0.000    17.000    clk
    AF8                  IBUF (Prop_ibuf_I_O)         1.250    18.250 r  clk_IBUF_inst/O
                         net (fo=1, routed)           1.877    20.127    clk_IBUF
    BUFGCTRL_X0Y0        BUFG (Prop_bufg_I_O)         0.077    20.204 r  clk_IBUF_BUFG_inst/O
                         net (fo=9084, routed)        1.402    21.606    IDEX_ALUSrc/DFF0/clk_IBUF_BUFG
    SLICE_X26Y16         FDCE                                         r  IDEX_ALUSrc/DFF0/q_reg/C
                         clock pessimism              0.241    21.847    
                         clock uncertainty           -0.035    21.812    
    SLICE_X26Y16         FDCE (Setup_fdce_C_D)        0.033    21.845    IDEX_ALUSrc/DFF0/q_reg
  -------------------------------------------------------------------
                         required time                         21.845    
                         arrival time                         -19.131    
  -------------------------------------------------------------------
                         slack                                  2.714    

Slack (MET) :             2.754ns  (required time - arrival time)
  Source:                 MEMWB_WriteRegister2/DFF0/q_reg/C
                            (rising edge-triggered cell FDCE clocked by CC2  {rise@0.000ns fall@8.500ns period=17.000ns})
  Destination:            PC_Reg/bit4/DFF0/q_reg/D
                            (rising edge-triggered cell FDCE clocked by CC2  {rise@0.000ns fall@8.500ns period=17.000ns})
  Path Group:             CC2
  Path Type:              Setup (Max at Slow Process Corner)
  Requirement:            17.000ns  (CC2 rise@17.000ns - CC2 rise@0.000ns)
  Data Path Delay:        14.197ns  (logic 3.634ns (25.597%)  route 10.563ns (74.403%))
  Logic Levels:           31  (LUT3=1 LUT4=20 LUT5=6 LUT6=4)
  Clock Path Skew:        -0.046ns (DCD - SCD + CPR)
    Destination Clock Delay (DCD):    4.604ns = ( 21.604 - 17.000 ) 
    Source Clock Delay      (SCD):    4.891ns
    Clock Pessimism Removal (CPR):    0.241ns
  Clock Uncertainty:      0.035ns  ((TSJ^2 + TIJ^2)^1/2 + DJ) / 2 + PE
    Total System Jitter     (TSJ):    0.071ns
    Total Input Jitter      (TIJ):    0.000ns
    Discrete Jitter          (DJ):    0.000ns
    Phase Error              (PE):    0.000ns

    Location             Delay type                Incr(ns)  Path(ns)    Netlist Resource(s)
  -------------------------------------------------------------------    -------------------
                         (clock CC2 rise edge)        0.000     0.000 r  
    AF8                                               0.000     0.000 r  clk (IN)
                         net (fo=0)                   0.000     0.000    clk
    AF8                  IBUF (Prop_ibuf_I_O)         1.310     1.310 r  clk_IBUF_inst/O
                         net (fo=1, routed)           1.981     3.291    clk_IBUF
    BUFGCTRL_X0Y0        BUFG (Prop_bufg_I_O)         0.081     3.372 r  clk_IBUF_BUFG_inst/O
                         net (fo=9084, routed)        1.519     4.891    MEMWB_WriteRegister2/DFF0/clk_IBUF_BUFG
    SLICE_X13Y18         FDCE                                         r  MEMWB_WriteRegister2/DFF0/q_reg/C
  -------------------------------------------------------------------    -------------------
    SLICE_X13Y18         FDCE (Prop_fdce_C_Q)         0.379     5.270 r  MEMWB_WriteRegister2/DFF0/q_reg/Q
                         net (fo=22, routed)          0.841     6.111    IDEX_rs_rt_rd/bit17/DFF0/WB_WriteRegister[2]
    SLICE_X13Y18         LUT6 (Prop_lut6_I2_O)        0.105     6.216 r  IDEX_rs_rt_rd/bit17/DFF0/q_i_7__0/O
                         net (fo=1, routed)           0.112     6.328    IDEX_rs_rt_rd/bit17/DFF0/q_i_7__0_n_0
    SLICE_X13Y18         LUT5 (Prop_lut5_I1_O)        0.105     6.433 r  IDEX_rs_rt_rd/bit17/DFF0/q_i_3__30/O
                         net (fo=39, routed)          0.703     7.136    IDEX_rs_rt_rd/bit20/DFF0/q_reg_10
    SLICE_X18Y18         LUT6 (Prop_lut6_I1_O)        0.105     7.241 r  IDEX_rs_rt_rd/bit20/DFF0/q_i_1__225/O
                         net (fo=2, routed)           0.258     7.499    IDEX_Im16_Ext/bit1/DFF0/Bus_B_forwarded[0]
    SLICE_X20Y18         LUT3 (Prop_lut3_I2_O)        0.105     7.604 r  IDEX_Im16_Ext/bit1/DFF0/q_i_2__29/O
                         net (fo=2, routed)           0.408     8.012    IDEX_rs_rt_rd/bit25/DFF0/q_reg_51
    SLICE_X21Y18         LUT5 (Prop_lut5_I4_O)        0.105     8.117 f  IDEX_rs_rt_rd/bit25/DFF0/q_i_2__33/O
                         net (fo=2, routed)           0.126     8.244    IDEX_rs_rt_rd/bit25/DFF0/q_i_2__33_n_0
    SLICE_X21Y18         LUT4 (Prop_lut4_I0_O)        0.105     8.349 f  IDEX_rs_rt_rd/bit25/DFF0/q_i_2__28/O
                         net (fo=2, routed)           0.324     8.672    IDEX_rs_rt_rd/bit25/DFF0/q_i_2__28_n_0
    SLICE_X21Y17         LUT4 (Prop_lut4_I0_O)        0.105     8.777 f  IDEX_rs_rt_rd/bit25/DFF0/q_i_2__27/O
                         net (fo=2, routed)           0.127     8.904    IDEX_rs_rt_rd/bit25/DFF0/q_i_2__27_n_0
    SLICE_X21Y17         LUT4 (Prop_lut4_I0_O)        0.105     9.009 f  IDEX_rs_rt_rd/bit25/DFF0/q_i_2__26/O
                         net (fo=2, routed)           0.351     9.360    IDEX_rs_rt_rd/bit25/DFF0/q_i_2__26_n_0
    SLICE_X22Y16         LUT4 (Prop_lut4_I0_O)        0.105     9.465 f  IDEX_rs_rt_rd/bit25/DFF0/q_i_2__25/O
                         net (fo=2, routed)           0.137     9.602    IDEX_rs_rt_rd/bit25/DFF0/q_i_2__25_n_0
    SLICE_X22Y16         LUT4 (Prop_lut4_I0_O)        0.105     9.707 f  IDEX_rs_rt_rd/bit25/DFF0/q_i_2__24/O
                         net (fo=2, routed)           0.376    10.083    IDEX_rs_rt_rd/bit25/DFF0/q_i_2__24_n_0
    SLICE_X19Y17         LUT4 (Prop_lut4_I0_O)        0.105    10.188 f  IDEX_rs_rt_rd/bit25/DFF0/q_i_2__23/O
                         net (fo=2, routed)           0.386    10.574    IDEX_rs_rt_rd/bit25/DFF0/q_i_2__23_n_0
    SLICE_X18Y17         LUT4 (Prop_lut4_I0_O)        0.105    10.679 f  IDEX_rs_rt_rd/bit25/DFF0/q_i_2__22/O
                         net (fo=2, routed)           0.233    10.913    IDEX_rs_rt_rd/bit25/DFF0/q_i_2__22_n_0
    SLICE_X19Y17         LUT4 (Prop_lut4_I0_O)        0.105    11.018 f  IDEX_rs_rt_rd/bit25/DFF0/q_i_2__21/O
                         net (fo=2, routed)           0.242    11.260    IDEX_rs_rt_rd/bit25/DFF0/q_i_2__21_n_0
    SLICE_X18Y16         LUT4 (Prop_lut4_I0_O)        0.105    11.365 f  IDEX_rs_rt_rd/bit25/DFF0/q_i_2__20/O
                         net (fo=2, routed)           0.235    11.600    IDEX_rs_rt_rd/bit25/DFF0/q_i_2__20_n_0
    SLICE_X19Y16         LUT4 (Prop_lut4_I0_O)        0.105    11.705 f  IDEX_rs_rt_rd/bit25/DFF0/q_i_2__19/O
                         net (fo=2, routed)           0.355    12.060    IDEX_rs_rt_rd/bit25/DFF0/q_i_2__19_n_0
    SLICE_X16Y15         LUT4 (Prop_lut4_I0_O)        0.105    12.165 f  IDEX_rs_rt_rd/bit25/DFF0/q_i_2__18/O
                         net (fo=2, routed)           0.230    12.395    IDEX_rs_rt_rd/bit25/DFF0/q_i_2__18_n_0
    SLICE_X17Y15         LUT4 (Prop_lut4_I0_O)        0.105    12.500 f  IDEX_rs_rt_rd/bit25/DFF0/q_i_2__17/O
                         net (fo=2, routed)           0.357    12.857    IDEX_rs_rt_rd/bit25/DFF0/q_i_2__17_n_0
    SLICE_X17Y16         LUT4 (Prop_lut4_I0_O)        0.105    12.962 f  IDEX_rs_rt_rd/bit25/DFF0/q_i_2__16/O
                         net (fo=2, routed)           0.386    13.348    IDEX_rs_rt_rd/bit25/DFF0/q_i_2__16_n_0
    SLICE_X16Y16         LUT4 (Prop_lut4_I0_O)        0.105    13.453 f  IDEX_rs_rt_rd/bit25/DFF0/q_i_2__15/O
                         net (fo=2, routed)           0.369    13.822    IDEX_rs_rt_rd/bit25/DFF0/q_i_2__15_n_0
    SLICE_X15Y16         LUT4 (Prop_lut4_I0_O)        0.105    13.927 f  IDEX_rs_rt_rd/bit25/DFF0/q_i_2__14/O
                         net (fo=2, routed)           0.430    14.357    IDEX_rs_rt_rd/bit25/DFF0/q_i_2__14_n_0
    SLICE_X14Y16         LUT4 (Prop_lut4_I0_O)        0.105    14.462 f  IDEX_rs_rt_rd/bit25/DFF0/q_i_2__13/O
                         net (fo=2, routed)           0.335    14.798    IDEX_rs_rt_rd/bit25/DFF0/q_i_2__13_n_0
    SLICE_X13Y15         LUT4 (Prop_lut4_I0_O)        0.105    14.903 f  IDEX_rs_rt_rd/bit25/DFF0/q_i_2__12/O
                         net (fo=2, routed)           0.386    15.289    IDEX_rs_rt_rd/bit25/DFF0/q_i_2__12_n_0
    SLICE_X12Y15         LUT4 (Prop_lut4_I0_O)        0.105    15.394 f  IDEX_rs_rt_rd/bit25/DFF0/q_i_2__11/O
                         net (fo=2, routed)           0.238    15.632    IDEX_rs_rt_rd/bit25/DFF0/q_i_2__11_n_0
    SLICE_X15Y15         LUT4 (Prop_lut4_I0_O)        0.105    15.737 f  IDEX_rs_rt_rd/bit25/DFF0/q_i_2__10/O
                         net (fo=3, routed)           0.510    16.246    IDEX_rs_rt_rd/bit25/DFF0/q_i_2__10_n_0
    SLICE_X23Y15         LUT5 (Prop_lut5_I2_O)        0.105    16.351 f  IDEX_rs_rt_rd/bit25/DFF0/q_i_2__6_comp/O
                         net (fo=4, routed)           0.359    16.710    IDEX_rs_rt_rd/bit25/DFF0/q_i_2__6_n_0
    SLICE_X26Y15         LUT4 (Prop_lut4_I0_O)        0.105    16.815 f  IDEX_rs_rt_rd/bit25/DFF0/q_i_2__5/O
                         net (fo=2, routed)           0.130    16.946    IDEX_rs_rt_rd/bit25/DFF0/q_i_2__5_n_0
    SLICE_X26Y15         LUT5 (Prop_lut5_I2_O)        0.105    17.051 r  IDEX_rs_rt_rd/bit25/DFF0/q_i_2__37/O
                         net (fo=4, routed)           0.364    17.415    IDEX_rs_rt_rd/bit25/DFF0/q_i_2__37_n_0
    SLICE_X27Y14         LUT5 (Prop_lut5_I0_O)        0.105    17.520 r  IDEX_rs_rt_rd/bit25/DFF0/q_i_1__148_replica/O
                         net (fo=1, routed)           0.510    18.030    IDEX_rs_rt_rd/bit25/DFF0/q_reg_8[26]_repN
    SLICE_X25Y15         LUT6 (Prop_lut6_I2_O)        0.105    18.135 r  IDEX_rs_rt_rd/bit25/DFF0/ZeroFlag_OBUF_inst_i_2_rewire_comp/O
                         net (fo=9, routed)           0.364    18.499    IDEX_rs_rt_rd/bit25/DFF0/ZeroFlag_OBUF_inst_i_2_n_0
    SLICE_X24Y16         LUT5 (Prop_lut5_I3_O)        0.105    18.604 r  IDEX_rs_rt_rd/bit25/DFF0/JumpControl_OBUF_inst_i_3_rewire/O
                         net (fo=5, routed)           0.379    18.983    IDEX_rs_rt_rd/bit25/DFF0/q_reg_3
    SLICE_X24Y18         LUT6 (Prop_lut6_I4_O)        0.105    19.088 r  IDEX_rs_rt_rd/bit25/DFF0/q_i_1__137_comp_1/O
                         net (fo=1, routed)           0.000    19.088    PC_Reg/bit4/DFF0/d_0
    SLICE_X24Y18         FDCE                                         r  PC_Reg/bit4/DFF0/q_reg/D
  -------------------------------------------------------------------    -------------------

                         (clock CC2 rise edge)       17.000    17.000 r  
    AF8                                               0.000    17.000 r  clk (IN)
                         net (fo=0)                   0.000    17.000    clk
    AF8                  IBUF (Prop_ibuf_I_O)         1.250    18.250 r  clk_IBUF_inst/O
                         net (fo=1, routed)           1.877    20.127    clk_IBUF
    BUFGCTRL_X0Y0        BUFG (Prop_bufg_I_O)         0.077    20.204 r  clk_IBUF_BUFG_inst/O
                         net (fo=9084, routed)        1.400    21.604    PC_Reg/bit4/DFF0/clk_IBUF_BUFG
    SLICE_X24Y18         FDCE                                         r  PC_Reg/bit4/DFF0/q_reg/C
                         clock pessimism              0.241    21.845    
                         clock uncertainty           -0.035    21.810    
    SLICE_X24Y18         FDCE (Setup_fdce_C_D)        0.032    21.842    PC_Reg/bit4/DFF0/q_reg
  -------------------------------------------------------------------
                         required time                         21.842    
                         arrival time                         -19.088    
  -------------------------------------------------------------------
                         slack                                  2.754    

Slack (MET) :             2.771ns  (required time - arrival time)
  Source:                 MEMWB_WriteRegister2/DFF0/q_reg/C
                            (rising edge-triggered cell FDCE clocked by CC2  {rise@0.000ns fall@8.500ns period=17.000ns})
  Destination:            PC_Reg/bit5/DFF0/q_reg/D
                            (rising edge-triggered cell FDCE clocked by CC2  {rise@0.000ns fall@8.500ns period=17.000ns})
  Path Group:             CC2
  Path Type:              Setup (Max at Slow Process Corner)
  Requirement:            17.000ns  (CC2 rise@17.000ns - CC2 rise@0.000ns)
  Data Path Delay:        14.182ns  (logic 3.634ns (25.624%)  route 10.548ns (74.376%))
  Logic Levels:           31  (LUT3=1 LUT4=20 LUT5=6 LUT6=4)
  Clock Path Skew:        -0.043ns (DCD - SCD + CPR)
    Destination Clock Delay (DCD):    4.607ns = ( 21.607 - 17.000 ) 
    Source Clock Delay      (SCD):    4.891ns
    Clock Pessimism Removal (CPR):    0.241ns
  Clock Uncertainty:      0.035ns  ((TSJ^2 + TIJ^2)^1/2 + DJ) / 2 + PE
    Total System Jitter     (TSJ):    0.071ns
    Total Input Jitter      (TIJ):    0.000ns
    Discrete Jitter          (DJ):    0.000ns
    Phase Error              (PE):    0.000ns

    Location             Delay type                Incr(ns)  Path(ns)    Netlist Resource(s)
  -------------------------------------------------------------------    -------------------
                         (clock CC2 rise edge)        0.000     0.000 r  
    AF8                                               0.000     0.000 r  clk (IN)
                         net (fo=0)                   0.000     0.000    clk
    AF8                  IBUF (Prop_ibuf_I_O)         1.310     1.310 r  clk_IBUF_inst/O
                         net (fo=1, routed)           1.981     3.291    clk_IBUF
    BUFGCTRL_X0Y0        BUFG (Prop_bufg_I_O)         0.081     3.372 r  clk_IBUF_BUFG_inst/O
                         net (fo=9084, routed)        1.519     4.891    MEMWB_WriteRegister2/DFF0/clk_IBUF_BUFG
    SLICE_X13Y18         FDCE                                         r  MEMWB_WriteRegister2/DFF0/q_reg/C
  -------------------------------------------------------------------    -------------------
    SLICE_X13Y18         FDCE (Prop_fdce_C_Q)         0.379     5.270 r  MEMWB_WriteRegister2/DFF0/q_reg/Q
                         net (fo=22, routed)          0.841     6.111    IDEX_rs_rt_rd/bit17/DFF0/WB_WriteRegister[2]
    SLICE_X13Y18         LUT6 (Prop_lut6_I2_O)        0.105     6.216 r  IDEX_rs_rt_rd/bit17/DFF0/q_i_7__0/O
                         net (fo=1, routed)           0.112     6.328    IDEX_rs_rt_rd/bit17/DFF0/q_i_7__0_n_0
    SLICE_X13Y18         LUT5 (Prop_lut5_I1_O)        0.105     6.433 r  IDEX_rs_rt_rd/bit17/DFF0/q_i_3__30/O
                         net (fo=39, routed)          0.703     7.136    IDEX_rs_rt_rd/bit20/DFF0/q_reg_10
    SLICE_X18Y18         LUT6 (Prop_lut6_I1_O)        0.105     7.241 r  IDEX_rs_rt_rd/bit20/DFF0/q_i_1__225/O
                         net (fo=2, routed)           0.258     7.499    IDEX_Im16_Ext/bit1/DFF0/Bus_B_forwarded[0]
    SLICE_X20Y18         LUT3 (Prop_lut3_I2_O)        0.105     7.604 r  IDEX_Im16_Ext/bit1/DFF0/q_i_2__29/O
                         net (fo=2, routed)           0.408     8.012    IDEX_rs_rt_rd/bit25/DFF0/q_reg_51
    SLICE_X21Y18         LUT5 (Prop_lut5_I4_O)        0.105     8.117 f  IDEX_rs_rt_rd/bit25/DFF0/q_i_2__33/O
                         net (fo=2, routed)           0.126     8.244    IDEX_rs_rt_rd/bit25/DFF0/q_i_2__33_n_0
    SLICE_X21Y18         LUT4 (Prop_lut4_I0_O)        0.105     8.349 f  IDEX_rs_rt_rd/bit25/DFF0/q_i_2__28/O
                         net (fo=2, routed)           0.324     8.672    IDEX_rs_rt_rd/bit25/DFF0/q_i_2__28_n_0
    SLICE_X21Y17         LUT4 (Prop_lut4_I0_O)        0.105     8.777 f  IDEX_rs_rt_rd/bit25/DFF0/q_i_2__27/O
                         net (fo=2, routed)           0.127     8.904    IDEX_rs_rt_rd/bit25/DFF0/q_i_2__27_n_0
    SLICE_X21Y17         LUT4 (Prop_lut4_I0_O)        0.105     9.009 f  IDEX_rs_rt_rd/bit25/DFF0/q_i_2__26/O
                         net (fo=2, routed)           0.351     9.360    IDEX_rs_rt_rd/bit25/DFF0/q_i_2__26_n_0
    SLICE_X22Y16         LUT4 (Prop_lut4_I0_O)        0.105     9.465 f  IDEX_rs_rt_rd/bit25/DFF0/q_i_2__25/O
                         net (fo=2, routed)           0.137     9.602    IDEX_rs_rt_rd/bit25/DFF0/q_i_2__25_n_0
    SLICE_X22Y16         LUT4 (Prop_lut4_I0_O)        0.105     9.707 f  IDEX_rs_rt_rd/bit25/DFF0/q_i_2__24/O
                         net (fo=2, routed)           0.376    10.083    IDEX_rs_rt_rd/bit25/DFF0/q_i_2__24_n_0
    SLICE_X19Y17         LUT4 (Prop_lut4_I0_O)        0.105    10.188 f  IDEX_rs_rt_rd/bit25/DFF0/q_i_2__23/O
                         net (fo=2, routed)           0.386    10.574    IDEX_rs_rt_rd/bit25/DFF0/q_i_2__23_n_0
    SLICE_X18Y17         LUT4 (Prop_lut4_I0_O)        0.105    10.679 f  IDEX_rs_rt_rd/bit25/DFF0/q_i_2__22/O
                         net (fo=2, routed)           0.233    10.913    IDEX_rs_rt_rd/bit25/DFF0/q_i_2__22_n_0
    SLICE_X19Y17         LUT4 (Prop_lut4_I0_O)        0.105    11.018 f  IDEX_rs_rt_rd/bit25/DFF0/q_i_2__21/O
                         net (fo=2, routed)           0.242    11.260    IDEX_rs_rt_rd/bit25/DFF0/q_i_2__21_n_0
    SLICE_X18Y16         LUT4 (Prop_lut4_I0_O)        0.105    11.365 f  IDEX_rs_rt_rd/bit25/DFF0/q_i_2__20/O
                         net (fo=2, routed)           0.235    11.600    IDEX_rs_rt_rd/bit25/DFF0/q_i_2__20_n_0
    SLICE_X19Y16         LUT4 (Prop_lut4_I0_O)        0.105    11.705 f  IDEX_rs_rt_rd/bit25/DFF0/q_i_2__19/O
                         net (fo=2, routed)           0.355    12.060    IDEX_rs_rt_rd/bit25/DFF0/q_i_2__19_n_0
    SLICE_X16Y15         LUT4 (Prop_lut4_I0_O)        0.105    12.165 f  IDEX_rs_rt_rd/bit25/DFF0/q_i_2__18/O
                         net (fo=2, routed)           0.230    12.395    IDEX_rs_rt_rd/bit25/DFF0/q_i_2__18_n_0
    SLICE_X17Y15         LUT4 (Prop_lut4_I0_O)        0.105    12.500 f  IDEX_rs_rt_rd/bit25/DFF0/q_i_2__17/O
                         net (fo=2, routed)           0.357    12.857    IDEX_rs_rt_rd/bit25/DFF0/q_i_2__17_n_0
    SLICE_X17Y16         LUT4 (Prop_lut4_I0_O)        0.105    12.962 f  IDEX_rs_rt_rd/bit25/DFF0/q_i_2__16/O
                         net (fo=2, routed)           0.386    13.348    IDEX_rs_rt_rd/bit25/DFF0/q_i_2__16_n_0
    SLICE_X16Y16         LUT4 (Prop_lut4_I0_O)        0.105    13.453 f  IDEX_rs_rt_rd/bit25/DFF0/q_i_2__15/O
                         net (fo=2, routed)           0.369    13.822    IDEX_rs_rt_rd/bit25/DFF0/q_i_2__15_n_0
    SLICE_X15Y16         LUT4 (Prop_lut4_I0_O)        0.105    13.927 f  IDEX_rs_rt_rd/bit25/DFF0/q_i_2__14/O
                         net (fo=2, routed)           0.430    14.357    IDEX_rs_rt_rd/bit25/DFF0/q_i_2__14_n_0
    SLICE_X14Y16         LUT4 (Prop_lut4_I0_O)        0.105    14.462 f  IDEX_rs_rt_rd/bit25/DFF0/q_i_2__13/O
                         net (fo=2, routed)           0.335    14.798    IDEX_rs_rt_rd/bit25/DFF0/q_i_2__13_n_0
    SLICE_X13Y15         LUT4 (Prop_lut4_I0_O)        0.105    14.903 f  IDEX_rs_rt_rd/bit25/DFF0/q_i_2__12/O
                         net (fo=2, routed)           0.386    15.289    IDEX_rs_rt_rd/bit25/DFF0/q_i_2__12_n_0
    SLICE_X12Y15         LUT4 (Prop_lut4_I0_O)        0.105    15.394 f  IDEX_rs_rt_rd/bit25/DFF0/q_i_2__11/O
                         net (fo=2, routed)           0.238    15.632    IDEX_rs_rt_rd/bit25/DFF0/q_i_2__11_n_0
    SLICE_X15Y15         LUT4 (Prop_lut4_I0_O)        0.105    15.737 f  IDEX_rs_rt_rd/bit25/DFF0/q_i_2__10/O
                         net (fo=3, routed)           0.510    16.246    IDEX_rs_rt_rd/bit25/DFF0/q_i_2__10_n_0
    SLICE_X23Y15         LUT5 (Prop_lut5_I2_O)        0.105    16.351 f  IDEX_rs_rt_rd/bit25/DFF0/q_i_2__6_comp/O
                         net (fo=4, routed)           0.359    16.710    IDEX_rs_rt_rd/bit25/DFF0/q_i_2__6_n_0
    SLICE_X26Y15         LUT4 (Prop_lut4_I0_O)        0.105    16.815 f  IDEX_rs_rt_rd/bit25/DFF0/q_i_2__5/O
                         net (fo=2, routed)           0.130    16.946    IDEX_rs_rt_rd/bit25/DFF0/q_i_2__5_n_0
    SLICE_X26Y15         LUT5 (Prop_lut5_I2_O)        0.105    17.051 r  IDEX_rs_rt_rd/bit25/DFF0/q_i_2__37/O
                         net (fo=4, routed)           0.364    17.415    IDEX_rs_rt_rd/bit25/DFF0/q_i_2__37_n_0
    SLICE_X27Y14         LUT5 (Prop_lut5_I0_O)        0.105    17.520 r  IDEX_rs_rt_rd/bit25/DFF0/q_i_1__148_replica/O
                         net (fo=1, routed)           0.510    18.030    IDEX_rs_rt_rd/bit25/DFF0/q_reg_8[26]_repN
    SLICE_X25Y15         LUT6 (Prop_lut6_I2_O)        0.105    18.135 r  IDEX_rs_rt_rd/bit25/DFF0/ZeroFlag_OBUF_inst_i_2_rewire_comp/O
                         net (fo=9, routed)           0.364    18.499    IDEX_rs_rt_rd/bit25/DFF0/ZeroFlag_OBUF_inst_i_2_n_0
    SLICE_X24Y16         LUT5 (Prop_lut5_I3_O)        0.105    18.604 r  IDEX_rs_rt_rd/bit25/DFF0/JumpControl_OBUF_inst_i_3_rewire/O
                         net (fo=5, routed)           0.365    18.968    IDEX_rs_rt_rd/bit25/DFF0/q_reg_3
    SLICE_X23Y16         LUT6 (Prop_lut6_I4_O)        0.105    19.073 r  IDEX_rs_rt_rd/bit25/DFF0/q_i_1__138_comp_1/O
                         net (fo=1, routed)           0.000    19.073    PC_Reg/bit5/DFF0/d_1
    SLICE_X23Y16         FDCE                                         r  PC_Reg/bit5/DFF0/q_reg/D
  -------------------------------------------------------------------    -------------------

                         (clock CC2 rise edge)       17.000    17.000 r  
    AF8                                               0.000    17.000 r  clk (IN)
                         net (fo=0)                   0.000    17.000    clk
    AF8                  IBUF (Prop_ibuf_I_O)         1.250    18.250 r  clk_IBUF_inst/O
                         net (fo=1, routed)           1.877    20.127    clk_IBUF
    BUFGCTRL_X0Y0        BUFG (Prop_bufg_I_O)         0.077    20.204 r  clk_IBUF_BUFG_inst/O
                         net (fo=9084, routed)        1.403    21.607    PC_Reg/bit5/DFF0/clk_IBUF_BUFG
    SLICE_X23Y16         FDCE                                         r  PC_Reg/bit5/DFF0/q_reg/C
                         clock pessimism              0.241    21.848    
                         clock uncertainty           -0.035    21.813    
    SLICE_X23Y16         FDCE (Setup_fdce_C_D)        0.032    21.845    PC_Reg/bit5/DFF0/q_reg
  -------------------------------------------------------------------
                         required time                         21.845    
                         arrival time                         -19.073    
  -------------------------------------------------------------------
                         slack                                  2.771    

Slack (MET) :             2.782ns  (required time - arrival time)
  Source:                 MEMWB_WriteRegister2/DFF0/q_reg/C
                            (rising edge-triggered cell FDCE clocked by CC2  {rise@0.000ns fall@8.500ns period=17.000ns})
  Destination:            IF_flush_bit/DFF0/q_reg/D
                            (rising edge-triggered cell FDCE clocked by CC2  {rise@0.000ns fall@8.500ns period=17.000ns})
  Path Group:             CC2
  Path Type:              Setup (Max at Slow Process Corner)
  Requirement:            17.000ns  (CC2 rise@17.000ns - CC2 rise@0.000ns)
  Data Path Delay:        14.167ns  (logic 3.634ns (25.652%)  route 10.533ns (74.348%))
  Logic Levels:           31  (LUT3=1 LUT4=20 LUT5=7 LUT6=3)
  Clock Path Skew:        -0.046ns (DCD - SCD + CPR)
    Destination Clock Delay (DCD):    4.604ns = ( 21.604 - 17.000 ) 
    Source Clock Delay      (SCD):    4.891ns
    Clock Pessimism Removal (CPR):    0.241ns
  Clock Uncertainty:      0.035ns  ((TSJ^2 + TIJ^2)^1/2 + DJ) / 2 + PE
    Total System Jitter     (TSJ):    0.071ns
    Total Input Jitter      (TIJ):    0.000ns
    Discrete Jitter          (DJ):    0.000ns
    Phase Error              (PE):    0.000ns

    Location             Delay type                Incr(ns)  Path(ns)    Netlist Resource(s)
  -------------------------------------------------------------------    -------------------
                         (clock CC2 rise edge)        0.000     0.000 r  
    AF8                                               0.000     0.000 r  clk (IN)
                         net (fo=0)                   0.000     0.000    clk
    AF8                  IBUF (Prop_ibuf_I_O)         1.310     1.310 r  clk_IBUF_inst/O
                         net (fo=1, routed)           1.981     3.291    clk_IBUF
    BUFGCTRL_X0Y0        BUFG (Prop_bufg_I_O)         0.081     3.372 r  clk_IBUF_BUFG_inst/O
                         net (fo=9084, routed)        1.519     4.891    MEMWB_WriteRegister2/DFF0/clk_IBUF_BUFG
    SLICE_X13Y18         FDCE                                         r  MEMWB_WriteRegister2/DFF0/q_reg/C
  -------------------------------------------------------------------    -------------------
    SLICE_X13Y18         FDCE (Prop_fdce_C_Q)         0.379     5.270 r  MEMWB_WriteRegister2/DFF0/q_reg/Q
                         net (fo=22, routed)          0.841     6.111    IDEX_rs_rt_rd/bit17/DFF0/WB_WriteRegister[2]
    SLICE_X13Y18         LUT6 (Prop_lut6_I2_O)        0.105     6.216 r  IDEX_rs_rt_rd/bit17/DFF0/q_i_7__0/O
                         net (fo=1, routed)           0.112     6.328    IDEX_rs_rt_rd/bit17/DFF0/q_i_7__0_n_0
    SLICE_X13Y18         LUT5 (Prop_lut5_I1_O)        0.105     6.433 r  IDEX_rs_rt_rd/bit17/DFF0/q_i_3__30/O
                         net (fo=39, routed)          0.703     7.136    IDEX_rs_rt_rd/bit20/DFF0/q_reg_10
    SLICE_X18Y18         LUT6 (Prop_lut6_I1_O)        0.105     7.241 r  IDEX_rs_rt_rd/bit20/DFF0/q_i_1__225/O
                         net (fo=2, routed)           0.258     7.499    IDEX_Im16_Ext/bit1/DFF0/Bus_B_forwarded[0]
    SLICE_X20Y18         LUT3 (Prop_lut3_I2_O)        0.105     7.604 r  IDEX_Im16_Ext/bit1/DFF0/q_i_2__29/O
                         net (fo=2, routed)           0.408     8.012    IDEX_rs_rt_rd/bit25/DFF0/q_reg_51
    SLICE_X21Y18         LUT5 (Prop_lut5_I4_O)        0.105     8.117 f  IDEX_rs_rt_rd/bit25/DFF0/q_i_2__33/O
                         net (fo=2, routed)           0.126     8.244    IDEX_rs_rt_rd/bit25/DFF0/q_i_2__33_n_0
    SLICE_X21Y18         LUT4 (Prop_lut4_I0_O)        0.105     8.349 f  IDEX_rs_rt_rd/bit25/DFF0/q_i_2__28/O
                         net (fo=2, routed)           0.324     8.672    IDEX_rs_rt_rd/bit25/DFF0/q_i_2__28_n_0
    SLICE_X21Y17         LUT4 (Prop_lut4_I0_O)        0.105     8.777 f  IDEX_rs_rt_rd/bit25/DFF0/q_i_2__27/O
                         net (fo=2, routed)           0.127     8.904    IDEX_rs_rt_rd/bit25/DFF0/q_i_2__27_n_0
    SLICE_X21Y17         LUT4 (Prop_lut4_I0_O)        0.105     9.009 f  IDEX_rs_rt_rd/bit25/DFF0/q_i_2__26/O
                         net (fo=2, routed)           0.351     9.360    IDEX_rs_rt_rd/bit25/DFF0/q_i_2__26_n_0
    SLICE_X22Y16         LUT4 (Prop_lut4_I0_O)        0.105     9.465 f  IDEX_rs_rt_rd/bit25/DFF0/q_i_2__25/O
                         net (fo=2, routed)           0.137     9.602    IDEX_rs_rt_rd/bit25/DFF0/q_i_2__25_n_0
    SLICE_X22Y16         LUT4 (Prop_lut4_I0_O)        0.105     9.707 f  IDEX_rs_rt_rd/bit25/DFF0/q_i_2__24/O
                         net (fo=2, routed)           0.376    10.083    IDEX_rs_rt_rd/bit25/DFF0/q_i_2__24_n_0
    SLICE_X19Y17         LUT4 (Prop_lut4_I0_O)        0.105    10.188 f  IDEX_rs_rt_rd/bit25/DFF0/q_i_2__23/O
                         net (fo=2, routed)           0.386    10.574    IDEX_rs_rt_rd/bit25/DFF0/q_i_2__23_n_0
    SLICE_X18Y17         LUT4 (Prop_lut4_I0_O)        0.105    10.679 f  IDEX_rs_rt_rd/bit25/DFF0/q_i_2__22/O
                         net (fo=2, routed)           0.233    10.913    IDEX_rs_rt_rd/bit25/DFF0/q_i_2__22_n_0
    SLICE_X19Y17         LUT4 (Prop_lut4_I0_O)        0.105    11.018 f  IDEX_rs_rt_rd/bit25/DFF0/q_i_2__21/O
                         net (fo=2, routed)           0.242    11.260    IDEX_rs_rt_rd/bit25/DFF0/q_i_2__21_n_0
    SLICE_X18Y16         LUT4 (Prop_lut4_I0_O)        0.105    11.365 f  IDEX_rs_rt_rd/bit25/DFF0/q_i_2__20/O
                         net (fo=2, routed)           0.235    11.600    IDEX_rs_rt_rd/bit25/DFF0/q_i_2__20_n_0
    SLICE_X19Y16         LUT4 (Prop_lut4_I0_O)        0.105    11.705 f  IDEX_rs_rt_rd/bit25/DFF0/q_i_2__19/O
                         net (fo=2, routed)           0.355    12.060    IDEX_rs_rt_rd/bit25/DFF0/q_i_2__19_n_0
    SLICE_X16Y15         LUT4 (Prop_lut4_I0_O)        0.105    12.165 f  IDEX_rs_rt_rd/bit25/DFF0/q_i_2__18/O
                         net (fo=2, routed)           0.230    12.395    IDEX_rs_rt_rd/bit25/DFF0/q_i_2__18_n_0
    SLICE_X17Y15         LUT4 (Prop_lut4_I0_O)        0.105    12.500 f  IDEX_rs_rt_rd/bit25/DFF0/q_i_2__17/O
                         net (fo=2, routed)           0.357    12.857    IDEX_rs_rt_rd/bit25/DFF0/q_i_2__17_n_0
    SLICE_X17Y16         LUT4 (Prop_lut4_I0_O)        0.105    12.962 f  IDEX_rs_rt_rd/bit25/DFF0/q_i_2__16/O
                         net (fo=2, routed)           0.386    13.348    IDEX_rs_rt_rd/bit25/DFF0/q_i_2__16_n_0
    SLICE_X16Y16         LUT4 (Prop_lut4_I0_O)        0.105    13.453 f  IDEX_rs_rt_rd/bit25/DFF0/q_i_2__15/O
                         net (fo=2, routed)           0.369    13.822    IDEX_rs_rt_rd/bit25/DFF0/q_i_2__15_n_0
    SLICE_X15Y16         LUT4 (Prop_lut4_I0_O)        0.105    13.927 f  IDEX_rs_rt_rd/bit25/DFF0/q_i_2__14/O
                         net (fo=2, routed)           0.430    14.357    IDEX_rs_rt_rd/bit25/DFF0/q_i_2__14_n_0
    SLICE_X14Y16         LUT4 (Prop_lut4_I0_O)        0.105    14.462 f  IDEX_rs_rt_rd/bit25/DFF0/q_i_2__13/O
                         net (fo=2, routed)           0.335    14.798    IDEX_rs_rt_rd/bit25/DFF0/q_i_2__13_n_0
    SLICE_X13Y15         LUT4 (Prop_lut4_I0_O)        0.105    14.903 f  IDEX_rs_rt_rd/bit25/DFF0/q_i_2__12/O
                         net (fo=2, routed)           0.386    15.289    IDEX_rs_rt_rd/bit25/DFF0/q_i_2__12_n_0
    SLICE_X12Y15         LUT4 (Prop_lut4_I0_O)        0.105    15.394 f  IDEX_rs_rt_rd/bit25/DFF0/q_i_2__11/O
                         net (fo=2, routed)           0.238    15.632    IDEX_rs_rt_rd/bit25/DFF0/q_i_2__11_n_0
    SLICE_X15Y15         LUT4 (Prop_lut4_I0_O)        0.105    15.737 f  IDEX_rs_rt_rd/bit25/DFF0/q_i_2__10/O
                         net (fo=3, routed)           0.510    16.246    IDEX_rs_rt_rd/bit25/DFF0/q_i_2__10_n_0
    SLICE_X23Y15         LUT5 (Prop_lut5_I2_O)        0.105    16.351 f  IDEX_rs_rt_rd/bit25/DFF0/q_i_2__6_comp/O
                         net (fo=4, routed)           0.359    16.710    IDEX_rs_rt_rd/bit25/DFF0/q_i_2__6_n_0
    SLICE_X26Y15         LUT4 (Prop_lut4_I0_O)        0.105    16.815 f  IDEX_rs_rt_rd/bit25/DFF0/q_i_2__5/O
                         net (fo=2, routed)           0.130    16.946    IDEX_rs_rt_rd/bit25/DFF0/q_i_2__5_n_0
    SLICE_X26Y15         LUT5 (Prop_lut5_I2_O)        0.105    17.051 r  IDEX_rs_rt_rd/bit25/DFF0/q_i_2__37/O
                         net (fo=4, routed)           0.364    17.415    IDEX_rs_rt_rd/bit25/DFF0/q_i_2__37_n_0
    SLICE_X27Y14         LUT5 (Prop_lut5_I0_O)        0.105    17.520 r  IDEX_rs_rt_rd/bit25/DFF0/q_i_1__148_replica/O
                         net (fo=1, routed)           0.510    18.030    IDEX_rs_rt_rd/bit25/DFF0/q_reg_8[26]_repN
    SLICE_X25Y15         LUT6 (Prop_lut6_I2_O)        0.105    18.135 r  IDEX_rs_rt_rd/bit25/DFF0/ZeroFlag_OBUF_inst_i_2_rewire_comp/O
                         net (fo=9, routed)           0.403    18.538    IDEX_rs_rt_rd/bit25/DFF0/ZeroFlag_OBUF_inst_i_2_n_0
    SLICE_X26Y17         LUT5 (Prop_lut5_I3_O)        0.105    18.643 f  IDEX_rs_rt_rd/bit25/DFF0/q_i_4__5_rewire/O
                         net (fo=9, routed)           0.310    18.953    IFID_Instruction/bit27/DFF0/q_reg_2_alias
    SLICE_X26Y18         LUT5 (Prop_lut5_I0_O)        0.105    19.058 r  IFID_Instruction/bit27/DFF0/q_i_1__134_rewire/O
                         net (fo=1, routed)           0.000    19.058    IF_flush_bit/DFF0/d
    SLICE_X26Y18         FDCE                                         r  IF_flush_bit/DFF0/q_reg/D
  -------------------------------------------------------------------    -------------------

                         (clock CC2 rise edge)       17.000    17.000 r  
    AF8                                               0.000    17.000 r  clk (IN)
                         net (fo=0)                   0.000    17.000    clk
    AF8                  IBUF (Prop_ibuf_I_O)         1.250    18.250 r  clk_IBUF_inst/O
                         net (fo=1, routed)           1.877    20.127    clk_IBUF
    BUFGCTRL_X0Y0        BUFG (Prop_bufg_I_O)         0.077    20.204 r  clk_IBUF_BUFG_inst/O
                         net (fo=9084, routed)        1.400    21.604    IF_flush_bit/DFF0/clk_IBUF_BUFG
    SLICE_X26Y18         FDCE                                         r  IF_flush_bit/DFF0/q_reg/C
                         clock pessimism              0.241    21.845    
                         clock uncertainty           -0.035    21.810    
    SLICE_X26Y18         FDCE (Setup_fdce_C_D)        0.030    21.840    IF_flush_bit/DFF0/q_reg
  -------------------------------------------------------------------
                         required time                         21.840    
                         arrival time                         -19.058    
  -------------------------------------------------------------------
                         slack                                  2.782    

Slack (MET) :             2.786ns  (required time - arrival time)
  Source:                 MEMWB_WriteRegister2/DFF0/q_reg/C
                            (rising edge-triggered cell FDCE clocked by CC2  {rise@0.000ns fall@8.500ns period=17.000ns})
  Destination:            IDEX_RegWrite/DFF0/q_reg/D
                            (rising edge-triggered cell FDCE clocked by CC2  {rise@0.000ns fall@8.500ns period=17.000ns})
  Path Group:             CC2
  Path Type:              Setup (Max at Slow Process Corner)
  Requirement:            17.000ns  (CC2 rise@17.000ns - CC2 rise@0.000ns)
  Data Path Delay:        14.165ns  (logic 3.634ns (25.655%)  route 10.531ns (74.345%))
  Logic Levels:           31  (LUT3=1 LUT4=21 LUT5=6 LUT6=3)
  Clock Path Skew:        -0.046ns (DCD - SCD + CPR)
    Destination Clock Delay (DCD):    4.604ns = ( 21.604 - 17.000 ) 
    Source Clock Delay      (SCD):    4.891ns
    Clock Pessimism Removal (CPR):    0.241ns
  Clock Uncertainty:      0.035ns  ((TSJ^2 + TIJ^2)^1/2 + DJ) / 2 + PE
    Total System Jitter     (TSJ):    0.071ns
    Total Input Jitter      (TIJ):    0.000ns
    Discrete Jitter          (DJ):    0.000ns
    Phase Error              (PE):    0.000ns

    Location             Delay type                Incr(ns)  Path(ns)    Netlist Resource(s)
  -------------------------------------------------------------------    -------------------
                         (clock CC2 rise edge)        0.000     0.000 r  
    AF8                                               0.000     0.000 r  clk (IN)
                         net (fo=0)                   0.000     0.000    clk
    AF8                  IBUF (Prop_ibuf_I_O)         1.310     1.310 r  clk_IBUF_inst/O
                         net (fo=1, routed)           1.981     3.291    clk_IBUF
    BUFGCTRL_X0Y0        BUFG (Prop_bufg_I_O)         0.081     3.372 r  clk_IBUF_BUFG_inst/O
                         net (fo=9084, routed)        1.519     4.891    MEMWB_WriteRegister2/DFF0/clk_IBUF_BUFG
    SLICE_X13Y18         FDCE                                         r  MEMWB_WriteRegister2/DFF0/q_reg/C
  -------------------------------------------------------------------    -------------------
    SLICE_X13Y18         FDCE (Prop_fdce_C_Q)         0.379     5.270 r  MEMWB_WriteRegister2/DFF0/q_reg/Q
                         net (fo=22, routed)          0.841     6.111    IDEX_rs_rt_rd/bit17/DFF0/WB_WriteRegister[2]
    SLICE_X13Y18         LUT6 (Prop_lut6_I2_O)        0.105     6.216 r  IDEX_rs_rt_rd/bit17/DFF0/q_i_7__0/O
                         net (fo=1, routed)           0.112     6.328    IDEX_rs_rt_rd/bit17/DFF0/q_i_7__0_n_0
    SLICE_X13Y18         LUT5 (Prop_lut5_I1_O)        0.105     6.433 r  IDEX_rs_rt_rd/bit17/DFF0/q_i_3__30/O
                         net (fo=39, routed)          0.703     7.136    IDEX_rs_rt_rd/bit20/DFF0/q_reg_10
    SLICE_X18Y18         LUT6 (Prop_lut6_I1_O)        0.105     7.241 r  IDEX_rs_rt_rd/bit20/DFF0/q_i_1__225/O
                         net (fo=2, routed)           0.258     7.499    IDEX_Im16_Ext/bit1/DFF0/Bus_B_forwarded[0]
    SLICE_X20Y18         LUT3 (Prop_lut3_I2_O)        0.105     7.604 r  IDEX_Im16_Ext/bit1/DFF0/q_i_2__29/O
                         net (fo=2, routed)           0.408     8.012    IDEX_rs_rt_rd/bit25/DFF0/q_reg_51
    SLICE_X21Y18         LUT5 (Prop_lut5_I4_O)        0.105     8.117 f  IDEX_rs_rt_rd/bit25/DFF0/q_i_2__33/O
                         net (fo=2, routed)           0.126     8.244    IDEX_rs_rt_rd/bit25/DFF0/q_i_2__33_n_0
    SLICE_X21Y18         LUT4 (Prop_lut4_I0_O)        0.105     8.349 f  IDEX_rs_rt_rd/bit25/DFF0/q_i_2__28/O
                         net (fo=2, routed)           0.324     8.672    IDEX_rs_rt_rd/bit25/DFF0/q_i_2__28_n_0
    SLICE_X21Y17         LUT4 (Prop_lut4_I0_O)        0.105     8.777 f  IDEX_rs_rt_rd/bit25/DFF0/q_i_2__27/O
                         net (fo=2, routed)           0.127     8.904    IDEX_rs_rt_rd/bit25/DFF0/q_i_2__27_n_0
    SLICE_X21Y17         LUT4 (Prop_lut4_I0_O)        0.105     9.009 f  IDEX_rs_rt_rd/bit25/DFF0/q_i_2__26/O
                         net (fo=2, routed)           0.351     9.360    IDEX_rs_rt_rd/bit25/DFF0/q_i_2__26_n_0
    SLICE_X22Y16         LUT4 (Prop_lut4_I0_O)        0.105     9.465 f  IDEX_rs_rt_rd/bit25/DFF0/q_i_2__25/O
                         net (fo=2, routed)           0.137     9.602    IDEX_rs_rt_rd/bit25/DFF0/q_i_2__25_n_0
    SLICE_X22Y16         LUT4 (Prop_lut4_I0_O)        0.105     9.707 f  IDEX_rs_rt_rd/bit25/DFF0/q_i_2__24/O
                         net (fo=2, routed)           0.376    10.083    IDEX_rs_rt_rd/bit25/DFF0/q_i_2__24_n_0
    SLICE_X19Y17         LUT4 (Prop_lut4_I0_O)        0.105    10.188 f  IDEX_rs_rt_rd/bit25/DFF0/q_i_2__23/O
                         net (fo=2, routed)           0.386    10.574    IDEX_rs_rt_rd/bit25/DFF0/q_i_2__23_n_0
    SLICE_X18Y17         LUT4 (Prop_lut4_I0_O)        0.105    10.679 f  IDEX_rs_rt_rd/bit25/DFF0/q_i_2__22/O
                         net (fo=2, routed)           0.233    10.913    IDEX_rs_rt_rd/bit25/DFF0/q_i_2__22_n_0
    SLICE_X19Y17         LUT4 (Prop_lut4_I0_O)        0.105    11.018 f  IDEX_rs_rt_rd/bit25/DFF0/q_i_2__21/O
                         net (fo=2, routed)           0.242    11.260    IDEX_rs_rt_rd/bit25/DFF0/q_i_2__21_n_0
    SLICE_X18Y16         LUT4 (Prop_lut4_I0_O)        0.105    11.365 f  IDEX_rs_rt_rd/bit25/DFF0/q_i_2__20/O
                         net (fo=2, routed)           0.235    11.600    IDEX_rs_rt_rd/bit25/DFF0/q_i_2__20_n_0
    SLICE_X19Y16         LUT4 (Prop_lut4_I0_O)        0.105    11.705 f  IDEX_rs_rt_rd/bit25/DFF0/q_i_2__19/O
                         net (fo=2, routed)           0.355    12.060    IDEX_rs_rt_rd/bit25/DFF0/q_i_2__19_n_0
    SLICE_X16Y15         LUT4 (Prop_lut4_I0_O)        0.105    12.165 f  IDEX_rs_rt_rd/bit25/DFF0/q_i_2__18/O
                         net (fo=2, routed)           0.230    12.395    IDEX_rs_rt_rd/bit25/DFF0/q_i_2__18_n_0
    SLICE_X17Y15         LUT4 (Prop_lut4_I0_O)        0.105    12.500 f  IDEX_rs_rt_rd/bit25/DFF0/q_i_2__17/O
                         net (fo=2, routed)           0.357    12.857    IDEX_rs_rt_rd/bit25/DFF0/q_i_2__17_n_0
    SLICE_X17Y16         LUT4 (Prop_lut4_I0_O)        0.105    12.962 f  IDEX_rs_rt_rd/bit25/DFF0/q_i_2__16/O
                         net (fo=2, routed)           0.386    13.348    IDEX_rs_rt_rd/bit25/DFF0/q_i_2__16_n_0
    SLICE_X16Y16         LUT4 (Prop_lut4_I0_O)        0.105    13.453 f  IDEX_rs_rt_rd/bit25/DFF0/q_i_2__15/O
                         net (fo=2, routed)           0.369    13.822    IDEX_rs_rt_rd/bit25/DFF0/q_i_2__15_n_0
    SLICE_X15Y16         LUT4 (Prop_lut4_I0_O)        0.105    13.927 f  IDEX_rs_rt_rd/bit25/DFF0/q_i_2__14/O
                         net (fo=2, routed)           0.430    14.357    IDEX_rs_rt_rd/bit25/DFF0/q_i_2__14_n_0
    SLICE_X14Y16         LUT4 (Prop_lut4_I0_O)        0.105    14.462 f  IDEX_rs_rt_rd/bit25/DFF0/q_i_2__13/O
                         net (fo=2, routed)           0.335    14.798    IDEX_rs_rt_rd/bit25/DFF0/q_i_2__13_n_0
    SLICE_X13Y15         LUT4 (Prop_lut4_I0_O)        0.105    14.903 f  IDEX_rs_rt_rd/bit25/DFF0/q_i_2__12/O
                         net (fo=2, routed)           0.386    15.289    IDEX_rs_rt_rd/bit25/DFF0/q_i_2__12_n_0
    SLICE_X12Y15         LUT4 (Prop_lut4_I0_O)        0.105    15.394 f  IDEX_rs_rt_rd/bit25/DFF0/q_i_2__11/O
                         net (fo=2, routed)           0.238    15.632    IDEX_rs_rt_rd/bit25/DFF0/q_i_2__11_n_0
    SLICE_X15Y15         LUT4 (Prop_lut4_I0_O)        0.105    15.737 f  IDEX_rs_rt_rd/bit25/DFF0/q_i_2__10/O
                         net (fo=3, routed)           0.510    16.246    IDEX_rs_rt_rd/bit25/DFF0/q_i_2__10_n_0
    SLICE_X23Y15         LUT5 (Prop_lut5_I2_O)        0.105    16.351 f  IDEX_rs_rt_rd/bit25/DFF0/q_i_2__6_comp/O
                         net (fo=4, routed)           0.359    16.710    IDEX_rs_rt_rd/bit25/DFF0/q_i_2__6_n_0
    SLICE_X26Y15         LUT4 (Prop_lut4_I0_O)        0.105    16.815 f  IDEX_rs_rt_rd/bit25/DFF0/q_i_2__5/O
                         net (fo=2, routed)           0.130    16.946    IDEX_rs_rt_rd/bit25/DFF0/q_i_2__5_n_0
    SLICE_X26Y15         LUT5 (Prop_lut5_I2_O)        0.105    17.051 r  IDEX_rs_rt_rd/bit25/DFF0/q_i_2__37/O
                         net (fo=4, routed)           0.364    17.415    IDEX_rs_rt_rd/bit25/DFF0/q_i_2__37_n_0
    SLICE_X27Y14         LUT5 (Prop_lut5_I0_O)        0.105    17.520 f  IDEX_rs_rt_rd/bit25/DFF0/q_i_1__148_replica/O
                         net (fo=1, routed)           0.510    18.030    IDEX_rs_rt_rd/bit25/DFF0/q_reg_8[26]_repN
    SLICE_X25Y15         LUT6 (Prop_lut6_I2_O)        0.105    18.135 f  IDEX_rs_rt_rd/bit25/DFF0/ZeroFlag_OBUF_inst_i_2_rewire_comp/O
                         net (fo=9, routed)           0.403    18.538    IDEX_rs_rt_rd/bit25/DFF0/ZeroFlag_OBUF_inst_i_2_n_0
    SLICE_X26Y17         LUT5 (Prop_lut5_I3_O)        0.105    18.643 r  IDEX_rs_rt_rd/bit25/DFF0/q_i_4__5_rewire/O
                         net (fo=9, routed)           0.308    18.951    IFID_Instruction/bit29/DFF0/q_reg_2_alias
    SLICE_X26Y18         LUT4 (Prop_lut4_I2_O)        0.105    19.056 r  IFID_Instruction/bit29/DFF0/q_i_1__130_comp/O
                         net (fo=1, routed)           0.000    19.056    IDEX_RegWrite/DFF0/ID_RegWrite
    SLICE_X26Y18         FDCE                                         r  IDEX_RegWrite/DFF0/q_reg/D
  -------------------------------------------------------------------    -------------------

                         (clock CC2 rise edge)       17.000    17.000 r  
    AF8                                               0.000    17.000 r  clk (IN)
                         net (fo=0)                   0.000    17.000    clk
    AF8                  IBUF (Prop_ibuf_I_O)         1.250    18.250 r  clk_IBUF_inst/O
                         net (fo=1, routed)           1.877    20.127    clk_IBUF
    BUFGCTRL_X0Y0        BUFG (Prop_bufg_I_O)         0.077    20.204 r  clk_IBUF_BUFG_inst/O
                         net (fo=9084, routed)        1.400    21.604    IDEX_RegWrite/DFF0/clk_IBUF_BUFG
    SLICE_X26Y18         FDCE                                         r  IDEX_RegWrite/DFF0/q_reg/C
                         clock pessimism              0.241    21.845    
                         clock uncertainty           -0.035    21.810    
    SLICE_X26Y18         FDCE (Setup_fdce_C_D)        0.032    21.842    IDEX_RegWrite/DFF0/q_reg
  -------------------------------------------------------------------
                         required time                         21.842    
                         arrival time                         -19.056    
  -------------------------------------------------------------------
                         slack                                  2.786    

Slack (MET) :             2.788ns  (required time - arrival time)
  Source:                 MEMWB_WriteRegister2/DFF0/q_reg/C
                            (rising edge-triggered cell FDCE clocked by CC2  {rise@0.000ns fall@8.500ns period=17.000ns})
  Destination:            IDEX_MemRead/DFF0/q_reg/D
                            (rising edge-triggered cell FDCE clocked by CC2  {rise@0.000ns fall@8.500ns period=17.000ns})
  Path Group:             CC2
  Path Type:              Setup (Max at Slow Process Corner)
  Requirement:            17.000ns  (CC2 rise@17.000ns - CC2 rise@0.000ns)
  Data Path Delay:        14.161ns  (logic 3.634ns (25.663%)  route 10.527ns (74.337%))
  Logic Levels:           31  (LUT3=1 LUT4=20 LUT5=6 LUT6=4)
  Clock Path Skew:        -0.046ns (DCD - SCD + CPR)
    Destination Clock Delay (DCD):    4.604ns = ( 21.604 - 17.000 ) 
    Source Clock Delay      (SCD):    4.891ns
    Clock Pessimism Removal (CPR):    0.241ns
  Clock Uncertainty:      0.035ns  ((TSJ^2 + TIJ^2)^1/2 + DJ) / 2 + PE
    Total System Jitter     (TSJ):    0.071ns
    Total Input Jitter      (TIJ):    0.000ns
    Discrete Jitter          (DJ):    0.000ns
    Phase Error              (PE):    0.000ns

    Location             Delay type                Incr(ns)  Path(ns)    Netlist Resource(s)
  -------------------------------------------------------------------    -------------------
                         (clock CC2 rise edge)        0.000     0.000 r  
    AF8                                               0.000     0.000 r  clk (IN)
                         net (fo=0)                   0.000     0.000    clk
    AF8                  IBUF (Prop_ibuf_I_O)         1.310     1.310 r  clk_IBUF_inst/O
                         net (fo=1, routed)           1.981     3.291    clk_IBUF
    BUFGCTRL_X0Y0        BUFG (Prop_bufg_I_O)         0.081     3.372 r  clk_IBUF_BUFG_inst/O
                         net (fo=9084, routed)        1.519     4.891    MEMWB_WriteRegister2/DFF0/clk_IBUF_BUFG
    SLICE_X13Y18         FDCE                                         r  MEMWB_WriteRegister2/DFF0/q_reg/C
  -------------------------------------------------------------------    -------------------
    SLICE_X13Y18         FDCE (Prop_fdce_C_Q)         0.379     5.270 r  MEMWB_WriteRegister2/DFF0/q_reg/Q
                         net (fo=22, routed)          0.841     6.111    IDEX_rs_rt_rd/bit17/DFF0/WB_WriteRegister[2]
    SLICE_X13Y18         LUT6 (Prop_lut6_I2_O)        0.105     6.216 r  IDEX_rs_rt_rd/bit17/DFF0/q_i_7__0/O
                         net (fo=1, routed)           0.112     6.328    IDEX_rs_rt_rd/bit17/DFF0/q_i_7__0_n_0
    SLICE_X13Y18         LUT5 (Prop_lut5_I1_O)        0.105     6.433 r  IDEX_rs_rt_rd/bit17/DFF0/q_i_3__30/O
                         net (fo=39, routed)          0.703     7.136    IDEX_rs_rt_rd/bit20/DFF0/q_reg_10
    SLICE_X18Y18         LUT6 (Prop_lut6_I1_O)        0.105     7.241 r  IDEX_rs_rt_rd/bit20/DFF0/q_i_1__225/O
                         net (fo=2, routed)           0.258     7.499    IDEX_Im16_Ext/bit1/DFF0/Bus_B_forwarded[0]
    SLICE_X20Y18         LUT3 (Prop_lut3_I2_O)        0.105     7.604 r  IDEX_Im16_Ext/bit1/DFF0/q_i_2__29/O
                         net (fo=2, routed)           0.408     8.012    IDEX_rs_rt_rd/bit25/DFF0/q_reg_51
    SLICE_X21Y18         LUT5 (Prop_lut5_I4_O)        0.105     8.117 f  IDEX_rs_rt_rd/bit25/DFF0/q_i_2__33/O
                         net (fo=2, routed)           0.126     8.244    IDEX_rs_rt_rd/bit25/DFF0/q_i_2__33_n_0
    SLICE_X21Y18         LUT4 (Prop_lut4_I0_O)        0.105     8.349 f  IDEX_rs_rt_rd/bit25/DFF0/q_i_2__28/O
                         net (fo=2, routed)           0.324     8.672    IDEX_rs_rt_rd/bit25/DFF0/q_i_2__28_n_0
    SLICE_X21Y17         LUT4 (Prop_lut4_I0_O)        0.105     8.777 f  IDEX_rs_rt_rd/bit25/DFF0/q_i_2__27/O
                         net (fo=2, routed)           0.127     8.904    IDEX_rs_rt_rd/bit25/DFF0/q_i_2__27_n_0
    SLICE_X21Y17         LUT4 (Prop_lut4_I0_O)        0.105     9.009 f  IDEX_rs_rt_rd/bit25/DFF0/q_i_2__26/O
                         net (fo=2, routed)           0.351     9.360    IDEX_rs_rt_rd/bit25/DFF0/q_i_2__26_n_0
    SLICE_X22Y16         LUT4 (Prop_lut4_I0_O)        0.105     9.465 f  IDEX_rs_rt_rd/bit25/DFF0/q_i_2__25/O
                         net (fo=2, routed)           0.137     9.602    IDEX_rs_rt_rd/bit25/DFF0/q_i_2__25_n_0
    SLICE_X22Y16         LUT4 (Prop_lut4_I0_O)        0.105     9.707 f  IDEX_rs_rt_rd/bit25/DFF0/q_i_2__24/O
                         net (fo=2, routed)           0.376    10.083    IDEX_rs_rt_rd/bit25/DFF0/q_i_2__24_n_0
    SLICE_X19Y17         LUT4 (Prop_lut4_I0_O)        0.105    10.188 f  IDEX_rs_rt_rd/bit25/DFF0/q_i_2__23/O
                         net (fo=2, routed)           0.386    10.574    IDEX_rs_rt_rd/bit25/DFF0/q_i_2__23_n_0
    SLICE_X18Y17         LUT4 (Prop_lut4_I0_O)        0.105    10.679 f  IDEX_rs_rt_rd/bit25/DFF0/q_i_2__22/O
                         net (fo=2, routed)           0.233    10.913    IDEX_rs_rt_rd/bit25/DFF0/q_i_2__22_n_0
    SLICE_X19Y17         LUT4 (Prop_lut4_I0_O)        0.105    11.018 f  IDEX_rs_rt_rd/bit25/DFF0/q_i_2__21/O
                         net (fo=2, routed)           0.242    11.260    IDEX_rs_rt_rd/bit25/DFF0/q_i_2__21_n_0
    SLICE_X18Y16         LUT4 (Prop_lut4_I0_O)        0.105    11.365 f  IDEX_rs_rt_rd/bit25/DFF0/q_i_2__20/O
                         net (fo=2, routed)           0.235    11.600    IDEX_rs_rt_rd/bit25/DFF0/q_i_2__20_n_0
    SLICE_X19Y16         LUT4 (Prop_lut4_I0_O)        0.105    11.705 f  IDEX_rs_rt_rd/bit25/DFF0/q_i_2__19/O
                         net (fo=2, routed)           0.355    12.060    IDEX_rs_rt_rd/bit25/DFF0/q_i_2__19_n_0
    SLICE_X16Y15         LUT4 (Prop_lut4_I0_O)        0.105    12.165 f  IDEX_rs_rt_rd/bit25/DFF0/q_i_2__18/O
                         net (fo=2, routed)           0.230    12.395    IDEX_rs_rt_rd/bit25/DFF0/q_i_2__18_n_0
    SLICE_X17Y15         LUT4 (Prop_lut4_I0_O)        0.105    12.500 f  IDEX_rs_rt_rd/bit25/DFF0/q_i_2__17/O
                         net (fo=2, routed)           0.357    12.857    IDEX_rs_rt_rd/bit25/DFF0/q_i_2__17_n_0
    SLICE_X17Y16         LUT4 (Prop_lut4_I0_O)        0.105    12.962 f  IDEX_rs_rt_rd/bit25/DFF0/q_i_2__16/O
                         net (fo=2, routed)           0.386    13.348    IDEX_rs_rt_rd/bit25/DFF0/q_i_2__16_n_0
    SLICE_X16Y16         LUT4 (Prop_lut4_I0_O)        0.105    13.453 f  IDEX_rs_rt_rd/bit25/DFF0/q_i_2__15/O
                         net (fo=2, routed)           0.369    13.822    IDEX_rs_rt_rd/bit25/DFF0/q_i_2__15_n_0
    SLICE_X15Y16         LUT4 (Prop_lut4_I0_O)        0.105    13.927 f  IDEX_rs_rt_rd/bit25/DFF0/q_i_2__14/O
                         net (fo=2, routed)           0.430    14.357    IDEX_rs_rt_rd/bit25/DFF0/q_i_2__14_n_0
    SLICE_X14Y16         LUT4 (Prop_lut4_I0_O)        0.105    14.462 f  IDEX_rs_rt_rd/bit25/DFF0/q_i_2__13/O
                         net (fo=2, routed)           0.335    14.798    IDEX_rs_rt_rd/bit25/DFF0/q_i_2__13_n_0
    SLICE_X13Y15         LUT4 (Prop_lut4_I0_O)        0.105    14.903 f  IDEX_rs_rt_rd/bit25/DFF0/q_i_2__12/O
                         net (fo=2, routed)           0.386    15.289    IDEX_rs_rt_rd/bit25/DFF0/q_i_2__12_n_0
    SLICE_X12Y15         LUT4 (Prop_lut4_I0_O)        0.105    15.394 f  IDEX_rs_rt_rd/bit25/DFF0/q_i_2__11/O
                         net (fo=2, routed)           0.238    15.632    IDEX_rs_rt_rd/bit25/DFF0/q_i_2__11_n_0
    SLICE_X15Y15         LUT4 (Prop_lut4_I0_O)        0.105    15.737 f  IDEX_rs_rt_rd/bit25/DFF0/q_i_2__10/O
                         net (fo=3, routed)           0.510    16.246    IDEX_rs_rt_rd/bit25/DFF0/q_i_2__10_n_0
    SLICE_X23Y15         LUT5 (Prop_lut5_I2_O)        0.105    16.351 f  IDEX_rs_rt_rd/bit25/DFF0/q_i_2__6_comp/O
                         net (fo=4, routed)           0.359    16.710    IDEX_rs_rt_rd/bit25/DFF0/q_i_2__6_n_0
    SLICE_X26Y15         LUT4 (Prop_lut4_I0_O)        0.105    16.815 f  IDEX_rs_rt_rd/bit25/DFF0/q_i_2__5/O
                         net (fo=2, routed)           0.130    16.946    IDEX_rs_rt_rd/bit25/DFF0/q_i_2__5_n_0
    SLICE_X26Y15         LUT5 (Prop_lut5_I2_O)        0.105    17.051 r  IDEX_rs_rt_rd/bit25/DFF0/q_i_2__37/O
                         net (fo=4, routed)           0.364    17.415    IDEX_rs_rt_rd/bit25/DFF0/q_i_2__37_n_0
    SLICE_X27Y14         LUT5 (Prop_lut5_I0_O)        0.105    17.520 f  IDEX_rs_rt_rd/bit25/DFF0/q_i_1__148_replica/O
                         net (fo=1, routed)           0.510    18.030    IDEX_rs_rt_rd/bit25/DFF0/q_reg_8[26]_repN
    SLICE_X25Y15         LUT6 (Prop_lut6_I2_O)        0.105    18.135 f  IDEX_rs_rt_rd/bit25/DFF0/ZeroFlag_OBUF_inst_i_2_rewire_comp/O
                         net (fo=9, routed)           0.403    18.538    IDEX_rs_rt_rd/bit25/DFF0/ZeroFlag_OBUF_inst_i_2_n_0
    SLICE_X26Y17         LUT5 (Prop_lut5_I3_O)        0.105    18.643 r  IDEX_rs_rt_rd/bit25/DFF0/q_i_4__5_rewire/O
                         net (fo=9, routed)           0.304    18.947    IFID_Instruction/bit27/DFF0/q_reg_2_alias
    SLICE_X27Y18         LUT6 (Prop_lut6_I4_O)        0.105    19.052 r  IFID_Instruction/bit27/DFF0/q_i_1__141_comp/O
                         net (fo=1, routed)           0.000    19.052    IDEX_MemRead/DFF0/ID_MemRead
    SLICE_X27Y18         FDCE                                         r  IDEX_MemRead/DFF0/q_reg/D
  -------------------------------------------------------------------    -------------------

                         (clock CC2 rise edge)       17.000    17.000 r  
    AF8                                               0.000    17.000 r  clk (IN)
                         net (fo=0)                   0.000    17.000    clk
    AF8                  IBUF (Prop_ibuf_I_O)         1.250    18.250 r  clk_IBUF_inst/O
                         net (fo=1, routed)           1.877    20.127    clk_IBUF
    BUFGCTRL_X0Y0        BUFG (Prop_bufg_I_O)         0.077    20.204 r  clk_IBUF_BUFG_inst/O
                         net (fo=9084, routed)        1.400    21.604    IDEX_MemRead/DFF0/clk_IBUF_BUFG
    SLICE_X27Y18         FDCE                                         r  IDEX_MemRead/DFF0/q_reg/C
                         clock pessimism              0.241    21.845    
                         clock uncertainty           -0.035    21.810    
    SLICE_X27Y18         FDCE (Setup_fdce_C_D)        0.030    21.840    IDEX_MemRead/DFF0/q_reg
  -------------------------------------------------------------------
                         required time                         21.840    
                         arrival time                         -19.052    
  -------------------------------------------------------------------
                         slack                                  2.788    

Slack (MET) :             2.789ns  (required time - arrival time)
  Source:                 MEMWB_WriteRegister2/DFF0/q_reg/C
                            (rising edge-triggered cell FDCE clocked by CC2  {rise@0.000ns fall@8.500ns period=17.000ns})
  Destination:            PC_Reg/bit2/DFF0/q_reg/D
                            (rising edge-triggered cell FDCE clocked by CC2  {rise@0.000ns fall@8.500ns period=17.000ns})
  Path Group:             CC2
  Path Type:              Setup (Max at Slow Process Corner)
  Requirement:            17.000ns  (CC2 rise@17.000ns - CC2 rise@0.000ns)
  Data Path Delay:        14.161ns  (logic 3.634ns (25.662%)  route 10.527ns (74.338%))
  Logic Levels:           31  (LUT3=1 LUT4=20 LUT5=6 LUT6=4)
  Clock Path Skew:        -0.045ns (DCD - SCD + CPR)
    Destination Clock Delay (DCD):    4.605ns = ( 21.605 - 17.000 ) 
    Source Clock Delay      (SCD):    4.891ns
    Clock Pessimism Removal (CPR):    0.241ns
  Clock Uncertainty:      0.035ns  ((TSJ^2 + TIJ^2)^1/2 + DJ) / 2 + PE
    Total System Jitter     (TSJ):    0.071ns
    Total Input Jitter      (TIJ):    0.000ns
    Discrete Jitter          (DJ):    0.000ns
    Phase Error              (PE):    0.000ns

    Location             Delay type                Incr(ns)  Path(ns)    Netlist Resource(s)
  -------------------------------------------------------------------    -------------------
                         (clock CC2 rise edge)        0.000     0.000 r  
    AF8                                               0.000     0.000 r  clk (IN)
                         net (fo=0)                   0.000     0.000    clk
    AF8                  IBUF (Prop_ibuf_I_O)         1.310     1.310 r  clk_IBUF_inst/O
                         net (fo=1, routed)           1.981     3.291    clk_IBUF
    BUFGCTRL_X0Y0        BUFG (Prop_bufg_I_O)         0.081     3.372 r  clk_IBUF_BUFG_inst/O
                         net (fo=9084, routed)        1.519     4.891    MEMWB_WriteRegister2/DFF0/clk_IBUF_BUFG
    SLICE_X13Y18         FDCE                                         r  MEMWB_WriteRegister2/DFF0/q_reg/C
  -------------------------------------------------------------------    -------------------
    SLICE_X13Y18         FDCE (Prop_fdce_C_Q)         0.379     5.270 r  MEMWB_WriteRegister2/DFF0/q_reg/Q
                         net (fo=22, routed)          0.841     6.111    IDEX_rs_rt_rd/bit17/DFF0/WB_WriteRegister[2]
    SLICE_X13Y18         LUT6 (Prop_lut6_I2_O)        0.105     6.216 r  IDEX_rs_rt_rd/bit17/DFF0/q_i_7__0/O
                         net (fo=1, routed)           0.112     6.328    IDEX_rs_rt_rd/bit17/DFF0/q_i_7__0_n_0
    SLICE_X13Y18         LUT5 (Prop_lut5_I1_O)        0.105     6.433 r  IDEX_rs_rt_rd/bit17/DFF0/q_i_3__30/O
                         net (fo=39, routed)          0.703     7.136    IDEX_rs_rt_rd/bit20/DFF0/q_reg_10
    SLICE_X18Y18         LUT6 (Prop_lut6_I1_O)        0.105     7.241 r  IDEX_rs_rt_rd/bit20/DFF0/q_i_1__225/O
                         net (fo=2, routed)           0.258     7.499    IDEX_Im16_Ext/bit1/DFF0/Bus_B_forwarded[0]
    SLICE_X20Y18         LUT3 (Prop_lut3_I2_O)        0.105     7.604 r  IDEX_Im16_Ext/bit1/DFF0/q_i_2__29/O
                         net (fo=2, routed)           0.408     8.012    IDEX_rs_rt_rd/bit25/DFF0/q_reg_51
    SLICE_X21Y18         LUT5 (Prop_lut5_I4_O)        0.105     8.117 f  IDEX_rs_rt_rd/bit25/DFF0/q_i_2__33/O
                         net (fo=2, routed)           0.126     8.244    IDEX_rs_rt_rd/bit25/DFF0/q_i_2__33_n_0
    SLICE_X21Y18         LUT4 (Prop_lut4_I0_O)        0.105     8.349 f  IDEX_rs_rt_rd/bit25/DFF0/q_i_2__28/O
                         net (fo=2, routed)           0.324     8.672    IDEX_rs_rt_rd/bit25/DFF0/q_i_2__28_n_0
    SLICE_X21Y17         LUT4 (Prop_lut4_I0_O)        0.105     8.777 f  IDEX_rs_rt_rd/bit25/DFF0/q_i_2__27/O
                         net (fo=2, routed)           0.127     8.904    IDEX_rs_rt_rd/bit25/DFF0/q_i_2__27_n_0
    SLICE_X21Y17         LUT4 (Prop_lut4_I0_O)        0.105     9.009 f  IDEX_rs_rt_rd/bit25/DFF0/q_i_2__26/O
                         net (fo=2, routed)           0.351     9.360    IDEX_rs_rt_rd/bit25/DFF0/q_i_2__26_n_0
    SLICE_X22Y16         LUT4 (Prop_lut4_I0_O)        0.105     9.465 f  IDEX_rs_rt_rd/bit25/DFF0/q_i_2__25/O
                         net (fo=2, routed)           0.137     9.602    IDEX_rs_rt_rd/bit25/DFF0/q_i_2__25_n_0
    SLICE_X22Y16         LUT4 (Prop_lut4_I0_O)        0.105     9.707 f  IDEX_rs_rt_rd/bit25/DFF0/q_i_2__24/O
                         net (fo=2, routed)           0.376    10.083    IDEX_rs_rt_rd/bit25/DFF0/q_i_2__24_n_0
    SLICE_X19Y17         LUT4 (Prop_lut4_I0_O)        0.105    10.188 f  IDEX_rs_rt_rd/bit25/DFF0/q_i_2__23/O
                         net (fo=2, routed)           0.386    10.574    IDEX_rs_rt_rd/bit25/DFF0/q_i_2__23_n_0
    SLICE_X18Y17         LUT4 (Prop_lut4_I0_O)        0.105    10.679 f  IDEX_rs_rt_rd/bit25/DFF0/q_i_2__22/O
                         net (fo=2, routed)           0.233    10.913    IDEX_rs_rt_rd/bit25/DFF0/q_i_2__22_n_0
    SLICE_X19Y17         LUT4 (Prop_lut4_I0_O)        0.105    11.018 f  IDEX_rs_rt_rd/bit25/DFF0/q_i_2__21/O
                         net (fo=2, routed)           0.242    11.260    IDEX_rs_rt_rd/bit25/DFF0/q_i_2__21_n_0
    SLICE_X18Y16         LUT4 (Prop_lut4_I0_O)        0.105    11.365 f  IDEX_rs_rt_rd/bit25/DFF0/q_i_2__20/O
                         net (fo=2, routed)           0.235    11.600    IDEX_rs_rt_rd/bit25/DFF0/q_i_2__20_n_0
    SLICE_X19Y16         LUT4 (Prop_lut4_I0_O)        0.105    11.705 f  IDEX_rs_rt_rd/bit25/DFF0/q_i_2__19/O
                         net (fo=2, routed)           0.355    12.060    IDEX_rs_rt_rd/bit25/DFF0/q_i_2__19_n_0
    SLICE_X16Y15         LUT4 (Prop_lut4_I0_O)        0.105    12.165 f  IDEX_rs_rt_rd/bit25/DFF0/q_i_2__18/O
                         net (fo=2, routed)           0.230    12.395    IDEX_rs_rt_rd/bit25/DFF0/q_i_2__18_n_0
    SLICE_X17Y15         LUT4 (Prop_lut4_I0_O)        0.105    12.500 f  IDEX_rs_rt_rd/bit25/DFF0/q_i_2__17/O
                         net (fo=2, routed)           0.357    12.857    IDEX_rs_rt_rd/bit25/DFF0/q_i_2__17_n_0
    SLICE_X17Y16         LUT4 (Prop_lut4_I0_O)        0.105    12.962 f  IDEX_rs_rt_rd/bit25/DFF0/q_i_2__16/O
                         net (fo=2, routed)           0.386    13.348    IDEX_rs_rt_rd/bit25/DFF0/q_i_2__16_n_0
    SLICE_X16Y16         LUT4 (Prop_lut4_I0_O)        0.105    13.453 f  IDEX_rs_rt_rd/bit25/DFF0/q_i_2__15/O
                         net (fo=2, routed)           0.369    13.822    IDEX_rs_rt_rd/bit25/DFF0/q_i_2__15_n_0
    SLICE_X15Y16         LUT4 (Prop_lut4_I0_O)        0.105    13.927 f  IDEX_rs_rt_rd/bit25/DFF0/q_i_2__14/O
                         net (fo=2, routed)           0.430    14.357    IDEX_rs_rt_rd/bit25/DFF0/q_i_2__14_n_0
    SLICE_X14Y16         LUT4 (Prop_lut4_I0_O)        0.105    14.462 f  IDEX_rs_rt_rd/bit25/DFF0/q_i_2__13/O
                         net (fo=2, routed)           0.335    14.798    IDEX_rs_rt_rd/bit25/DFF0/q_i_2__13_n_0
    SLICE_X13Y15         LUT4 (Prop_lut4_I0_O)        0.105    14.903 f  IDEX_rs_rt_rd/bit25/DFF0/q_i_2__12/O
                         net (fo=2, routed)           0.386    15.289    IDEX_rs_rt_rd/bit25/DFF0/q_i_2__12_n_0
    SLICE_X12Y15         LUT4 (Prop_lut4_I0_O)        0.105    15.394 f  IDEX_rs_rt_rd/bit25/DFF0/q_i_2__11/O
                         net (fo=2, routed)           0.238    15.632    IDEX_rs_rt_rd/bit25/DFF0/q_i_2__11_n_0
    SLICE_X15Y15         LUT4 (Prop_lut4_I0_O)        0.105    15.737 f  IDEX_rs_rt_rd/bit25/DFF0/q_i_2__10/O
                         net (fo=3, routed)           0.510    16.246    IDEX_rs_rt_rd/bit25/DFF0/q_i_2__10_n_0
    SLICE_X23Y15         LUT5 (Prop_lut5_I2_O)        0.105    16.351 f  IDEX_rs_rt_rd/bit25/DFF0/q_i_2__6_comp/O
                         net (fo=4, routed)           0.359    16.710    IDEX_rs_rt_rd/bit25/DFF0/q_i_2__6_n_0
    SLICE_X26Y15         LUT4 (Prop_lut4_I0_O)        0.105    16.815 f  IDEX_rs_rt_rd/bit25/DFF0/q_i_2__5/O
                         net (fo=2, routed)           0.130    16.946    IDEX_rs_rt_rd/bit25/DFF0/q_i_2__5_n_0
    SLICE_X26Y15         LUT5 (Prop_lut5_I2_O)        0.105    17.051 r  IDEX_rs_rt_rd/bit25/DFF0/q_i_2__37/O
                         net (fo=4, routed)           0.364    17.415    IDEX_rs_rt_rd/bit25/DFF0/q_i_2__37_n_0
    SLICE_X27Y14         LUT5 (Prop_lut5_I0_O)        0.105    17.520 r  IDEX_rs_rt_rd/bit25/DFF0/q_i_1__148_replica/O
                         net (fo=1, routed)           0.510    18.030    IDEX_rs_rt_rd/bit25/DFF0/q_reg_8[26]_repN
    SLICE_X25Y15         LUT6 (Prop_lut6_I2_O)        0.105    18.135 r  IDEX_rs_rt_rd/bit25/DFF0/ZeroFlag_OBUF_inst_i_2_rewire_comp/O
                         net (fo=9, routed)           0.364    18.499    IDEX_rs_rt_rd/bit25/DFF0/ZeroFlag_OBUF_inst_i_2_n_0
    SLICE_X24Y16         LUT5 (Prop_lut5_I3_O)        0.105    18.604 r  IDEX_rs_rt_rd/bit25/DFF0/JumpControl_OBUF_inst_i_3_rewire/O
                         net (fo=5, routed)           0.343    18.947    IDEX_rs_rt_rd/bit25/DFF0/q_reg_3
    SLICE_X25Y17         LUT6 (Prop_lut6_I5_O)        0.105    19.052 r  IDEX_rs_rt_rd/bit25/DFF0/q_i_2__2_comp/O
                         net (fo=1, routed)           0.000    19.052    PC_Reg/bit2/DFF0/q_reg_4
    SLICE_X25Y17         FDCE                                         r  PC_Reg/bit2/DFF0/q_reg/D
  -------------------------------------------------------------------    -------------------

                         (clock CC2 rise edge)       17.000    17.000 r  
    AF8                                               0.000    17.000 r  clk (IN)
                         net (fo=0)                   0.000    17.000    clk
    AF8                  IBUF (Prop_ibuf_I_O)         1.250    18.250 r  clk_IBUF_inst/O
                         net (fo=1, routed)           1.877    20.127    clk_IBUF
    BUFGCTRL_X0Y0        BUFG (Prop_bufg_I_O)         0.077    20.204 r  clk_IBUF_BUFG_inst/O
                         net (fo=9084, routed)        1.401    21.605    PC_Reg/bit2/DFF0/clk_IBUF_BUFG
    SLICE_X25Y17         FDCE                                         r  PC_Reg/bit2/DFF0/q_reg/C
                         clock pessimism              0.241    21.846    
                         clock uncertainty           -0.035    21.811    
    SLICE_X25Y17         FDCE (Setup_fdce_C_D)        0.030    21.841    PC_Reg/bit2/DFF0/q_reg
  -------------------------------------------------------------------
                         required time                         21.841    
                         arrival time                         -19.052    
  -------------------------------------------------------------------
                         slack                                  2.789    

Slack (MET) :             2.793ns  (required time - arrival time)
  Source:                 MEMWB_WriteRegister2/DFF0/q_reg/C
                            (rising edge-triggered cell FDCE clocked by CC2  {rise@0.000ns fall@8.500ns period=17.000ns})
  Destination:            IDEX_ALUOp0/DFF0/q_reg/D
                            (rising edge-triggered cell FDCE clocked by CC2  {rise@0.000ns fall@8.500ns period=17.000ns})
  Path Group:             CC2
  Path Type:              Setup (Max at Slow Process Corner)
  Requirement:            17.000ns  (CC2 rise@17.000ns - CC2 rise@0.000ns)
  Data Path Delay:        14.158ns  (logic 3.634ns (25.668%)  route 10.524ns (74.332%))
  Logic Levels:           31  (LUT3=1 LUT4=20 LUT5=6 LUT6=4)
  Clock Path Skew:        -0.046ns (DCD - SCD + CPR)
    Destination Clock Delay (DCD):    4.604ns = ( 21.604 - 17.000 ) 
    Source Clock Delay      (SCD):    4.891ns
    Clock Pessimism Removal (CPR):    0.241ns
  Clock Uncertainty:      0.035ns  ((TSJ^2 + TIJ^2)^1/2 + DJ) / 2 + PE
    Total System Jitter     (TSJ):    0.071ns
    Total Input Jitter      (TIJ):    0.000ns
    Discrete Jitter          (DJ):    0.000ns
    Phase Error              (PE):    0.000ns

    Location             Delay type                Incr(ns)  Path(ns)    Netlist Resource(s)
  -------------------------------------------------------------------    -------------------
                         (clock CC2 rise edge)        0.000     0.000 r  
    AF8                                               0.000     0.000 r  clk (IN)
                         net (fo=0)                   0.000     0.000    clk
    AF8                  IBUF (Prop_ibuf_I_O)         1.310     1.310 r  clk_IBUF_inst/O
                         net (fo=1, routed)           1.981     3.291    clk_IBUF
    BUFGCTRL_X0Y0        BUFG (Prop_bufg_I_O)         0.081     3.372 r  clk_IBUF_BUFG_inst/O
                         net (fo=9084, routed)        1.519     4.891    MEMWB_WriteRegister2/DFF0/clk_IBUF_BUFG
    SLICE_X13Y18         FDCE                                         r  MEMWB_WriteRegister2/DFF0/q_reg/C
  -------------------------------------------------------------------    -------------------
    SLICE_X13Y18         FDCE (Prop_fdce_C_Q)         0.379     5.270 r  MEMWB_WriteRegister2/DFF0/q_reg/Q
                         net (fo=22, routed)          0.841     6.111    IDEX_rs_rt_rd/bit17/DFF0/WB_WriteRegister[2]
    SLICE_X13Y18         LUT6 (Prop_lut6_I2_O)        0.105     6.216 r  IDEX_rs_rt_rd/bit17/DFF0/q_i_7__0/O
                         net (fo=1, routed)           0.112     6.328    IDEX_rs_rt_rd/bit17/DFF0/q_i_7__0_n_0
    SLICE_X13Y18         LUT5 (Prop_lut5_I1_O)        0.105     6.433 r  IDEX_rs_rt_rd/bit17/DFF0/q_i_3__30/O
                         net (fo=39, routed)          0.703     7.136    IDEX_rs_rt_rd/bit20/DFF0/q_reg_10
    SLICE_X18Y18         LUT6 (Prop_lut6_I1_O)        0.105     7.241 r  IDEX_rs_rt_rd/bit20/DFF0/q_i_1__225/O
                         net (fo=2, routed)           0.258     7.499    IDEX_Im16_Ext/bit1/DFF0/Bus_B_forwarded[0]
    SLICE_X20Y18         LUT3 (Prop_lut3_I2_O)        0.105     7.604 r  IDEX_Im16_Ext/bit1/DFF0/q_i_2__29/O
                         net (fo=2, routed)           0.408     8.012    IDEX_rs_rt_rd/bit25/DFF0/q_reg_51
    SLICE_X21Y18         LUT5 (Prop_lut5_I4_O)        0.105     8.117 f  IDEX_rs_rt_rd/bit25/DFF0/q_i_2__33/O
                         net (fo=2, routed)           0.126     8.244    IDEX_rs_rt_rd/bit25/DFF0/q_i_2__33_n_0
    SLICE_X21Y18         LUT4 (Prop_lut4_I0_O)        0.105     8.349 f  IDEX_rs_rt_rd/bit25/DFF0/q_i_2__28/O
                         net (fo=2, routed)           0.324     8.672    IDEX_rs_rt_rd/bit25/DFF0/q_i_2__28_n_0
    SLICE_X21Y17         LUT4 (Prop_lut4_I0_O)        0.105     8.777 f  IDEX_rs_rt_rd/bit25/DFF0/q_i_2__27/O
                         net (fo=2, routed)           0.127     8.904    IDEX_rs_rt_rd/bit25/DFF0/q_i_2__27_n_0
    SLICE_X21Y17         LUT4 (Prop_lut4_I0_O)        0.105     9.009 f  IDEX_rs_rt_rd/bit25/DFF0/q_i_2__26/O
                         net (fo=2, routed)           0.351     9.360    IDEX_rs_rt_rd/bit25/DFF0/q_i_2__26_n_0
    SLICE_X22Y16         LUT4 (Prop_lut4_I0_O)        0.105     9.465 f  IDEX_rs_rt_rd/bit25/DFF0/q_i_2__25/O
                         net (fo=2, routed)           0.137     9.602    IDEX_rs_rt_rd/bit25/DFF0/q_i_2__25_n_0
    SLICE_X22Y16         LUT4 (Prop_lut4_I0_O)        0.105     9.707 f  IDEX_rs_rt_rd/bit25/DFF0/q_i_2__24/O
                         net (fo=2, routed)           0.376    10.083    IDEX_rs_rt_rd/bit25/DFF0/q_i_2__24_n_0
    SLICE_X19Y17         LUT4 (Prop_lut4_I0_O)        0.105    10.188 f  IDEX_rs_rt_rd/bit25/DFF0/q_i_2__23/O
                         net (fo=2, routed)           0.386    10.574    IDEX_rs_rt_rd/bit25/DFF0/q_i_2__23_n_0
    SLICE_X18Y17         LUT4 (Prop_lut4_I0_O)        0.105    10.679 f  IDEX_rs_rt_rd/bit25/DFF0/q_i_2__22/O
                         net (fo=2, routed)           0.233    10.913    IDEX_rs_rt_rd/bit25/DFF0/q_i_2__22_n_0
    SLICE_X19Y17         LUT4 (Prop_lut4_I0_O)        0.105    11.018 f  IDEX_rs_rt_rd/bit25/DFF0/q_i_2__21/O
                         net (fo=2, routed)           0.242    11.260    IDEX_rs_rt_rd/bit25/DFF0/q_i_2__21_n_0
    SLICE_X18Y16         LUT4 (Prop_lut4_I0_O)        0.105    11.365 f  IDEX_rs_rt_rd/bit25/DFF0/q_i_2__20/O
                         net (fo=2, routed)           0.235    11.600    IDEX_rs_rt_rd/bit25/DFF0/q_i_2__20_n_0
    SLICE_X19Y16         LUT4 (Prop_lut4_I0_O)        0.105    11.705 f  IDEX_rs_rt_rd/bit25/DFF0/q_i_2__19/O
                         net (fo=2, routed)           0.355    12.060    IDEX_rs_rt_rd/bit25/DFF0/q_i_2__19_n_0
    SLICE_X16Y15         LUT4 (Prop_lut4_I0_O)        0.105    12.165 f  IDEX_rs_rt_rd/bit25/DFF0/q_i_2__18/O
                         net (fo=2, routed)           0.230    12.395    IDEX_rs_rt_rd/bit25/DFF0/q_i_2__18_n_0
    SLICE_X17Y15         LUT4 (Prop_lut4_I0_O)        0.105    12.500 f  IDEX_rs_rt_rd/bit25/DFF0/q_i_2__17/O
                         net (fo=2, routed)           0.357    12.857    IDEX_rs_rt_rd/bit25/DFF0/q_i_2__17_n_0
    SLICE_X17Y16         LUT4 (Prop_lut4_I0_O)        0.105    12.962 f  IDEX_rs_rt_rd/bit25/DFF0/q_i_2__16/O
                         net (fo=2, routed)           0.386    13.348    IDEX_rs_rt_rd/bit25/DFF0/q_i_2__16_n_0
    SLICE_X16Y16         LUT4 (Prop_lut4_I0_O)        0.105    13.453 f  IDEX_rs_rt_rd/bit25/DFF0/q_i_2__15/O
                         net (fo=2, routed)           0.369    13.822    IDEX_rs_rt_rd/bit25/DFF0/q_i_2__15_n_0
    SLICE_X15Y16         LUT4 (Prop_lut4_I0_O)        0.105    13.927 f  IDEX_rs_rt_rd/bit25/DFF0/q_i_2__14/O
                         net (fo=2, routed)           0.430    14.357    IDEX_rs_rt_rd/bit25/DFF0/q_i_2__14_n_0
    SLICE_X14Y16         LUT4 (Prop_lut4_I0_O)        0.105    14.462 f  IDEX_rs_rt_rd/bit25/DFF0/q_i_2__13/O
                         net (fo=2, routed)           0.335    14.798    IDEX_rs_rt_rd/bit25/DFF0/q_i_2__13_n_0
    SLICE_X13Y15         LUT4 (Prop_lut4_I0_O)        0.105    14.903 f  IDEX_rs_rt_rd/bit25/DFF0/q_i_2__12/O
                         net (fo=2, routed)           0.386    15.289    IDEX_rs_rt_rd/bit25/DFF0/q_i_2__12_n_0
    SLICE_X12Y15         LUT4 (Prop_lut4_I0_O)        0.105    15.394 f  IDEX_rs_rt_rd/bit25/DFF0/q_i_2__11/O
                         net (fo=2, routed)           0.238    15.632    IDEX_rs_rt_rd/bit25/DFF0/q_i_2__11_n_0
    SLICE_X15Y15         LUT4 (Prop_lut4_I0_O)        0.105    15.737 f  IDEX_rs_rt_rd/bit25/DFF0/q_i_2__10/O
                         net (fo=3, routed)           0.510    16.246    IDEX_rs_rt_rd/bit25/DFF0/q_i_2__10_n_0
    SLICE_X23Y15         LUT5 (Prop_lut5_I2_O)        0.105    16.351 f  IDEX_rs_rt_rd/bit25/DFF0/q_i_2__6_comp/O
                         net (fo=4, routed)           0.359    16.710    IDEX_rs_rt_rd/bit25/DFF0/q_i_2__6_n_0
    SLICE_X26Y15         LUT4 (Prop_lut4_I0_O)        0.105    16.815 f  IDEX_rs_rt_rd/bit25/DFF0/q_i_2__5/O
                         net (fo=2, routed)           0.130    16.946    IDEX_rs_rt_rd/bit25/DFF0/q_i_2__5_n_0
    SLICE_X26Y15         LUT5 (Prop_lut5_I2_O)        0.105    17.051 r  IDEX_rs_rt_rd/bit25/DFF0/q_i_2__37/O
                         net (fo=4, routed)           0.364    17.415    IDEX_rs_rt_rd/bit25/DFF0/q_i_2__37_n_0
    SLICE_X27Y14         LUT5 (Prop_lut5_I0_O)        0.105    17.520 f  IDEX_rs_rt_rd/bit25/DFF0/q_i_1__148_replica/O
                         net (fo=1, routed)           0.510    18.030    IDEX_rs_rt_rd/bit25/DFF0/q_reg_8[26]_repN
    SLICE_X25Y15         LUT6 (Prop_lut6_I2_O)        0.105    18.135 f  IDEX_rs_rt_rd/bit25/DFF0/ZeroFlag_OBUF_inst_i_2_rewire_comp/O
                         net (fo=9, routed)           0.403    18.538    IDEX_rs_rt_rd/bit25/DFF0/ZeroFlag_OBUF_inst_i_2_n_0
    SLICE_X26Y17         LUT5 (Prop_lut5_I3_O)        0.105    18.643 r  IDEX_rs_rt_rd/bit25/DFF0/q_i_4__5_rewire/O
                         net (fo=9, routed)           0.301    18.944    IFID_Instruction/bit4/DFF0/q_reg_2_alias
    SLICE_X27Y18         LUT6 (Prop_lut6_I4_O)        0.105    19.049 r  IFID_Instruction/bit4/DFF0/q_i_1__132_comp/O
                         net (fo=1, routed)           0.000    19.049    IDEX_ALUOp0/DFF0/ID_ALUOp[0]
    SLICE_X27Y18         FDCE                                         r  IDEX_ALUOp0/DFF0/q_reg/D
  -------------------------------------------------------------------    -------------------

                         (clock CC2 rise edge)       17.000    17.000 r  
    AF8                                               0.000    17.000 r  clk (IN)
                         net (fo=0)                   0.000    17.000    clk
    AF8                  IBUF (Prop_ibuf_I_O)         1.250    18.250 r  clk_IBUF_inst/O
                         net (fo=1, routed)           1.877    20.127    clk_IBUF
    BUFGCTRL_X0Y0        BUFG (Prop_bufg_I_O)         0.077    20.204 r  clk_IBUF_BUFG_inst/O
                         net (fo=9084, routed)        1.400    21.604    IDEX_ALUOp0/DFF0/clk_IBUF_BUFG
    SLICE_X27Y18         FDCE                                         r  IDEX_ALUOp0/DFF0/q_reg/C
                         clock pessimism              0.241    21.845    
                         clock uncertainty           -0.035    21.810    
    SLICE_X27Y18         FDCE (Setup_fdce_C_D)        0.032    21.842    IDEX_ALUOp0/DFF0/q_reg
  -------------------------------------------------------------------
                         required time                         21.842    
                         arrival time                         -19.049    
  -------------------------------------------------------------------
                         slack                                  2.793    

Slack (MET) :             2.804ns  (required time - arrival time)
  Source:                 MEMWB_WriteRegister2/DFF0/q_reg/C
                            (rising edge-triggered cell FDCE clocked by CC2  {rise@0.000ns fall@8.500ns period=17.000ns})
  Destination:            IDEX_ALUOp1/DFF0/q_reg/D
                            (rising edge-triggered cell FDCE clocked by CC2  {rise@0.000ns fall@8.500ns period=17.000ns})
  Path Group:             CC2
  Path Type:              Setup (Max at Slow Process Corner)
  Requirement:            17.000ns  (CC2 rise@17.000ns - CC2 rise@0.000ns)
  Data Path Delay:        14.147ns  (logic 3.634ns (25.687%)  route 10.513ns (74.313%))
  Logic Levels:           31  (LUT3=1 LUT4=21 LUT5=6 LUT6=3)
  Clock Path Skew:        -0.044ns (DCD - SCD + CPR)
    Destination Clock Delay (DCD):    4.606ns = ( 21.606 - 17.000 ) 
    Source Clock Delay      (SCD):    4.891ns
    Clock Pessimism Removal (CPR):    0.241ns
  Clock Uncertainty:      0.035ns  ((TSJ^2 + TIJ^2)^1/2 + DJ) / 2 + PE
    Total System Jitter     (TSJ):    0.071ns
    Total Input Jitter      (TIJ):    0.000ns
    Discrete Jitter          (DJ):    0.000ns
    Phase Error              (PE):    0.000ns

    Location             Delay type                Incr(ns)  Path(ns)    Netlist Resource(s)
  -------------------------------------------------------------------    -------------------
                         (clock CC2 rise edge)        0.000     0.000 r  
    AF8                                               0.000     0.000 r  clk (IN)
                         net (fo=0)                   0.000     0.000    clk
    AF8                  IBUF (Prop_ibuf_I_O)         1.310     1.310 r  clk_IBUF_inst/O
                         net (fo=1, routed)           1.981     3.291    clk_IBUF
    BUFGCTRL_X0Y0        BUFG (Prop_bufg_I_O)         0.081     3.372 r  clk_IBUF_BUFG_inst/O
                         net (fo=9084, routed)        1.519     4.891    MEMWB_WriteRegister2/DFF0/clk_IBUF_BUFG
    SLICE_X13Y18         FDCE                                         r  MEMWB_WriteRegister2/DFF0/q_reg/C
  -------------------------------------------------------------------    -------------------
    SLICE_X13Y18         FDCE (Prop_fdce_C_Q)         0.379     5.270 r  MEMWB_WriteRegister2/DFF0/q_reg/Q
                         net (fo=22, routed)          0.841     6.111    IDEX_rs_rt_rd/bit17/DFF0/WB_WriteRegister[2]
    SLICE_X13Y18         LUT6 (Prop_lut6_I2_O)        0.105     6.216 r  IDEX_rs_rt_rd/bit17/DFF0/q_i_7__0/O
                         net (fo=1, routed)           0.112     6.328    IDEX_rs_rt_rd/bit17/DFF0/q_i_7__0_n_0
    SLICE_X13Y18         LUT5 (Prop_lut5_I1_O)        0.105     6.433 r  IDEX_rs_rt_rd/bit17/DFF0/q_i_3__30/O
                         net (fo=39, routed)          0.703     7.136    IDEX_rs_rt_rd/bit20/DFF0/q_reg_10
    SLICE_X18Y18         LUT6 (Prop_lut6_I1_O)        0.105     7.241 r  IDEX_rs_rt_rd/bit20/DFF0/q_i_1__225/O
                         net (fo=2, routed)           0.258     7.499    IDEX_Im16_Ext/bit1/DFF0/Bus_B_forwarded[0]
    SLICE_X20Y18         LUT3 (Prop_lut3_I2_O)        0.105     7.604 r  IDEX_Im16_Ext/bit1/DFF0/q_i_2__29/O
                         net (fo=2, routed)           0.408     8.012    IDEX_rs_rt_rd/bit25/DFF0/q_reg_51
    SLICE_X21Y18         LUT5 (Prop_lut5_I4_O)        0.105     8.117 f  IDEX_rs_rt_rd/bit25/DFF0/q_i_2__33/O
                         net (fo=2, routed)           0.126     8.244    IDEX_rs_rt_rd/bit25/DFF0/q_i_2__33_n_0
    SLICE_X21Y18         LUT4 (Prop_lut4_I0_O)        0.105     8.349 f  IDEX_rs_rt_rd/bit25/DFF0/q_i_2__28/O
                         net (fo=2, routed)           0.324     8.672    IDEX_rs_rt_rd/bit25/DFF0/q_i_2__28_n_0
    SLICE_X21Y17         LUT4 (Prop_lut4_I0_O)        0.105     8.777 f  IDEX_rs_rt_rd/bit25/DFF0/q_i_2__27/O
                         net (fo=2, routed)           0.127     8.904    IDEX_rs_rt_rd/bit25/DFF0/q_i_2__27_n_0
    SLICE_X21Y17         LUT4 (Prop_lut4_I0_O)        0.105     9.009 f  IDEX_rs_rt_rd/bit25/DFF0/q_i_2__26/O
                         net (fo=2, routed)           0.351     9.360    IDEX_rs_rt_rd/bit25/DFF0/q_i_2__26_n_0
    SLICE_X22Y16         LUT4 (Prop_lut4_I0_O)        0.105     9.465 f  IDEX_rs_rt_rd/bit25/DFF0/q_i_2__25/O
                         net (fo=2, routed)           0.137     9.602    IDEX_rs_rt_rd/bit25/DFF0/q_i_2__25_n_0
    SLICE_X22Y16         LUT4 (Prop_lut4_I0_O)        0.105     9.707 f  IDEX_rs_rt_rd/bit25/DFF0/q_i_2__24/O
                         net (fo=2, routed)           0.376    10.083    IDEX_rs_rt_rd/bit25/DFF0/q_i_2__24_n_0
    SLICE_X19Y17         LUT4 (Prop_lut4_I0_O)        0.105    10.188 f  IDEX_rs_rt_rd/bit25/DFF0/q_i_2__23/O
                         net (fo=2, routed)           0.386    10.574    IDEX_rs_rt_rd/bit25/DFF0/q_i_2__23_n_0
    SLICE_X18Y17         LUT4 (Prop_lut4_I0_O)        0.105    10.679 f  IDEX_rs_rt_rd/bit25/DFF0/q_i_2__22/O
                         net (fo=2, routed)           0.233    10.913    IDEX_rs_rt_rd/bit25/DFF0/q_i_2__22_n_0
    SLICE_X19Y17         LUT4 (Prop_lut4_I0_O)        0.105    11.018 f  IDEX_rs_rt_rd/bit25/DFF0/q_i_2__21/O
                         net (fo=2, routed)           0.242    11.260    IDEX_rs_rt_rd/bit25/DFF0/q_i_2__21_n_0
    SLICE_X18Y16         LUT4 (Prop_lut4_I0_O)        0.105    11.365 f  IDEX_rs_rt_rd/bit25/DFF0/q_i_2__20/O
                         net (fo=2, routed)           0.235    11.600    IDEX_rs_rt_rd/bit25/DFF0/q_i_2__20_n_0
    SLICE_X19Y16         LUT4 (Prop_lut4_I0_O)        0.105    11.705 f  IDEX_rs_rt_rd/bit25/DFF0/q_i_2__19/O
                         net (fo=2, routed)           0.355    12.060    IDEX_rs_rt_rd/bit25/DFF0/q_i_2__19_n_0
    SLICE_X16Y15         LUT4 (Prop_lut4_I0_O)        0.105    12.165 f  IDEX_rs_rt_rd/bit25/DFF0/q_i_2__18/O
                         net (fo=2, routed)           0.230    12.395    IDEX_rs_rt_rd/bit25/DFF0/q_i_2__18_n_0
    SLICE_X17Y15         LUT4 (Prop_lut4_I0_O)        0.105    12.500 f  IDEX_rs_rt_rd/bit25/DFF0/q_i_2__17/O
                         net (fo=2, routed)           0.357    12.857    IDEX_rs_rt_rd/bit25/DFF0/q_i_2__17_n_0
    SLICE_X17Y16         LUT4 (Prop_lut4_I0_O)        0.105    12.962 f  IDEX_rs_rt_rd/bit25/DFF0/q_i_2__16/O
                         net (fo=2, routed)           0.386    13.348    IDEX_rs_rt_rd/bit25/DFF0/q_i_2__16_n_0
    SLICE_X16Y16         LUT4 (Prop_lut4_I0_O)        0.105    13.453 f  IDEX_rs_rt_rd/bit25/DFF0/q_i_2__15/O
                         net (fo=2, routed)           0.369    13.822    IDEX_rs_rt_rd/bit25/DFF0/q_i_2__15_n_0
    SLICE_X15Y16         LUT4 (Prop_lut4_I0_O)        0.105    13.927 f  IDEX_rs_rt_rd/bit25/DFF0/q_i_2__14/O
                         net (fo=2, routed)           0.430    14.357    IDEX_rs_rt_rd/bit25/DFF0/q_i_2__14_n_0
    SLICE_X14Y16         LUT4 (Prop_lut4_I0_O)        0.105    14.462 f  IDEX_rs_rt_rd/bit25/DFF0/q_i_2__13/O
                         net (fo=2, routed)           0.335    14.798    IDEX_rs_rt_rd/bit25/DFF0/q_i_2__13_n_0
    SLICE_X13Y15         LUT4 (Prop_lut4_I0_O)        0.105    14.903 f  IDEX_rs_rt_rd/bit25/DFF0/q_i_2__12/O
                         net (fo=2, routed)           0.386    15.289    IDEX_rs_rt_rd/bit25/DFF0/q_i_2__12_n_0
    SLICE_X12Y15         LUT4 (Prop_lut4_I0_O)        0.105    15.394 f  IDEX_rs_rt_rd/bit25/DFF0/q_i_2__11/O
                         net (fo=2, routed)           0.238    15.632    IDEX_rs_rt_rd/bit25/DFF0/q_i_2__11_n_0
    SLICE_X15Y15         LUT4 (Prop_lut4_I0_O)        0.105    15.737 f  IDEX_rs_rt_rd/bit25/DFF0/q_i_2__10/O
                         net (fo=3, routed)           0.510    16.246    IDEX_rs_rt_rd/bit25/DFF0/q_i_2__10_n_0
    SLICE_X23Y15         LUT5 (Prop_lut5_I2_O)        0.105    16.351 f  IDEX_rs_rt_rd/bit25/DFF0/q_i_2__6_comp/O
                         net (fo=4, routed)           0.359    16.710    IDEX_rs_rt_rd/bit25/DFF0/q_i_2__6_n_0
    SLICE_X26Y15         LUT4 (Prop_lut4_I0_O)        0.105    16.815 f  IDEX_rs_rt_rd/bit25/DFF0/q_i_2__5/O
                         net (fo=2, routed)           0.130    16.946    IDEX_rs_rt_rd/bit25/DFF0/q_i_2__5_n_0
    SLICE_X26Y15         LUT5 (Prop_lut5_I2_O)        0.105    17.051 r  IDEX_rs_rt_rd/bit25/DFF0/q_i_2__37/O
                         net (fo=4, routed)           0.364    17.415    IDEX_rs_rt_rd/bit25/DFF0/q_i_2__37_n_0
    SLICE_X27Y14         LUT5 (Prop_lut5_I0_O)        0.105    17.520 f  IDEX_rs_rt_rd/bit25/DFF0/q_i_1__148_replica/O
                         net (fo=1, routed)           0.510    18.030    IDEX_rs_rt_rd/bit25/DFF0/q_reg_8[26]_repN
    SLICE_X25Y15         LUT6 (Prop_lut6_I2_O)        0.105    18.135 f  IDEX_rs_rt_rd/bit25/DFF0/ZeroFlag_OBUF_inst_i_2_rewire_comp/O
                         net (fo=9, routed)           0.403    18.538    IDEX_rs_rt_rd/bit25/DFF0/ZeroFlag_OBUF_inst_i_2_n_0
    SLICE_X26Y17         LUT5 (Prop_lut5_I3_O)        0.105    18.643 r  IDEX_rs_rt_rd/bit25/DFF0/q_i_4__5_rewire/O
                         net (fo=9, routed)           0.290    18.933    IFID_Instruction/bit29/DFF0/q_reg_2_alias
    SLICE_X25Y16         LUT4 (Prop_lut4_I2_O)        0.105    19.038 r  IFID_Instruction/bit29/DFF0/q_i_1__140_comp/O
                         net (fo=1, routed)           0.000    19.038    IDEX_ALUOp1/DFF0/ID_ALUOp[0]
    SLICE_X25Y16         FDCE                                         r  IDEX_ALUOp1/DFF0/q_reg/D
  -------------------------------------------------------------------    -------------------

                         (clock CC2 rise edge)       17.000    17.000 r  
    AF8                                               0.000    17.000 r  clk (IN)
                         net (fo=0)                   0.000    17.000    clk
    AF8                  IBUF (Prop_ibuf_I_O)         1.250    18.250 r  clk_IBUF_inst/O
                         net (fo=1, routed)           1.877    20.127    clk_IBUF
    BUFGCTRL_X0Y0        BUFG (Prop_bufg_I_O)         0.077    20.204 r  clk_IBUF_BUFG_inst/O
                         net (fo=9084, routed)        1.402    21.606    IDEX_ALUOp1/DFF0/clk_IBUF_BUFG
    SLICE_X25Y16         FDCE                                         r  IDEX_ALUOp1/DFF0/q_reg/C
                         clock pessimism              0.241    21.847    
                         clock uncertainty           -0.035    21.812    
    SLICE_X25Y16         FDCE (Setup_fdce_C_D)        0.030    21.842    IDEX_ALUOp1/DFF0/q_reg
  -------------------------------------------------------------------
                         required time                         21.842    
                         arrival time                         -19.038    
  -------------------------------------------------------------------
                         slack                                  2.804    

Slack (MET) :             2.812ns  (required time - arrival time)
  Source:                 MEMWB_WriteRegister2/DFF0/q_reg/C
                            (rising edge-triggered cell FDCE clocked by CC2  {rise@0.000ns fall@8.500ns period=17.000ns})
  Destination:            IDEX_Branch/DFF0/q_reg/D
                            (rising edge-triggered cell FDCE clocked by CC2  {rise@0.000ns fall@8.500ns period=17.000ns})
  Path Group:             CC2
  Path Type:              Setup (Max at Slow Process Corner)
  Requirement:            17.000ns  (CC2 rise@17.000ns - CC2 rise@0.000ns)
  Data Path Delay:        14.140ns  (logic 3.634ns (25.700%)  route 10.506ns (74.300%))
  Logic Levels:           31  (LUT3=1 LUT4=20 LUT5=6 LUT6=4)
  Clock Path Skew:        -0.045ns (DCD - SCD + CPR)
    Destination Clock Delay (DCD):    4.605ns = ( 21.605 - 17.000 ) 
    Source Clock Delay      (SCD):    4.891ns
    Clock Pessimism Removal (CPR):    0.241ns
  Clock Uncertainty:      0.035ns  ((TSJ^2 + TIJ^2)^1/2 + DJ) / 2 + PE
    Total System Jitter     (TSJ):    0.071ns
    Total Input Jitter      (TIJ):    0.000ns
    Discrete Jitter          (DJ):    0.000ns
    Phase Error              (PE):    0.000ns

    Location             Delay type                Incr(ns)  Path(ns)    Netlist Resource(s)
  -------------------------------------------------------------------    -------------------
                         (clock CC2 rise edge)        0.000     0.000 r  
    AF8                                               0.000     0.000 r  clk (IN)
                         net (fo=0)                   0.000     0.000    clk
    AF8                  IBUF (Prop_ibuf_I_O)         1.310     1.310 r  clk_IBUF_inst/O
                         net (fo=1, routed)           1.981     3.291    clk_IBUF
    BUFGCTRL_X0Y0        BUFG (Prop_bufg_I_O)         0.081     3.372 r  clk_IBUF_BUFG_inst/O
                         net (fo=9084, routed)        1.519     4.891    MEMWB_WriteRegister2/DFF0/clk_IBUF_BUFG
    SLICE_X13Y18         FDCE                                         r  MEMWB_WriteRegister2/DFF0/q_reg/C
  -------------------------------------------------------------------    -------------------
    SLICE_X13Y18         FDCE (Prop_fdce_C_Q)         0.379     5.270 r  MEMWB_WriteRegister2/DFF0/q_reg/Q
                         net (fo=22, routed)          0.841     6.111    IDEX_rs_rt_rd/bit17/DFF0/WB_WriteRegister[2]
    SLICE_X13Y18         LUT6 (Prop_lut6_I2_O)        0.105     6.216 r  IDEX_rs_rt_rd/bit17/DFF0/q_i_7__0/O
                         net (fo=1, routed)           0.112     6.328    IDEX_rs_rt_rd/bit17/DFF0/q_i_7__0_n_0
    SLICE_X13Y18         LUT5 (Prop_lut5_I1_O)        0.105     6.433 r  IDEX_rs_rt_rd/bit17/DFF0/q_i_3__30/O
                         net (fo=39, routed)          0.703     7.136    IDEX_rs_rt_rd/bit20/DFF0/q_reg_10
    SLICE_X18Y18         LUT6 (Prop_lut6_I1_O)        0.105     7.241 r  IDEX_rs_rt_rd/bit20/DFF0/q_i_1__225/O
                         net (fo=2, routed)           0.258     7.499    IDEX_Im16_Ext/bit1/DFF0/Bus_B_forwarded[0]
    SLICE_X20Y18         LUT3 (Prop_lut3_I2_O)        0.105     7.604 r  IDEX_Im16_Ext/bit1/DFF0/q_i_2__29/O
                         net (fo=2, routed)           0.408     8.012    IDEX_rs_rt_rd/bit25/DFF0/q_reg_51
    SLICE_X21Y18         LUT5 (Prop_lut5_I4_O)        0.105     8.117 f  IDEX_rs_rt_rd/bit25/DFF0/q_i_2__33/O
                         net (fo=2, routed)           0.126     8.244    IDEX_rs_rt_rd/bit25/DFF0/q_i_2__33_n_0
    SLICE_X21Y18         LUT4 (Prop_lut4_I0_O)        0.105     8.349 f  IDEX_rs_rt_rd/bit25/DFF0/q_i_2__28/O
                         net (fo=2, routed)           0.324     8.672    IDEX_rs_rt_rd/bit25/DFF0/q_i_2__28_n_0
    SLICE_X21Y17         LUT4 (Prop_lut4_I0_O)        0.105     8.777 f  IDEX_rs_rt_rd/bit25/DFF0/q_i_2__27/O
                         net (fo=2, routed)           0.127     8.904    IDEX_rs_rt_rd/bit25/DFF0/q_i_2__27_n_0
    SLICE_X21Y17         LUT4 (Prop_lut4_I0_O)        0.105     9.009 f  IDEX_rs_rt_rd/bit25/DFF0/q_i_2__26/O
                         net (fo=2, routed)           0.351     9.360    IDEX_rs_rt_rd/bit25/DFF0/q_i_2__26_n_0
    SLICE_X22Y16         LUT4 (Prop_lut4_I0_O)        0.105     9.465 f  IDEX_rs_rt_rd/bit25/DFF0/q_i_2__25/O
                         net (fo=2, routed)           0.137     9.602    IDEX_rs_rt_rd/bit25/DFF0/q_i_2__25_n_0
    SLICE_X22Y16         LUT4 (Prop_lut4_I0_O)        0.105     9.707 f  IDEX_rs_rt_rd/bit25/DFF0/q_i_2__24/O
                         net (fo=2, routed)           0.376    10.083    IDEX_rs_rt_rd/bit25/DFF0/q_i_2__24_n_0
    SLICE_X19Y17         LUT4 (Prop_lut4_I0_O)        0.105    10.188 f  IDEX_rs_rt_rd/bit25/DFF0/q_i_2__23/O
                         net (fo=2, routed)           0.386    10.574    IDEX_rs_rt_rd/bit25/DFF0/q_i_2__23_n_0
    SLICE_X18Y17         LUT4 (Prop_lut4_I0_O)        0.105    10.679 f  IDEX_rs_rt_rd/bit25/DFF0/q_i_2__22/O
                         net (fo=2, routed)           0.233    10.913    IDEX_rs_rt_rd/bit25/DFF0/q_i_2__22_n_0
    SLICE_X19Y17         LUT4 (Prop_lut4_I0_O)        0.105    11.018 f  IDEX_rs_rt_rd/bit25/DFF0/q_i_2__21/O
                         net (fo=2, routed)           0.242    11.260    IDEX_rs_rt_rd/bit25/DFF0/q_i_2__21_n_0
    SLICE_X18Y16         LUT4 (Prop_lut4_I0_O)        0.105    11.365 f  IDEX_rs_rt_rd/bit25/DFF0/q_i_2__20/O
                         net (fo=2, routed)           0.235    11.600    IDEX_rs_rt_rd/bit25/DFF0/q_i_2__20_n_0
    SLICE_X19Y16         LUT4 (Prop_lut4_I0_O)        0.105    11.705 f  IDEX_rs_rt_rd/bit25/DFF0/q_i_2__19/O
                         net (fo=2, routed)           0.355    12.060    IDEX_rs_rt_rd/bit25/DFF0/q_i_2__19_n_0
    SLICE_X16Y15         LUT4 (Prop_lut4_I0_O)        0.105    12.165 f  IDEX_rs_rt_rd/bit25/DFF0/q_i_2__18/O
                         net (fo=2, routed)           0.230    12.395    IDEX_rs_rt_rd/bit25/DFF0/q_i_2__18_n_0
    SLICE_X17Y15         LUT4 (Prop_lut4_I0_O)        0.105    12.500 f  IDEX_rs_rt_rd/bit25/DFF0/q_i_2__17/O
                         net (fo=2, routed)           0.357    12.857    IDEX_rs_rt_rd/bit25/DFF0/q_i_2__17_n_0
    SLICE_X17Y16         LUT4 (Prop_lut4_I0_O)        0.105    12.962 f  IDEX_rs_rt_rd/bit25/DFF0/q_i_2__16/O
                         net (fo=2, routed)           0.386    13.348    IDEX_rs_rt_rd/bit25/DFF0/q_i_2__16_n_0
    SLICE_X16Y16         LUT4 (Prop_lut4_I0_O)        0.105    13.453 f  IDEX_rs_rt_rd/bit25/DFF0/q_i_2__15/O
                         net (fo=2, routed)           0.369    13.822    IDEX_rs_rt_rd/bit25/DFF0/q_i_2__15_n_0
    SLICE_X15Y16         LUT4 (Prop_lut4_I0_O)        0.105    13.927 f  IDEX_rs_rt_rd/bit25/DFF0/q_i_2__14/O
                         net (fo=2, routed)           0.430    14.357    IDEX_rs_rt_rd/bit25/DFF0/q_i_2__14_n_0
    SLICE_X14Y16         LUT4 (Prop_lut4_I0_O)        0.105    14.462 f  IDEX_rs_rt_rd/bit25/DFF0/q_i_2__13/O
                         net (fo=2, routed)           0.335    14.798    IDEX_rs_rt_rd/bit25/DFF0/q_i_2__13_n_0
    SLICE_X13Y15         LUT4 (Prop_lut4_I0_O)        0.105    14.903 f  IDEX_rs_rt_rd/bit25/DFF0/q_i_2__12/O
                         net (fo=2, routed)           0.386    15.289    IDEX_rs_rt_rd/bit25/DFF0/q_i_2__12_n_0
    SLICE_X12Y15         LUT4 (Prop_lut4_I0_O)        0.105    15.394 f  IDEX_rs_rt_rd/bit25/DFF0/q_i_2__11/O
                         net (fo=2, routed)           0.238    15.632    IDEX_rs_rt_rd/bit25/DFF0/q_i_2__11_n_0
    SLICE_X15Y15         LUT4 (Prop_lut4_I0_O)        0.105    15.737 f  IDEX_rs_rt_rd/bit25/DFF0/q_i_2__10/O
                         net (fo=3, routed)           0.510    16.246    IDEX_rs_rt_rd/bit25/DFF0/q_i_2__10_n_0
    SLICE_X23Y15         LUT5 (Prop_lut5_I2_O)        0.105    16.351 f  IDEX_rs_rt_rd/bit25/DFF0/q_i_2__6_comp/O
                         net (fo=4, routed)           0.359    16.710    IDEX_rs_rt_rd/bit25/DFF0/q_i_2__6_n_0
    SLICE_X26Y15         LUT4 (Prop_lut4_I0_O)        0.105    16.815 f  IDEX_rs_rt_rd/bit25/DFF0/q_i_2__5/O
                         net (fo=2, routed)           0.130    16.946    IDEX_rs_rt_rd/bit25/DFF0/q_i_2__5_n_0
    SLICE_X26Y15         LUT5 (Prop_lut5_I2_O)        0.105    17.051 r  IDEX_rs_rt_rd/bit25/DFF0/q_i_2__37/O
                         net (fo=4, routed)           0.364    17.415    IDEX_rs_rt_rd/bit25/DFF0/q_i_2__37_n_0
    SLICE_X27Y14         LUT5 (Prop_lut5_I0_O)        0.105    17.520 f  IDEX_rs_rt_rd/bit25/DFF0/q_i_1__148_replica/O
                         net (fo=1, routed)           0.510    18.030    IDEX_rs_rt_rd/bit25/DFF0/q_reg_8[26]_repN
    SLICE_X25Y15         LUT6 (Prop_lut6_I2_O)        0.105    18.135 f  IDEX_rs_rt_rd/bit25/DFF0/ZeroFlag_OBUF_inst_i_2_rewire_comp/O
                         net (fo=9, routed)           0.403    18.538    IDEX_rs_rt_rd/bit25/DFF0/ZeroFlag_OBUF_inst_i_2_n_0
    SLICE_X26Y17         LUT5 (Prop_lut5_I3_O)        0.105    18.643 r  IDEX_rs_rt_rd/bit25/DFF0/q_i_4__5_rewire/O
                         net (fo=9, routed)           0.283    18.926    IFID_Instruction/bit29/DFF0/q_reg_2_alias
    SLICE_X24Y17         LUT6 (Prop_lut6_I0_O)        0.105    19.031 r  IFID_Instruction/bit29/DFF0/q_i_1__139_rewire/O
                         net (fo=1, routed)           0.000    19.031    IDEX_Branch/DFF0/ID_Branch
    SLICE_X24Y17         FDCE                                         r  IDEX_Branch/DFF0/q_reg/D
  -------------------------------------------------------------------    -------------------

                         (clock CC2 rise edge)       17.000    17.000 r  
    AF8                                               0.000    17.000 r  clk (IN)
                         net (fo=0)                   0.000    17.000    clk
    AF8                  IBUF (Prop_ibuf_I_O)         1.250    18.250 r  clk_IBUF_inst/O
                         net (fo=1, routed)           1.877    20.127    clk_IBUF
    BUFGCTRL_X0Y0        BUFG (Prop_bufg_I_O)         0.077    20.204 r  clk_IBUF_BUFG_inst/O
                         net (fo=9084, routed)        1.401    21.605    IDEX_Branch/DFF0/clk_IBUF_BUFG
    SLICE_X24Y17         FDCE                                         r  IDEX_Branch/DFF0/q_reg/C
                         clock pessimism              0.241    21.846    
                         clock uncertainty           -0.035    21.811    
    SLICE_X24Y17         FDCE (Setup_fdce_C_D)        0.032    21.843    IDEX_Branch/DFF0/q_reg
  -------------------------------------------------------------------
                         required time                         21.843    
                         arrival time                         -19.031    
  -------------------------------------------------------------------
                         slack                                  2.812    





Min Delay Paths
--------------------------------------------------------------------------------------
Slack (MET) :             0.143ns  (arrival time - required time)
  Source:                 EXMEM_WriteDataOfMem/bit29/DFF0/q_reg_rep__0/C
                            (rising edge-triggered cell FDCE clocked by CC2  {rise@0.000ns fall@8.500ns period=17.000ns})
  Destination:            dataMem1/datamem_reg[484][5]/D
                            (rising edge-triggered cell FDRE clocked by CC2  {rise@0.000ns fall@8.500ns period=17.000ns})
  Path Group:             CC2
  Path Type:              Hold (Min at Fast Process Corner)
  Requirement:            0.000ns  (CC2 rise@0.000ns - CC2 rise@0.000ns)
  Data Path Delay:        0.491ns  (logic 0.209ns (42.533%)  route 0.282ns (57.467%))
  Logic Levels:           1  (LUT6=1)
  Clock Path Skew:        0.256ns (DCD - SCD - CPR)
    Destination Clock Delay (DCD):    2.554ns
    Source Clock Delay      (SCD):    1.896ns
    Clock Pessimism Removal (CPR):    0.402ns

    Location             Delay type                Incr(ns)  Path(ns)    Netlist Resource(s)
  -------------------------------------------------------------------    -------------------
                         (clock CC2 rise edge)        0.000     0.000 r  
    AF8                                               0.000     0.000 r  clk (IN)
                         net (fo=0)                   0.000     0.000    clk
    AF8                  IBUF (Prop_ibuf_I_O)         0.455     0.455 r  clk_IBUF_inst/O
                         net (fo=1, routed)           0.793     1.248    clk_IBUF
    BUFGCTRL_X0Y0        BUFG (Prop_bufg_I_O)         0.026     1.274 r  clk_IBUF_BUFG_inst/O
                         net (fo=9084, routed)        0.622     1.896    EXMEM_WriteDataOfMem/bit29/DFF0/clk_IBUF_BUFG
    SLICE_X34Y28         FDCE                                         r  EXMEM_WriteDataOfMem/bit29/DFF0/q_reg_rep__0/C
  -------------------------------------------------------------------    -------------------
    SLICE_X34Y28         FDCE (Prop_fdce_C_Q)         0.164     2.060 r  EXMEM_WriteDataOfMem/bit29/DFF0/q_reg_rep__0/Q
                         net (fo=135, routed)         0.282     2.342    EXMEM_ALUResult/bit5/DFF0/datamem_reg[260][5]
    SLICE_X48Y28         LUT6 (Prop_lut6_I3_O)        0.045     2.387 r  EXMEM_ALUResult/bit5/DFF0/datamem[484][5]_i_1/O
                         net (fo=1, routed)           0.000     2.387    dataMem1/datamem_reg[484][7]_1[5]
    SLICE_X48Y28         FDRE                                         r  dataMem1/datamem_reg[484][5]/D
  -------------------------------------------------------------------    -------------------

                         (clock CC2 rise edge)        0.000     0.000 r  
    AF8                                               0.000     0.000 r  clk (IN)
                         net (fo=0)                   0.000     0.000    clk
    AF8                  IBUF (Prop_ibuf_I_O)         0.783     0.783 r  clk_IBUF_inst/O
                         net (fo=1, routed)           0.855     1.638    clk_IBUF
    BUFGCTRL_X0Y0        BUFG (Prop_bufg_I_O)         0.029     1.667 r  clk_IBUF_BUFG_inst/O
                         net (fo=9084, routed)        0.887     2.554    dataMem1/clk_IBUF_BUFG
    SLICE_X48Y28         FDRE                                         r  dataMem1/datamem_reg[484][5]/C
                         clock pessimism             -0.402     2.152    
    SLICE_X48Y28         FDRE (Hold_fdre_C_D)         0.092     2.244    dataMem1/datamem_reg[484][5]
  -------------------------------------------------------------------
                         required time                         -2.244    
                         arrival time                           2.387    
  -------------------------------------------------------------------
                         slack                                  0.143    

Slack (MET) :             0.190ns  (arrival time - required time)
  Source:                 EXMEM_ALUResult/bit19/DFF0/q_reg/C
                            (rising edge-triggered cell FDCE clocked by CC2  {rise@0.000ns fall@8.500ns period=17.000ns})
  Destination:            MEMWB_ALUResult/bit19/DFF0/q_reg/D
                            (rising edge-triggered cell FDCE clocked by CC2  {rise@0.000ns fall@8.500ns period=17.000ns})
  Path Group:             CC2
  Path Type:              Hold (Min at Fast Process Corner)
  Requirement:            0.000ns  (CC2 rise@0.000ns - CC2 rise@0.000ns)
  Data Path Delay:        0.294ns  (logic 0.164ns (55.866%)  route 0.130ns (44.134%))
  Logic Levels:           0  
  Clock Path Skew:        0.034ns (DCD - SCD - CPR)
    Destination Clock Delay (DCD):    2.569ns
    Source Clock Delay      (SCD):    1.904ns
    Clock Pessimism Removal (CPR):    0.631ns

    Location             Delay type                Incr(ns)  Path(ns)    Netlist Resource(s)
  -------------------------------------------------------------------    -------------------
                         (clock CC2 rise edge)        0.000     0.000 r  
    AF8                                               0.000     0.000 r  clk (IN)
                         net (fo=0)                   0.000     0.000    clk
    AF8                  IBUF (Prop_ibuf_I_O)         0.455     0.455 r  clk_IBUF_inst/O
                         net (fo=1, routed)           0.793     1.248    clk_IBUF
    BUFGCTRL_X0Y0        BUFG (Prop_bufg_I_O)         0.026     1.274 r  clk_IBUF_BUFG_inst/O
                         net (fo=9084, routed)        0.630     1.904    EXMEM_ALUResult/bit19/DFF0/clk_IBUF_BUFG
    SLICE_X14Y17         FDCE                                         r  EXMEM_ALUResult/bit19/DFF0/q_reg/C
  -------------------------------------------------------------------    -------------------
    SLICE_X14Y17         FDCE (Prop_fdce_C_Q)         0.164     2.068 r  EXMEM_ALUResult/bit19/DFF0/q_reg/Q
                         net (fo=3, routed)           0.130     2.198    MEMWB_ALUResult/bit19/DFF0/q_reg_0[0]
    SLICE_X17Y18         FDCE                                         r  MEMWB_ALUResult/bit19/DFF0/q_reg/D
  -------------------------------------------------------------------    -------------------

                         (clock CC2 rise edge)        0.000     0.000 r  
    AF8                                               0.000     0.000 r  clk (IN)
                         net (fo=0)                   0.000     0.000    clk
    AF8                  IBUF (Prop_ibuf_I_O)         0.783     0.783 r  clk_IBUF_inst/O
                         net (fo=1, routed)           0.855     1.638    clk_IBUF
    BUFGCTRL_X0Y0        BUFG (Prop_bufg_I_O)         0.029     1.667 r  clk_IBUF_BUFG_inst/O
                         net (fo=9084, routed)        0.902     2.569    MEMWB_ALUResult/bit19/DFF0/clk_IBUF_BUFG
    SLICE_X17Y18         FDCE                                         r  MEMWB_ALUResult/bit19/DFF0/q_reg/C
                         clock pessimism             -0.631     1.938    
    SLICE_X17Y18         FDCE (Hold_fdce_C_D)         0.070     2.008    MEMWB_ALUResult/bit19/DFF0/q_reg
  -------------------------------------------------------------------
                         required time                         -2.008    
                         arrival time                           2.198    
  -------------------------------------------------------------------
                         slack                                  0.190    

Slack (MET) :             0.193ns  (arrival time - required time)
  Source:                 EXMEM_WriteRegister2/DFF0/q_reg/C
                            (rising edge-triggered cell FDCE clocked by CC2  {rise@0.000ns fall@8.500ns period=17.000ns})
  Destination:            MEMWB_WriteRegister2/DFF0/q_reg/D
                            (rising edge-triggered cell FDCE clocked by CC2  {rise@0.000ns fall@8.500ns period=17.000ns})
  Path Group:             CC2
  Path Type:              Hold (Min at Fast Process Corner)
  Requirement:            0.000ns  (CC2 rise@0.000ns - CC2 rise@0.000ns)
  Data Path Delay:        0.273ns  (logic 0.141ns (51.607%)  route 0.132ns (48.393%))
  Logic Levels:           0  
  Clock Path Skew:        0.014ns (DCD - SCD - CPR)
    Destination Clock Delay (DCD):    2.569ns
    Source Clock Delay      (SCD):    1.903ns
    Clock Pessimism Removal (CPR):    0.652ns

    Location             Delay type                Incr(ns)  Path(ns)    Netlist Resource(s)
  -------------------------------------------------------------------    -------------------
                         (clock CC2 rise edge)        0.000     0.000 r  
    AF8                                               0.000     0.000 r  clk (IN)
                         net (fo=0)                   0.000     0.000    clk
    AF8                  IBUF (Prop_ibuf_I_O)         0.455     0.455 r  clk_IBUF_inst/O
                         net (fo=1, routed)           0.793     1.248    clk_IBUF
    BUFGCTRL_X0Y0        BUFG (Prop_bufg_I_O)         0.026     1.274 r  clk_IBUF_BUFG_inst/O
                         net (fo=9084, routed)        0.629     1.903    EXMEM_WriteRegister2/DFF0/clk_IBUF_BUFG
    SLICE_X15Y18         FDCE                                         r  EXMEM_WriteRegister2/DFF0/q_reg/C
  -------------------------------------------------------------------    -------------------
    SLICE_X15Y18         FDCE (Prop_fdce_C_Q)         0.141     2.044 r  EXMEM_WriteRegister2/DFF0/q_reg/Q
                         net (fo=4, routed)           0.132     2.176    MEMWB_WriteRegister2/DFF0/MEM_WriteRegister_2
    SLICE_X13Y18         FDCE                                         r  MEMWB_WriteRegister2/DFF0/q_reg/D
  -------------------------------------------------------------------    -------------------

                         (clock CC2 rise edge)        0.000     0.000 r  
    AF8                                               0.000     0.000 r  clk (IN)
                         net (fo=0)                   0.000     0.000    clk
    AF8                  IBUF (Prop_ibuf_I_O)         0.783     0.783 r  clk_IBUF_inst/O
                         net (fo=1, routed)           0.855     1.638    clk_IBUF
    BUFGCTRL_X0Y0        BUFG (Prop_bufg_I_O)         0.029     1.667 r  clk_IBUF_BUFG_inst/O
                         net (fo=9084, routed)        0.902     2.569    MEMWB_WriteRegister2/DFF0/clk_IBUF_BUFG
    SLICE_X13Y18         FDCE                                         r  MEMWB_WriteRegister2/DFF0/q_reg/C
                         clock pessimism             -0.652     1.917    
    SLICE_X13Y18         FDCE (Hold_fdce_C_D)         0.066     1.983    MEMWB_WriteRegister2/DFF0/q_reg
  -------------------------------------------------------------------
                         required time                         -1.983    
                         arrival time                           2.176    
  -------------------------------------------------------------------
                         slack                                  0.193    

Slack (MET) :             0.205ns  (arrival time - required time)
  Source:                 EXMEM_ALUResult/bit3/DFF0/q_reg_rep/C
                            (rising edge-triggered cell FDCE clocked by CC2  {rise@0.000ns fall@8.500ns period=17.000ns})
  Destination:            dataMem1/datamem_reg[527][2]/D
                            (rising edge-triggered cell FDRE clocked by CC2  {rise@0.000ns fall@8.500ns period=17.000ns})
  Path Group:             CC2
  Path Type:              Hold (Min at Fast Process Corner)
  Requirement:            0.000ns  (CC2 rise@0.000ns - CC2 rise@0.000ns)
  Data Path Delay:        0.309ns  (logic 0.186ns (60.165%)  route 0.123ns (39.835%))
  Logic Levels:           1  (LUT6=1)
  Clock Path Skew:        0.013ns (DCD - SCD - CPR)
    Destination Clock Delay (DCD):    2.564ns
    Source Clock Delay      (SCD):    1.897ns
    Clock Pessimism Removal (CPR):    0.654ns

    Location             Delay type                Incr(ns)  Path(ns)    Netlist Resource(s)
  -------------------------------------------------------------------    -------------------
                         (clock CC2 rise edge)        0.000     0.000 r  
    AF8                                               0.000     0.000 r  clk (IN)
                         net (fo=0)                   0.000     0.000    clk
    AF8                  IBUF (Prop_ibuf_I_O)         0.455     0.455 r  clk_IBUF_inst/O
                         net (fo=1, routed)           0.793     1.248    clk_IBUF
    BUFGCTRL_X0Y0        BUFG (Prop_bufg_I_O)         0.026     1.274 r  clk_IBUF_BUFG_inst/O
                         net (fo=9084, routed)        0.623     1.897    EXMEM_ALUResult/bit3/DFF0/clk_IBUF_BUFG
    SLICE_X32Y20         FDCE                                         r  EXMEM_ALUResult/bit3/DFF0/q_reg_rep/C
  -------------------------------------------------------------------    -------------------
    SLICE_X32Y20         FDCE (Prop_fdce_C_Q)         0.141     2.038 r  EXMEM_ALUResult/bit3/DFF0/q_reg_rep/Q
                         net (fo=127, routed)         0.123     2.161    EXMEM_ALUResult/bit4/DFF0/datamem_reg[527][7]
    SLICE_X33Y20         LUT6 (Prop_lut6_I2_O)        0.045     2.206 r  EXMEM_ALUResult/bit4/DFF0/datamem[527][2]_i_1/O
                         net (fo=1, routed)           0.000     2.206    dataMem1/datamem_reg[527][7]_1[2]
    SLICE_X33Y20         FDRE                                         r  dataMem1/datamem_reg[527][2]/D
  -------------------------------------------------------------------    -------------------

                         (clock CC2 rise edge)        0.000     0.000 r  
    AF8                                               0.000     0.000 r  clk (IN)
                         net (fo=0)                   0.000     0.000    clk
    AF8                  IBUF (Prop_ibuf_I_O)         0.783     0.783 r  clk_IBUF_inst/O
                         net (fo=1, routed)           0.855     1.638    clk_IBUF
    BUFGCTRL_X0Y0        BUFG (Prop_bufg_I_O)         0.029     1.667 r  clk_IBUF_BUFG_inst/O
                         net (fo=9084, routed)        0.897     2.564    dataMem1/clk_IBUF_BUFG
    SLICE_X33Y20         FDRE                                         r  dataMem1/datamem_reg[527][2]/C
                         clock pessimism             -0.654     1.910    
    SLICE_X33Y20         FDRE (Hold_fdre_C_D)         0.091     2.001    dataMem1/datamem_reg[527][2]
  -------------------------------------------------------------------
                         required time                         -2.001    
                         arrival time                           2.206    
  -------------------------------------------------------------------
                         slack                                  0.205    

Slack (MET) :             0.205ns  (arrival time - required time)
  Source:                 EXMEM_ALUResult/bit14/DFF0/q_reg/C
                            (rising edge-triggered cell FDCE clocked by CC2  {rise@0.000ns fall@8.500ns period=17.000ns})
  Destination:            MEMWB_ALUResult/bit14/DFF0/q_reg/D
                            (rising edge-triggered cell FDCE clocked by CC2  {rise@0.000ns fall@8.500ns period=17.000ns})
  Path Group:             CC2
  Path Type:              Hold (Min at Fast Process Corner)
  Requirement:            0.000ns  (CC2 rise@0.000ns - CC2 rise@0.000ns)
  Data Path Delay:        0.290ns  (logic 0.164ns (56.490%)  route 0.126ns (43.510%))
  Logic Levels:           0  
  Clock Path Skew:        0.013ns (DCD - SCD - CPR)
    Destination Clock Delay (DCD):    2.570ns
    Source Clock Delay      (SCD):    1.905ns
    Clock Pessimism Removal (CPR):    0.652ns

    Location             Delay type                Incr(ns)  Path(ns)    Netlist Resource(s)
  -------------------------------------------------------------------    -------------------
                         (clock CC2 rise edge)        0.000     0.000 r  
    AF8                                               0.000     0.000 r  clk (IN)
                         net (fo=0)                   0.000     0.000    clk
    AF8                  IBUF (Prop_ibuf_I_O)         0.455     0.455 r  clk_IBUF_inst/O
                         net (fo=1, routed)           0.793     1.248    clk_IBUF
    BUFGCTRL_X0Y0        BUFG (Prop_bufg_I_O)         0.026     1.274 r  clk_IBUF_BUFG_inst/O
                         net (fo=9084, routed)        0.631     1.905    EXMEM_ALUResult/bit14/DFF0/clk_IBUF_BUFG
    SLICE_X14Y16         FDCE                                         r  EXMEM_ALUResult/bit14/DFF0/q_reg/C
  -------------------------------------------------------------------    -------------------
    SLICE_X14Y16         FDCE (Prop_fdce_C_Q)         0.164     2.069 r  EXMEM_ALUResult/bit14/DFF0/q_reg/Q
                         net (fo=3, routed)           0.126     2.195    MEMWB_ALUResult/bit14/DFF0/q_reg_0[0]
    SLICE_X15Y17         FDCE                                         r  MEMWB_ALUResult/bit14/DFF0/q_reg/D
  -------------------------------------------------------------------    -------------------

                         (clock CC2 rise edge)        0.000     0.000 r  
    AF8                                               0.000     0.000 r  clk (IN)
                         net (fo=0)                   0.000     0.000    clk
    AF8                  IBUF (Prop_ibuf_I_O)         0.783     0.783 r  clk_IBUF_inst/O
                         net (fo=1, routed)           0.855     1.638    clk_IBUF
    BUFGCTRL_X0Y0        BUFG (Prop_bufg_I_O)         0.029     1.667 r  clk_IBUF_BUFG_inst/O
                         net (fo=9084, routed)        0.903     2.570    MEMWB_ALUResult/bit14/DFF0/clk_IBUF_BUFG
    SLICE_X15Y17         FDCE                                         r  MEMWB_ALUResult/bit14/DFF0/q_reg/C
                         clock pessimism             -0.652     1.918    
    SLICE_X15Y17         FDCE (Hold_fdce_C_D)         0.072     1.990    MEMWB_ALUResult/bit14/DFF0/q_reg
  -------------------------------------------------------------------
                         required time                         -1.990    
                         arrival time                           2.195    
  -------------------------------------------------------------------
                         slack                                  0.205    

Slack (MET) :             0.208ns  (arrival time - required time)
  Source:                 EXMEM_WriteRegister1/DFF0/q_reg/C
                            (rising edge-triggered cell FDCE clocked by CC2  {rise@0.000ns fall@8.500ns period=17.000ns})
  Destination:            MEMWB_WriteRegister1/DFF0/q_reg_replica/D
                            (rising edge-triggered cell FDCE clocked by CC2  {rise@0.000ns fall@8.500ns period=17.000ns})
  Path Group:             CC2
  Path Type:              Hold (Min at Fast Process Corner)
  Requirement:            0.000ns  (CC2 rise@0.000ns - CC2 rise@0.000ns)
  Data Path Delay:        0.291ns  (logic 0.141ns (48.395%)  route 0.150ns (51.605%))
  Logic Levels:           0  
  Clock Path Skew:        0.013ns (DCD - SCD - CPR)
    Destination Clock Delay (DCD):    2.568ns
    Source Clock Delay      (SCD):    1.903ns
    Clock Pessimism Removal (CPR):    0.652ns

    Location             Delay type                Incr(ns)  Path(ns)    Netlist Resource(s)
  -------------------------------------------------------------------    -------------------
                         (clock CC2 rise edge)        0.000     0.000 r  
    AF8                                               0.000     0.000 r  clk (IN)
                         net (fo=0)                   0.000     0.000    clk
    AF8                  IBUF (Prop_ibuf_I_O)         0.455     0.455 r  clk_IBUF_inst/O
                         net (fo=1, routed)           0.793     1.248    clk_IBUF
    BUFGCTRL_X0Y0        BUFG (Prop_bufg_I_O)         0.026     1.274 r  clk_IBUF_BUFG_inst/O
                         net (fo=9084, routed)        0.629     1.903    EXMEM_WriteRegister1/DFF0/clk_IBUF_BUFG
    SLICE_X13Y18         FDCE                                         r  EXMEM_WriteRegister1/DFF0/q_reg/C
  -------------------------------------------------------------------    -------------------
    SLICE_X13Y18         FDCE (Prop_fdce_C_Q)         0.141     2.044 r  EXMEM_WriteRegister1/DFF0/q_reg/Q
                         net (fo=7, routed)           0.150     2.194    MEMWB_WriteRegister1/DFF0/MEM_WriteRegister_1
    SLICE_X15Y19         FDCE                                         r  MEMWB_WriteRegister1/DFF0/q_reg_replica/D
  -------------------------------------------------------------------    -------------------

                         (clock CC2 rise edge)        0.000     0.000 r  
    AF8                                               0.000     0.000 r  clk (IN)
                         net (fo=0)                   0.000     0.000    clk
    AF8                  IBUF (Prop_ibuf_I_O)         0.783     0.783 r  clk_IBUF_inst/O
                         net (fo=1, routed)           0.855     1.638    clk_IBUF
    BUFGCTRL_X0Y0        BUFG (Prop_bufg_I_O)         0.029     1.667 r  clk_IBUF_BUFG_inst/O
                         net (fo=9084, routed)        0.901     2.568    MEMWB_WriteRegister1/DFF0/clk_IBUF_BUFG
    SLICE_X15Y19         FDCE                                         r  MEMWB_WriteRegister1/DFF0/q_reg_replica/C
                         clock pessimism             -0.652     1.916    
    SLICE_X15Y19         FDCE (Hold_fdce_C_D)         0.070     1.986    MEMWB_WriteRegister1/DFF0/q_reg_replica
  -------------------------------------------------------------------
                         required time                         -1.986    
                         arrival time                           2.194    
  -------------------------------------------------------------------
                         slack                                  0.208    

Slack (MET) :             0.209ns  (arrival time - required time)
  Source:                 EXMEM_WriteRegister3/DFF0/q_reg/C
                            (rising edge-triggered cell FDCE clocked by CC2  {rise@0.000ns fall@8.500ns period=17.000ns})
  Destination:            MEMWB_WriteRegister3/DFF0/q_reg/D
                            (rising edge-triggered cell FDCE clocked by CC2  {rise@0.000ns fall@8.500ns period=17.000ns})
  Path Group:             CC2
  Path Type:              Hold (Min at Fast Process Corner)
  Requirement:            0.000ns  (CC2 rise@0.000ns - CC2 rise@0.000ns)
  Data Path Delay:        0.281ns  (logic 0.141ns (50.237%)  route 0.140ns (49.763%))
  Logic Levels:           0  
  Clock Path Skew:        0.000ns (DCD - SCD - CPR)
    Destination Clock Delay (DCD):    2.569ns
    Source Clock Delay      (SCD):    1.903ns
    Clock Pessimism Removal (CPR):    0.666ns

    Location             Delay type                Incr(ns)  Path(ns)    Netlist Resource(s)
  -------------------------------------------------------------------    -------------------
                         (clock CC2 rise edge)        0.000     0.000 r  
    AF8                                               0.000     0.000 r  clk (IN)
                         net (fo=0)                   0.000     0.000    clk
    AF8                  IBUF (Prop_ibuf_I_O)         0.455     0.455 r  clk_IBUF_inst/O
                         net (fo=1, routed)           0.793     1.248    clk_IBUF
    BUFGCTRL_X0Y0        BUFG (Prop_bufg_I_O)         0.026     1.274 r  clk_IBUF_BUFG_inst/O
                         net (fo=9084, routed)        0.629     1.903    EXMEM_WriteRegister3/DFF0/clk_IBUF_BUFG
    SLICE_X15Y18         FDCE                                         r  EXMEM_WriteRegister3/DFF0/q_reg/C
  -------------------------------------------------------------------    -------------------
    SLICE_X15Y18         FDCE (Prop_fdce_C_Q)         0.141     2.044 r  EXMEM_WriteRegister3/DFF0/q_reg/Q
                         net (fo=4, routed)           0.140     2.184    MEMWB_WriteRegister3/DFF0/MEM_WriteRegister_3
    SLICE_X15Y18         FDCE                                         r  MEMWB_WriteRegister3/DFF0/q_reg/D
  -------------------------------------------------------------------    -------------------

                         (clock CC2 rise edge)        0.000     0.000 r  
    AF8                                               0.000     0.000 r  clk (IN)
                         net (fo=0)                   0.000     0.000    clk
    AF8                  IBUF (Prop_ibuf_I_O)         0.783     0.783 r  clk_IBUF_inst/O
                         net (fo=1, routed)           0.855     1.638    clk_IBUF
    BUFGCTRL_X0Y0        BUFG (Prop_bufg_I_O)         0.029     1.667 r  clk_IBUF_BUFG_inst/O
                         net (fo=9084, routed)        0.902     2.569    MEMWB_WriteRegister3/DFF0/clk_IBUF_BUFG
    SLICE_X15Y18         FDCE                                         r  MEMWB_WriteRegister3/DFF0/q_reg/C
                         clock pessimism             -0.666     1.903    
    SLICE_X15Y18         FDCE (Hold_fdce_C_D)         0.072     1.975    MEMWB_WriteRegister3/DFF0/q_reg
  -------------------------------------------------------------------
                         required time                         -1.975    
                         arrival time                           2.184    
  -------------------------------------------------------------------
                         slack                                  0.209    

Slack (MET) :             0.219ns  (arrival time - required time)
  Source:                 IDEX_JRControl/DFF0/q_reg/C
                            (rising edge-triggered cell FDCE clocked by CC2  {rise@0.000ns fall@8.500ns period=17.000ns})
  Destination:            PC_Reg/bit2/DFF0/q_reg/D
                            (rising edge-triggered cell FDCE clocked by CC2  {rise@0.000ns fall@8.500ns period=17.000ns})
  Path Group:             CC2
  Path Type:              Hold (Min at Fast Process Corner)
  Requirement:            0.000ns  (CC2 rise@0.000ns - CC2 rise@0.000ns)
  Data Path Delay:        0.325ns  (logic 0.186ns (57.187%)  route 0.139ns (42.813%))
  Logic Levels:           1  (LUT6=1)
  Clock Path Skew:        0.015ns (DCD - SCD - CPR)
    Destination Clock Delay (DCD):    2.569ns
    Source Clock Delay      (SCD):    1.902ns
    Clock Pessimism Removal (CPR):    0.652ns

    Location             Delay type                Incr(ns)  Path(ns)    Netlist Resource(s)
  -------------------------------------------------------------------    -------------------
                         (clock CC2 rise edge)        0.000     0.000 r  
    AF8                                               0.000     0.000 r  clk (IN)
                         net (fo=0)                   0.000     0.000    clk
    AF8                  IBUF (Prop_ibuf_I_O)         0.455     0.455 r  clk_IBUF_inst/O
                         net (fo=1, routed)           0.793     1.248    clk_IBUF
    BUFGCTRL_X0Y0        BUFG (Prop_bufg_I_O)         0.026     1.274 r  clk_IBUF_BUFG_inst/O
                         net (fo=9084, routed)        0.628     1.902    IDEX_JRControl/DFF0/clk_IBUF_BUFG
    SLICE_X27Y18         FDCE                                         r  IDEX_JRControl/DFF0/q_reg/C
  -------------------------------------------------------------------    -------------------
    SLICE_X27Y18         FDCE (Prop_fdce_C_Q)         0.141     2.043 r  IDEX_JRControl/DFF0/q_reg/Q
                         net (fo=8, routed)           0.139     2.182    IDEX_rs_rt_rd/bit25/DFF0/EX_JRControl
    SLICE_X25Y17         LUT6 (Prop_lut6_I0_O)        0.045     2.227 r  IDEX_rs_rt_rd/bit25/DFF0/q_i_2__2_comp/O
                         net (fo=1, routed)           0.000     2.227    PC_Reg/bit2/DFF0/q_reg_4
    SLICE_X25Y17         FDCE                                         r  PC_Reg/bit2/DFF0/q_reg/D
  -------------------------------------------------------------------    -------------------

                         (clock CC2 rise edge)        0.000     0.000 r  
    AF8                                               0.000     0.000 r  clk (IN)
                         net (fo=0)                   0.000     0.000    clk
    AF8                  IBUF (Prop_ibuf_I_O)         0.783     0.783 r  clk_IBUF_inst/O
                         net (fo=1, routed)           0.855     1.638    clk_IBUF
    BUFGCTRL_X0Y0        BUFG (Prop_bufg_I_O)         0.029     1.667 r  clk_IBUF_BUFG_inst/O
                         net (fo=9084, routed)        0.902     2.569    PC_Reg/bit2/DFF0/clk_IBUF_BUFG
    SLICE_X25Y17         FDCE                                         r  PC_Reg/bit2/DFF0/q_reg/C
                         clock pessimism             -0.652     1.917    
    SLICE_X25Y17         FDCE (Hold_fdce_C_D)         0.091     2.008    PC_Reg/bit2/DFF0/q_reg
  -------------------------------------------------------------------
                         required time                         -2.008    
                         arrival time                           2.227    
  -------------------------------------------------------------------
                         slack                                  0.219    

Slack (MET) :             0.220ns  (arrival time - required time)
  Source:                 EXMEM_WriteRegister1/DFF0/q_reg/C
                            (rising edge-triggered cell FDCE clocked by CC2  {rise@0.000ns fall@8.500ns period=17.000ns})
  Destination:            MEMWB_WriteRegister1/DFF0/q_reg_replica_2/D
                            (rising edge-triggered cell FDCE clocked by CC2  {rise@0.000ns fall@8.500ns period=17.000ns})
  Path Group:             CC2
  Path Type:              Hold (Min at Fast Process Corner)
  Requirement:            0.000ns  (CC2 rise@0.000ns - CC2 rise@0.000ns)
  Data Path Delay:        0.290ns  (logic 0.141ns (48.660%)  route 0.149ns (51.340%))
  Logic Levels:           0  
  Clock Path Skew:        0.000ns (DCD - SCD - CPR)
    Destination Clock Delay (DCD):    2.569ns
    Source Clock Delay      (SCD):    1.903ns
    Clock Pessimism Removal (CPR):    0.666ns

    Location             Delay type                Incr(ns)  Path(ns)    Netlist Resource(s)
  -------------------------------------------------------------------    -------------------
                         (clock CC2 rise edge)        0.000     0.000 r  
    AF8                                               0.000     0.000 r  clk (IN)
                         net (fo=0)                   0.000     0.000    clk
    AF8                  IBUF (Prop_ibuf_I_O)         0.455     0.455 r  clk_IBUF_inst/O
                         net (fo=1, routed)           0.793     1.248    clk_IBUF
    BUFGCTRL_X0Y0        BUFG (Prop_bufg_I_O)         0.026     1.274 r  clk_IBUF_BUFG_inst/O
                         net (fo=9084, routed)        0.629     1.903    EXMEM_WriteRegister1/DFF0/clk_IBUF_BUFG
    SLICE_X13Y18         FDCE                                         r  EXMEM_WriteRegister1/DFF0/q_reg/C
  -------------------------------------------------------------------    -------------------
    SLICE_X13Y18         FDCE (Prop_fdce_C_Q)         0.141     2.044 r  EXMEM_WriteRegister1/DFF0/q_reg/Q
                         net (fo=7, routed)           0.149     2.193    MEMWB_WriteRegister1/DFF0/MEM_WriteRegister_1
    SLICE_X13Y18         FDCE                                         r  MEMWB_WriteRegister1/DFF0/q_reg_replica_2/D
  -------------------------------------------------------------------    -------------------

                         (clock CC2 rise edge)        0.000     0.000 r  
    AF8                                               0.000     0.000 r  clk (IN)
                         net (fo=0)                   0.000     0.000    clk
    AF8                  IBUF (Prop_ibuf_I_O)         0.783     0.783 r  clk_IBUF_inst/O
                         net (fo=1, routed)           0.855     1.638    clk_IBUF
    BUFGCTRL_X0Y0        BUFG (Prop_bufg_I_O)         0.029     1.667 r  clk_IBUF_BUFG_inst/O
                         net (fo=9084, routed)        0.902     2.569    MEMWB_WriteRegister1/DFF0/clk_IBUF_BUFG
    SLICE_X13Y18         FDCE                                         r  MEMWB_WriteRegister1/DFF0/q_reg_replica_2/C
                         clock pessimism             -0.666     1.903    
    SLICE_X13Y18         FDCE (Hold_fdce_C_D)         0.070     1.973    MEMWB_WriteRegister1/DFF0/q_reg_replica_2
  -------------------------------------------------------------------
                         required time                         -1.973    
                         arrival time                           2.193    
  -------------------------------------------------------------------
                         slack                                  0.220    

Slack (MET) :             0.225ns  (arrival time - required time)
  Source:                 EXMEM_ALUResult/bit9/DFF0/q_reg_rep__1/C
                            (rising edge-triggered cell FDCE clocked by CC2  {rise@0.000ns fall@8.500ns period=17.000ns})
  Destination:            MEMWB_ALUResult/bit9/DFF0/q_reg/D
                            (rising edge-triggered cell FDCE clocked by CC2  {rise@0.000ns fall@8.500ns period=17.000ns})
  Path Group:             CC2
  Path Type:              Hold (Min at Fast Process Corner)
  Requirement:            0.000ns  (CC2 rise@0.000ns - CC2 rise@0.000ns)
  Data Path Delay:        0.308ns  (logic 0.141ns (45.750%)  route 0.167ns (54.250%))
  Logic Levels:           0  
  Clock Path Skew:        0.012ns (DCD - SCD - CPR)
    Destination Clock Delay (DCD):    2.568ns
    Source Clock Delay      (SCD):    1.904ns
    Clock Pessimism Removal (CPR):    0.652ns

    Location             Delay type                Incr(ns)  Path(ns)    Netlist Resource(s)
  -------------------------------------------------------------------    -------------------
                         (clock CC2 rise edge)        0.000     0.000 r  
    AF8                                               0.000     0.000 r  clk (IN)
                         net (fo=0)                   0.000     0.000    clk
    AF8                  IBUF (Prop_ibuf_I_O)         0.455     0.455 r  clk_IBUF_inst/O
                         net (fo=1, routed)           0.793     1.248    clk_IBUF
    BUFGCTRL_X0Y0        BUFG (Prop_bufg_I_O)         0.026     1.274 r  clk_IBUF_BUFG_inst/O
                         net (fo=9084, routed)        0.630     1.904    EXMEM_ALUResult/bit9/DFF0/clk_IBUF_BUFG
    SLICE_X18Y17         FDCE                                         r  EXMEM_ALUResult/bit9/DFF0/q_reg_rep__1/C
  -------------------------------------------------------------------    -------------------
    SLICE_X18Y17         FDCE (Prop_fdce_C_Q)         0.141     2.045 r  EXMEM_ALUResult/bit9/DFF0/q_reg_rep__1/Q
                         net (fo=98, routed)          0.167     2.212    MEMWB_ALUResult/bit9/DFF0/d_3
    SLICE_X18Y19         FDCE                                         r  MEMWB_ALUResult/bit9/DFF0/q_reg/D
  -------------------------------------------------------------------    -------------------

                         (clock CC2 rise edge)        0.000     0.000 r  
    AF8                                               0.000     0.000 r  clk (IN)
                         net (fo=0)                   0.000     0.000    clk
    AF8                  IBUF (Prop_ibuf_I_O)         0.783     0.783 r  clk_IBUF_inst/O
                         net (fo=1, routed)           0.855     1.638    clk_IBUF
    BUFGCTRL_X0Y0        BUFG (Prop_bufg_I_O)         0.029     1.667 r  clk_IBUF_BUFG_inst/O
                         net (fo=9084, routed)        0.901     2.568    MEMWB_ALUResult/bit9/DFF0/clk_IBUF_BUFG
    SLICE_X18Y19         FDCE                                         r  MEMWB_ALUResult/bit9/DFF0/q_reg/C
                         clock pessimism             -0.652     1.916    
    SLICE_X18Y19         FDCE (Hold_fdce_C_D)         0.071     1.987    MEMWB_ALUResult/bit9/DFF0/q_reg
  -------------------------------------------------------------------
                         required time                         -1.987    
                         arrival time                           2.212    
  -------------------------------------------------------------------
                         slack                                  0.225    





Pulse Width Checks
--------------------------------------------------------------------------------------
Clock Name:         CC2
Waveform(ns):       { 0.000 8.500 }
Period(ns):         17.000
Sources:            { clk }

Check Type        Corner  Lib Pin  Reference Pin  Required(ns)  Actual(ns)  Slack(ns)  Location       Pin
Min Period        n/a     BUFG/I   n/a            1.592         17.000      15.408     BUFGCTRL_X0Y0  clk_IBUF_BUFG_inst/I
Min Period        n/a     FDCE/C   n/a            1.000         17.000      16.000     SLICE_X32Y17   EXMEM_ALUResult/bit3/DFF0/q_reg_rep__16/C
Min Period        n/a     FDCE/C   n/a            1.000         17.000      16.000     SLICE_X16Y19   EXMEM_ALUResult/bit3/DFF0/q_reg_rep__17/C
Min Period        n/a     FDCE/C   n/a            1.000         17.000      16.000     SLICE_X16Y19   EXMEM_ALUResult/bit3/DFF0/q_reg_rep__18/C
Min Period        n/a     FDCE/C   n/a            1.000         17.000      16.000     SLICE_X32Y20   EXMEM_ALUResult/bit3/DFF0/q_reg_rep__19/C
Min Period        n/a     FDCE/C   n/a            1.000         17.000      16.000     SLICE_X32Y20   EXMEM_ALUResult/bit3/DFF0/q_reg_rep__2/C
Min Period        n/a     FDCE/C   n/a            1.000         17.000      16.000     SLICE_X29Y19   EXMEM_ALUResult/bit3/DFF0/q_reg_rep__20/C
Min Period        n/a     FDCE/C   n/a            1.000         17.000      16.000     SLICE_X32Y20   EXMEM_ALUResult/bit3/DFF0/q_reg_rep__21/C
Min Period        n/a     FDCE/C   n/a            1.000         17.000      16.000     SLICE_X32Y20   EXMEM_ALUResult/bit3/DFF0/q_reg_rep__22/C
Min Period        n/a     FDCE/C   n/a            1.000         17.000      16.000     SLICE_X22Y19   EXMEM_ALUResult/bit3/DFF0/q_reg_rep__23/C
Low Pulse Width   Fast    FDCE/C   n/a            0.500         8.500       8.000      SLICE_X32Y17   EXMEM_ALUResult/bit3/DFF0/q_reg_rep__16/C
Low Pulse Width   Fast    FDCE/C   n/a            0.500         8.500       8.000      SLICE_X16Y19   EXMEM_ALUResult/bit3/DFF0/q_reg_rep__17/C
Low Pulse Width   Fast    FDCE/C   n/a            0.500         8.500       8.000      SLICE_X16Y19   EXMEM_ALUResult/bit3/DFF0/q_reg_rep__18/C
Low Pulse Width   Fast    FDCE/C   n/a            0.500         8.500       8.000      SLICE_X29Y19   EXMEM_ALUResult/bit3/DFF0/q_reg_rep__20/C
Low Pulse Width   Fast    FDCE/C   n/a            0.500         8.500       8.000      SLICE_X22Y19   EXMEM_ALUResult/bit3/DFF0/q_reg_rep__23/C
Low Pulse Width   Fast    FDCE/C   n/a            0.500         8.500       8.000      SLICE_X23Y27   EXMEM_ALUResult/bit3/DFF0/q_reg_rep__25/C
Low Pulse Width   Fast    FDCE/C   n/a            0.500         8.500       8.000      SLICE_X16Y19   EXMEM_ALUResult/bit3/DFF0/q_reg_rep__26/C
Low Pulse Width   Fast    FDCE/C   n/a            0.500         8.500       8.000      SLICE_X22Y19   EXMEM_ALUResult/bit3/DFF0/q_reg_rep__27/C
Low Pulse Width   Fast    FDCE/C   n/a            0.500         8.500       8.000      SLICE_X22Y27   EXMEM_ALUResult/bit3/DFF0/q_reg_rep__31/C
Low Pulse Width   Fast    FDCE/C   n/a            0.500         8.500       8.000      SLICE_X22Y19   EXMEM_ALUResult/bit3/DFF0/q_reg_rep__32/C
High Pulse Width  Slow    FDCE/C   n/a            0.500         8.500       8.000      SLICE_X32Y17   EXMEM_ALUResult/bit3/DFF0/q_reg_rep__16/C
High Pulse Width  Slow    FDCE/C   n/a            0.500         8.500       8.000      SLICE_X16Y19   EXMEM_ALUResult/bit3/DFF0/q_reg_rep__17/C
High Pulse Width  Slow    FDCE/C   n/a            0.500         8.500       8.000      SLICE_X16Y19   EXMEM_ALUResult/bit3/DFF0/q_reg_rep__18/C
High Pulse Width  Slow    FDCE/C   n/a            0.500         8.500       8.000      SLICE_X29Y19   EXMEM_ALUResult/bit3/DFF0/q_reg_rep__20/C
High Pulse Width  Slow    FDCE/C   n/a            0.500         8.500       8.000      SLICE_X22Y19   EXMEM_ALUResult/bit3/DFF0/q_reg_rep__23/C
High Pulse Width  Slow    FDCE/C   n/a            0.500         8.500       8.000      SLICE_X14Y26   EXMEM_ALUResult/bit3/DFF0/q_reg_rep__24/C
High Pulse Width  Slow    FDCE/C   n/a            0.500         8.500       8.000      SLICE_X23Y27   EXMEM_ALUResult/bit3/DFF0/q_reg_rep__25/C
High Pulse Width  Slow    FDCE/C   n/a            0.500         8.500       8.000      SLICE_X16Y19   EXMEM_ALUResult/bit3/DFF0/q_reg_rep__26/C
High Pulse Width  Slow    FDCE/C   n/a            0.500         8.500       8.000      SLICE_X22Y19   EXMEM_ALUResult/bit3/DFF0/q_reg_rep__27/C
High Pulse Width  Slow    FDCE/C   n/a            0.500         8.500       8.000      SLICE_X14Y26   EXMEM_ALUResult/bit3/DFF0/q_reg_rep__28/C



---------------------------------------------------------------------------------------------------
From Clock:  CC3
  To Clock:  CC3

Setup :            0  Failing Endpoints,  Worst Slack        4.714ns,  Total Violation        0.000ns
Hold  :            0  Failing Endpoints,  Worst Slack        0.143ns,  Total Violation        0.000ns
PW    :            0  Failing Endpoints,  Worst Slack        9.000ns,  Total Violation        0.000ns
---------------------------------------------------------------------------------------------------


Max Delay Paths
--------------------------------------------------------------------------------------
Slack (MET) :             4.714ns  (required time - arrival time)
  Source:                 MEMWB_WriteRegister2/DFF0/q_reg/C
                            (rising edge-triggered cell FDCE clocked by CC3  {rise@0.000ns fall@9.500ns period=19.000ns})
  Destination:            IDEX_ALUSrc/DFF0/q_reg/D
                            (rising edge-triggered cell FDCE clocked by CC3  {rise@0.000ns fall@9.500ns period=19.000ns})
  Path Group:             CC3
  Path Type:              Setup (Max at Slow Process Corner)
  Requirement:            19.000ns  (CC3 rise@19.000ns - CC3 rise@0.000ns)
  Data Path Delay:        14.240ns  (logic 3.634ns (25.520%)  route 10.606ns (74.480%))
  Logic Levels:           31  (LUT3=1 LUT4=20 LUT5=7 LUT6=3)
  Clock Path Skew:        -0.044ns (DCD - SCD + CPR)
    Destination Clock Delay (DCD):    4.606ns = ( 23.606 - 19.000 ) 
    Source Clock Delay      (SCD):    4.891ns
    Clock Pessimism Removal (CPR):    0.241ns
  Clock Uncertainty:      0.035ns  ((TSJ^2 + TIJ^2)^1/2 + DJ) / 2 + PE
    Total System Jitter     (TSJ):    0.071ns
    Total Input Jitter      (TIJ):    0.000ns
    Discrete Jitter          (DJ):    0.000ns
    Phase Error              (PE):    0.000ns

    Location             Delay type                Incr(ns)  Path(ns)    Netlist Resource(s)
  -------------------------------------------------------------------    -------------------
                         (clock CC3 rise edge)        0.000     0.000 r  
    AF8                                               0.000     0.000 r  clk (IN)
                         net (fo=0)                   0.000     0.000    clk
    AF8                  IBUF (Prop_ibuf_I_O)         1.310     1.310 r  clk_IBUF_inst/O
                         net (fo=1, routed)           1.981     3.291    clk_IBUF
    BUFGCTRL_X0Y0        BUFG (Prop_bufg_I_O)         0.081     3.372 r  clk_IBUF_BUFG_inst/O
                         net (fo=9084, routed)        1.519     4.891    MEMWB_WriteRegister2/DFF0/clk_IBUF_BUFG
    SLICE_X13Y18         FDCE                                         r  MEMWB_WriteRegister2/DFF0/q_reg/C
  -------------------------------------------------------------------    -------------------
    SLICE_X13Y18         FDCE (Prop_fdce_C_Q)         0.379     5.270 r  MEMWB_WriteRegister2/DFF0/q_reg/Q
                         net (fo=22, routed)          0.841     6.111    IDEX_rs_rt_rd/bit17/DFF0/WB_WriteRegister[2]
    SLICE_X13Y18         LUT6 (Prop_lut6_I2_O)        0.105     6.216 r  IDEX_rs_rt_rd/bit17/DFF0/q_i_7__0/O
                         net (fo=1, routed)           0.112     6.328    IDEX_rs_rt_rd/bit17/DFF0/q_i_7__0_n_0
    SLICE_X13Y18         LUT5 (Prop_lut5_I1_O)        0.105     6.433 r  IDEX_rs_rt_rd/bit17/DFF0/q_i_3__30/O
                         net (fo=39, routed)          0.703     7.136    IDEX_rs_rt_rd/bit20/DFF0/q_reg_10
    SLICE_X18Y18         LUT6 (Prop_lut6_I1_O)        0.105     7.241 r  IDEX_rs_rt_rd/bit20/DFF0/q_i_1__225/O
                         net (fo=2, routed)           0.258     7.499    IDEX_Im16_Ext/bit1/DFF0/Bus_B_forwarded[0]
    SLICE_X20Y18         LUT3 (Prop_lut3_I2_O)        0.105     7.604 r  IDEX_Im16_Ext/bit1/DFF0/q_i_2__29/O
                         net (fo=2, routed)           0.408     8.012    IDEX_rs_rt_rd/bit25/DFF0/q_reg_51
    SLICE_X21Y18         LUT5 (Prop_lut5_I4_O)        0.105     8.117 f  IDEX_rs_rt_rd/bit25/DFF0/q_i_2__33/O
                         net (fo=2, routed)           0.126     8.244    IDEX_rs_rt_rd/bit25/DFF0/q_i_2__33_n_0
    SLICE_X21Y18         LUT4 (Prop_lut4_I0_O)        0.105     8.349 f  IDEX_rs_rt_rd/bit25/DFF0/q_i_2__28/O
                         net (fo=2, routed)           0.324     8.672    IDEX_rs_rt_rd/bit25/DFF0/q_i_2__28_n_0
    SLICE_X21Y17         LUT4 (Prop_lut4_I0_O)        0.105     8.777 f  IDEX_rs_rt_rd/bit25/DFF0/q_i_2__27/O
                         net (fo=2, routed)           0.127     8.904    IDEX_rs_rt_rd/bit25/DFF0/q_i_2__27_n_0
    SLICE_X21Y17         LUT4 (Prop_lut4_I0_O)        0.105     9.009 f  IDEX_rs_rt_rd/bit25/DFF0/q_i_2__26/O
                         net (fo=2, routed)           0.351     9.360    IDEX_rs_rt_rd/bit25/DFF0/q_i_2__26_n_0
    SLICE_X22Y16         LUT4 (Prop_lut4_I0_O)        0.105     9.465 f  IDEX_rs_rt_rd/bit25/DFF0/q_i_2__25/O
                         net (fo=2, routed)           0.137     9.602    IDEX_rs_rt_rd/bit25/DFF0/q_i_2__25_n_0
    SLICE_X22Y16         LUT4 (Prop_lut4_I0_O)        0.105     9.707 f  IDEX_rs_rt_rd/bit25/DFF0/q_i_2__24/O
                         net (fo=2, routed)           0.376    10.083    IDEX_rs_rt_rd/bit25/DFF0/q_i_2__24_n_0
    SLICE_X19Y17         LUT4 (Prop_lut4_I0_O)        0.105    10.188 f  IDEX_rs_rt_rd/bit25/DFF0/q_i_2__23/O
                         net (fo=2, routed)           0.386    10.574    IDEX_rs_rt_rd/bit25/DFF0/q_i_2__23_n_0
    SLICE_X18Y17         LUT4 (Prop_lut4_I0_O)        0.105    10.679 f  IDEX_rs_rt_rd/bit25/DFF0/q_i_2__22/O
                         net (fo=2, routed)           0.233    10.913    IDEX_rs_rt_rd/bit25/DFF0/q_i_2__22_n_0
    SLICE_X19Y17         LUT4 (Prop_lut4_I0_O)        0.105    11.018 f  IDEX_rs_rt_rd/bit25/DFF0/q_i_2__21/O
                         net (fo=2, routed)           0.242    11.260    IDEX_rs_rt_rd/bit25/DFF0/q_i_2__21_n_0
    SLICE_X18Y16         LUT4 (Prop_lut4_I0_O)        0.105    11.365 f  IDEX_rs_rt_rd/bit25/DFF0/q_i_2__20/O
                         net (fo=2, routed)           0.235    11.600    IDEX_rs_rt_rd/bit25/DFF0/q_i_2__20_n_0
    SLICE_X19Y16         LUT4 (Prop_lut4_I0_O)        0.105    11.705 f  IDEX_rs_rt_rd/bit25/DFF0/q_i_2__19/O
                         net (fo=2, routed)           0.355    12.060    IDEX_rs_rt_rd/bit25/DFF0/q_i_2__19_n_0
    SLICE_X16Y15         LUT4 (Prop_lut4_I0_O)        0.105    12.165 f  IDEX_rs_rt_rd/bit25/DFF0/q_i_2__18/O
                         net (fo=2, routed)           0.230    12.395    IDEX_rs_rt_rd/bit25/DFF0/q_i_2__18_n_0
    SLICE_X17Y15         LUT4 (Prop_lut4_I0_O)        0.105    12.500 f  IDEX_rs_rt_rd/bit25/DFF0/q_i_2__17/O
                         net (fo=2, routed)           0.357    12.857    IDEX_rs_rt_rd/bit25/DFF0/q_i_2__17_n_0
    SLICE_X17Y16         LUT4 (Prop_lut4_I0_O)        0.105    12.962 f  IDEX_rs_rt_rd/bit25/DFF0/q_i_2__16/O
                         net (fo=2, routed)           0.386    13.348    IDEX_rs_rt_rd/bit25/DFF0/q_i_2__16_n_0
    SLICE_X16Y16         LUT4 (Prop_lut4_I0_O)        0.105    13.453 f  IDEX_rs_rt_rd/bit25/DFF0/q_i_2__15/O
                         net (fo=2, routed)           0.369    13.822    IDEX_rs_rt_rd/bit25/DFF0/q_i_2__15_n_0
    SLICE_X15Y16         LUT4 (Prop_lut4_I0_O)        0.105    13.927 f  IDEX_rs_rt_rd/bit25/DFF0/q_i_2__14/O
                         net (fo=2, routed)           0.430    14.357    IDEX_rs_rt_rd/bit25/DFF0/q_i_2__14_n_0
    SLICE_X14Y16         LUT4 (Prop_lut4_I0_O)        0.105    14.462 f  IDEX_rs_rt_rd/bit25/DFF0/q_i_2__13/O
                         net (fo=2, routed)           0.335    14.798    IDEX_rs_rt_rd/bit25/DFF0/q_i_2__13_n_0
    SLICE_X13Y15         LUT4 (Prop_lut4_I0_O)        0.105    14.903 f  IDEX_rs_rt_rd/bit25/DFF0/q_i_2__12/O
                         net (fo=2, routed)           0.386    15.289    IDEX_rs_rt_rd/bit25/DFF0/q_i_2__12_n_0
    SLICE_X12Y15         LUT4 (Prop_lut4_I0_O)        0.105    15.394 f  IDEX_rs_rt_rd/bit25/DFF0/q_i_2__11/O
                         net (fo=2, routed)           0.238    15.632    IDEX_rs_rt_rd/bit25/DFF0/q_i_2__11_n_0
    SLICE_X15Y15         LUT4 (Prop_lut4_I0_O)        0.105    15.737 f  IDEX_rs_rt_rd/bit25/DFF0/q_i_2__10/O
                         net (fo=3, routed)           0.510    16.246    IDEX_rs_rt_rd/bit25/DFF0/q_i_2__10_n_0
    SLICE_X23Y15         LUT5 (Prop_lut5_I2_O)        0.105    16.351 f  IDEX_rs_rt_rd/bit25/DFF0/q_i_2__6_comp/O
                         net (fo=4, routed)           0.359    16.710    IDEX_rs_rt_rd/bit25/DFF0/q_i_2__6_n_0
    SLICE_X26Y15         LUT4 (Prop_lut4_I0_O)        0.105    16.815 f  IDEX_rs_rt_rd/bit25/DFF0/q_i_2__5/O
                         net (fo=2, routed)           0.130    16.946    IDEX_rs_rt_rd/bit25/DFF0/q_i_2__5_n_0
    SLICE_X26Y15         LUT5 (Prop_lut5_I2_O)        0.105    17.051 r  IDEX_rs_rt_rd/bit25/DFF0/q_i_2__37/O
                         net (fo=4, routed)           0.364    17.415    IDEX_rs_rt_rd/bit25/DFF0/q_i_2__37_n_0
    SLICE_X27Y14         LUT5 (Prop_lut5_I0_O)        0.105    17.520 f  IDEX_rs_rt_rd/bit25/DFF0/q_i_1__148_replica/O
                         net (fo=1, routed)           0.510    18.030    IDEX_rs_rt_rd/bit25/DFF0/q_reg_8[26]_repN
    SLICE_X25Y15         LUT6 (Prop_lut6_I2_O)        0.105    18.135 f  IDEX_rs_rt_rd/bit25/DFF0/ZeroFlag_OBUF_inst_i_2_rewire_comp/O
                         net (fo=9, routed)           0.403    18.538    IDEX_rs_rt_rd/bit25/DFF0/ZeroFlag_OBUF_inst_i_2_n_0
    SLICE_X26Y17         LUT5 (Prop_lut5_I3_O)        0.105    18.643 r  IDEX_rs_rt_rd/bit25/DFF0/q_i_4__5_rewire/O
                         net (fo=9, routed)           0.383    19.026    IFID_Instruction/bit27/DFF0/q_reg_2_alias
    SLICE_X26Y16         LUT5 (Prop_lut5_I3_O)        0.105    19.131 r  IFID_Instruction/bit27/DFF0/q_i_1__143_comp/O
                         net (fo=1, routed)           0.000    19.131    IDEX_ALUSrc/DFF0/ID_ALUSrc
    SLICE_X26Y16         FDCE                                         r  IDEX_ALUSrc/DFF0/q_reg/D
  -------------------------------------------------------------------    -------------------

                         (clock CC3 rise edge)       19.000    19.000 r  
    AF8                                               0.000    19.000 r  clk (IN)
                         net (fo=0)                   0.000    19.000    clk
    AF8                  IBUF (Prop_ibuf_I_O)         1.250    20.250 r  clk_IBUF_inst/O
                         net (fo=1, routed)           1.877    22.127    clk_IBUF
    BUFGCTRL_X0Y0        BUFG (Prop_bufg_I_O)         0.077    22.204 r  clk_IBUF_BUFG_inst/O
                         net (fo=9084, routed)        1.402    23.606    IDEX_ALUSrc/DFF0/clk_IBUF_BUFG
    SLICE_X26Y16         FDCE                                         r  IDEX_ALUSrc/DFF0/q_reg/C
                         clock pessimism              0.241    23.847    
                         clock uncertainty           -0.035    23.812    
    SLICE_X26Y16         FDCE (Setup_fdce_C_D)        0.033    23.845    IDEX_ALUSrc/DFF0/q_reg
  -------------------------------------------------------------------
                         required time                         23.845    
                         arrival time                         -19.131    
  -------------------------------------------------------------------
                         slack                                  4.714    

Slack (MET) :             4.754ns  (required time - arrival time)
  Source:                 MEMWB_WriteRegister2/DFF0/q_reg/C
                            (rising edge-triggered cell FDCE clocked by CC3  {rise@0.000ns fall@9.500ns period=19.000ns})
  Destination:            PC_Reg/bit4/DFF0/q_reg/D
                            (rising edge-triggered cell FDCE clocked by CC3  {rise@0.000ns fall@9.500ns period=19.000ns})
  Path Group:             CC3
  Path Type:              Setup (Max at Slow Process Corner)
  Requirement:            19.000ns  (CC3 rise@19.000ns - CC3 rise@0.000ns)
  Data Path Delay:        14.197ns  (logic 3.634ns (25.597%)  route 10.563ns (74.403%))
  Logic Levels:           31  (LUT3=1 LUT4=20 LUT5=6 LUT6=4)
  Clock Path Skew:        -0.046ns (DCD - SCD + CPR)
    Destination Clock Delay (DCD):    4.604ns = ( 23.604 - 19.000 ) 
    Source Clock Delay      (SCD):    4.891ns
    Clock Pessimism Removal (CPR):    0.241ns
  Clock Uncertainty:      0.035ns  ((TSJ^2 + TIJ^2)^1/2 + DJ) / 2 + PE
    Total System Jitter     (TSJ):    0.071ns
    Total Input Jitter      (TIJ):    0.000ns
    Discrete Jitter          (DJ):    0.000ns
    Phase Error              (PE):    0.000ns

    Location             Delay type                Incr(ns)  Path(ns)    Netlist Resource(s)
  -------------------------------------------------------------------    -------------------
                         (clock CC3 rise edge)        0.000     0.000 r  
    AF8                                               0.000     0.000 r  clk (IN)
                         net (fo=0)                   0.000     0.000    clk
    AF8                  IBUF (Prop_ibuf_I_O)         1.310     1.310 r  clk_IBUF_inst/O
                         net (fo=1, routed)           1.981     3.291    clk_IBUF
    BUFGCTRL_X0Y0        BUFG (Prop_bufg_I_O)         0.081     3.372 r  clk_IBUF_BUFG_inst/O
                         net (fo=9084, routed)        1.519     4.891    MEMWB_WriteRegister2/DFF0/clk_IBUF_BUFG
    SLICE_X13Y18         FDCE                                         r  MEMWB_WriteRegister2/DFF0/q_reg/C
  -------------------------------------------------------------------    -------------------
    SLICE_X13Y18         FDCE (Prop_fdce_C_Q)         0.379     5.270 r  MEMWB_WriteRegister2/DFF0/q_reg/Q
                         net (fo=22, routed)          0.841     6.111    IDEX_rs_rt_rd/bit17/DFF0/WB_WriteRegister[2]
    SLICE_X13Y18         LUT6 (Prop_lut6_I2_O)        0.105     6.216 r  IDEX_rs_rt_rd/bit17/DFF0/q_i_7__0/O
                         net (fo=1, routed)           0.112     6.328    IDEX_rs_rt_rd/bit17/DFF0/q_i_7__0_n_0
    SLICE_X13Y18         LUT5 (Prop_lut5_I1_O)        0.105     6.433 r  IDEX_rs_rt_rd/bit17/DFF0/q_i_3__30/O
                         net (fo=39, routed)          0.703     7.136    IDEX_rs_rt_rd/bit20/DFF0/q_reg_10
    SLICE_X18Y18         LUT6 (Prop_lut6_I1_O)        0.105     7.241 r  IDEX_rs_rt_rd/bit20/DFF0/q_i_1__225/O
                         net (fo=2, routed)           0.258     7.499    IDEX_Im16_Ext/bit1/DFF0/Bus_B_forwarded[0]
    SLICE_X20Y18         LUT3 (Prop_lut3_I2_O)        0.105     7.604 r  IDEX_Im16_Ext/bit1/DFF0/q_i_2__29/O
                         net (fo=2, routed)           0.408     8.012    IDEX_rs_rt_rd/bit25/DFF0/q_reg_51
    SLICE_X21Y18         LUT5 (Prop_lut5_I4_O)        0.105     8.117 f  IDEX_rs_rt_rd/bit25/DFF0/q_i_2__33/O
                         net (fo=2, routed)           0.126     8.244    IDEX_rs_rt_rd/bit25/DFF0/q_i_2__33_n_0
    SLICE_X21Y18         LUT4 (Prop_lut4_I0_O)        0.105     8.349 f  IDEX_rs_rt_rd/bit25/DFF0/q_i_2__28/O
                         net (fo=2, routed)           0.324     8.672    IDEX_rs_rt_rd/bit25/DFF0/q_i_2__28_n_0
    SLICE_X21Y17         LUT4 (Prop_lut4_I0_O)        0.105     8.777 f  IDEX_rs_rt_rd/bit25/DFF0/q_i_2__27/O
                         net (fo=2, routed)           0.127     8.904    IDEX_rs_rt_rd/bit25/DFF0/q_i_2__27_n_0
    SLICE_X21Y17         LUT4 (Prop_lut4_I0_O)        0.105     9.009 f  IDEX_rs_rt_rd/bit25/DFF0/q_i_2__26/O
                         net (fo=2, routed)           0.351     9.360    IDEX_rs_rt_rd/bit25/DFF0/q_i_2__26_n_0
    SLICE_X22Y16         LUT4 (Prop_lut4_I0_O)        0.105     9.465 f  IDEX_rs_rt_rd/bit25/DFF0/q_i_2__25/O
                         net (fo=2, routed)           0.137     9.602    IDEX_rs_rt_rd/bit25/DFF0/q_i_2__25_n_0
    SLICE_X22Y16         LUT4 (Prop_lut4_I0_O)        0.105     9.707 f  IDEX_rs_rt_rd/bit25/DFF0/q_i_2__24/O
                         net (fo=2, routed)           0.376    10.083    IDEX_rs_rt_rd/bit25/DFF0/q_i_2__24_n_0
    SLICE_X19Y17         LUT4 (Prop_lut4_I0_O)        0.105    10.188 f  IDEX_rs_rt_rd/bit25/DFF0/q_i_2__23/O
                         net (fo=2, routed)           0.386    10.574    IDEX_rs_rt_rd/bit25/DFF0/q_i_2__23_n_0
    SLICE_X18Y17         LUT4 (Prop_lut4_I0_O)        0.105    10.679 f  IDEX_rs_rt_rd/bit25/DFF0/q_i_2__22/O
                         net (fo=2, routed)           0.233    10.913    IDEX_rs_rt_rd/bit25/DFF0/q_i_2__22_n_0
    SLICE_X19Y17         LUT4 (Prop_lut4_I0_O)        0.105    11.018 f  IDEX_rs_rt_rd/bit25/DFF0/q_i_2__21/O
                         net (fo=2, routed)           0.242    11.260    IDEX_rs_rt_rd/bit25/DFF0/q_i_2__21_n_0
    SLICE_X18Y16         LUT4 (Prop_lut4_I0_O)        0.105    11.365 f  IDEX_rs_rt_rd/bit25/DFF0/q_i_2__20/O
                         net (fo=2, routed)           0.235    11.600    IDEX_rs_rt_rd/bit25/DFF0/q_i_2__20_n_0
    SLICE_X19Y16         LUT4 (Prop_lut4_I0_O)        0.105    11.705 f  IDEX_rs_rt_rd/bit25/DFF0/q_i_2__19/O
                         net (fo=2, routed)           0.355    12.060    IDEX_rs_rt_rd/bit25/DFF0/q_i_2__19_n_0
    SLICE_X16Y15         LUT4 (Prop_lut4_I0_O)        0.105    12.165 f  IDEX_rs_rt_rd/bit25/DFF0/q_i_2__18/O
                         net (fo=2, routed)           0.230    12.395    IDEX_rs_rt_rd/bit25/DFF0/q_i_2__18_n_0
    SLICE_X17Y15         LUT4 (Prop_lut4_I0_O)        0.105    12.500 f  IDEX_rs_rt_rd/bit25/DFF0/q_i_2__17/O
                         net (fo=2, routed)           0.357    12.857    IDEX_rs_rt_rd/bit25/DFF0/q_i_2__17_n_0
    SLICE_X17Y16         LUT4 (Prop_lut4_I0_O)        0.105    12.962 f  IDEX_rs_rt_rd/bit25/DFF0/q_i_2__16/O
                         net (fo=2, routed)           0.386    13.348    IDEX_rs_rt_rd/bit25/DFF0/q_i_2__16_n_0
    SLICE_X16Y16         LUT4 (Prop_lut4_I0_O)        0.105    13.453 f  IDEX_rs_rt_rd/bit25/DFF0/q_i_2__15/O
                         net (fo=2, routed)           0.369    13.822    IDEX_rs_rt_rd/bit25/DFF0/q_i_2__15_n_0
    SLICE_X15Y16         LUT4 (Prop_lut4_I0_O)        0.105    13.927 f  IDEX_rs_rt_rd/bit25/DFF0/q_i_2__14/O
                         net (fo=2, routed)           0.430    14.357    IDEX_rs_rt_rd/bit25/DFF0/q_i_2__14_n_0
    SLICE_X14Y16         LUT4 (Prop_lut4_I0_O)        0.105    14.462 f  IDEX_rs_rt_rd/bit25/DFF0/q_i_2__13/O
                         net (fo=2, routed)           0.335    14.798    IDEX_rs_rt_rd/bit25/DFF0/q_i_2__13_n_0
    SLICE_X13Y15         LUT4 (Prop_lut4_I0_O)        0.105    14.903 f  IDEX_rs_rt_rd/bit25/DFF0/q_i_2__12/O
                         net (fo=2, routed)           0.386    15.289    IDEX_rs_rt_rd/bit25/DFF0/q_i_2__12_n_0
    SLICE_X12Y15         LUT4 (Prop_lut4_I0_O)        0.105    15.394 f  IDEX_rs_rt_rd/bit25/DFF0/q_i_2__11/O
                         net (fo=2, routed)           0.238    15.632    IDEX_rs_rt_rd/bit25/DFF0/q_i_2__11_n_0
    SLICE_X15Y15         LUT4 (Prop_lut4_I0_O)        0.105    15.737 f  IDEX_rs_rt_rd/bit25/DFF0/q_i_2__10/O
                         net (fo=3, routed)           0.510    16.246    IDEX_rs_rt_rd/bit25/DFF0/q_i_2__10_n_0
    SLICE_X23Y15         LUT5 (Prop_lut5_I2_O)        0.105    16.351 f  IDEX_rs_rt_rd/bit25/DFF0/q_i_2__6_comp/O
                         net (fo=4, routed)           0.359    16.710    IDEX_rs_rt_rd/bit25/DFF0/q_i_2__6_n_0
    SLICE_X26Y15         LUT4 (Prop_lut4_I0_O)        0.105    16.815 f  IDEX_rs_rt_rd/bit25/DFF0/q_i_2__5/O
                         net (fo=2, routed)           0.130    16.946    IDEX_rs_rt_rd/bit25/DFF0/q_i_2__5_n_0
    SLICE_X26Y15         LUT5 (Prop_lut5_I2_O)        0.105    17.051 r  IDEX_rs_rt_rd/bit25/DFF0/q_i_2__37/O
                         net (fo=4, routed)           0.364    17.415    IDEX_rs_rt_rd/bit25/DFF0/q_i_2__37_n_0
    SLICE_X27Y14         LUT5 (Prop_lut5_I0_O)        0.105    17.520 r  IDEX_rs_rt_rd/bit25/DFF0/q_i_1__148_replica/O
                         net (fo=1, routed)           0.510    18.030    IDEX_rs_rt_rd/bit25/DFF0/q_reg_8[26]_repN
    SLICE_X25Y15         LUT6 (Prop_lut6_I2_O)        0.105    18.135 r  IDEX_rs_rt_rd/bit25/DFF0/ZeroFlag_OBUF_inst_i_2_rewire_comp/O
                         net (fo=9, routed)           0.364    18.499    IDEX_rs_rt_rd/bit25/DFF0/ZeroFlag_OBUF_inst_i_2_n_0
    SLICE_X24Y16         LUT5 (Prop_lut5_I3_O)        0.105    18.604 r  IDEX_rs_rt_rd/bit25/DFF0/JumpControl_OBUF_inst_i_3_rewire/O
                         net (fo=5, routed)           0.379    18.983    IDEX_rs_rt_rd/bit25/DFF0/q_reg_3
    SLICE_X24Y18         LUT6 (Prop_lut6_I4_O)        0.105    19.088 r  IDEX_rs_rt_rd/bit25/DFF0/q_i_1__137_comp_1/O
                         net (fo=1, routed)           0.000    19.088    PC_Reg/bit4/DFF0/d_0
    SLICE_X24Y18         FDCE                                         r  PC_Reg/bit4/DFF0/q_reg/D
  -------------------------------------------------------------------    -------------------

                         (clock CC3 rise edge)       19.000    19.000 r  
    AF8                                               0.000    19.000 r  clk (IN)
                         net (fo=0)                   0.000    19.000    clk
    AF8                  IBUF (Prop_ibuf_I_O)         1.250    20.250 r  clk_IBUF_inst/O
                         net (fo=1, routed)           1.877    22.127    clk_IBUF
    BUFGCTRL_X0Y0        BUFG (Prop_bufg_I_O)         0.077    22.204 r  clk_IBUF_BUFG_inst/O
                         net (fo=9084, routed)        1.400    23.604    PC_Reg/bit4/DFF0/clk_IBUF_BUFG
    SLICE_X24Y18         FDCE                                         r  PC_Reg/bit4/DFF0/q_reg/C
                         clock pessimism              0.241    23.845    
                         clock uncertainty           -0.035    23.810    
    SLICE_X24Y18         FDCE (Setup_fdce_C_D)        0.032    23.842    PC_Reg/bit4/DFF0/q_reg
  -------------------------------------------------------------------
                         required time                         23.842    
                         arrival time                         -19.088    
  -------------------------------------------------------------------
                         slack                                  4.754    

Slack (MET) :             4.771ns  (required time - arrival time)
  Source:                 MEMWB_WriteRegister2/DFF0/q_reg/C
                            (rising edge-triggered cell FDCE clocked by CC3  {rise@0.000ns fall@9.500ns period=19.000ns})
  Destination:            PC_Reg/bit5/DFF0/q_reg/D
                            (rising edge-triggered cell FDCE clocked by CC3  {rise@0.000ns fall@9.500ns period=19.000ns})
  Path Group:             CC3
  Path Type:              Setup (Max at Slow Process Corner)
  Requirement:            19.000ns  (CC3 rise@19.000ns - CC3 rise@0.000ns)
  Data Path Delay:        14.182ns  (logic 3.634ns (25.624%)  route 10.548ns (74.376%))
  Logic Levels:           31  (LUT3=1 LUT4=20 LUT5=6 LUT6=4)
  Clock Path Skew:        -0.043ns (DCD - SCD + CPR)
    Destination Clock Delay (DCD):    4.607ns = ( 23.607 - 19.000 ) 
    Source Clock Delay      (SCD):    4.891ns
    Clock Pessimism Removal (CPR):    0.241ns
  Clock Uncertainty:      0.035ns  ((TSJ^2 + TIJ^2)^1/2 + DJ) / 2 + PE
    Total System Jitter     (TSJ):    0.071ns
    Total Input Jitter      (TIJ):    0.000ns
    Discrete Jitter          (DJ):    0.000ns
    Phase Error              (PE):    0.000ns

    Location             Delay type                Incr(ns)  Path(ns)    Netlist Resource(s)
  -------------------------------------------------------------------    -------------------
                         (clock CC3 rise edge)        0.000     0.000 r  
    AF8                                               0.000     0.000 r  clk (IN)
                         net (fo=0)                   0.000     0.000    clk
    AF8                  IBUF (Prop_ibuf_I_O)         1.310     1.310 r  clk_IBUF_inst/O
                         net (fo=1, routed)           1.981     3.291    clk_IBUF
    BUFGCTRL_X0Y0        BUFG (Prop_bufg_I_O)         0.081     3.372 r  clk_IBUF_BUFG_inst/O
                         net (fo=9084, routed)        1.519     4.891    MEMWB_WriteRegister2/DFF0/clk_IBUF_BUFG
    SLICE_X13Y18         FDCE                                         r  MEMWB_WriteRegister2/DFF0/q_reg/C
  -------------------------------------------------------------------    -------------------
    SLICE_X13Y18         FDCE (Prop_fdce_C_Q)         0.379     5.270 r  MEMWB_WriteRegister2/DFF0/q_reg/Q
                         net (fo=22, routed)          0.841     6.111    IDEX_rs_rt_rd/bit17/DFF0/WB_WriteRegister[2]
    SLICE_X13Y18         LUT6 (Prop_lut6_I2_O)        0.105     6.216 r  IDEX_rs_rt_rd/bit17/DFF0/q_i_7__0/O
                         net (fo=1, routed)           0.112     6.328    IDEX_rs_rt_rd/bit17/DFF0/q_i_7__0_n_0
    SLICE_X13Y18         LUT5 (Prop_lut5_I1_O)        0.105     6.433 r  IDEX_rs_rt_rd/bit17/DFF0/q_i_3__30/O
                         net (fo=39, routed)          0.703     7.136    IDEX_rs_rt_rd/bit20/DFF0/q_reg_10
    SLICE_X18Y18         LUT6 (Prop_lut6_I1_O)        0.105     7.241 r  IDEX_rs_rt_rd/bit20/DFF0/q_i_1__225/O
                         net (fo=2, routed)           0.258     7.499    IDEX_Im16_Ext/bit1/DFF0/Bus_B_forwarded[0]
    SLICE_X20Y18         LUT3 (Prop_lut3_I2_O)        0.105     7.604 r  IDEX_Im16_Ext/bit1/DFF0/q_i_2__29/O
                         net (fo=2, routed)           0.408     8.012    IDEX_rs_rt_rd/bit25/DFF0/q_reg_51
    SLICE_X21Y18         LUT5 (Prop_lut5_I4_O)        0.105     8.117 f  IDEX_rs_rt_rd/bit25/DFF0/q_i_2__33/O
                         net (fo=2, routed)           0.126     8.244    IDEX_rs_rt_rd/bit25/DFF0/q_i_2__33_n_0
    SLICE_X21Y18         LUT4 (Prop_lut4_I0_O)        0.105     8.349 f  IDEX_rs_rt_rd/bit25/DFF0/q_i_2__28/O
                         net (fo=2, routed)           0.324     8.672    IDEX_rs_rt_rd/bit25/DFF0/q_i_2__28_n_0
    SLICE_X21Y17         LUT4 (Prop_lut4_I0_O)        0.105     8.777 f  IDEX_rs_rt_rd/bit25/DFF0/q_i_2__27/O
                         net (fo=2, routed)           0.127     8.904    IDEX_rs_rt_rd/bit25/DFF0/q_i_2__27_n_0
    SLICE_X21Y17         LUT4 (Prop_lut4_I0_O)        0.105     9.009 f  IDEX_rs_rt_rd/bit25/DFF0/q_i_2__26/O
                         net (fo=2, routed)           0.351     9.360    IDEX_rs_rt_rd/bit25/DFF0/q_i_2__26_n_0
    SLICE_X22Y16         LUT4 (Prop_lut4_I0_O)        0.105     9.465 f  IDEX_rs_rt_rd/bit25/DFF0/q_i_2__25/O
                         net (fo=2, routed)           0.137     9.602    IDEX_rs_rt_rd/bit25/DFF0/q_i_2__25_n_0
    SLICE_X22Y16         LUT4 (Prop_lut4_I0_O)        0.105     9.707 f  IDEX_rs_rt_rd/bit25/DFF0/q_i_2__24/O
                         net (fo=2, routed)           0.376    10.083    IDEX_rs_rt_rd/bit25/DFF0/q_i_2__24_n_0
    SLICE_X19Y17         LUT4 (Prop_lut4_I0_O)        0.105    10.188 f  IDEX_rs_rt_rd/bit25/DFF0/q_i_2__23/O
                         net (fo=2, routed)           0.386    10.574    IDEX_rs_rt_rd/bit25/DFF0/q_i_2__23_n_0
    SLICE_X18Y17         LUT4 (Prop_lut4_I0_O)        0.105    10.679 f  IDEX_rs_rt_rd/bit25/DFF0/q_i_2__22/O
                         net (fo=2, routed)           0.233    10.913    IDEX_rs_rt_rd/bit25/DFF0/q_i_2__22_n_0
    SLICE_X19Y17         LUT4 (Prop_lut4_I0_O)        0.105    11.018 f  IDEX_rs_rt_rd/bit25/DFF0/q_i_2__21/O
                         net (fo=2, routed)           0.242    11.260    IDEX_rs_rt_rd/bit25/DFF0/q_i_2__21_n_0
    SLICE_X18Y16         LUT4 (Prop_lut4_I0_O)        0.105    11.365 f  IDEX_rs_rt_rd/bit25/DFF0/q_i_2__20/O
                         net (fo=2, routed)           0.235    11.600    IDEX_rs_rt_rd/bit25/DFF0/q_i_2__20_n_0
    SLICE_X19Y16         LUT4 (Prop_lut4_I0_O)        0.105    11.705 f  IDEX_rs_rt_rd/bit25/DFF0/q_i_2__19/O
                         net (fo=2, routed)           0.355    12.060    IDEX_rs_rt_rd/bit25/DFF0/q_i_2__19_n_0
    SLICE_X16Y15         LUT4 (Prop_lut4_I0_O)        0.105    12.165 f  IDEX_rs_rt_rd/bit25/DFF0/q_i_2__18/O
                         net (fo=2, routed)           0.230    12.395    IDEX_rs_rt_rd/bit25/DFF0/q_i_2__18_n_0
    SLICE_X17Y15         LUT4 (Prop_lut4_I0_O)        0.105    12.500 f  IDEX_rs_rt_rd/bit25/DFF0/q_i_2__17/O
                         net (fo=2, routed)           0.357    12.857    IDEX_rs_rt_rd/bit25/DFF0/q_i_2__17_n_0
    SLICE_X17Y16         LUT4 (Prop_lut4_I0_O)        0.105    12.962 f  IDEX_rs_rt_rd/bit25/DFF0/q_i_2__16/O
                         net (fo=2, routed)           0.386    13.348    IDEX_rs_rt_rd/bit25/DFF0/q_i_2__16_n_0
    SLICE_X16Y16         LUT4 (Prop_lut4_I0_O)        0.105    13.453 f  IDEX_rs_rt_rd/bit25/DFF0/q_i_2__15/O
                         net (fo=2, routed)           0.369    13.822    IDEX_rs_rt_rd/bit25/DFF0/q_i_2__15_n_0
    SLICE_X15Y16         LUT4 (Prop_lut4_I0_O)        0.105    13.927 f  IDEX_rs_rt_rd/bit25/DFF0/q_i_2__14/O
                         net (fo=2, routed)           0.430    14.357    IDEX_rs_rt_rd/bit25/DFF0/q_i_2__14_n_0
    SLICE_X14Y16         LUT4 (Prop_lut4_I0_O)        0.105    14.462 f  IDEX_rs_rt_rd/bit25/DFF0/q_i_2__13/O
                         net (fo=2, routed)           0.335    14.798    IDEX_rs_rt_rd/bit25/DFF0/q_i_2__13_n_0
    SLICE_X13Y15         LUT4 (Prop_lut4_I0_O)        0.105    14.903 f  IDEX_rs_rt_rd/bit25/DFF0/q_i_2__12/O
                         net (fo=2, routed)           0.386    15.289    IDEX_rs_rt_rd/bit25/DFF0/q_i_2__12_n_0
    SLICE_X12Y15         LUT4 (Prop_lut4_I0_O)        0.105    15.394 f  IDEX_rs_rt_rd/bit25/DFF0/q_i_2__11/O
                         net (fo=2, routed)           0.238    15.632    IDEX_rs_rt_rd/bit25/DFF0/q_i_2__11_n_0
    SLICE_X15Y15         LUT4 (Prop_lut4_I0_O)        0.105    15.737 f  IDEX_rs_rt_rd/bit25/DFF0/q_i_2__10/O
                         net (fo=3, routed)           0.510    16.246    IDEX_rs_rt_rd/bit25/DFF0/q_i_2__10_n_0
    SLICE_X23Y15         LUT5 (Prop_lut5_I2_O)        0.105    16.351 f  IDEX_rs_rt_rd/bit25/DFF0/q_i_2__6_comp/O
                         net (fo=4, routed)           0.359    16.710    IDEX_rs_rt_rd/bit25/DFF0/q_i_2__6_n_0
    SLICE_X26Y15         LUT4 (Prop_lut4_I0_O)        0.105    16.815 f  IDEX_rs_rt_rd/bit25/DFF0/q_i_2__5/O
                         net (fo=2, routed)           0.130    16.946    IDEX_rs_rt_rd/bit25/DFF0/q_i_2__5_n_0
    SLICE_X26Y15         LUT5 (Prop_lut5_I2_O)        0.105    17.051 r  IDEX_rs_rt_rd/bit25/DFF0/q_i_2__37/O
                         net (fo=4, routed)           0.364    17.415    IDEX_rs_rt_rd/bit25/DFF0/q_i_2__37_n_0
    SLICE_X27Y14         LUT5 (Prop_lut5_I0_O)        0.105    17.520 r  IDEX_rs_rt_rd/bit25/DFF0/q_i_1__148_replica/O
                         net (fo=1, routed)           0.510    18.030    IDEX_rs_rt_rd/bit25/DFF0/q_reg_8[26]_repN
    SLICE_X25Y15         LUT6 (Prop_lut6_I2_O)        0.105    18.135 r  IDEX_rs_rt_rd/bit25/DFF0/ZeroFlag_OBUF_inst_i_2_rewire_comp/O
                         net (fo=9, routed)           0.364    18.499    IDEX_rs_rt_rd/bit25/DFF0/ZeroFlag_OBUF_inst_i_2_n_0
    SLICE_X24Y16         LUT5 (Prop_lut5_I3_O)        0.105    18.604 r  IDEX_rs_rt_rd/bit25/DFF0/JumpControl_OBUF_inst_i_3_rewire/O
                         net (fo=5, routed)           0.365    18.968    IDEX_rs_rt_rd/bit25/DFF0/q_reg_3
    SLICE_X23Y16         LUT6 (Prop_lut6_I4_O)        0.105    19.073 r  IDEX_rs_rt_rd/bit25/DFF0/q_i_1__138_comp_1/O
                         net (fo=1, routed)           0.000    19.073    PC_Reg/bit5/DFF0/d_1
    SLICE_X23Y16         FDCE                                         r  PC_Reg/bit5/DFF0/q_reg/D
  -------------------------------------------------------------------    -------------------

                         (clock CC3 rise edge)       19.000    19.000 r  
    AF8                                               0.000    19.000 r  clk (IN)
                         net (fo=0)                   0.000    19.000    clk
    AF8                  IBUF (Prop_ibuf_I_O)         1.250    20.250 r  clk_IBUF_inst/O
                         net (fo=1, routed)           1.877    22.127    clk_IBUF
    BUFGCTRL_X0Y0        BUFG (Prop_bufg_I_O)         0.077    22.204 r  clk_IBUF_BUFG_inst/O
                         net (fo=9084, routed)        1.403    23.607    PC_Reg/bit5/DFF0/clk_IBUF_BUFG
    SLICE_X23Y16         FDCE                                         r  PC_Reg/bit5/DFF0/q_reg/C
                         clock pessimism              0.241    23.848    
                         clock uncertainty           -0.035    23.813    
    SLICE_X23Y16         FDCE (Setup_fdce_C_D)        0.032    23.845    PC_Reg/bit5/DFF0/q_reg
  -------------------------------------------------------------------
                         required time                         23.845    
                         arrival time                         -19.073    
  -------------------------------------------------------------------
                         slack                                  4.771    

Slack (MET) :             4.782ns  (required time - arrival time)
  Source:                 MEMWB_WriteRegister2/DFF0/q_reg/C
                            (rising edge-triggered cell FDCE clocked by CC3  {rise@0.000ns fall@9.500ns period=19.000ns})
  Destination:            IF_flush_bit/DFF0/q_reg/D
                            (rising edge-triggered cell FDCE clocked by CC3  {rise@0.000ns fall@9.500ns period=19.000ns})
  Path Group:             CC3
  Path Type:              Setup (Max at Slow Process Corner)
  Requirement:            19.000ns  (CC3 rise@19.000ns - CC3 rise@0.000ns)
  Data Path Delay:        14.167ns  (logic 3.634ns (25.652%)  route 10.533ns (74.348%))
  Logic Levels:           31  (LUT3=1 LUT4=20 LUT5=7 LUT6=3)
  Clock Path Skew:        -0.046ns (DCD - SCD + CPR)
    Destination Clock Delay (DCD):    4.604ns = ( 23.604 - 19.000 ) 
    Source Clock Delay      (SCD):    4.891ns
    Clock Pessimism Removal (CPR):    0.241ns
  Clock Uncertainty:      0.035ns  ((TSJ^2 + TIJ^2)^1/2 + DJ) / 2 + PE
    Total System Jitter     (TSJ):    0.071ns
    Total Input Jitter      (TIJ):    0.000ns
    Discrete Jitter          (DJ):    0.000ns
    Phase Error              (PE):    0.000ns

    Location             Delay type                Incr(ns)  Path(ns)    Netlist Resource(s)
  -------------------------------------------------------------------    -------------------
                         (clock CC3 rise edge)        0.000     0.000 r  
    AF8                                               0.000     0.000 r  clk (IN)
                         net (fo=0)                   0.000     0.000    clk
    AF8                  IBUF (Prop_ibuf_I_O)         1.310     1.310 r  clk_IBUF_inst/O
                         net (fo=1, routed)           1.981     3.291    clk_IBUF
    BUFGCTRL_X0Y0        BUFG (Prop_bufg_I_O)         0.081     3.372 r  clk_IBUF_BUFG_inst/O
                         net (fo=9084, routed)        1.519     4.891    MEMWB_WriteRegister2/DFF0/clk_IBUF_BUFG
    SLICE_X13Y18         FDCE                                         r  MEMWB_WriteRegister2/DFF0/q_reg/C
  -------------------------------------------------------------------    -------------------
    SLICE_X13Y18         FDCE (Prop_fdce_C_Q)         0.379     5.270 r  MEMWB_WriteRegister2/DFF0/q_reg/Q
                         net (fo=22, routed)          0.841     6.111    IDEX_rs_rt_rd/bit17/DFF0/WB_WriteRegister[2]
    SLICE_X13Y18         LUT6 (Prop_lut6_I2_O)        0.105     6.216 r  IDEX_rs_rt_rd/bit17/DFF0/q_i_7__0/O
                         net (fo=1, routed)           0.112     6.328    IDEX_rs_rt_rd/bit17/DFF0/q_i_7__0_n_0
    SLICE_X13Y18         LUT5 (Prop_lut5_I1_O)        0.105     6.433 r  IDEX_rs_rt_rd/bit17/DFF0/q_i_3__30/O
                         net (fo=39, routed)          0.703     7.136    IDEX_rs_rt_rd/bit20/DFF0/q_reg_10
    SLICE_X18Y18         LUT6 (Prop_lut6_I1_O)        0.105     7.241 r  IDEX_rs_rt_rd/bit20/DFF0/q_i_1__225/O
                         net (fo=2, routed)           0.258     7.499    IDEX_Im16_Ext/bit1/DFF0/Bus_B_forwarded[0]
    SLICE_X20Y18         LUT3 (Prop_lut3_I2_O)        0.105     7.604 r  IDEX_Im16_Ext/bit1/DFF0/q_i_2__29/O
                         net (fo=2, routed)           0.408     8.012    IDEX_rs_rt_rd/bit25/DFF0/q_reg_51
    SLICE_X21Y18         LUT5 (Prop_lut5_I4_O)        0.105     8.117 f  IDEX_rs_rt_rd/bit25/DFF0/q_i_2__33/O
                         net (fo=2, routed)           0.126     8.244    IDEX_rs_rt_rd/bit25/DFF0/q_i_2__33_n_0
    SLICE_X21Y18         LUT4 (Prop_lut4_I0_O)        0.105     8.349 f  IDEX_rs_rt_rd/bit25/DFF0/q_i_2__28/O
                         net (fo=2, routed)           0.324     8.672    IDEX_rs_rt_rd/bit25/DFF0/q_i_2__28_n_0
    SLICE_X21Y17         LUT4 (Prop_lut4_I0_O)        0.105     8.777 f  IDEX_rs_rt_rd/bit25/DFF0/q_i_2__27/O
                         net (fo=2, routed)           0.127     8.904    IDEX_rs_rt_rd/bit25/DFF0/q_i_2__27_n_0
    SLICE_X21Y17         LUT4 (Prop_lut4_I0_O)        0.105     9.009 f  IDEX_rs_rt_rd/bit25/DFF0/q_i_2__26/O
                         net (fo=2, routed)           0.351     9.360    IDEX_rs_rt_rd/bit25/DFF0/q_i_2__26_n_0
    SLICE_X22Y16         LUT4 (Prop_lut4_I0_O)        0.105     9.465 f  IDEX_rs_rt_rd/bit25/DFF0/q_i_2__25/O
                         net (fo=2, routed)           0.137     9.602    IDEX_rs_rt_rd/bit25/DFF0/q_i_2__25_n_0
    SLICE_X22Y16         LUT4 (Prop_lut4_I0_O)        0.105     9.707 f  IDEX_rs_rt_rd/bit25/DFF0/q_i_2__24/O
                         net (fo=2, routed)           0.376    10.083    IDEX_rs_rt_rd/bit25/DFF0/q_i_2__24_n_0
    SLICE_X19Y17         LUT4 (Prop_lut4_I0_O)        0.105    10.188 f  IDEX_rs_rt_rd/bit25/DFF0/q_i_2__23/O
                         net (fo=2, routed)           0.386    10.574    IDEX_rs_rt_rd/bit25/DFF0/q_i_2__23_n_0
    SLICE_X18Y17         LUT4 (Prop_lut4_I0_O)        0.105    10.679 f  IDEX_rs_rt_rd/bit25/DFF0/q_i_2__22/O
                         net (fo=2, routed)           0.233    10.913    IDEX_rs_rt_rd/bit25/DFF0/q_i_2__22_n_0
    SLICE_X19Y17         LUT4 (Prop_lut4_I0_O)        0.105    11.018 f  IDEX_rs_rt_rd/bit25/DFF0/q_i_2__21/O
                         net (fo=2, routed)           0.242    11.260    IDEX_rs_rt_rd/bit25/DFF0/q_i_2__21_n_0
    SLICE_X18Y16         LUT4 (Prop_lut4_I0_O)        0.105    11.365 f  IDEX_rs_rt_rd/bit25/DFF0/q_i_2__20/O
                         net (fo=2, routed)           0.235    11.600    IDEX_rs_rt_rd/bit25/DFF0/q_i_2__20_n_0
    SLICE_X19Y16         LUT4 (Prop_lut4_I0_O)        0.105    11.705 f  IDEX_rs_rt_rd/bit25/DFF0/q_i_2__19/O
                         net (fo=2, routed)           0.355    12.060    IDEX_rs_rt_rd/bit25/DFF0/q_i_2__19_n_0
    SLICE_X16Y15         LUT4 (Prop_lut4_I0_O)        0.105    12.165 f  IDEX_rs_rt_rd/bit25/DFF0/q_i_2__18/O
                         net (fo=2, routed)           0.230    12.395    IDEX_rs_rt_rd/bit25/DFF0/q_i_2__18_n_0
    SLICE_X17Y15         LUT4 (Prop_lut4_I0_O)        0.105    12.500 f  IDEX_rs_rt_rd/bit25/DFF0/q_i_2__17/O
                         net (fo=2, routed)           0.357    12.857    IDEX_rs_rt_rd/bit25/DFF0/q_i_2__17_n_0
    SLICE_X17Y16         LUT4 (Prop_lut4_I0_O)        0.105    12.962 f  IDEX_rs_rt_rd/bit25/DFF0/q_i_2__16/O
                         net (fo=2, routed)           0.386    13.348    IDEX_rs_rt_rd/bit25/DFF0/q_i_2__16_n_0
    SLICE_X16Y16         LUT4 (Prop_lut4_I0_O)        0.105    13.453 f  IDEX_rs_rt_rd/bit25/DFF0/q_i_2__15/O
                         net (fo=2, routed)           0.369    13.822    IDEX_rs_rt_rd/bit25/DFF0/q_i_2__15_n_0
    SLICE_X15Y16         LUT4 (Prop_lut4_I0_O)        0.105    13.927 f  IDEX_rs_rt_rd/bit25/DFF0/q_i_2__14/O
                         net (fo=2, routed)           0.430    14.357    IDEX_rs_rt_rd/bit25/DFF0/q_i_2__14_n_0
    SLICE_X14Y16         LUT4 (Prop_lut4_I0_O)        0.105    14.462 f  IDEX_rs_rt_rd/bit25/DFF0/q_i_2__13/O
                         net (fo=2, routed)           0.335    14.798    IDEX_rs_rt_rd/bit25/DFF0/q_i_2__13_n_0
    SLICE_X13Y15         LUT4 (Prop_lut4_I0_O)        0.105    14.903 f  IDEX_rs_rt_rd/bit25/DFF0/q_i_2__12/O
                         net (fo=2, routed)           0.386    15.289    IDEX_rs_rt_rd/bit25/DFF0/q_i_2__12_n_0
    SLICE_X12Y15         LUT4 (Prop_lut4_I0_O)        0.105    15.394 f  IDEX_rs_rt_rd/bit25/DFF0/q_i_2__11/O
                         net (fo=2, routed)           0.238    15.632    IDEX_rs_rt_rd/bit25/DFF0/q_i_2__11_n_0
    SLICE_X15Y15         LUT4 (Prop_lut4_I0_O)        0.105    15.737 f  IDEX_rs_rt_rd/bit25/DFF0/q_i_2__10/O
                         net (fo=3, routed)           0.510    16.246    IDEX_rs_rt_rd/bit25/DFF0/q_i_2__10_n_0
    SLICE_X23Y15         LUT5 (Prop_lut5_I2_O)        0.105    16.351 f  IDEX_rs_rt_rd/bit25/DFF0/q_i_2__6_comp/O
                         net (fo=4, routed)           0.359    16.710    IDEX_rs_rt_rd/bit25/DFF0/q_i_2__6_n_0
    SLICE_X26Y15         LUT4 (Prop_lut4_I0_O)        0.105    16.815 f  IDEX_rs_rt_rd/bit25/DFF0/q_i_2__5/O
                         net (fo=2, routed)           0.130    16.946    IDEX_rs_rt_rd/bit25/DFF0/q_i_2__5_n_0
    SLICE_X26Y15         LUT5 (Prop_lut5_I2_O)        0.105    17.051 r  IDEX_rs_rt_rd/bit25/DFF0/q_i_2__37/O
                         net (fo=4, routed)           0.364    17.415    IDEX_rs_rt_rd/bit25/DFF0/q_i_2__37_n_0
    SLICE_X27Y14         LUT5 (Prop_lut5_I0_O)        0.105    17.520 r  IDEX_rs_rt_rd/bit25/DFF0/q_i_1__148_replica/O
                         net (fo=1, routed)           0.510    18.030    IDEX_rs_rt_rd/bit25/DFF0/q_reg_8[26]_repN
    SLICE_X25Y15         LUT6 (Prop_lut6_I2_O)        0.105    18.135 r  IDEX_rs_rt_rd/bit25/DFF0/ZeroFlag_OBUF_inst_i_2_rewire_comp/O
                         net (fo=9, routed)           0.403    18.538    IDEX_rs_rt_rd/bit25/DFF0/ZeroFlag_OBUF_inst_i_2_n_0
    SLICE_X26Y17         LUT5 (Prop_lut5_I3_O)        0.105    18.643 f  IDEX_rs_rt_rd/bit25/DFF0/q_i_4__5_rewire/O
                         net (fo=9, routed)           0.310    18.953    IFID_Instruction/bit27/DFF0/q_reg_2_alias
    SLICE_X26Y18         LUT5 (Prop_lut5_I0_O)        0.105    19.058 r  IFID_Instruction/bit27/DFF0/q_i_1__134_rewire/O
                         net (fo=1, routed)           0.000    19.058    IF_flush_bit/DFF0/d
    SLICE_X26Y18         FDCE                                         r  IF_flush_bit/DFF0/q_reg/D
  -------------------------------------------------------------------    -------------------

                         (clock CC3 rise edge)       19.000    19.000 r  
    AF8                                               0.000    19.000 r  clk (IN)
                         net (fo=0)                   0.000    19.000    clk
    AF8                  IBUF (Prop_ibuf_I_O)         1.250    20.250 r  clk_IBUF_inst/O
                         net (fo=1, routed)           1.877    22.127    clk_IBUF
    BUFGCTRL_X0Y0        BUFG (Prop_bufg_I_O)         0.077    22.204 r  clk_IBUF_BUFG_inst/O
                         net (fo=9084, routed)        1.400    23.604    IF_flush_bit/DFF0/clk_IBUF_BUFG
    SLICE_X26Y18         FDCE                                         r  IF_flush_bit/DFF0/q_reg/C
                         clock pessimism              0.241    23.845    
                         clock uncertainty           -0.035    23.810    
    SLICE_X26Y18         FDCE (Setup_fdce_C_D)        0.030    23.840    IF_flush_bit/DFF0/q_reg
  -------------------------------------------------------------------
                         required time                         23.840    
                         arrival time                         -19.058    
  -------------------------------------------------------------------
                         slack                                  4.782    

Slack (MET) :             4.786ns  (required time - arrival time)
  Source:                 MEMWB_WriteRegister2/DFF0/q_reg/C
                            (rising edge-triggered cell FDCE clocked by CC3  {rise@0.000ns fall@9.500ns period=19.000ns})
  Destination:            IDEX_RegWrite/DFF0/q_reg/D
                            (rising edge-triggered cell FDCE clocked by CC3  {rise@0.000ns fall@9.500ns period=19.000ns})
  Path Group:             CC3
  Path Type:              Setup (Max at Slow Process Corner)
  Requirement:            19.000ns  (CC3 rise@19.000ns - CC3 rise@0.000ns)
  Data Path Delay:        14.165ns  (logic 3.634ns (25.655%)  route 10.531ns (74.345%))
  Logic Levels:           31  (LUT3=1 LUT4=21 LUT5=6 LUT6=3)
  Clock Path Skew:        -0.046ns (DCD - SCD + CPR)
    Destination Clock Delay (DCD):    4.604ns = ( 23.604 - 19.000 ) 
    Source Clock Delay      (SCD):    4.891ns
    Clock Pessimism Removal (CPR):    0.241ns
  Clock Uncertainty:      0.035ns  ((TSJ^2 + TIJ^2)^1/2 + DJ) / 2 + PE
    Total System Jitter     (TSJ):    0.071ns
    Total Input Jitter      (TIJ):    0.000ns
    Discrete Jitter          (DJ):    0.000ns
    Phase Error              (PE):    0.000ns

    Location             Delay type                Incr(ns)  Path(ns)    Netlist Resource(s)
  -------------------------------------------------------------------    -------------------
                         (clock CC3 rise edge)        0.000     0.000 r  
    AF8                                               0.000     0.000 r  clk (IN)
                         net (fo=0)                   0.000     0.000    clk
    AF8                  IBUF (Prop_ibuf_I_O)         1.310     1.310 r  clk_IBUF_inst/O
                         net (fo=1, routed)           1.981     3.291    clk_IBUF
    BUFGCTRL_X0Y0        BUFG (Prop_bufg_I_O)         0.081     3.372 r  clk_IBUF_BUFG_inst/O
                         net (fo=9084, routed)        1.519     4.891    MEMWB_WriteRegister2/DFF0/clk_IBUF_BUFG
    SLICE_X13Y18         FDCE                                         r  MEMWB_WriteRegister2/DFF0/q_reg/C
  -------------------------------------------------------------------    -------------------
    SLICE_X13Y18         FDCE (Prop_fdce_C_Q)         0.379     5.270 r  MEMWB_WriteRegister2/DFF0/q_reg/Q
                         net (fo=22, routed)          0.841     6.111    IDEX_rs_rt_rd/bit17/DFF0/WB_WriteRegister[2]
    SLICE_X13Y18         LUT6 (Prop_lut6_I2_O)        0.105     6.216 r  IDEX_rs_rt_rd/bit17/DFF0/q_i_7__0/O
                         net (fo=1, routed)           0.112     6.328    IDEX_rs_rt_rd/bit17/DFF0/q_i_7__0_n_0
    SLICE_X13Y18         LUT5 (Prop_lut5_I1_O)        0.105     6.433 r  IDEX_rs_rt_rd/bit17/DFF0/q_i_3__30/O
                         net (fo=39, routed)          0.703     7.136    IDEX_rs_rt_rd/bit20/DFF0/q_reg_10
    SLICE_X18Y18         LUT6 (Prop_lut6_I1_O)        0.105     7.241 r  IDEX_rs_rt_rd/bit20/DFF0/q_i_1__225/O
                         net (fo=2, routed)           0.258     7.499    IDEX_Im16_Ext/bit1/DFF0/Bus_B_forwarded[0]
    SLICE_X20Y18         LUT3 (Prop_lut3_I2_O)        0.105     7.604 r  IDEX_Im16_Ext/bit1/DFF0/q_i_2__29/O
                         net (fo=2, routed)           0.408     8.012    IDEX_rs_rt_rd/bit25/DFF0/q_reg_51
    SLICE_X21Y18         LUT5 (Prop_lut5_I4_O)        0.105     8.117 f  IDEX_rs_rt_rd/bit25/DFF0/q_i_2__33/O
                         net (fo=2, routed)           0.126     8.244    IDEX_rs_rt_rd/bit25/DFF0/q_i_2__33_n_0
    SLICE_X21Y18         LUT4 (Prop_lut4_I0_O)        0.105     8.349 f  IDEX_rs_rt_rd/bit25/DFF0/q_i_2__28/O
                         net (fo=2, routed)           0.324     8.672    IDEX_rs_rt_rd/bit25/DFF0/q_i_2__28_n_0
    SLICE_X21Y17         LUT4 (Prop_lut4_I0_O)        0.105     8.777 f  IDEX_rs_rt_rd/bit25/DFF0/q_i_2__27/O
                         net (fo=2, routed)           0.127     8.904    IDEX_rs_rt_rd/bit25/DFF0/q_i_2__27_n_0
    SLICE_X21Y17         LUT4 (Prop_lut4_I0_O)        0.105     9.009 f  IDEX_rs_rt_rd/bit25/DFF0/q_i_2__26/O
                         net (fo=2, routed)           0.351     9.360    IDEX_rs_rt_rd/bit25/DFF0/q_i_2__26_n_0
    SLICE_X22Y16         LUT4 (Prop_lut4_I0_O)        0.105     9.465 f  IDEX_rs_rt_rd/bit25/DFF0/q_i_2__25/O
                         net (fo=2, routed)           0.137     9.602    IDEX_rs_rt_rd/bit25/DFF0/q_i_2__25_n_0
    SLICE_X22Y16         LUT4 (Prop_lut4_I0_O)        0.105     9.707 f  IDEX_rs_rt_rd/bit25/DFF0/q_i_2__24/O
                         net (fo=2, routed)           0.376    10.083    IDEX_rs_rt_rd/bit25/DFF0/q_i_2__24_n_0
    SLICE_X19Y17         LUT4 (Prop_lut4_I0_O)        0.105    10.188 f  IDEX_rs_rt_rd/bit25/DFF0/q_i_2__23/O
                         net (fo=2, routed)           0.386    10.574    IDEX_rs_rt_rd/bit25/DFF0/q_i_2__23_n_0
    SLICE_X18Y17         LUT4 (Prop_lut4_I0_O)        0.105    10.679 f  IDEX_rs_rt_rd/bit25/DFF0/q_i_2__22/O
                         net (fo=2, routed)           0.233    10.913    IDEX_rs_rt_rd/bit25/DFF0/q_i_2__22_n_0
    SLICE_X19Y17         LUT4 (Prop_lut4_I0_O)        0.105    11.018 f  IDEX_rs_rt_rd/bit25/DFF0/q_i_2__21/O
                         net (fo=2, routed)           0.242    11.260    IDEX_rs_rt_rd/bit25/DFF0/q_i_2__21_n_0
    SLICE_X18Y16         LUT4 (Prop_lut4_I0_O)        0.105    11.365 f  IDEX_rs_rt_rd/bit25/DFF0/q_i_2__20/O
                         net (fo=2, routed)           0.235    11.600    IDEX_rs_rt_rd/bit25/DFF0/q_i_2__20_n_0
    SLICE_X19Y16         LUT4 (Prop_lut4_I0_O)        0.105    11.705 f  IDEX_rs_rt_rd/bit25/DFF0/q_i_2__19/O
                         net (fo=2, routed)           0.355    12.060    IDEX_rs_rt_rd/bit25/DFF0/q_i_2__19_n_0
    SLICE_X16Y15         LUT4 (Prop_lut4_I0_O)        0.105    12.165 f  IDEX_rs_rt_rd/bit25/DFF0/q_i_2__18/O
                         net (fo=2, routed)           0.230    12.395    IDEX_rs_rt_rd/bit25/DFF0/q_i_2__18_n_0
    SLICE_X17Y15         LUT4 (Prop_lut4_I0_O)        0.105    12.500 f  IDEX_rs_rt_rd/bit25/DFF0/q_i_2__17/O
                         net (fo=2, routed)           0.357    12.857    IDEX_rs_rt_rd/bit25/DFF0/q_i_2__17_n_0
    SLICE_X17Y16         LUT4 (Prop_lut4_I0_O)        0.105    12.962 f  IDEX_rs_rt_rd/bit25/DFF0/q_i_2__16/O
                         net (fo=2, routed)           0.386    13.348    IDEX_rs_rt_rd/bit25/DFF0/q_i_2__16_n_0
    SLICE_X16Y16         LUT4 (Prop_lut4_I0_O)        0.105    13.453 f  IDEX_rs_rt_rd/bit25/DFF0/q_i_2__15/O
                         net (fo=2, routed)           0.369    13.822    IDEX_rs_rt_rd/bit25/DFF0/q_i_2__15_n_0
    SLICE_X15Y16         LUT4 (Prop_lut4_I0_O)        0.105    13.927 f  IDEX_rs_rt_rd/bit25/DFF0/q_i_2__14/O
                         net (fo=2, routed)           0.430    14.357    IDEX_rs_rt_rd/bit25/DFF0/q_i_2__14_n_0
    SLICE_X14Y16         LUT4 (Prop_lut4_I0_O)        0.105    14.462 f  IDEX_rs_rt_rd/bit25/DFF0/q_i_2__13/O
                         net (fo=2, routed)           0.335    14.798    IDEX_rs_rt_rd/bit25/DFF0/q_i_2__13_n_0
    SLICE_X13Y15         LUT4 (Prop_lut4_I0_O)        0.105    14.903 f  IDEX_rs_rt_rd/bit25/DFF0/q_i_2__12/O
                         net (fo=2, routed)           0.386    15.289    IDEX_rs_rt_rd/bit25/DFF0/q_i_2__12_n_0
    SLICE_X12Y15         LUT4 (Prop_lut4_I0_O)        0.105    15.394 f  IDEX_rs_rt_rd/bit25/DFF0/q_i_2__11/O
                         net (fo=2, routed)           0.238    15.632    IDEX_rs_rt_rd/bit25/DFF0/q_i_2__11_n_0
    SLICE_X15Y15         LUT4 (Prop_lut4_I0_O)        0.105    15.737 f  IDEX_rs_rt_rd/bit25/DFF0/q_i_2__10/O
                         net (fo=3, routed)           0.510    16.246    IDEX_rs_rt_rd/bit25/DFF0/q_i_2__10_n_0
    SLICE_X23Y15         LUT5 (Prop_lut5_I2_O)        0.105    16.351 f  IDEX_rs_rt_rd/bit25/DFF0/q_i_2__6_comp/O
                         net (fo=4, routed)           0.359    16.710    IDEX_rs_rt_rd/bit25/DFF0/q_i_2__6_n_0
    SLICE_X26Y15         LUT4 (Prop_lut4_I0_O)        0.105    16.815 f  IDEX_rs_rt_rd/bit25/DFF0/q_i_2__5/O
                         net (fo=2, routed)           0.130    16.946    IDEX_rs_rt_rd/bit25/DFF0/q_i_2__5_n_0
    SLICE_X26Y15         LUT5 (Prop_lut5_I2_O)        0.105    17.051 r  IDEX_rs_rt_rd/bit25/DFF0/q_i_2__37/O
                         net (fo=4, routed)           0.364    17.415    IDEX_rs_rt_rd/bit25/DFF0/q_i_2__37_n_0
    SLICE_X27Y14         LUT5 (Prop_lut5_I0_O)        0.105    17.520 f  IDEX_rs_rt_rd/bit25/DFF0/q_i_1__148_replica/O
                         net (fo=1, routed)           0.510    18.030    IDEX_rs_rt_rd/bit25/DFF0/q_reg_8[26]_repN
    SLICE_X25Y15         LUT6 (Prop_lut6_I2_O)        0.105    18.135 f  IDEX_rs_rt_rd/bit25/DFF0/ZeroFlag_OBUF_inst_i_2_rewire_comp/O
                         net (fo=9, routed)           0.403    18.538    IDEX_rs_rt_rd/bit25/DFF0/ZeroFlag_OBUF_inst_i_2_n_0
    SLICE_X26Y17         LUT5 (Prop_lut5_I3_O)        0.105    18.643 r  IDEX_rs_rt_rd/bit25/DFF0/q_i_4__5_rewire/O
                         net (fo=9, routed)           0.308    18.951    IFID_Instruction/bit29/DFF0/q_reg_2_alias
    SLICE_X26Y18         LUT4 (Prop_lut4_I2_O)        0.105    19.056 r  IFID_Instruction/bit29/DFF0/q_i_1__130_comp/O
                         net (fo=1, routed)           0.000    19.056    IDEX_RegWrite/DFF0/ID_RegWrite
    SLICE_X26Y18         FDCE                                         r  IDEX_RegWrite/DFF0/q_reg/D
  -------------------------------------------------------------------    -------------------

                         (clock CC3 rise edge)       19.000    19.000 r  
    AF8                                               0.000    19.000 r  clk (IN)
                         net (fo=0)                   0.000    19.000    clk
    AF8                  IBUF (Prop_ibuf_I_O)         1.250    20.250 r  clk_IBUF_inst/O
                         net (fo=1, routed)           1.877    22.127    clk_IBUF
    BUFGCTRL_X0Y0        BUFG (Prop_bufg_I_O)         0.077    22.204 r  clk_IBUF_BUFG_inst/O
                         net (fo=9084, routed)        1.400    23.604    IDEX_RegWrite/DFF0/clk_IBUF_BUFG
    SLICE_X26Y18         FDCE                                         r  IDEX_RegWrite/DFF0/q_reg/C
                         clock pessimism              0.241    23.845    
                         clock uncertainty           -0.035    23.810    
    SLICE_X26Y18         FDCE (Setup_fdce_C_D)        0.032    23.842    IDEX_RegWrite/DFF0/q_reg
  -------------------------------------------------------------------
                         required time                         23.842    
                         arrival time                         -19.056    
  -------------------------------------------------------------------
                         slack                                  4.786    

Slack (MET) :             4.788ns  (required time - arrival time)
  Source:                 MEMWB_WriteRegister2/DFF0/q_reg/C
                            (rising edge-triggered cell FDCE clocked by CC3  {rise@0.000ns fall@9.500ns period=19.000ns})
  Destination:            IDEX_MemRead/DFF0/q_reg/D
                            (rising edge-triggered cell FDCE clocked by CC3  {rise@0.000ns fall@9.500ns period=19.000ns})
  Path Group:             CC3
  Path Type:              Setup (Max at Slow Process Corner)
  Requirement:            19.000ns  (CC3 rise@19.000ns - CC3 rise@0.000ns)
  Data Path Delay:        14.161ns  (logic 3.634ns (25.663%)  route 10.527ns (74.337%))
  Logic Levels:           31  (LUT3=1 LUT4=20 LUT5=6 LUT6=4)
  Clock Path Skew:        -0.046ns (DCD - SCD + CPR)
    Destination Clock Delay (DCD):    4.604ns = ( 23.604 - 19.000 ) 
    Source Clock Delay      (SCD):    4.891ns
    Clock Pessimism Removal (CPR):    0.241ns
  Clock Uncertainty:      0.035ns  ((TSJ^2 + TIJ^2)^1/2 + DJ) / 2 + PE
    Total System Jitter     (TSJ):    0.071ns
    Total Input Jitter      (TIJ):    0.000ns
    Discrete Jitter          (DJ):    0.000ns
    Phase Error              (PE):    0.000ns

    Location             Delay type                Incr(ns)  Path(ns)    Netlist Resource(s)
  -------------------------------------------------------------------    -------------------
                         (clock CC3 rise edge)        0.000     0.000 r  
    AF8                                               0.000     0.000 r  clk (IN)
                         net (fo=0)                   0.000     0.000    clk
    AF8                  IBUF (Prop_ibuf_I_O)         1.310     1.310 r  clk_IBUF_inst/O
                         net (fo=1, routed)           1.981     3.291    clk_IBUF
    BUFGCTRL_X0Y0        BUFG (Prop_bufg_I_O)         0.081     3.372 r  clk_IBUF_BUFG_inst/O
                         net (fo=9084, routed)        1.519     4.891    MEMWB_WriteRegister2/DFF0/clk_IBUF_BUFG
    SLICE_X13Y18         FDCE                                         r  MEMWB_WriteRegister2/DFF0/q_reg/C
  -------------------------------------------------------------------    -------------------
    SLICE_X13Y18         FDCE (Prop_fdce_C_Q)         0.379     5.270 r  MEMWB_WriteRegister2/DFF0/q_reg/Q
                         net (fo=22, routed)          0.841     6.111    IDEX_rs_rt_rd/bit17/DFF0/WB_WriteRegister[2]
    SLICE_X13Y18         LUT6 (Prop_lut6_I2_O)        0.105     6.216 r  IDEX_rs_rt_rd/bit17/DFF0/q_i_7__0/O
                         net (fo=1, routed)           0.112     6.328    IDEX_rs_rt_rd/bit17/DFF0/q_i_7__0_n_0
    SLICE_X13Y18         LUT5 (Prop_lut5_I1_O)        0.105     6.433 r  IDEX_rs_rt_rd/bit17/DFF0/q_i_3__30/O
                         net (fo=39, routed)          0.703     7.136    IDEX_rs_rt_rd/bit20/DFF0/q_reg_10
    SLICE_X18Y18         LUT6 (Prop_lut6_I1_O)        0.105     7.241 r  IDEX_rs_rt_rd/bit20/DFF0/q_i_1__225/O
                         net (fo=2, routed)           0.258     7.499    IDEX_Im16_Ext/bit1/DFF0/Bus_B_forwarded[0]
    SLICE_X20Y18         LUT3 (Prop_lut3_I2_O)        0.105     7.604 r  IDEX_Im16_Ext/bit1/DFF0/q_i_2__29/O
                         net (fo=2, routed)           0.408     8.012    IDEX_rs_rt_rd/bit25/DFF0/q_reg_51
    SLICE_X21Y18         LUT5 (Prop_lut5_I4_O)        0.105     8.117 f  IDEX_rs_rt_rd/bit25/DFF0/q_i_2__33/O
                         net (fo=2, routed)           0.126     8.244    IDEX_rs_rt_rd/bit25/DFF0/q_i_2__33_n_0
    SLICE_X21Y18         LUT4 (Prop_lut4_I0_O)        0.105     8.349 f  IDEX_rs_rt_rd/bit25/DFF0/q_i_2__28/O
                         net (fo=2, routed)           0.324     8.672    IDEX_rs_rt_rd/bit25/DFF0/q_i_2__28_n_0
    SLICE_X21Y17         LUT4 (Prop_lut4_I0_O)        0.105     8.777 f  IDEX_rs_rt_rd/bit25/DFF0/q_i_2__27/O
                         net (fo=2, routed)           0.127     8.904    IDEX_rs_rt_rd/bit25/DFF0/q_i_2__27_n_0
    SLICE_X21Y17         LUT4 (Prop_lut4_I0_O)        0.105     9.009 f  IDEX_rs_rt_rd/bit25/DFF0/q_i_2__26/O
                         net (fo=2, routed)           0.351     9.360    IDEX_rs_rt_rd/bit25/DFF0/q_i_2__26_n_0
    SLICE_X22Y16         LUT4 (Prop_lut4_I0_O)        0.105     9.465 f  IDEX_rs_rt_rd/bit25/DFF0/q_i_2__25/O
                         net (fo=2, routed)           0.137     9.602    IDEX_rs_rt_rd/bit25/DFF0/q_i_2__25_n_0
    SLICE_X22Y16         LUT4 (Prop_lut4_I0_O)        0.105     9.707 f  IDEX_rs_rt_rd/bit25/DFF0/q_i_2__24/O
                         net (fo=2, routed)           0.376    10.083    IDEX_rs_rt_rd/bit25/DFF0/q_i_2__24_n_0
    SLICE_X19Y17         LUT4 (Prop_lut4_I0_O)        0.105    10.188 f  IDEX_rs_rt_rd/bit25/DFF0/q_i_2__23/O
                         net (fo=2, routed)           0.386    10.574    IDEX_rs_rt_rd/bit25/DFF0/q_i_2__23_n_0
    SLICE_X18Y17         LUT4 (Prop_lut4_I0_O)        0.105    10.679 f  IDEX_rs_rt_rd/bit25/DFF0/q_i_2__22/O
                         net (fo=2, routed)           0.233    10.913    IDEX_rs_rt_rd/bit25/DFF0/q_i_2__22_n_0
    SLICE_X19Y17         LUT4 (Prop_lut4_I0_O)        0.105    11.018 f  IDEX_rs_rt_rd/bit25/DFF0/q_i_2__21/O
                         net (fo=2, routed)           0.242    11.260    IDEX_rs_rt_rd/bit25/DFF0/q_i_2__21_n_0
    SLICE_X18Y16         LUT4 (Prop_lut4_I0_O)        0.105    11.365 f  IDEX_rs_rt_rd/bit25/DFF0/q_i_2__20/O
                         net (fo=2, routed)           0.235    11.600    IDEX_rs_rt_rd/bit25/DFF0/q_i_2__20_n_0
    SLICE_X19Y16         LUT4 (Prop_lut4_I0_O)        0.105    11.705 f  IDEX_rs_rt_rd/bit25/DFF0/q_i_2__19/O
                         net (fo=2, routed)           0.355    12.060    IDEX_rs_rt_rd/bit25/DFF0/q_i_2__19_n_0
    SLICE_X16Y15         LUT4 (Prop_lut4_I0_O)        0.105    12.165 f  IDEX_rs_rt_rd/bit25/DFF0/q_i_2__18/O
                         net (fo=2, routed)           0.230    12.395    IDEX_rs_rt_rd/bit25/DFF0/q_i_2__18_n_0
    SLICE_X17Y15         LUT4 (Prop_lut4_I0_O)        0.105    12.500 f  IDEX_rs_rt_rd/bit25/DFF0/q_i_2__17/O
                         net (fo=2, routed)           0.357    12.857    IDEX_rs_rt_rd/bit25/DFF0/q_i_2__17_n_0
    SLICE_X17Y16         LUT4 (Prop_lut4_I0_O)        0.105    12.962 f  IDEX_rs_rt_rd/bit25/DFF0/q_i_2__16/O
                         net (fo=2, routed)           0.386    13.348    IDEX_rs_rt_rd/bit25/DFF0/q_i_2__16_n_0
    SLICE_X16Y16         LUT4 (Prop_lut4_I0_O)        0.105    13.453 f  IDEX_rs_rt_rd/bit25/DFF0/q_i_2__15/O
                         net (fo=2, routed)           0.369    13.822    IDEX_rs_rt_rd/bit25/DFF0/q_i_2__15_n_0
    SLICE_X15Y16         LUT4 (Prop_lut4_I0_O)        0.105    13.927 f  IDEX_rs_rt_rd/bit25/DFF0/q_i_2__14/O
                         net (fo=2, routed)           0.430    14.357    IDEX_rs_rt_rd/bit25/DFF0/q_i_2__14_n_0
    SLICE_X14Y16         LUT4 (Prop_lut4_I0_O)        0.105    14.462 f  IDEX_rs_rt_rd/bit25/DFF0/q_i_2__13/O
                         net (fo=2, routed)           0.335    14.798    IDEX_rs_rt_rd/bit25/DFF0/q_i_2__13_n_0
    SLICE_X13Y15         LUT4 (Prop_lut4_I0_O)        0.105    14.903 f  IDEX_rs_rt_rd/bit25/DFF0/q_i_2__12/O
                         net (fo=2, routed)           0.386    15.289    IDEX_rs_rt_rd/bit25/DFF0/q_i_2__12_n_0
    SLICE_X12Y15         LUT4 (Prop_lut4_I0_O)        0.105    15.394 f  IDEX_rs_rt_rd/bit25/DFF0/q_i_2__11/O
                         net (fo=2, routed)           0.238    15.632    IDEX_rs_rt_rd/bit25/DFF0/q_i_2__11_n_0
    SLICE_X15Y15         LUT4 (Prop_lut4_I0_O)        0.105    15.737 f  IDEX_rs_rt_rd/bit25/DFF0/q_i_2__10/O
                         net (fo=3, routed)           0.510    16.246    IDEX_rs_rt_rd/bit25/DFF0/q_i_2__10_n_0
    SLICE_X23Y15         LUT5 (Prop_lut5_I2_O)        0.105    16.351 f  IDEX_rs_rt_rd/bit25/DFF0/q_i_2__6_comp/O
                         net (fo=4, routed)           0.359    16.710    IDEX_rs_rt_rd/bit25/DFF0/q_i_2__6_n_0
    SLICE_X26Y15         LUT4 (Prop_lut4_I0_O)        0.105    16.815 f  IDEX_rs_rt_rd/bit25/DFF0/q_i_2__5/O
                         net (fo=2, routed)           0.130    16.946    IDEX_rs_rt_rd/bit25/DFF0/q_i_2__5_n_0
    SLICE_X26Y15         LUT5 (Prop_lut5_I2_O)        0.105    17.051 r  IDEX_rs_rt_rd/bit25/DFF0/q_i_2__37/O
                         net (fo=4, routed)           0.364    17.415    IDEX_rs_rt_rd/bit25/DFF0/q_i_2__37_n_0
    SLICE_X27Y14         LUT5 (Prop_lut5_I0_O)        0.105    17.520 f  IDEX_rs_rt_rd/bit25/DFF0/q_i_1__148_replica/O
                         net (fo=1, routed)           0.510    18.030    IDEX_rs_rt_rd/bit25/DFF0/q_reg_8[26]_repN
    SLICE_X25Y15         LUT6 (Prop_lut6_I2_O)        0.105    18.135 f  IDEX_rs_rt_rd/bit25/DFF0/ZeroFlag_OBUF_inst_i_2_rewire_comp/O
                         net (fo=9, routed)           0.403    18.538    IDEX_rs_rt_rd/bit25/DFF0/ZeroFlag_OBUF_inst_i_2_n_0
    SLICE_X26Y17         LUT5 (Prop_lut5_I3_O)        0.105    18.643 r  IDEX_rs_rt_rd/bit25/DFF0/q_i_4__5_rewire/O
                         net (fo=9, routed)           0.304    18.947    IFID_Instruction/bit27/DFF0/q_reg_2_alias
    SLICE_X27Y18         LUT6 (Prop_lut6_I4_O)        0.105    19.052 r  IFID_Instruction/bit27/DFF0/q_i_1__141_comp/O
                         net (fo=1, routed)           0.000    19.052    IDEX_MemRead/DFF0/ID_MemRead
    SLICE_X27Y18         FDCE                                         r  IDEX_MemRead/DFF0/q_reg/D
  -------------------------------------------------------------------    -------------------

                         (clock CC3 rise edge)       19.000    19.000 r  
    AF8                                               0.000    19.000 r  clk (IN)
                         net (fo=0)                   0.000    19.000    clk
    AF8                  IBUF (Prop_ibuf_I_O)         1.250    20.250 r  clk_IBUF_inst/O
                         net (fo=1, routed)           1.877    22.127    clk_IBUF
    BUFGCTRL_X0Y0        BUFG (Prop_bufg_I_O)         0.077    22.204 r  clk_IBUF_BUFG_inst/O
                         net (fo=9084, routed)        1.400    23.604    IDEX_MemRead/DFF0/clk_IBUF_BUFG
    SLICE_X27Y18         FDCE                                         r  IDEX_MemRead/DFF0/q_reg/C
                         clock pessimism              0.241    23.845    
                         clock uncertainty           -0.035    23.810    
    SLICE_X27Y18         FDCE (Setup_fdce_C_D)        0.030    23.840    IDEX_MemRead/DFF0/q_reg
  -------------------------------------------------------------------
                         required time                         23.840    
                         arrival time                         -19.052    
  -------------------------------------------------------------------
                         slack                                  4.788    

Slack (MET) :             4.789ns  (required time - arrival time)
  Source:                 MEMWB_WriteRegister2/DFF0/q_reg/C
                            (rising edge-triggered cell FDCE clocked by CC3  {rise@0.000ns fall@9.500ns period=19.000ns})
  Destination:            PC_Reg/bit2/DFF0/q_reg/D
                            (rising edge-triggered cell FDCE clocked by CC3  {rise@0.000ns fall@9.500ns period=19.000ns})
  Path Group:             CC3
  Path Type:              Setup (Max at Slow Process Corner)
  Requirement:            19.000ns  (CC3 rise@19.000ns - CC3 rise@0.000ns)
  Data Path Delay:        14.161ns  (logic 3.634ns (25.662%)  route 10.527ns (74.338%))
  Logic Levels:           31  (LUT3=1 LUT4=20 LUT5=6 LUT6=4)
  Clock Path Skew:        -0.045ns (DCD - SCD + CPR)
    Destination Clock Delay (DCD):    4.605ns = ( 23.605 - 19.000 ) 
    Source Clock Delay      (SCD):    4.891ns
    Clock Pessimism Removal (CPR):    0.241ns
  Clock Uncertainty:      0.035ns  ((TSJ^2 + TIJ^2)^1/2 + DJ) / 2 + PE
    Total System Jitter     (TSJ):    0.071ns
    Total Input Jitter      (TIJ):    0.000ns
    Discrete Jitter          (DJ):    0.000ns
    Phase Error              (PE):    0.000ns

    Location             Delay type                Incr(ns)  Path(ns)    Netlist Resource(s)
  -------------------------------------------------------------------    -------------------
                         (clock CC3 rise edge)        0.000     0.000 r  
    AF8                                               0.000     0.000 r  clk (IN)
                         net (fo=0)                   0.000     0.000    clk
    AF8                  IBUF (Prop_ibuf_I_O)         1.310     1.310 r  clk_IBUF_inst/O
                         net (fo=1, routed)           1.981     3.291    clk_IBUF
    BUFGCTRL_X0Y0        BUFG (Prop_bufg_I_O)         0.081     3.372 r  clk_IBUF_BUFG_inst/O
                         net (fo=9084, routed)        1.519     4.891    MEMWB_WriteRegister2/DFF0/clk_IBUF_BUFG
    SLICE_X13Y18         FDCE                                         r  MEMWB_WriteRegister2/DFF0/q_reg/C
  -------------------------------------------------------------------    -------------------
    SLICE_X13Y18         FDCE (Prop_fdce_C_Q)         0.379     5.270 r  MEMWB_WriteRegister2/DFF0/q_reg/Q
                         net (fo=22, routed)          0.841     6.111    IDEX_rs_rt_rd/bit17/DFF0/WB_WriteRegister[2]
    SLICE_X13Y18         LUT6 (Prop_lut6_I2_O)        0.105     6.216 r  IDEX_rs_rt_rd/bit17/DFF0/q_i_7__0/O
                         net (fo=1, routed)           0.112     6.328    IDEX_rs_rt_rd/bit17/DFF0/q_i_7__0_n_0
    SLICE_X13Y18         LUT5 (Prop_lut5_I1_O)        0.105     6.433 r  IDEX_rs_rt_rd/bit17/DFF0/q_i_3__30/O
                         net (fo=39, routed)          0.703     7.136    IDEX_rs_rt_rd/bit20/DFF0/q_reg_10
    SLICE_X18Y18         LUT6 (Prop_lut6_I1_O)        0.105     7.241 r  IDEX_rs_rt_rd/bit20/DFF0/q_i_1__225/O
                         net (fo=2, routed)           0.258     7.499    IDEX_Im16_Ext/bit1/DFF0/Bus_B_forwarded[0]
    SLICE_X20Y18         LUT3 (Prop_lut3_I2_O)        0.105     7.604 r  IDEX_Im16_Ext/bit1/DFF0/q_i_2__29/O
                         net (fo=2, routed)           0.408     8.012    IDEX_rs_rt_rd/bit25/DFF0/q_reg_51
    SLICE_X21Y18         LUT5 (Prop_lut5_I4_O)        0.105     8.117 f  IDEX_rs_rt_rd/bit25/DFF0/q_i_2__33/O
                         net (fo=2, routed)           0.126     8.244    IDEX_rs_rt_rd/bit25/DFF0/q_i_2__33_n_0
    SLICE_X21Y18         LUT4 (Prop_lut4_I0_O)        0.105     8.349 f  IDEX_rs_rt_rd/bit25/DFF0/q_i_2__28/O
                         net (fo=2, routed)           0.324     8.672    IDEX_rs_rt_rd/bit25/DFF0/q_i_2__28_n_0
    SLICE_X21Y17         LUT4 (Prop_lut4_I0_O)        0.105     8.777 f  IDEX_rs_rt_rd/bit25/DFF0/q_i_2__27/O
                         net (fo=2, routed)           0.127     8.904    IDEX_rs_rt_rd/bit25/DFF0/q_i_2__27_n_0
    SLICE_X21Y17         LUT4 (Prop_lut4_I0_O)        0.105     9.009 f  IDEX_rs_rt_rd/bit25/DFF0/q_i_2__26/O
                         net (fo=2, routed)           0.351     9.360    IDEX_rs_rt_rd/bit25/DFF0/q_i_2__26_n_0
    SLICE_X22Y16         LUT4 (Prop_lut4_I0_O)        0.105     9.465 f  IDEX_rs_rt_rd/bit25/DFF0/q_i_2__25/O
                         net (fo=2, routed)           0.137     9.602    IDEX_rs_rt_rd/bit25/DFF0/q_i_2__25_n_0
    SLICE_X22Y16         LUT4 (Prop_lut4_I0_O)        0.105     9.707 f  IDEX_rs_rt_rd/bit25/DFF0/q_i_2__24/O
                         net (fo=2, routed)           0.376    10.083    IDEX_rs_rt_rd/bit25/DFF0/q_i_2__24_n_0
    SLICE_X19Y17         LUT4 (Prop_lut4_I0_O)        0.105    10.188 f  IDEX_rs_rt_rd/bit25/DFF0/q_i_2__23/O
                         net (fo=2, routed)           0.386    10.574    IDEX_rs_rt_rd/bit25/DFF0/q_i_2__23_n_0
    SLICE_X18Y17         LUT4 (Prop_lut4_I0_O)        0.105    10.679 f  IDEX_rs_rt_rd/bit25/DFF0/q_i_2__22/O
                         net (fo=2, routed)           0.233    10.913    IDEX_rs_rt_rd/bit25/DFF0/q_i_2__22_n_0
    SLICE_X19Y17         LUT4 (Prop_lut4_I0_O)        0.105    11.018 f  IDEX_rs_rt_rd/bit25/DFF0/q_i_2__21/O
                         net (fo=2, routed)           0.242    11.260    IDEX_rs_rt_rd/bit25/DFF0/q_i_2__21_n_0
    SLICE_X18Y16         LUT4 (Prop_lut4_I0_O)        0.105    11.365 f  IDEX_rs_rt_rd/bit25/DFF0/q_i_2__20/O
                         net (fo=2, routed)           0.235    11.600    IDEX_rs_rt_rd/bit25/DFF0/q_i_2__20_n_0
    SLICE_X19Y16         LUT4 (Prop_lut4_I0_O)        0.105    11.705 f  IDEX_rs_rt_rd/bit25/DFF0/q_i_2__19/O
                         net (fo=2, routed)           0.355    12.060    IDEX_rs_rt_rd/bit25/DFF0/q_i_2__19_n_0
    SLICE_X16Y15         LUT4 (Prop_lut4_I0_O)        0.105    12.165 f  IDEX_rs_rt_rd/bit25/DFF0/q_i_2__18/O
                         net (fo=2, routed)           0.230    12.395    IDEX_rs_rt_rd/bit25/DFF0/q_i_2__18_n_0
    SLICE_X17Y15         LUT4 (Prop_lut4_I0_O)        0.105    12.500 f  IDEX_rs_rt_rd/bit25/DFF0/q_i_2__17/O
                         net (fo=2, routed)           0.357    12.857    IDEX_rs_rt_rd/bit25/DFF0/q_i_2__17_n_0
    SLICE_X17Y16         LUT4 (Prop_lut4_I0_O)        0.105    12.962 f  IDEX_rs_rt_rd/bit25/DFF0/q_i_2__16/O
                         net (fo=2, routed)           0.386    13.348    IDEX_rs_rt_rd/bit25/DFF0/q_i_2__16_n_0
    SLICE_X16Y16         LUT4 (Prop_lut4_I0_O)        0.105    13.453 f  IDEX_rs_rt_rd/bit25/DFF0/q_i_2__15/O
                         net (fo=2, routed)           0.369    13.822    IDEX_rs_rt_rd/bit25/DFF0/q_i_2__15_n_0
    SLICE_X15Y16         LUT4 (Prop_lut4_I0_O)        0.105    13.927 f  IDEX_rs_rt_rd/bit25/DFF0/q_i_2__14/O
                         net (fo=2, routed)           0.430    14.357    IDEX_rs_rt_rd/bit25/DFF0/q_i_2__14_n_0
    SLICE_X14Y16         LUT4 (Prop_lut4_I0_O)        0.105    14.462 f  IDEX_rs_rt_rd/bit25/DFF0/q_i_2__13/O
                         net (fo=2, routed)           0.335    14.798    IDEX_rs_rt_rd/bit25/DFF0/q_i_2__13_n_0
    SLICE_X13Y15         LUT4 (Prop_lut4_I0_O)        0.105    14.903 f  IDEX_rs_rt_rd/bit25/DFF0/q_i_2__12/O
                         net (fo=2, routed)           0.386    15.289    IDEX_rs_rt_rd/bit25/DFF0/q_i_2__12_n_0
    SLICE_X12Y15         LUT4 (Prop_lut4_I0_O)        0.105    15.394 f  IDEX_rs_rt_rd/bit25/DFF0/q_i_2__11/O
                         net (fo=2, routed)           0.238    15.632    IDEX_rs_rt_rd/bit25/DFF0/q_i_2__11_n_0
    SLICE_X15Y15         LUT4 (Prop_lut4_I0_O)        0.105    15.737 f  IDEX_rs_rt_rd/bit25/DFF0/q_i_2__10/O
                         net (fo=3, routed)           0.510    16.246    IDEX_rs_rt_rd/bit25/DFF0/q_i_2__10_n_0
    SLICE_X23Y15         LUT5 (Prop_lut5_I2_O)        0.105    16.351 f  IDEX_rs_rt_rd/bit25/DFF0/q_i_2__6_comp/O
                         net (fo=4, routed)           0.359    16.710    IDEX_rs_rt_rd/bit25/DFF0/q_i_2__6_n_0
    SLICE_X26Y15         LUT4 (Prop_lut4_I0_O)        0.105    16.815 f  IDEX_rs_rt_rd/bit25/DFF0/q_i_2__5/O
                         net (fo=2, routed)           0.130    16.946    IDEX_rs_rt_rd/bit25/DFF0/q_i_2__5_n_0
    SLICE_X26Y15         LUT5 (Prop_lut5_I2_O)        0.105    17.051 r  IDEX_rs_rt_rd/bit25/DFF0/q_i_2__37/O
                         net (fo=4, routed)           0.364    17.415    IDEX_rs_rt_rd/bit25/DFF0/q_i_2__37_n_0
    SLICE_X27Y14         LUT5 (Prop_lut5_I0_O)        0.105    17.520 r  IDEX_rs_rt_rd/bit25/DFF0/q_i_1__148_replica/O
                         net (fo=1, routed)           0.510    18.030    IDEX_rs_rt_rd/bit25/DFF0/q_reg_8[26]_repN
    SLICE_X25Y15         LUT6 (Prop_lut6_I2_O)        0.105    18.135 r  IDEX_rs_rt_rd/bit25/DFF0/ZeroFlag_OBUF_inst_i_2_rewire_comp/O
                         net (fo=9, routed)           0.364    18.499    IDEX_rs_rt_rd/bit25/DFF0/ZeroFlag_OBUF_inst_i_2_n_0
    SLICE_X24Y16         LUT5 (Prop_lut5_I3_O)        0.105    18.604 r  IDEX_rs_rt_rd/bit25/DFF0/JumpControl_OBUF_inst_i_3_rewire/O
                         net (fo=5, routed)           0.343    18.947    IDEX_rs_rt_rd/bit25/DFF0/q_reg_3
    SLICE_X25Y17         LUT6 (Prop_lut6_I5_O)        0.105    19.052 r  IDEX_rs_rt_rd/bit25/DFF0/q_i_2__2_comp/O
                         net (fo=1, routed)           0.000    19.052    PC_Reg/bit2/DFF0/q_reg_4
    SLICE_X25Y17         FDCE                                         r  PC_Reg/bit2/DFF0/q_reg/D
  -------------------------------------------------------------------    -------------------

                         (clock CC3 rise edge)       19.000    19.000 r  
    AF8                                               0.000    19.000 r  clk (IN)
                         net (fo=0)                   0.000    19.000    clk
    AF8                  IBUF (Prop_ibuf_I_O)         1.250    20.250 r  clk_IBUF_inst/O
                         net (fo=1, routed)           1.877    22.127    clk_IBUF
    BUFGCTRL_X0Y0        BUFG (Prop_bufg_I_O)         0.077    22.204 r  clk_IBUF_BUFG_inst/O
                         net (fo=9084, routed)        1.401    23.605    PC_Reg/bit2/DFF0/clk_IBUF_BUFG
    SLICE_X25Y17         FDCE                                         r  PC_Reg/bit2/DFF0/q_reg/C
                         clock pessimism              0.241    23.846    
                         clock uncertainty           -0.035    23.811    
    SLICE_X25Y17         FDCE (Setup_fdce_C_D)        0.030    23.841    PC_Reg/bit2/DFF0/q_reg
  -------------------------------------------------------------------
                         required time                         23.841    
                         arrival time                         -19.052    
  -------------------------------------------------------------------
                         slack                                  4.789    

Slack (MET) :             4.793ns  (required time - arrival time)
  Source:                 MEMWB_WriteRegister2/DFF0/q_reg/C
                            (rising edge-triggered cell FDCE clocked by CC3  {rise@0.000ns fall@9.500ns period=19.000ns})
  Destination:            IDEX_ALUOp0/DFF0/q_reg/D
                            (rising edge-triggered cell FDCE clocked by CC3  {rise@0.000ns fall@9.500ns period=19.000ns})
  Path Group:             CC3
  Path Type:              Setup (Max at Slow Process Corner)
  Requirement:            19.000ns  (CC3 rise@19.000ns - CC3 rise@0.000ns)
  Data Path Delay:        14.158ns  (logic 3.634ns (25.668%)  route 10.524ns (74.332%))
  Logic Levels:           31  (LUT3=1 LUT4=20 LUT5=6 LUT6=4)
  Clock Path Skew:        -0.046ns (DCD - SCD + CPR)
    Destination Clock Delay (DCD):    4.604ns = ( 23.604 - 19.000 ) 
    Source Clock Delay      (SCD):    4.891ns
    Clock Pessimism Removal (CPR):    0.241ns
  Clock Uncertainty:      0.035ns  ((TSJ^2 + TIJ^2)^1/2 + DJ) / 2 + PE
    Total System Jitter     (TSJ):    0.071ns
    Total Input Jitter      (TIJ):    0.000ns
    Discrete Jitter          (DJ):    0.000ns
    Phase Error              (PE):    0.000ns

    Location             Delay type                Incr(ns)  Path(ns)    Netlist Resource(s)
  -------------------------------------------------------------------    -------------------
                         (clock CC3 rise edge)        0.000     0.000 r  
    AF8                                               0.000     0.000 r  clk (IN)
                         net (fo=0)                   0.000     0.000    clk
    AF8                  IBUF (Prop_ibuf_I_O)         1.310     1.310 r  clk_IBUF_inst/O
                         net (fo=1, routed)           1.981     3.291    clk_IBUF
    BUFGCTRL_X0Y0        BUFG (Prop_bufg_I_O)         0.081     3.372 r  clk_IBUF_BUFG_inst/O
                         net (fo=9084, routed)        1.519     4.891    MEMWB_WriteRegister2/DFF0/clk_IBUF_BUFG
    SLICE_X13Y18         FDCE                                         r  MEMWB_WriteRegister2/DFF0/q_reg/C
  -------------------------------------------------------------------    -------------------
    SLICE_X13Y18         FDCE (Prop_fdce_C_Q)         0.379     5.270 r  MEMWB_WriteRegister2/DFF0/q_reg/Q
                         net (fo=22, routed)          0.841     6.111    IDEX_rs_rt_rd/bit17/DFF0/WB_WriteRegister[2]
    SLICE_X13Y18         LUT6 (Prop_lut6_I2_O)        0.105     6.216 r  IDEX_rs_rt_rd/bit17/DFF0/q_i_7__0/O
                         net (fo=1, routed)           0.112     6.328    IDEX_rs_rt_rd/bit17/DFF0/q_i_7__0_n_0
    SLICE_X13Y18         LUT5 (Prop_lut5_I1_O)        0.105     6.433 r  IDEX_rs_rt_rd/bit17/DFF0/q_i_3__30/O
                         net (fo=39, routed)          0.703     7.136    IDEX_rs_rt_rd/bit20/DFF0/q_reg_10
    SLICE_X18Y18         LUT6 (Prop_lut6_I1_O)        0.105     7.241 r  IDEX_rs_rt_rd/bit20/DFF0/q_i_1__225/O
                         net (fo=2, routed)           0.258     7.499    IDEX_Im16_Ext/bit1/DFF0/Bus_B_forwarded[0]
    SLICE_X20Y18         LUT3 (Prop_lut3_I2_O)        0.105     7.604 r  IDEX_Im16_Ext/bit1/DFF0/q_i_2__29/O
                         net (fo=2, routed)           0.408     8.012    IDEX_rs_rt_rd/bit25/DFF0/q_reg_51
    SLICE_X21Y18         LUT5 (Prop_lut5_I4_O)        0.105     8.117 f  IDEX_rs_rt_rd/bit25/DFF0/q_i_2__33/O
                         net (fo=2, routed)           0.126     8.244    IDEX_rs_rt_rd/bit25/DFF0/q_i_2__33_n_0
    SLICE_X21Y18         LUT4 (Prop_lut4_I0_O)        0.105     8.349 f  IDEX_rs_rt_rd/bit25/DFF0/q_i_2__28/O
                         net (fo=2, routed)           0.324     8.672    IDEX_rs_rt_rd/bit25/DFF0/q_i_2__28_n_0
    SLICE_X21Y17         LUT4 (Prop_lut4_I0_O)        0.105     8.777 f  IDEX_rs_rt_rd/bit25/DFF0/q_i_2__27/O
                         net (fo=2, routed)           0.127     8.904    IDEX_rs_rt_rd/bit25/DFF0/q_i_2__27_n_0
    SLICE_X21Y17         LUT4 (Prop_lut4_I0_O)        0.105     9.009 f  IDEX_rs_rt_rd/bit25/DFF0/q_i_2__26/O
                         net (fo=2, routed)           0.351     9.360    IDEX_rs_rt_rd/bit25/DFF0/q_i_2__26_n_0
    SLICE_X22Y16         LUT4 (Prop_lut4_I0_O)        0.105     9.465 f  IDEX_rs_rt_rd/bit25/DFF0/q_i_2__25/O
                         net (fo=2, routed)           0.137     9.602    IDEX_rs_rt_rd/bit25/DFF0/q_i_2__25_n_0
    SLICE_X22Y16         LUT4 (Prop_lut4_I0_O)        0.105     9.707 f  IDEX_rs_rt_rd/bit25/DFF0/q_i_2__24/O
                         net (fo=2, routed)           0.376    10.083    IDEX_rs_rt_rd/bit25/DFF0/q_i_2__24_n_0
    SLICE_X19Y17         LUT4 (Prop_lut4_I0_O)        0.105    10.188 f  IDEX_rs_rt_rd/bit25/DFF0/q_i_2__23/O
                         net (fo=2, routed)           0.386    10.574    IDEX_rs_rt_rd/bit25/DFF0/q_i_2__23_n_0
    SLICE_X18Y17         LUT4 (Prop_lut4_I0_O)        0.105    10.679 f  IDEX_rs_rt_rd/bit25/DFF0/q_i_2__22/O
                         net (fo=2, routed)           0.233    10.913    IDEX_rs_rt_rd/bit25/DFF0/q_i_2__22_n_0
    SLICE_X19Y17         LUT4 (Prop_lut4_I0_O)        0.105    11.018 f  IDEX_rs_rt_rd/bit25/DFF0/q_i_2__21/O
                         net (fo=2, routed)           0.242    11.260    IDEX_rs_rt_rd/bit25/DFF0/q_i_2__21_n_0
    SLICE_X18Y16         LUT4 (Prop_lut4_I0_O)        0.105    11.365 f  IDEX_rs_rt_rd/bit25/DFF0/q_i_2__20/O
                         net (fo=2, routed)           0.235    11.600    IDEX_rs_rt_rd/bit25/DFF0/q_i_2__20_n_0
    SLICE_X19Y16         LUT4 (Prop_lut4_I0_O)        0.105    11.705 f  IDEX_rs_rt_rd/bit25/DFF0/q_i_2__19/O
                         net (fo=2, routed)           0.355    12.060    IDEX_rs_rt_rd/bit25/DFF0/q_i_2__19_n_0
    SLICE_X16Y15         LUT4 (Prop_lut4_I0_O)        0.105    12.165 f  IDEX_rs_rt_rd/bit25/DFF0/q_i_2__18/O
                         net (fo=2, routed)           0.230    12.395    IDEX_rs_rt_rd/bit25/DFF0/q_i_2__18_n_0
    SLICE_X17Y15         LUT4 (Prop_lut4_I0_O)        0.105    12.500 f  IDEX_rs_rt_rd/bit25/DFF0/q_i_2__17/O
                         net (fo=2, routed)           0.357    12.857    IDEX_rs_rt_rd/bit25/DFF0/q_i_2__17_n_0
    SLICE_X17Y16         LUT4 (Prop_lut4_I0_O)        0.105    12.962 f  IDEX_rs_rt_rd/bit25/DFF0/q_i_2__16/O
                         net (fo=2, routed)           0.386    13.348    IDEX_rs_rt_rd/bit25/DFF0/q_i_2__16_n_0
    SLICE_X16Y16         LUT4 (Prop_lut4_I0_O)        0.105    13.453 f  IDEX_rs_rt_rd/bit25/DFF0/q_i_2__15/O
                         net (fo=2, routed)           0.369    13.822    IDEX_rs_rt_rd/bit25/DFF0/q_i_2__15_n_0
    SLICE_X15Y16         LUT4 (Prop_lut4_I0_O)        0.105    13.927 f  IDEX_rs_rt_rd/bit25/DFF0/q_i_2__14/O
                         net (fo=2, routed)           0.430    14.357    IDEX_rs_rt_rd/bit25/DFF0/q_i_2__14_n_0
    SLICE_X14Y16         LUT4 (Prop_lut4_I0_O)        0.105    14.462 f  IDEX_rs_rt_rd/bit25/DFF0/q_i_2__13/O
                         net (fo=2, routed)           0.335    14.798    IDEX_rs_rt_rd/bit25/DFF0/q_i_2__13_n_0
    SLICE_X13Y15         LUT4 (Prop_lut4_I0_O)        0.105    14.903 f  IDEX_rs_rt_rd/bit25/DFF0/q_i_2__12/O
                         net (fo=2, routed)           0.386    15.289    IDEX_rs_rt_rd/bit25/DFF0/q_i_2__12_n_0
    SLICE_X12Y15         LUT4 (Prop_lut4_I0_O)        0.105    15.394 f  IDEX_rs_rt_rd/bit25/DFF0/q_i_2__11/O
                         net (fo=2, routed)           0.238    15.632    IDEX_rs_rt_rd/bit25/DFF0/q_i_2__11_n_0
    SLICE_X15Y15         LUT4 (Prop_lut4_I0_O)        0.105    15.737 f  IDEX_rs_rt_rd/bit25/DFF0/q_i_2__10/O
                         net (fo=3, routed)           0.510    16.246    IDEX_rs_rt_rd/bit25/DFF0/q_i_2__10_n_0
    SLICE_X23Y15         LUT5 (Prop_lut5_I2_O)        0.105    16.351 f  IDEX_rs_rt_rd/bit25/DFF0/q_i_2__6_comp/O
                         net (fo=4, routed)           0.359    16.710    IDEX_rs_rt_rd/bit25/DFF0/q_i_2__6_n_0
    SLICE_X26Y15         LUT4 (Prop_lut4_I0_O)        0.105    16.815 f  IDEX_rs_rt_rd/bit25/DFF0/q_i_2__5/O
                         net (fo=2, routed)           0.130    16.946    IDEX_rs_rt_rd/bit25/DFF0/q_i_2__5_n_0
    SLICE_X26Y15         LUT5 (Prop_lut5_I2_O)        0.105    17.051 r  IDEX_rs_rt_rd/bit25/DFF0/q_i_2__37/O
                         net (fo=4, routed)           0.364    17.415    IDEX_rs_rt_rd/bit25/DFF0/q_i_2__37_n_0
    SLICE_X27Y14         LUT5 (Prop_lut5_I0_O)        0.105    17.520 f  IDEX_rs_rt_rd/bit25/DFF0/q_i_1__148_replica/O
                         net (fo=1, routed)           0.510    18.030    IDEX_rs_rt_rd/bit25/DFF0/q_reg_8[26]_repN
    SLICE_X25Y15         LUT6 (Prop_lut6_I2_O)        0.105    18.135 f  IDEX_rs_rt_rd/bit25/DFF0/ZeroFlag_OBUF_inst_i_2_rewire_comp/O
                         net (fo=9, routed)           0.403    18.538    IDEX_rs_rt_rd/bit25/DFF0/ZeroFlag_OBUF_inst_i_2_n_0
    SLICE_X26Y17         LUT5 (Prop_lut5_I3_O)        0.105    18.643 r  IDEX_rs_rt_rd/bit25/DFF0/q_i_4__5_rewire/O
                         net (fo=9, routed)           0.301    18.944    IFID_Instruction/bit4/DFF0/q_reg_2_alias
    SLICE_X27Y18         LUT6 (Prop_lut6_I4_O)        0.105    19.049 r  IFID_Instruction/bit4/DFF0/q_i_1__132_comp/O
                         net (fo=1, routed)           0.000    19.049    IDEX_ALUOp0/DFF0/ID_ALUOp[0]
    SLICE_X27Y18         FDCE                                         r  IDEX_ALUOp0/DFF0/q_reg/D
  -------------------------------------------------------------------    -------------------

                         (clock CC3 rise edge)       19.000    19.000 r  
    AF8                                               0.000    19.000 r  clk (IN)
                         net (fo=0)                   0.000    19.000    clk
    AF8                  IBUF (Prop_ibuf_I_O)         1.250    20.250 r  clk_IBUF_inst/O
                         net (fo=1, routed)           1.877    22.127    clk_IBUF
    BUFGCTRL_X0Y0        BUFG (Prop_bufg_I_O)         0.077    22.204 r  clk_IBUF_BUFG_inst/O
                         net (fo=9084, routed)        1.400    23.604    IDEX_ALUOp0/DFF0/clk_IBUF_BUFG
    SLICE_X27Y18         FDCE                                         r  IDEX_ALUOp0/DFF0/q_reg/C
                         clock pessimism              0.241    23.845    
                         clock uncertainty           -0.035    23.810    
    SLICE_X27Y18         FDCE (Setup_fdce_C_D)        0.032    23.842    IDEX_ALUOp0/DFF0/q_reg
  -------------------------------------------------------------------
                         required time                         23.842    
                         arrival time                         -19.049    
  -------------------------------------------------------------------
                         slack                                  4.793    

Slack (MET) :             4.804ns  (required time - arrival time)
  Source:                 MEMWB_WriteRegister2/DFF0/q_reg/C
                            (rising edge-triggered cell FDCE clocked by CC3  {rise@0.000ns fall@9.500ns period=19.000ns})
  Destination:            IDEX_ALUOp1/DFF0/q_reg/D
                            (rising edge-triggered cell FDCE clocked by CC3  {rise@0.000ns fall@9.500ns period=19.000ns})
  Path Group:             CC3
  Path Type:              Setup (Max at Slow Process Corner)
  Requirement:            19.000ns  (CC3 rise@19.000ns - CC3 rise@0.000ns)
  Data Path Delay:        14.147ns  (logic 3.634ns (25.687%)  route 10.513ns (74.313%))
  Logic Levels:           31  (LUT3=1 LUT4=21 LUT5=6 LUT6=3)
  Clock Path Skew:        -0.044ns (DCD - SCD + CPR)
    Destination Clock Delay (DCD):    4.606ns = ( 23.606 - 19.000 ) 
    Source Clock Delay      (SCD):    4.891ns
    Clock Pessimism Removal (CPR):    0.241ns
  Clock Uncertainty:      0.035ns  ((TSJ^2 + TIJ^2)^1/2 + DJ) / 2 + PE
    Total System Jitter     (TSJ):    0.071ns
    Total Input Jitter      (TIJ):    0.000ns
    Discrete Jitter          (DJ):    0.000ns
    Phase Error              (PE):    0.000ns

    Location             Delay type                Incr(ns)  Path(ns)    Netlist Resource(s)
  -------------------------------------------------------------------    -------------------
                         (clock CC3 rise edge)        0.000     0.000 r  
    AF8                                               0.000     0.000 r  clk (IN)
                         net (fo=0)                   0.000     0.000    clk
    AF8                  IBUF (Prop_ibuf_I_O)         1.310     1.310 r  clk_IBUF_inst/O
                         net (fo=1, routed)           1.981     3.291    clk_IBUF
    BUFGCTRL_X0Y0        BUFG (Prop_bufg_I_O)         0.081     3.372 r  clk_IBUF_BUFG_inst/O
                         net (fo=9084, routed)        1.519     4.891    MEMWB_WriteRegister2/DFF0/clk_IBUF_BUFG
    SLICE_X13Y18         FDCE                                         r  MEMWB_WriteRegister2/DFF0/q_reg/C
  -------------------------------------------------------------------    -------------------
    SLICE_X13Y18         FDCE (Prop_fdce_C_Q)         0.379     5.270 r  MEMWB_WriteRegister2/DFF0/q_reg/Q
                         net (fo=22, routed)          0.841     6.111    IDEX_rs_rt_rd/bit17/DFF0/WB_WriteRegister[2]
    SLICE_X13Y18         LUT6 (Prop_lut6_I2_O)        0.105     6.216 r  IDEX_rs_rt_rd/bit17/DFF0/q_i_7__0/O
                         net (fo=1, routed)           0.112     6.328    IDEX_rs_rt_rd/bit17/DFF0/q_i_7__0_n_0
    SLICE_X13Y18         LUT5 (Prop_lut5_I1_O)        0.105     6.433 r  IDEX_rs_rt_rd/bit17/DFF0/q_i_3__30/O
                         net (fo=39, routed)          0.703     7.136    IDEX_rs_rt_rd/bit20/DFF0/q_reg_10
    SLICE_X18Y18         LUT6 (Prop_lut6_I1_O)        0.105     7.241 r  IDEX_rs_rt_rd/bit20/DFF0/q_i_1__225/O
                         net (fo=2, routed)           0.258     7.499    IDEX_Im16_Ext/bit1/DFF0/Bus_B_forwarded[0]
    SLICE_X20Y18         LUT3 (Prop_lut3_I2_O)        0.105     7.604 r  IDEX_Im16_Ext/bit1/DFF0/q_i_2__29/O
                         net (fo=2, routed)           0.408     8.012    IDEX_rs_rt_rd/bit25/DFF0/q_reg_51
    SLICE_X21Y18         LUT5 (Prop_lut5_I4_O)        0.105     8.117 f  IDEX_rs_rt_rd/bit25/DFF0/q_i_2__33/O
                         net (fo=2, routed)           0.126     8.244    IDEX_rs_rt_rd/bit25/DFF0/q_i_2__33_n_0
    SLICE_X21Y18         LUT4 (Prop_lut4_I0_O)        0.105     8.349 f  IDEX_rs_rt_rd/bit25/DFF0/q_i_2__28/O
                         net (fo=2, routed)           0.324     8.672    IDEX_rs_rt_rd/bit25/DFF0/q_i_2__28_n_0
    SLICE_X21Y17         LUT4 (Prop_lut4_I0_O)        0.105     8.777 f  IDEX_rs_rt_rd/bit25/DFF0/q_i_2__27/O
                         net (fo=2, routed)           0.127     8.904    IDEX_rs_rt_rd/bit25/DFF0/q_i_2__27_n_0
    SLICE_X21Y17         LUT4 (Prop_lut4_I0_O)        0.105     9.009 f  IDEX_rs_rt_rd/bit25/DFF0/q_i_2__26/O
                         net (fo=2, routed)           0.351     9.360    IDEX_rs_rt_rd/bit25/DFF0/q_i_2__26_n_0
    SLICE_X22Y16         LUT4 (Prop_lut4_I0_O)        0.105     9.465 f  IDEX_rs_rt_rd/bit25/DFF0/q_i_2__25/O
                         net (fo=2, routed)           0.137     9.602    IDEX_rs_rt_rd/bit25/DFF0/q_i_2__25_n_0
    SLICE_X22Y16         LUT4 (Prop_lut4_I0_O)        0.105     9.707 f  IDEX_rs_rt_rd/bit25/DFF0/q_i_2__24/O
                         net (fo=2, routed)           0.376    10.083    IDEX_rs_rt_rd/bit25/DFF0/q_i_2__24_n_0
    SLICE_X19Y17         LUT4 (Prop_lut4_I0_O)        0.105    10.188 f  IDEX_rs_rt_rd/bit25/DFF0/q_i_2__23/O
                         net (fo=2, routed)           0.386    10.574    IDEX_rs_rt_rd/bit25/DFF0/q_i_2__23_n_0
    SLICE_X18Y17         LUT4 (Prop_lut4_I0_O)        0.105    10.679 f  IDEX_rs_rt_rd/bit25/DFF0/q_i_2__22/O
                         net (fo=2, routed)           0.233    10.913    IDEX_rs_rt_rd/bit25/DFF0/q_i_2__22_n_0
    SLICE_X19Y17         LUT4 (Prop_lut4_I0_O)        0.105    11.018 f  IDEX_rs_rt_rd/bit25/DFF0/q_i_2__21/O
                         net (fo=2, routed)           0.242    11.260    IDEX_rs_rt_rd/bit25/DFF0/q_i_2__21_n_0
    SLICE_X18Y16         LUT4 (Prop_lut4_I0_O)        0.105    11.365 f  IDEX_rs_rt_rd/bit25/DFF0/q_i_2__20/O
                         net (fo=2, routed)           0.235    11.600    IDEX_rs_rt_rd/bit25/DFF0/q_i_2__20_n_0
    SLICE_X19Y16         LUT4 (Prop_lut4_I0_O)        0.105    11.705 f  IDEX_rs_rt_rd/bit25/DFF0/q_i_2__19/O
                         net (fo=2, routed)           0.355    12.060    IDEX_rs_rt_rd/bit25/DFF0/q_i_2__19_n_0
    SLICE_X16Y15         LUT4 (Prop_lut4_I0_O)        0.105    12.165 f  IDEX_rs_rt_rd/bit25/DFF0/q_i_2__18/O
                         net (fo=2, routed)           0.230    12.395    IDEX_rs_rt_rd/bit25/DFF0/q_i_2__18_n_0
    SLICE_X17Y15         LUT4 (Prop_lut4_I0_O)        0.105    12.500 f  IDEX_rs_rt_rd/bit25/DFF0/q_i_2__17/O
                         net (fo=2, routed)           0.357    12.857    IDEX_rs_rt_rd/bit25/DFF0/q_i_2__17_n_0
    SLICE_X17Y16         LUT4 (Prop_lut4_I0_O)        0.105    12.962 f  IDEX_rs_rt_rd/bit25/DFF0/q_i_2__16/O
                         net (fo=2, routed)           0.386    13.348    IDEX_rs_rt_rd/bit25/DFF0/q_i_2__16_n_0
    SLICE_X16Y16         LUT4 (Prop_lut4_I0_O)        0.105    13.453 f  IDEX_rs_rt_rd/bit25/DFF0/q_i_2__15/O
                         net (fo=2, routed)           0.369    13.822    IDEX_rs_rt_rd/bit25/DFF0/q_i_2__15_n_0
    SLICE_X15Y16         LUT4 (Prop_lut4_I0_O)        0.105    13.927 f  IDEX_rs_rt_rd/bit25/DFF0/q_i_2__14/O
                         net (fo=2, routed)           0.430    14.357    IDEX_rs_rt_rd/bit25/DFF0/q_i_2__14_n_0
    SLICE_X14Y16         LUT4 (Prop_lut4_I0_O)        0.105    14.462 f  IDEX_rs_rt_rd/bit25/DFF0/q_i_2__13/O
                         net (fo=2, routed)           0.335    14.798    IDEX_rs_rt_rd/bit25/DFF0/q_i_2__13_n_0
    SLICE_X13Y15         LUT4 (Prop_lut4_I0_O)        0.105    14.903 f  IDEX_rs_rt_rd/bit25/DFF0/q_i_2__12/O
                         net (fo=2, routed)           0.386    15.289    IDEX_rs_rt_rd/bit25/DFF0/q_i_2__12_n_0
    SLICE_X12Y15         LUT4 (Prop_lut4_I0_O)        0.105    15.394 f  IDEX_rs_rt_rd/bit25/DFF0/q_i_2__11/O
                         net (fo=2, routed)           0.238    15.632    IDEX_rs_rt_rd/bit25/DFF0/q_i_2__11_n_0
    SLICE_X15Y15         LUT4 (Prop_lut4_I0_O)        0.105    15.737 f  IDEX_rs_rt_rd/bit25/DFF0/q_i_2__10/O
                         net (fo=3, routed)           0.510    16.246    IDEX_rs_rt_rd/bit25/DFF0/q_i_2__10_n_0
    SLICE_X23Y15         LUT5 (Prop_lut5_I2_O)        0.105    16.351 f  IDEX_rs_rt_rd/bit25/DFF0/q_i_2__6_comp/O
                         net (fo=4, routed)           0.359    16.710    IDEX_rs_rt_rd/bit25/DFF0/q_i_2__6_n_0
    SLICE_X26Y15         LUT4 (Prop_lut4_I0_O)        0.105    16.815 f  IDEX_rs_rt_rd/bit25/DFF0/q_i_2__5/O
                         net (fo=2, routed)           0.130    16.946    IDEX_rs_rt_rd/bit25/DFF0/q_i_2__5_n_0
    SLICE_X26Y15         LUT5 (Prop_lut5_I2_O)        0.105    17.051 r  IDEX_rs_rt_rd/bit25/DFF0/q_i_2__37/O
                         net (fo=4, routed)           0.364    17.415    IDEX_rs_rt_rd/bit25/DFF0/q_i_2__37_n_0
    SLICE_X27Y14         LUT5 (Prop_lut5_I0_O)        0.105    17.520 f  IDEX_rs_rt_rd/bit25/DFF0/q_i_1__148_replica/O
                         net (fo=1, routed)           0.510    18.030    IDEX_rs_rt_rd/bit25/DFF0/q_reg_8[26]_repN
    SLICE_X25Y15         LUT6 (Prop_lut6_I2_O)        0.105    18.135 f  IDEX_rs_rt_rd/bit25/DFF0/ZeroFlag_OBUF_inst_i_2_rewire_comp/O
                         net (fo=9, routed)           0.403    18.538    IDEX_rs_rt_rd/bit25/DFF0/ZeroFlag_OBUF_inst_i_2_n_0
    SLICE_X26Y17         LUT5 (Prop_lut5_I3_O)        0.105    18.643 r  IDEX_rs_rt_rd/bit25/DFF0/q_i_4__5_rewire/O
                         net (fo=9, routed)           0.290    18.933    IFID_Instruction/bit29/DFF0/q_reg_2_alias
    SLICE_X25Y16         LUT4 (Prop_lut4_I2_O)        0.105    19.038 r  IFID_Instruction/bit29/DFF0/q_i_1__140_comp/O
                         net (fo=1, routed)           0.000    19.038    IDEX_ALUOp1/DFF0/ID_ALUOp[0]
    SLICE_X25Y16         FDCE                                         r  IDEX_ALUOp1/DFF0/q_reg/D
  -------------------------------------------------------------------    -------------------

                         (clock CC3 rise edge)       19.000    19.000 r  
    AF8                                               0.000    19.000 r  clk (IN)
                         net (fo=0)                   0.000    19.000    clk
    AF8                  IBUF (Prop_ibuf_I_O)         1.250    20.250 r  clk_IBUF_inst/O
                         net (fo=1, routed)           1.877    22.127    clk_IBUF
    BUFGCTRL_X0Y0        BUFG (Prop_bufg_I_O)         0.077    22.204 r  clk_IBUF_BUFG_inst/O
                         net (fo=9084, routed)        1.402    23.606    IDEX_ALUOp1/DFF0/clk_IBUF_BUFG
    SLICE_X25Y16         FDCE                                         r  IDEX_ALUOp1/DFF0/q_reg/C
                         clock pessimism              0.241    23.847    
                         clock uncertainty           -0.035    23.812    
    SLICE_X25Y16         FDCE (Setup_fdce_C_D)        0.030    23.842    IDEX_ALUOp1/DFF0/q_reg
  -------------------------------------------------------------------
                         required time                         23.842    
                         arrival time                         -19.038    
  -------------------------------------------------------------------
                         slack                                  4.804    

Slack (MET) :             4.812ns  (required time - arrival time)
  Source:                 MEMWB_WriteRegister2/DFF0/q_reg/C
                            (rising edge-triggered cell FDCE clocked by CC3  {rise@0.000ns fall@9.500ns period=19.000ns})
  Destination:            IDEX_Branch/DFF0/q_reg/D
                            (rising edge-triggered cell FDCE clocked by CC3  {rise@0.000ns fall@9.500ns period=19.000ns})
  Path Group:             CC3
  Path Type:              Setup (Max at Slow Process Corner)
  Requirement:            19.000ns  (CC3 rise@19.000ns - CC3 rise@0.000ns)
  Data Path Delay:        14.140ns  (logic 3.634ns (25.700%)  route 10.506ns (74.300%))
  Logic Levels:           31  (LUT3=1 LUT4=20 LUT5=6 LUT6=4)
  Clock Path Skew:        -0.045ns (DCD - SCD + CPR)
    Destination Clock Delay (DCD):    4.605ns = ( 23.605 - 19.000 ) 
    Source Clock Delay      (SCD):    4.891ns
    Clock Pessimism Removal (CPR):    0.241ns
  Clock Uncertainty:      0.035ns  ((TSJ^2 + TIJ^2)^1/2 + DJ) / 2 + PE
    Total System Jitter     (TSJ):    0.071ns
    Total Input Jitter      (TIJ):    0.000ns
    Discrete Jitter          (DJ):    0.000ns
    Phase Error              (PE):    0.000ns

    Location             Delay type                Incr(ns)  Path(ns)    Netlist Resource(s)
  -------------------------------------------------------------------    -------------------
                         (clock CC3 rise edge)        0.000     0.000 r  
    AF8                                               0.000     0.000 r  clk (IN)
                         net (fo=0)                   0.000     0.000    clk
    AF8                  IBUF (Prop_ibuf_I_O)         1.310     1.310 r  clk_IBUF_inst/O
                         net (fo=1, routed)           1.981     3.291    clk_IBUF
    BUFGCTRL_X0Y0        BUFG (Prop_bufg_I_O)         0.081     3.372 r  clk_IBUF_BUFG_inst/O
                         net (fo=9084, routed)        1.519     4.891    MEMWB_WriteRegister2/DFF0/clk_IBUF_BUFG
    SLICE_X13Y18         FDCE                                         r  MEMWB_WriteRegister2/DFF0/q_reg/C
  -------------------------------------------------------------------    -------------------
    SLICE_X13Y18         FDCE (Prop_fdce_C_Q)         0.379     5.270 r  MEMWB_WriteRegister2/DFF0/q_reg/Q
                         net (fo=22, routed)          0.841     6.111    IDEX_rs_rt_rd/bit17/DFF0/WB_WriteRegister[2]
    SLICE_X13Y18         LUT6 (Prop_lut6_I2_O)        0.105     6.216 r  IDEX_rs_rt_rd/bit17/DFF0/q_i_7__0/O
                         net (fo=1, routed)           0.112     6.328    IDEX_rs_rt_rd/bit17/DFF0/q_i_7__0_n_0
    SLICE_X13Y18         LUT5 (Prop_lut5_I1_O)        0.105     6.433 r  IDEX_rs_rt_rd/bit17/DFF0/q_i_3__30/O
                         net (fo=39, routed)          0.703     7.136    IDEX_rs_rt_rd/bit20/DFF0/q_reg_10
    SLICE_X18Y18         LUT6 (Prop_lut6_I1_O)        0.105     7.241 r  IDEX_rs_rt_rd/bit20/DFF0/q_i_1__225/O
                         net (fo=2, routed)           0.258     7.499    IDEX_Im16_Ext/bit1/DFF0/Bus_B_forwarded[0]
    SLICE_X20Y18         LUT3 (Prop_lut3_I2_O)        0.105     7.604 r  IDEX_Im16_Ext/bit1/DFF0/q_i_2__29/O
                         net (fo=2, routed)           0.408     8.012    IDEX_rs_rt_rd/bit25/DFF0/q_reg_51
    SLICE_X21Y18         LUT5 (Prop_lut5_I4_O)        0.105     8.117 f  IDEX_rs_rt_rd/bit25/DFF0/q_i_2__33/O
                         net (fo=2, routed)           0.126     8.244    IDEX_rs_rt_rd/bit25/DFF0/q_i_2__33_n_0
    SLICE_X21Y18         LUT4 (Prop_lut4_I0_O)        0.105     8.349 f  IDEX_rs_rt_rd/bit25/DFF0/q_i_2__28/O
                         net (fo=2, routed)           0.324     8.672    IDEX_rs_rt_rd/bit25/DFF0/q_i_2__28_n_0
    SLICE_X21Y17         LUT4 (Prop_lut4_I0_O)        0.105     8.777 f  IDEX_rs_rt_rd/bit25/DFF0/q_i_2__27/O
                         net (fo=2, routed)           0.127     8.904    IDEX_rs_rt_rd/bit25/DFF0/q_i_2__27_n_0
    SLICE_X21Y17         LUT4 (Prop_lut4_I0_O)        0.105     9.009 f  IDEX_rs_rt_rd/bit25/DFF0/q_i_2__26/O
                         net (fo=2, routed)           0.351     9.360    IDEX_rs_rt_rd/bit25/DFF0/q_i_2__26_n_0
    SLICE_X22Y16         LUT4 (Prop_lut4_I0_O)        0.105     9.465 f  IDEX_rs_rt_rd/bit25/DFF0/q_i_2__25/O
                         net (fo=2, routed)           0.137     9.602    IDEX_rs_rt_rd/bit25/DFF0/q_i_2__25_n_0
    SLICE_X22Y16         LUT4 (Prop_lut4_I0_O)        0.105     9.707 f  IDEX_rs_rt_rd/bit25/DFF0/q_i_2__24/O
                         net (fo=2, routed)           0.376    10.083    IDEX_rs_rt_rd/bit25/DFF0/q_i_2__24_n_0
    SLICE_X19Y17         LUT4 (Prop_lut4_I0_O)        0.105    10.188 f  IDEX_rs_rt_rd/bit25/DFF0/q_i_2__23/O
                         net (fo=2, routed)           0.386    10.574    IDEX_rs_rt_rd/bit25/DFF0/q_i_2__23_n_0
    SLICE_X18Y17         LUT4 (Prop_lut4_I0_O)        0.105    10.679 f  IDEX_rs_rt_rd/bit25/DFF0/q_i_2__22/O
                         net (fo=2, routed)           0.233    10.913    IDEX_rs_rt_rd/bit25/DFF0/q_i_2__22_n_0
    SLICE_X19Y17         LUT4 (Prop_lut4_I0_O)        0.105    11.018 f  IDEX_rs_rt_rd/bit25/DFF0/q_i_2__21/O
                         net (fo=2, routed)           0.242    11.260    IDEX_rs_rt_rd/bit25/DFF0/q_i_2__21_n_0
    SLICE_X18Y16         LUT4 (Prop_lut4_I0_O)        0.105    11.365 f  IDEX_rs_rt_rd/bit25/DFF0/q_i_2__20/O
                         net (fo=2, routed)           0.235    11.600    IDEX_rs_rt_rd/bit25/DFF0/q_i_2__20_n_0
    SLICE_X19Y16         LUT4 (Prop_lut4_I0_O)        0.105    11.705 f  IDEX_rs_rt_rd/bit25/DFF0/q_i_2__19/O
                         net (fo=2, routed)           0.355    12.060    IDEX_rs_rt_rd/bit25/DFF0/q_i_2__19_n_0
    SLICE_X16Y15         LUT4 (Prop_lut4_I0_O)        0.105    12.165 f  IDEX_rs_rt_rd/bit25/DFF0/q_i_2__18/O
                         net (fo=2, routed)           0.230    12.395    IDEX_rs_rt_rd/bit25/DFF0/q_i_2__18_n_0
    SLICE_X17Y15         LUT4 (Prop_lut4_I0_O)        0.105    12.500 f  IDEX_rs_rt_rd/bit25/DFF0/q_i_2__17/O
                         net (fo=2, routed)           0.357    12.857    IDEX_rs_rt_rd/bit25/DFF0/q_i_2__17_n_0
    SLICE_X17Y16         LUT4 (Prop_lut4_I0_O)        0.105    12.962 f  IDEX_rs_rt_rd/bit25/DFF0/q_i_2__16/O
                         net (fo=2, routed)           0.386    13.348    IDEX_rs_rt_rd/bit25/DFF0/q_i_2__16_n_0
    SLICE_X16Y16         LUT4 (Prop_lut4_I0_O)        0.105    13.453 f  IDEX_rs_rt_rd/bit25/DFF0/q_i_2__15/O
                         net (fo=2, routed)           0.369    13.822    IDEX_rs_rt_rd/bit25/DFF0/q_i_2__15_n_0
    SLICE_X15Y16         LUT4 (Prop_lut4_I0_O)        0.105    13.927 f  IDEX_rs_rt_rd/bit25/DFF0/q_i_2__14/O
                         net (fo=2, routed)           0.430    14.357    IDEX_rs_rt_rd/bit25/DFF0/q_i_2__14_n_0
    SLICE_X14Y16         LUT4 (Prop_lut4_I0_O)        0.105    14.462 f  IDEX_rs_rt_rd/bit25/DFF0/q_i_2__13/O
                         net (fo=2, routed)           0.335    14.798    IDEX_rs_rt_rd/bit25/DFF0/q_i_2__13_n_0
    SLICE_X13Y15         LUT4 (Prop_lut4_I0_O)        0.105    14.903 f  IDEX_rs_rt_rd/bit25/DFF0/q_i_2__12/O
                         net (fo=2, routed)           0.386    15.289    IDEX_rs_rt_rd/bit25/DFF0/q_i_2__12_n_0
    SLICE_X12Y15         LUT4 (Prop_lut4_I0_O)        0.105    15.394 f  IDEX_rs_rt_rd/bit25/DFF0/q_i_2__11/O
                         net (fo=2, routed)           0.238    15.632    IDEX_rs_rt_rd/bit25/DFF0/q_i_2__11_n_0
    SLICE_X15Y15         LUT4 (Prop_lut4_I0_O)        0.105    15.737 f  IDEX_rs_rt_rd/bit25/DFF0/q_i_2__10/O
                         net (fo=3, routed)           0.510    16.246    IDEX_rs_rt_rd/bit25/DFF0/q_i_2__10_n_0
    SLICE_X23Y15         LUT5 (Prop_lut5_I2_O)        0.105    16.351 f  IDEX_rs_rt_rd/bit25/DFF0/q_i_2__6_comp/O
                         net (fo=4, routed)           0.359    16.710    IDEX_rs_rt_rd/bit25/DFF0/q_i_2__6_n_0
    SLICE_X26Y15         LUT4 (Prop_lut4_I0_O)        0.105    16.815 f  IDEX_rs_rt_rd/bit25/DFF0/q_i_2__5/O
                         net (fo=2, routed)           0.130    16.946    IDEX_rs_rt_rd/bit25/DFF0/q_i_2__5_n_0
    SLICE_X26Y15         LUT5 (Prop_lut5_I2_O)        0.105    17.051 r  IDEX_rs_rt_rd/bit25/DFF0/q_i_2__37/O
                         net (fo=4, routed)           0.364    17.415    IDEX_rs_rt_rd/bit25/DFF0/q_i_2__37_n_0
    SLICE_X27Y14         LUT5 (Prop_lut5_I0_O)        0.105    17.520 f  IDEX_rs_rt_rd/bit25/DFF0/q_i_1__148_replica/O
                         net (fo=1, routed)           0.510    18.030    IDEX_rs_rt_rd/bit25/DFF0/q_reg_8[26]_repN
    SLICE_X25Y15         LUT6 (Prop_lut6_I2_O)        0.105    18.135 f  IDEX_rs_rt_rd/bit25/DFF0/ZeroFlag_OBUF_inst_i_2_rewire_comp/O
                         net (fo=9, routed)           0.403    18.538    IDEX_rs_rt_rd/bit25/DFF0/ZeroFlag_OBUF_inst_i_2_n_0
    SLICE_X26Y17         LUT5 (Prop_lut5_I3_O)        0.105    18.643 r  IDEX_rs_rt_rd/bit25/DFF0/q_i_4__5_rewire/O
                         net (fo=9, routed)           0.283    18.926    IFID_Instruction/bit29/DFF0/q_reg_2_alias
    SLICE_X24Y17         LUT6 (Prop_lut6_I0_O)        0.105    19.031 r  IFID_Instruction/bit29/DFF0/q_i_1__139_rewire/O
                         net (fo=1, routed)           0.000    19.031    IDEX_Branch/DFF0/ID_Branch
    SLICE_X24Y17         FDCE                                         r  IDEX_Branch/DFF0/q_reg/D
  -------------------------------------------------------------------    -------------------

                         (clock CC3 rise edge)       19.000    19.000 r  
    AF8                                               0.000    19.000 r  clk (IN)
                         net (fo=0)                   0.000    19.000    clk
    AF8                  IBUF (Prop_ibuf_I_O)         1.250    20.250 r  clk_IBUF_inst/O
                         net (fo=1, routed)           1.877    22.127    clk_IBUF
    BUFGCTRL_X0Y0        BUFG (Prop_bufg_I_O)         0.077    22.204 r  clk_IBUF_BUFG_inst/O
                         net (fo=9084, routed)        1.401    23.605    IDEX_Branch/DFF0/clk_IBUF_BUFG
    SLICE_X24Y17         FDCE                                         r  IDEX_Branch/DFF0/q_reg/C
                         clock pessimism              0.241    23.846    
                         clock uncertainty           -0.035    23.811    
    SLICE_X24Y17         FDCE (Setup_fdce_C_D)        0.032    23.843    IDEX_Branch/DFF0/q_reg
  -------------------------------------------------------------------
                         required time                         23.843    
                         arrival time                         -19.031    
  -------------------------------------------------------------------
                         slack                                  4.812    





Min Delay Paths
--------------------------------------------------------------------------------------
Slack (MET) :             0.143ns  (arrival time - required time)
  Source:                 EXMEM_WriteDataOfMem/bit29/DFF0/q_reg_rep__0/C
                            (rising edge-triggered cell FDCE clocked by CC3  {rise@0.000ns fall@9.500ns period=19.000ns})
  Destination:            dataMem1/datamem_reg[484][5]/D
                            (rising edge-triggered cell FDRE clocked by CC3  {rise@0.000ns fall@9.500ns period=19.000ns})
  Path Group:             CC3
  Path Type:              Hold (Min at Fast Process Corner)
  Requirement:            0.000ns  (CC3 rise@0.000ns - CC3 rise@0.000ns)
  Data Path Delay:        0.491ns  (logic 0.209ns (42.533%)  route 0.282ns (57.467%))
  Logic Levels:           1  (LUT6=1)
  Clock Path Skew:        0.256ns (DCD - SCD - CPR)
    Destination Clock Delay (DCD):    2.554ns
    Source Clock Delay      (SCD):    1.896ns
    Clock Pessimism Removal (CPR):    0.402ns

    Location             Delay type                Incr(ns)  Path(ns)    Netlist Resource(s)
  -------------------------------------------------------------------    -------------------
                         (clock CC3 rise edge)        0.000     0.000 r  
    AF8                                               0.000     0.000 r  clk (IN)
                         net (fo=0)                   0.000     0.000    clk
    AF8                  IBUF (Prop_ibuf_I_O)         0.455     0.455 r  clk_IBUF_inst/O
                         net (fo=1, routed)           0.793     1.248    clk_IBUF
    BUFGCTRL_X0Y0        BUFG (Prop_bufg_I_O)         0.026     1.274 r  clk_IBUF_BUFG_inst/O
                         net (fo=9084, routed)        0.622     1.896    EXMEM_WriteDataOfMem/bit29/DFF0/clk_IBUF_BUFG
    SLICE_X34Y28         FDCE                                         r  EXMEM_WriteDataOfMem/bit29/DFF0/q_reg_rep__0/C
  -------------------------------------------------------------------    -------------------
    SLICE_X34Y28         FDCE (Prop_fdce_C_Q)         0.164     2.060 r  EXMEM_WriteDataOfMem/bit29/DFF0/q_reg_rep__0/Q
                         net (fo=135, routed)         0.282     2.342    EXMEM_ALUResult/bit5/DFF0/datamem_reg[260][5]
    SLICE_X48Y28         LUT6 (Prop_lut6_I3_O)        0.045     2.387 r  EXMEM_ALUResult/bit5/DFF0/datamem[484][5]_i_1/O
                         net (fo=1, routed)           0.000     2.387    dataMem1/datamem_reg[484][7]_1[5]
    SLICE_X48Y28         FDRE                                         r  dataMem1/datamem_reg[484][5]/D
  -------------------------------------------------------------------    -------------------

                         (clock CC3 rise edge)        0.000     0.000 r  
    AF8                                               0.000     0.000 r  clk (IN)
                         net (fo=0)                   0.000     0.000    clk
    AF8                  IBUF (Prop_ibuf_I_O)         0.783     0.783 r  clk_IBUF_inst/O
                         net (fo=1, routed)           0.855     1.638    clk_IBUF
    BUFGCTRL_X0Y0        BUFG (Prop_bufg_I_O)         0.029     1.667 r  clk_IBUF_BUFG_inst/O
                         net (fo=9084, routed)        0.887     2.554    dataMem1/clk_IBUF_BUFG
    SLICE_X48Y28         FDRE                                         r  dataMem1/datamem_reg[484][5]/C
                         clock pessimism             -0.402     2.152    
    SLICE_X48Y28         FDRE (Hold_fdre_C_D)         0.092     2.244    dataMem1/datamem_reg[484][5]
  -------------------------------------------------------------------
                         required time                         -2.244    
                         arrival time                           2.387    
  -------------------------------------------------------------------
                         slack                                  0.143    

Slack (MET) :             0.190ns  (arrival time - required time)
  Source:                 EXMEM_ALUResult/bit19/DFF0/q_reg/C
                            (rising edge-triggered cell FDCE clocked by CC3  {rise@0.000ns fall@9.500ns period=19.000ns})
  Destination:            MEMWB_ALUResult/bit19/DFF0/q_reg/D
                            (rising edge-triggered cell FDCE clocked by CC3  {rise@0.000ns fall@9.500ns period=19.000ns})
  Path Group:             CC3
  Path Type:              Hold (Min at Fast Process Corner)
  Requirement:            0.000ns  (CC3 rise@0.000ns - CC3 rise@0.000ns)
  Data Path Delay:        0.294ns  (logic 0.164ns (55.866%)  route 0.130ns (44.134%))
  Logic Levels:           0  
  Clock Path Skew:        0.034ns (DCD - SCD - CPR)
    Destination Clock Delay (DCD):    2.569ns
    Source Clock Delay      (SCD):    1.904ns
    Clock Pessimism Removal (CPR):    0.631ns

    Location             Delay type                Incr(ns)  Path(ns)    Netlist Resource(s)
  -------------------------------------------------------------------    -------------------
                         (clock CC3 rise edge)        0.000     0.000 r  
    AF8                                               0.000     0.000 r  clk (IN)
                         net (fo=0)                   0.000     0.000    clk
    AF8                  IBUF (Prop_ibuf_I_O)         0.455     0.455 r  clk_IBUF_inst/O
                         net (fo=1, routed)           0.793     1.248    clk_IBUF
    BUFGCTRL_X0Y0        BUFG (Prop_bufg_I_O)         0.026     1.274 r  clk_IBUF_BUFG_inst/O
                         net (fo=9084, routed)        0.630     1.904    EXMEM_ALUResult/bit19/DFF0/clk_IBUF_BUFG
    SLICE_X14Y17         FDCE                                         r  EXMEM_ALUResult/bit19/DFF0/q_reg/C
  -------------------------------------------------------------------    -------------------
    SLICE_X14Y17         FDCE (Prop_fdce_C_Q)         0.164     2.068 r  EXMEM_ALUResult/bit19/DFF0/q_reg/Q
                         net (fo=3, routed)           0.130     2.198    MEMWB_ALUResult/bit19/DFF0/q_reg_0[0]
    SLICE_X17Y18         FDCE                                         r  MEMWB_ALUResult/bit19/DFF0/q_reg/D
  -------------------------------------------------------------------    -------------------

                         (clock CC3 rise edge)        0.000     0.000 r  
    AF8                                               0.000     0.000 r  clk (IN)
                         net (fo=0)                   0.000     0.000    clk
    AF8                  IBUF (Prop_ibuf_I_O)         0.783     0.783 r  clk_IBUF_inst/O
                         net (fo=1, routed)           0.855     1.638    clk_IBUF
    BUFGCTRL_X0Y0        BUFG (Prop_bufg_I_O)         0.029     1.667 r  clk_IBUF_BUFG_inst/O
                         net (fo=9084, routed)        0.902     2.569    MEMWB_ALUResult/bit19/DFF0/clk_IBUF_BUFG
    SLICE_X17Y18         FDCE                                         r  MEMWB_ALUResult/bit19/DFF0/q_reg/C
                         clock pessimism             -0.631     1.938    
    SLICE_X17Y18         FDCE (Hold_fdce_C_D)         0.070     2.008    MEMWB_ALUResult/bit19/DFF0/q_reg
  -------------------------------------------------------------------
                         required time                         -2.008    
                         arrival time                           2.198    
  -------------------------------------------------------------------
                         slack                                  0.190    

Slack (MET) :             0.193ns  (arrival time - required time)
  Source:                 EXMEM_WriteRegister2/DFF0/q_reg/C
                            (rising edge-triggered cell FDCE clocked by CC3  {rise@0.000ns fall@9.500ns period=19.000ns})
  Destination:            MEMWB_WriteRegister2/DFF0/q_reg/D
                            (rising edge-triggered cell FDCE clocked by CC3  {rise@0.000ns fall@9.500ns period=19.000ns})
  Path Group:             CC3
  Path Type:              Hold (Min at Fast Process Corner)
  Requirement:            0.000ns  (CC3 rise@0.000ns - CC3 rise@0.000ns)
  Data Path Delay:        0.273ns  (logic 0.141ns (51.607%)  route 0.132ns (48.393%))
  Logic Levels:           0  
  Clock Path Skew:        0.014ns (DCD - SCD - CPR)
    Destination Clock Delay (DCD):    2.569ns
    Source Clock Delay      (SCD):    1.903ns
    Clock Pessimism Removal (CPR):    0.652ns

    Location             Delay type                Incr(ns)  Path(ns)    Netlist Resource(s)
  -------------------------------------------------------------------    -------------------
                         (clock CC3 rise edge)        0.000     0.000 r  
    AF8                                               0.000     0.000 r  clk (IN)
                         net (fo=0)                   0.000     0.000    clk
    AF8                  IBUF (Prop_ibuf_I_O)         0.455     0.455 r  clk_IBUF_inst/O
                         net (fo=1, routed)           0.793     1.248    clk_IBUF
    BUFGCTRL_X0Y0        BUFG (Prop_bufg_I_O)         0.026     1.274 r  clk_IBUF_BUFG_inst/O
                         net (fo=9084, routed)        0.629     1.903    EXMEM_WriteRegister2/DFF0/clk_IBUF_BUFG
    SLICE_X15Y18         FDCE                                         r  EXMEM_WriteRegister2/DFF0/q_reg/C
  -------------------------------------------------------------------    -------------------
    SLICE_X15Y18         FDCE (Prop_fdce_C_Q)         0.141     2.044 r  EXMEM_WriteRegister2/DFF0/q_reg/Q
                         net (fo=4, routed)           0.132     2.176    MEMWB_WriteRegister2/DFF0/MEM_WriteRegister_2
    SLICE_X13Y18         FDCE                                         r  MEMWB_WriteRegister2/DFF0/q_reg/D
  -------------------------------------------------------------------    -------------------

                         (clock CC3 rise edge)        0.000     0.000 r  
    AF8                                               0.000     0.000 r  clk (IN)
                         net (fo=0)                   0.000     0.000    clk
    AF8                  IBUF (Prop_ibuf_I_O)         0.783     0.783 r  clk_IBUF_inst/O
                         net (fo=1, routed)           0.855     1.638    clk_IBUF
    BUFGCTRL_X0Y0        BUFG (Prop_bufg_I_O)         0.029     1.667 r  clk_IBUF_BUFG_inst/O
                         net (fo=9084, routed)        0.902     2.569    MEMWB_WriteRegister2/DFF0/clk_IBUF_BUFG
    SLICE_X13Y18         FDCE                                         r  MEMWB_WriteRegister2/DFF0/q_reg/C
                         clock pessimism             -0.652     1.917    
    SLICE_X13Y18         FDCE (Hold_fdce_C_D)         0.066     1.983    MEMWB_WriteRegister2/DFF0/q_reg
  -------------------------------------------------------------------
                         required time                         -1.983    
                         arrival time                           2.176    
  -------------------------------------------------------------------
                         slack                                  0.193    

Slack (MET) :             0.205ns  (arrival time - required time)
  Source:                 EXMEM_ALUResult/bit3/DFF0/q_reg_rep/C
                            (rising edge-triggered cell FDCE clocked by CC3  {rise@0.000ns fall@9.500ns period=19.000ns})
  Destination:            dataMem1/datamem_reg[527][2]/D
                            (rising edge-triggered cell FDRE clocked by CC3  {rise@0.000ns fall@9.500ns period=19.000ns})
  Path Group:             CC3
  Path Type:              Hold (Min at Fast Process Corner)
  Requirement:            0.000ns  (CC3 rise@0.000ns - CC3 rise@0.000ns)
  Data Path Delay:        0.309ns  (logic 0.186ns (60.165%)  route 0.123ns (39.835%))
  Logic Levels:           1  (LUT6=1)
  Clock Path Skew:        0.013ns (DCD - SCD - CPR)
    Destination Clock Delay (DCD):    2.564ns
    Source Clock Delay      (SCD):    1.897ns
    Clock Pessimism Removal (CPR):    0.654ns

    Location             Delay type                Incr(ns)  Path(ns)    Netlist Resource(s)
  -------------------------------------------------------------------    -------------------
                         (clock CC3 rise edge)        0.000     0.000 r  
    AF8                                               0.000     0.000 r  clk (IN)
                         net (fo=0)                   0.000     0.000    clk
    AF8                  IBUF (Prop_ibuf_I_O)         0.455     0.455 r  clk_IBUF_inst/O
                         net (fo=1, routed)           0.793     1.248    clk_IBUF
    BUFGCTRL_X0Y0        BUFG (Prop_bufg_I_O)         0.026     1.274 r  clk_IBUF_BUFG_inst/O
                         net (fo=9084, routed)        0.623     1.897    EXMEM_ALUResult/bit3/DFF0/clk_IBUF_BUFG
    SLICE_X32Y20         FDCE                                         r  EXMEM_ALUResult/bit3/DFF0/q_reg_rep/C
  -------------------------------------------------------------------    -------------------
    SLICE_X32Y20         FDCE (Prop_fdce_C_Q)         0.141     2.038 r  EXMEM_ALUResult/bit3/DFF0/q_reg_rep/Q
                         net (fo=127, routed)         0.123     2.161    EXMEM_ALUResult/bit4/DFF0/datamem_reg[527][7]
    SLICE_X33Y20         LUT6 (Prop_lut6_I2_O)        0.045     2.206 r  EXMEM_ALUResult/bit4/DFF0/datamem[527][2]_i_1/O
                         net (fo=1, routed)           0.000     2.206    dataMem1/datamem_reg[527][7]_1[2]
    SLICE_X33Y20         FDRE                                         r  dataMem1/datamem_reg[527][2]/D
  -------------------------------------------------------------------    -------------------

                         (clock CC3 rise edge)        0.000     0.000 r  
    AF8                                               0.000     0.000 r  clk (IN)
                         net (fo=0)                   0.000     0.000    clk
    AF8                  IBUF (Prop_ibuf_I_O)         0.783     0.783 r  clk_IBUF_inst/O
                         net (fo=1, routed)           0.855     1.638    clk_IBUF
    BUFGCTRL_X0Y0        BUFG (Prop_bufg_I_O)         0.029     1.667 r  clk_IBUF_BUFG_inst/O
                         net (fo=9084, routed)        0.897     2.564    dataMem1/clk_IBUF_BUFG
    SLICE_X33Y20         FDRE                                         r  dataMem1/datamem_reg[527][2]/C
                         clock pessimism             -0.654     1.910    
    SLICE_X33Y20         FDRE (Hold_fdre_C_D)         0.091     2.001    dataMem1/datamem_reg[527][2]
  -------------------------------------------------------------------
                         required time                         -2.001    
                         arrival time                           2.206    
  -------------------------------------------------------------------
                         slack                                  0.205    

Slack (MET) :             0.205ns  (arrival time - required time)
  Source:                 EXMEM_ALUResult/bit14/DFF0/q_reg/C
                            (rising edge-triggered cell FDCE clocked by CC3  {rise@0.000ns fall@9.500ns period=19.000ns})
  Destination:            MEMWB_ALUResult/bit14/DFF0/q_reg/D
                            (rising edge-triggered cell FDCE clocked by CC3  {rise@0.000ns fall@9.500ns period=19.000ns})
  Path Group:             CC3
  Path Type:              Hold (Min at Fast Process Corner)
  Requirement:            0.000ns  (CC3 rise@0.000ns - CC3 rise@0.000ns)
  Data Path Delay:        0.290ns  (logic 0.164ns (56.490%)  route 0.126ns (43.510%))
  Logic Levels:           0  
  Clock Path Skew:        0.013ns (DCD - SCD - CPR)
    Destination Clock Delay (DCD):    2.570ns
    Source Clock Delay      (SCD):    1.905ns
    Clock Pessimism Removal (CPR):    0.652ns

    Location             Delay type                Incr(ns)  Path(ns)    Netlist Resource(s)
  -------------------------------------------------------------------    -------------------
                         (clock CC3 rise edge)        0.000     0.000 r  
    AF8                                               0.000     0.000 r  clk (IN)
                         net (fo=0)                   0.000     0.000    clk
    AF8                  IBUF (Prop_ibuf_I_O)         0.455     0.455 r  clk_IBUF_inst/O
                         net (fo=1, routed)           0.793     1.248    clk_IBUF
    BUFGCTRL_X0Y0        BUFG (Prop_bufg_I_O)         0.026     1.274 r  clk_IBUF_BUFG_inst/O
                         net (fo=9084, routed)        0.631     1.905    EXMEM_ALUResult/bit14/DFF0/clk_IBUF_BUFG
    SLICE_X14Y16         FDCE                                         r  EXMEM_ALUResult/bit14/DFF0/q_reg/C
  -------------------------------------------------------------------    -------------------
    SLICE_X14Y16         FDCE (Prop_fdce_C_Q)         0.164     2.069 r  EXMEM_ALUResult/bit14/DFF0/q_reg/Q
                         net (fo=3, routed)           0.126     2.195    MEMWB_ALUResult/bit14/DFF0/q_reg_0[0]
    SLICE_X15Y17         FDCE                                         r  MEMWB_ALUResult/bit14/DFF0/q_reg/D
  -------------------------------------------------------------------    -------------------

                         (clock CC3 rise edge)        0.000     0.000 r  
    AF8                                               0.000     0.000 r  clk (IN)
                         net (fo=0)                   0.000     0.000    clk
    AF8                  IBUF (Prop_ibuf_I_O)         0.783     0.783 r  clk_IBUF_inst/O
                         net (fo=1, routed)           0.855     1.638    clk_IBUF
    BUFGCTRL_X0Y0        BUFG (Prop_bufg_I_O)         0.029     1.667 r  clk_IBUF_BUFG_inst/O
                         net (fo=9084, routed)        0.903     2.570    MEMWB_ALUResult/bit14/DFF0/clk_IBUF_BUFG
    SLICE_X15Y17         FDCE                                         r  MEMWB_ALUResult/bit14/DFF0/q_reg/C
                         clock pessimism             -0.652     1.918    
    SLICE_X15Y17         FDCE (Hold_fdce_C_D)         0.072     1.990    MEMWB_ALUResult/bit14/DFF0/q_reg
  -------------------------------------------------------------------
                         required time                         -1.990    
                         arrival time                           2.195    
  -------------------------------------------------------------------
                         slack                                  0.205    

Slack (MET) :             0.208ns  (arrival time - required time)
  Source:                 EXMEM_WriteRegister1/DFF0/q_reg/C
                            (rising edge-triggered cell FDCE clocked by CC3  {rise@0.000ns fall@9.500ns period=19.000ns})
  Destination:            MEMWB_WriteRegister1/DFF0/q_reg_replica/D
                            (rising edge-triggered cell FDCE clocked by CC3  {rise@0.000ns fall@9.500ns period=19.000ns})
  Path Group:             CC3
  Path Type:              Hold (Min at Fast Process Corner)
  Requirement:            0.000ns  (CC3 rise@0.000ns - CC3 rise@0.000ns)
  Data Path Delay:        0.291ns  (logic 0.141ns (48.395%)  route 0.150ns (51.605%))
  Logic Levels:           0  
  Clock Path Skew:        0.013ns (DCD - SCD - CPR)
    Destination Clock Delay (DCD):    2.568ns
    Source Clock Delay      (SCD):    1.903ns
    Clock Pessimism Removal (CPR):    0.652ns

    Location             Delay type                Incr(ns)  Path(ns)    Netlist Resource(s)
  -------------------------------------------------------------------    -------------------
                         (clock CC3 rise edge)        0.000     0.000 r  
    AF8                                               0.000     0.000 r  clk (IN)
                         net (fo=0)                   0.000     0.000    clk
    AF8                  IBUF (Prop_ibuf_I_O)         0.455     0.455 r  clk_IBUF_inst/O
                         net (fo=1, routed)           0.793     1.248    clk_IBUF
    BUFGCTRL_X0Y0        BUFG (Prop_bufg_I_O)         0.026     1.274 r  clk_IBUF_BUFG_inst/O
                         net (fo=9084, routed)        0.629     1.903    EXMEM_WriteRegister1/DFF0/clk_IBUF_BUFG
    SLICE_X13Y18         FDCE                                         r  EXMEM_WriteRegister1/DFF0/q_reg/C
  -------------------------------------------------------------------    -------------------
    SLICE_X13Y18         FDCE (Prop_fdce_C_Q)         0.141     2.044 r  EXMEM_WriteRegister1/DFF0/q_reg/Q
                         net (fo=7, routed)           0.150     2.194    MEMWB_WriteRegister1/DFF0/MEM_WriteRegister_1
    SLICE_X15Y19         FDCE                                         r  MEMWB_WriteRegister1/DFF0/q_reg_replica/D
  -------------------------------------------------------------------    -------------------

                         (clock CC3 rise edge)        0.000     0.000 r  
    AF8                                               0.000     0.000 r  clk (IN)
                         net (fo=0)                   0.000     0.000    clk
    AF8                  IBUF (Prop_ibuf_I_O)         0.783     0.783 r  clk_IBUF_inst/O
                         net (fo=1, routed)           0.855     1.638    clk_IBUF
    BUFGCTRL_X0Y0        BUFG (Prop_bufg_I_O)         0.029     1.667 r  clk_IBUF_BUFG_inst/O
                         net (fo=9084, routed)        0.901     2.568    MEMWB_WriteRegister1/DFF0/clk_IBUF_BUFG
    SLICE_X15Y19         FDCE                                         r  MEMWB_WriteRegister1/DFF0/q_reg_replica/C
                         clock pessimism             -0.652     1.916    
    SLICE_X15Y19         FDCE (Hold_fdce_C_D)         0.070     1.986    MEMWB_WriteRegister1/DFF0/q_reg_replica
  -------------------------------------------------------------------
                         required time                         -1.986    
                         arrival time                           2.194    
  -------------------------------------------------------------------
                         slack                                  0.208    

Slack (MET) :             0.209ns  (arrival time - required time)
  Source:                 EXMEM_WriteRegister3/DFF0/q_reg/C
                            (rising edge-triggered cell FDCE clocked by CC3  {rise@0.000ns fall@9.500ns period=19.000ns})
  Destination:            MEMWB_WriteRegister3/DFF0/q_reg/D
                            (rising edge-triggered cell FDCE clocked by CC3  {rise@0.000ns fall@9.500ns period=19.000ns})
  Path Group:             CC3
  Path Type:              Hold (Min at Fast Process Corner)
  Requirement:            0.000ns  (CC3 rise@0.000ns - CC3 rise@0.000ns)
  Data Path Delay:        0.281ns  (logic 0.141ns (50.237%)  route 0.140ns (49.763%))
  Logic Levels:           0  
  Clock Path Skew:        0.000ns (DCD - SCD - CPR)
    Destination Clock Delay (DCD):    2.569ns
    Source Clock Delay      (SCD):    1.903ns
    Clock Pessimism Removal (CPR):    0.666ns

    Location             Delay type                Incr(ns)  Path(ns)    Netlist Resource(s)
  -------------------------------------------------------------------    -------------------
                         (clock CC3 rise edge)        0.000     0.000 r  
    AF8                                               0.000     0.000 r  clk (IN)
                         net (fo=0)                   0.000     0.000    clk
    AF8                  IBUF (Prop_ibuf_I_O)         0.455     0.455 r  clk_IBUF_inst/O
                         net (fo=1, routed)           0.793     1.248    clk_IBUF
    BUFGCTRL_X0Y0        BUFG (Prop_bufg_I_O)         0.026     1.274 r  clk_IBUF_BUFG_inst/O
                         net (fo=9084, routed)        0.629     1.903    EXMEM_WriteRegister3/DFF0/clk_IBUF_BUFG
    SLICE_X15Y18         FDCE                                         r  EXMEM_WriteRegister3/DFF0/q_reg/C
  -------------------------------------------------------------------    -------------------
    SLICE_X15Y18         FDCE (Prop_fdce_C_Q)         0.141     2.044 r  EXMEM_WriteRegister3/DFF0/q_reg/Q
                         net (fo=4, routed)           0.140     2.184    MEMWB_WriteRegister3/DFF0/MEM_WriteRegister_3
    SLICE_X15Y18         FDCE                                         r  MEMWB_WriteRegister3/DFF0/q_reg/D
  -------------------------------------------------------------------    -------------------

                         (clock CC3 rise edge)        0.000     0.000 r  
    AF8                                               0.000     0.000 r  clk (IN)
                         net (fo=0)                   0.000     0.000    clk
    AF8                  IBUF (Prop_ibuf_I_O)         0.783     0.783 r  clk_IBUF_inst/O
                         net (fo=1, routed)           0.855     1.638    clk_IBUF
    BUFGCTRL_X0Y0        BUFG (Prop_bufg_I_O)         0.029     1.667 r  clk_IBUF_BUFG_inst/O
                         net (fo=9084, routed)        0.902     2.569    MEMWB_WriteRegister3/DFF0/clk_IBUF_BUFG
    SLICE_X15Y18         FDCE                                         r  MEMWB_WriteRegister3/DFF0/q_reg/C
                         clock pessimism             -0.666     1.903    
    SLICE_X15Y18         FDCE (Hold_fdce_C_D)         0.072     1.975    MEMWB_WriteRegister3/DFF0/q_reg
  -------------------------------------------------------------------
                         required time                         -1.975    
                         arrival time                           2.184    
  -------------------------------------------------------------------
                         slack                                  0.209    

Slack (MET) :             0.219ns  (arrival time - required time)
  Source:                 IDEX_JRControl/DFF0/q_reg/C
                            (rising edge-triggered cell FDCE clocked by CC3  {rise@0.000ns fall@9.500ns period=19.000ns})
  Destination:            PC_Reg/bit2/DFF0/q_reg/D
                            (rising edge-triggered cell FDCE clocked by CC3  {rise@0.000ns fall@9.500ns period=19.000ns})
  Path Group:             CC3
  Path Type:              Hold (Min at Fast Process Corner)
  Requirement:            0.000ns  (CC3 rise@0.000ns - CC3 rise@0.000ns)
  Data Path Delay:        0.325ns  (logic 0.186ns (57.187%)  route 0.139ns (42.813%))
  Logic Levels:           1  (LUT6=1)
  Clock Path Skew:        0.015ns (DCD - SCD - CPR)
    Destination Clock Delay (DCD):    2.569ns
    Source Clock Delay      (SCD):    1.902ns
    Clock Pessimism Removal (CPR):    0.652ns

    Location             Delay type                Incr(ns)  Path(ns)    Netlist Resource(s)
  -------------------------------------------------------------------    -------------------
                         (clock CC3 rise edge)        0.000     0.000 r  
    AF8                                               0.000     0.000 r  clk (IN)
                         net (fo=0)                   0.000     0.000    clk
    AF8                  IBUF (Prop_ibuf_I_O)         0.455     0.455 r  clk_IBUF_inst/O
                         net (fo=1, routed)           0.793     1.248    clk_IBUF
    BUFGCTRL_X0Y0        BUFG (Prop_bufg_I_O)         0.026     1.274 r  clk_IBUF_BUFG_inst/O
                         net (fo=9084, routed)        0.628     1.902    IDEX_JRControl/DFF0/clk_IBUF_BUFG
    SLICE_X27Y18         FDCE                                         r  IDEX_JRControl/DFF0/q_reg/C
  -------------------------------------------------------------------    -------------------
    SLICE_X27Y18         FDCE (Prop_fdce_C_Q)         0.141     2.043 r  IDEX_JRControl/DFF0/q_reg/Q
                         net (fo=8, routed)           0.139     2.182    IDEX_rs_rt_rd/bit25/DFF0/EX_JRControl
    SLICE_X25Y17         LUT6 (Prop_lut6_I0_O)        0.045     2.227 r  IDEX_rs_rt_rd/bit25/DFF0/q_i_2__2_comp/O
                         net (fo=1, routed)           0.000     2.227    PC_Reg/bit2/DFF0/q_reg_4
    SLICE_X25Y17         FDCE                                         r  PC_Reg/bit2/DFF0/q_reg/D
  -------------------------------------------------------------------    -------------------

                         (clock CC3 rise edge)        0.000     0.000 r  
    AF8                                               0.000     0.000 r  clk (IN)
                         net (fo=0)                   0.000     0.000    clk
    AF8                  IBUF (Prop_ibuf_I_O)         0.783     0.783 r  clk_IBUF_inst/O
                         net (fo=1, routed)           0.855     1.638    clk_IBUF
    BUFGCTRL_X0Y0        BUFG (Prop_bufg_I_O)         0.029     1.667 r  clk_IBUF_BUFG_inst/O
                         net (fo=9084, routed)        0.902     2.569    PC_Reg/bit2/DFF0/clk_IBUF_BUFG
    SLICE_X25Y17         FDCE                                         r  PC_Reg/bit2/DFF0/q_reg/C
                         clock pessimism             -0.652     1.917    
    SLICE_X25Y17         FDCE (Hold_fdce_C_D)         0.091     2.008    PC_Reg/bit2/DFF0/q_reg
  -------------------------------------------------------------------
                         required time                         -2.008    
                         arrival time                           2.227    
  -------------------------------------------------------------------
                         slack                                  0.219    

Slack (MET) :             0.220ns  (arrival time - required time)
  Source:                 EXMEM_WriteRegister1/DFF0/q_reg/C
                            (rising edge-triggered cell FDCE clocked by CC3  {rise@0.000ns fall@9.500ns period=19.000ns})
  Destination:            MEMWB_WriteRegister1/DFF0/q_reg_replica_2/D
                            (rising edge-triggered cell FDCE clocked by CC3  {rise@0.000ns fall@9.500ns period=19.000ns})
  Path Group:             CC3
  Path Type:              Hold (Min at Fast Process Corner)
  Requirement:            0.000ns  (CC3 rise@0.000ns - CC3 rise@0.000ns)
  Data Path Delay:        0.290ns  (logic 0.141ns (48.660%)  route 0.149ns (51.340%))
  Logic Levels:           0  
  Clock Path Skew:        0.000ns (DCD - SCD - CPR)
    Destination Clock Delay (DCD):    2.569ns
    Source Clock Delay      (SCD):    1.903ns
    Clock Pessimism Removal (CPR):    0.666ns

    Location             Delay type                Incr(ns)  Path(ns)    Netlist Resource(s)
  -------------------------------------------------------------------    -------------------
                         (clock CC3 rise edge)        0.000     0.000 r  
    AF8                                               0.000     0.000 r  clk (IN)
                         net (fo=0)                   0.000     0.000    clk
    AF8                  IBUF (Prop_ibuf_I_O)         0.455     0.455 r  clk_IBUF_inst/O
                         net (fo=1, routed)           0.793     1.248    clk_IBUF
    BUFGCTRL_X0Y0        BUFG (Prop_bufg_I_O)         0.026     1.274 r  clk_IBUF_BUFG_inst/O
                         net (fo=9084, routed)        0.629     1.903    EXMEM_WriteRegister1/DFF0/clk_IBUF_BUFG
    SLICE_X13Y18         FDCE                                         r  EXMEM_WriteRegister1/DFF0/q_reg/C
  -------------------------------------------------------------------    -------------------
    SLICE_X13Y18         FDCE (Prop_fdce_C_Q)         0.141     2.044 r  EXMEM_WriteRegister1/DFF0/q_reg/Q
                         net (fo=7, routed)           0.149     2.193    MEMWB_WriteRegister1/DFF0/MEM_WriteRegister_1
    SLICE_X13Y18         FDCE                                         r  MEMWB_WriteRegister1/DFF0/q_reg_replica_2/D
  -------------------------------------------------------------------    -------------------

                         (clock CC3 rise edge)        0.000     0.000 r  
    AF8                                               0.000     0.000 r  clk (IN)
                         net (fo=0)                   0.000     0.000    clk
    AF8                  IBUF (Prop_ibuf_I_O)         0.783     0.783 r  clk_IBUF_inst/O
                         net (fo=1, routed)           0.855     1.638    clk_IBUF
    BUFGCTRL_X0Y0        BUFG (Prop_bufg_I_O)         0.029     1.667 r  clk_IBUF_BUFG_inst/O
                         net (fo=9084, routed)        0.902     2.569    MEMWB_WriteRegister1/DFF0/clk_IBUF_BUFG
    SLICE_X13Y18         FDCE                                         r  MEMWB_WriteRegister1/DFF0/q_reg_replica_2/C
                         clock pessimism             -0.666     1.903    
    SLICE_X13Y18         FDCE (Hold_fdce_C_D)         0.070     1.973    MEMWB_WriteRegister1/DFF0/q_reg_replica_2
  -------------------------------------------------------------------
                         required time                         -1.973    
                         arrival time                           2.193    
  -------------------------------------------------------------------
                         slack                                  0.220    

Slack (MET) :             0.225ns  (arrival time - required time)
  Source:                 EXMEM_ALUResult/bit9/DFF0/q_reg_rep__1/C
                            (rising edge-triggered cell FDCE clocked by CC3  {rise@0.000ns fall@9.500ns period=19.000ns})
  Destination:            MEMWB_ALUResult/bit9/DFF0/q_reg/D
                            (rising edge-triggered cell FDCE clocked by CC3  {rise@0.000ns fall@9.500ns period=19.000ns})
  Path Group:             CC3
  Path Type:              Hold (Min at Fast Process Corner)
  Requirement:            0.000ns  (CC3 rise@0.000ns - CC3 rise@0.000ns)
  Data Path Delay:        0.308ns  (logic 0.141ns (45.750%)  route 0.167ns (54.250%))
  Logic Levels:           0  
  Clock Path Skew:        0.012ns (DCD - SCD - CPR)
    Destination Clock Delay (DCD):    2.568ns
    Source Clock Delay      (SCD):    1.904ns
    Clock Pessimism Removal (CPR):    0.652ns

    Location             Delay type                Incr(ns)  Path(ns)    Netlist Resource(s)
  -------------------------------------------------------------------    -------------------
                         (clock CC3 rise edge)        0.000     0.000 r  
    AF8                                               0.000     0.000 r  clk (IN)
                         net (fo=0)                   0.000     0.000    clk
    AF8                  IBUF (Prop_ibuf_I_O)         0.455     0.455 r  clk_IBUF_inst/O
                         net (fo=1, routed)           0.793     1.248    clk_IBUF
    BUFGCTRL_X0Y0        BUFG (Prop_bufg_I_O)         0.026     1.274 r  clk_IBUF_BUFG_inst/O
                         net (fo=9084, routed)        0.630     1.904    EXMEM_ALUResult/bit9/DFF0/clk_IBUF_BUFG
    SLICE_X18Y17         FDCE                                         r  EXMEM_ALUResult/bit9/DFF0/q_reg_rep__1/C
  -------------------------------------------------------------------    -------------------
    SLICE_X18Y17         FDCE (Prop_fdce_C_Q)         0.141     2.045 r  EXMEM_ALUResult/bit9/DFF0/q_reg_rep__1/Q
                         net (fo=98, routed)          0.167     2.212    MEMWB_ALUResult/bit9/DFF0/d_3
    SLICE_X18Y19         FDCE                                         r  MEMWB_ALUResult/bit9/DFF0/q_reg/D
  -------------------------------------------------------------------    -------------------

                         (clock CC3 rise edge)        0.000     0.000 r  
    AF8                                               0.000     0.000 r  clk (IN)
                         net (fo=0)                   0.000     0.000    clk
    AF8                  IBUF (Prop_ibuf_I_O)         0.783     0.783 r  clk_IBUF_inst/O
                         net (fo=1, routed)           0.855     1.638    clk_IBUF
    BUFGCTRL_X0Y0        BUFG (Prop_bufg_I_O)         0.029     1.667 r  clk_IBUF_BUFG_inst/O
                         net (fo=9084, routed)        0.901     2.568    MEMWB_ALUResult/bit9/DFF0/clk_IBUF_BUFG
    SLICE_X18Y19         FDCE                                         r  MEMWB_ALUResult/bit9/DFF0/q_reg/C
                         clock pessimism             -0.652     1.916    
    SLICE_X18Y19         FDCE (Hold_fdce_C_D)         0.071     1.987    MEMWB_ALUResult/bit9/DFF0/q_reg
  -------------------------------------------------------------------
                         required time                         -1.987    
                         arrival time                           2.212    
  -------------------------------------------------------------------
                         slack                                  0.225    





Pulse Width Checks
--------------------------------------------------------------------------------------
Clock Name:         CC3
Waveform(ns):       { 0.000 9.500 }
Period(ns):         19.000
Sources:            { clk }

Check Type        Corner  Lib Pin  Reference Pin  Required(ns)  Actual(ns)  Slack(ns)  Location       Pin
Min Period        n/a     BUFG/I   n/a            1.592         19.000      17.408     BUFGCTRL_X0Y0  clk_IBUF_BUFG_inst/I
Min Period        n/a     FDCE/C   n/a            1.000         19.000      18.000     SLICE_X32Y17   EXMEM_ALUResult/bit3/DFF0/q_reg_rep__16/C
Min Period        n/a     FDCE/C   n/a            1.000         19.000      18.000     SLICE_X16Y19   EXMEM_ALUResult/bit3/DFF0/q_reg_rep__17/C
Min Period        n/a     FDCE/C   n/a            1.000         19.000      18.000     SLICE_X16Y19   EXMEM_ALUResult/bit3/DFF0/q_reg_rep__18/C
Min Period        n/a     FDCE/C   n/a            1.000         19.000      18.000     SLICE_X32Y20   EXMEM_ALUResult/bit3/DFF0/q_reg_rep__19/C
Min Period        n/a     FDCE/C   n/a            1.000         19.000      18.000     SLICE_X32Y20   EXMEM_ALUResult/bit3/DFF0/q_reg_rep__2/C
Min Period        n/a     FDCE/C   n/a            1.000         19.000      18.000     SLICE_X29Y19   EXMEM_ALUResult/bit3/DFF0/q_reg_rep__20/C
Min Period        n/a     FDCE/C   n/a            1.000         19.000      18.000     SLICE_X32Y20   EXMEM_ALUResult/bit3/DFF0/q_reg_rep__21/C
Min Period        n/a     FDCE/C   n/a            1.000         19.000      18.000     SLICE_X32Y20   EXMEM_ALUResult/bit3/DFF0/q_reg_rep__22/C
Min Period        n/a     FDCE/C   n/a            1.000         19.000      18.000     SLICE_X22Y19   EXMEM_ALUResult/bit3/DFF0/q_reg_rep__23/C
Low Pulse Width   Fast    FDCE/C   n/a            0.500         9.500       9.000      SLICE_X32Y17   EXMEM_ALUResult/bit3/DFF0/q_reg_rep__16/C
Low Pulse Width   Fast    FDCE/C   n/a            0.500         9.500       9.000      SLICE_X16Y19   EXMEM_ALUResult/bit3/DFF0/q_reg_rep__17/C
Low Pulse Width   Fast    FDCE/C   n/a            0.500         9.500       9.000      SLICE_X16Y19   EXMEM_ALUResult/bit3/DFF0/q_reg_rep__18/C
Low Pulse Width   Fast    FDCE/C   n/a            0.500         9.500       9.000      SLICE_X29Y19   EXMEM_ALUResult/bit3/DFF0/q_reg_rep__20/C
Low Pulse Width   Fast    FDCE/C   n/a            0.500         9.500       9.000      SLICE_X22Y19   EXMEM_ALUResult/bit3/DFF0/q_reg_rep__23/C
Low Pulse Width   Fast    FDCE/C   n/a            0.500         9.500       9.000      SLICE_X23Y27   EXMEM_ALUResult/bit3/DFF0/q_reg_rep__25/C
Low Pulse Width   Fast    FDCE/C   n/a            0.500         9.500       9.000      SLICE_X16Y19   EXMEM_ALUResult/bit3/DFF0/q_reg_rep__26/C
Low Pulse Width   Fast    FDCE/C   n/a            0.500         9.500       9.000      SLICE_X22Y19   EXMEM_ALUResult/bit3/DFF0/q_reg_rep__27/C
Low Pulse Width   Fast    FDCE/C   n/a            0.500         9.500       9.000      SLICE_X22Y27   EXMEM_ALUResult/bit3/DFF0/q_reg_rep__31/C
Low Pulse Width   Fast    FDCE/C   n/a            0.500         9.500       9.000      SLICE_X22Y19   EXMEM_ALUResult/bit3/DFF0/q_reg_rep__32/C
High Pulse Width  Slow    FDCE/C   n/a            0.500         9.500       9.000      SLICE_X32Y17   EXMEM_ALUResult/bit3/DFF0/q_reg_rep__16/C
High Pulse Width  Slow    FDCE/C   n/a            0.500         9.500       9.000      SLICE_X16Y19   EXMEM_ALUResult/bit3/DFF0/q_reg_rep__17/C
High Pulse Width  Slow    FDCE/C   n/a            0.500         9.500       9.000      SLICE_X16Y19   EXMEM_ALUResult/bit3/DFF0/q_reg_rep__18/C
High Pulse Width  Slow    FDCE/C   n/a            0.500         9.500       9.000      SLICE_X29Y19   EXMEM_ALUResult/bit3/DFF0/q_reg_rep__20/C
High Pulse Width  Slow    FDCE/C   n/a            0.500         9.500       9.000      SLICE_X22Y19   EXMEM_ALUResult/bit3/DFF0/q_reg_rep__23/C
High Pulse Width  Slow    FDCE/C   n/a            0.500         9.500       9.000      SLICE_X14Y26   EXMEM_ALUResult/bit3/DFF0/q_reg_rep__24/C
High Pulse Width  Slow    FDCE/C   n/a            0.500         9.500       9.000      SLICE_X23Y27   EXMEM_ALUResult/bit3/DFF0/q_reg_rep__25/C
High Pulse Width  Slow    FDCE/C   n/a            0.500         9.500       9.000      SLICE_X16Y19   EXMEM_ALUResult/bit3/DFF0/q_reg_rep__26/C
High Pulse Width  Slow    FDCE/C   n/a            0.500         9.500       9.000      SLICE_X22Y19   EXMEM_ALUResult/bit3/DFF0/q_reg_rep__27/C
High Pulse Width  Slow    FDCE/C   n/a            0.500         9.500       9.000      SLICE_X14Y26   EXMEM_ALUResult/bit3/DFF0/q_reg_rep__28/C



